ISO,year,base_year,currency,source,ver,gdp_defl
ABW,1980,2024,USD,WEO_est,Apr2025,0.471832093099236
ABW,1981,2024,USD,WEO_est,Apr2025,0.475228977321763
ABW,1982,2024,USD,WEO_est,Apr2025,0.478650316901588
ABW,1983,2024,USD,WEO_est,Apr2025,0.482096287901379
ABW,1984,2024,USD,WEO_est,Apr2025,0.485567067651341
ABW,1985,2024,USD,WEO_est,Apr2025,0.489062834758342
ABW,1986,2024,USD,WEO_est,Apr2025,0.492583769115102
ABW,1987,2024,USD,WEO_est,Apr2025,0.496130051909452
ABW,1988,2024,USD,WEO_est,Apr2025,0.499701865633658
ABW,1989,2024,USD,WEO_est,Apr2025,0.503299394093812
ABW,1990,2024,USD,WEO_est,Apr2025,0.506922822419288
ABW,1991,2024,USD,WEO_est,Apr2025,0.510572337072275
ABW,1992,2024,USD,WEO_est,Apr2025,0.514248125857364
ABW,1993,2024,USD,WEO_est,Apr2025,0.517950377931222
ABW,1994,2024,USD,WEO_est,Apr2025,0.521679283812315
ABW,1995,2024,USD,WEO,Apr2025,0.525435035390724
ABW,1996,2024,USD,WEO,Apr2025,0.542088557609949
ABW,1997,2024,USD,WEO,Apr2025,0.562332376334932
ABW,1998,2024,USD,WEO,Apr2025,0.599232317890155
ABW,1999,2024,USD,WEO,Apr2025,0.611719798277174
ABW,2000,2024,USD,WEO,Apr2025,0.617524022952234
ABW,2001,2024,USD,WEO,Apr2025,0.600014467841897
ABW,2002,2024,USD,WEO,Apr2025,0.6268245393152
ABW,2003,2024,USD,WEO,Apr2025,0.64584674176135
ABW,2004,2024,USD,WEO,Apr2025,0.66407891499316
ABW,2005,2024,USD,WEO,Apr2025,0.697672635811058
ABW,2006,2024,USD,WEO,Apr2025,0.722053730077834
ABW,2007,2024,USD,WEO,Apr2025,0.759393010685777
ABW,2008,2024,USD,WEO,Apr2025,0.791646963460963
ABW,2009,2024,USD,WEO,Apr2025,0.805205418366115
ABW,2010,2024,USD,WEO,Apr2025,0.795416934591552
ABW,2011,2024,USD,WEO,Apr2025,0.827189000712892
ABW,2012,2024,USD,WEO,Apr2025,0.82860272053158
ABW,2013,2024,USD,WEO,Apr2025,0.81217737101753
ABW,2014,2024,USD,WEO,Apr2025,0.844333235049445
ABW,2015,2024,USD,WEO,Apr2025,0.901995119359026
ABW,2016,2024,USD,WEO,Apr2025,0.893027850823193
ABW,2017,2024,USD,WEO,Apr2025,0.864416514086053
ABW,2018,2024,USD,WEO,Apr2025,0.894548421965847
ABW,2019,2024,USD,WEO,Apr2025,0.932991142124474
ABW,2020,2024,USD,WEO,Apr2025,0.940841423046007
ABW,2021,2024,USD,WEO,Apr2025,0.892991707815012
ABW,2022,2024,USD,WEO,Apr2025,0.921229188953441
ABW,2023,2024,USD,WEO,Apr2025,0.98325407388664
ABW,2024,2024,USD,WEO,Apr2025,1
ABW,2025,2024,USD,WEO,Apr2025,1.01511682261502
ABW,2026,2024,USD,WEO,Apr2025,1.03447890800945
ABW,2027,2024,USD,WEO,Apr2025,1.05526837800147
ABW,2028,2024,USD,WEO,Apr2025,1.07630585738989
ABW,2029,2024,USD,WEO,Apr2025,1.09773444848656
ABW,2030,2024,USD,WEO,Apr2025,1.11979119500442
AFG,1960,2024,USD,OECD,Apr2026,0.11053475
AFG,1961,2024,USD,OECD,Apr2026,0.11319964
AFG,1962,2024,USD,OECD,Apr2026,0.11711019
AFG,1963,2024,USD,OECD,Apr2026,0.12028961
AFG,1964,2024,USD,OECD,Apr2026,0.12294403
AFG,1965,2024,USD,OECD,Apr2026,0.12633537
AFG,1966,2024,USD,OECD,Apr2026,0.12954192
AFG,1967,2024,USD,OECD,Apr2026,0.13233152
AFG,1968,2024,USD,OECD,Apr2026,0.13672161
AFG,1969,2024,USD,OECD,Apr2026,0.1417826
AFG,1970,2024,USD,OECD,Apr2026,0.14235056
AFG,1971,2024,USD,OECD,Apr2026,0.15186995
AFG,1972,2024,USD,OECD,Apr2026,0.16753833
AFG,1973,2024,USD,OECD,Apr2026,0.19417575
AFG,1974,2024,USD,OECD,Apr2026,0.21353572
AFG,1975,2024,USD,OECD,Apr2026,0.24204872
AFG,1976,2024,USD,OECD,Apr2026,0.24997783
AFG,1977,2024,USD,OECD,Apr2026,0.27134711
AFG,1978,2024,USD,OECD,Apr2026,0.31056562
AFG,1979,2024,USD,OECD,Apr2026,0.35485973
AFG,1980,2024,USD,OECD,Apr2026,0.38599127
AFG,1981,2024,USD,OECD,Apr2026,0.37568561
AFG,1982,2024,USD,OECD,Apr2026,0.36695295
AFG,1983,2024,USD,OECD,Apr2026,0.36887866
AFG,1984,2024,USD,OECD,Apr2026,0.36258462
AFG,1985,2024,USD,OECD,Apr2026,0.36270162
AFG,1986,2024,USD,OECD,Apr2026,0.44206557
AFG,1987,2024,USD,OECD,Apr2026,0.51320688
AFG,1988,2024,USD,OECD,Apr2026,0.55160135
AFG,1989,2024,USD,OECD,Apr2026,0.55608109
AFG,1990,2024,USD,OECD,Apr2026,0.60988323
AFG,1991,2024,USD,OECD,Apr2026,0.63572072
AFG,1992,2024,USD,OECD,Apr2026,0.66863429
AFG,1993,2024,USD,OECD,Apr2026,0.65256434
AFG,1994,2024,USD,OECD,Apr2026,0.68600421
AFG,1995,2024,USD,OECD,Apr2026,0.76942941
AFG,1996,2024,USD,OECD,Apr2026,0.71780542
AFG,1997,2024,USD,OECD,Apr2026,0.67694103
AFG,1998,2024,USD,OECD,Apr2026,0.66636733
AFG,1999,2024,USD,OECD,Apr2026,0.67662909
AFG,2000,2024,USD,OECD,Apr2026,0.651094
AFG,2001,2024,USD,OECD,Apr2026,0.61256716
AFG,2002,2024,USD,OECD,Apr2026,0.63311269
AFG,2003,2024,USD,OECD,Apr2026,0.71089846
AFG,2004,2024,USD,OECD,Apr2026,0.76724772
AFG,2005,2024,USD,OECD,Apr2026,0.78969407
AFG,2006,2024,USD,OECD,Apr2026,0.81473753
AFG,2007,2024,USD,OECD,Apr2026,0.87438292
AFG,2008,2024,USD,OECD,Apr2026,0.91574213
AFG,2009,2024,USD,OECD,Apr2026,0.88346628
AFG,2010,2024,USD,OECD,Apr2026,0.89193215
AFG,2011,2024,USD,OECD,Apr2026,0.94556494
AFG,2012,2024,USD,OECD,Apr2026,0.92337488
AFG,2013,2024,USD,OECD,Apr2026,0.93462087
AFG,2014,2024,USD,OECD,Apr2026,0.9340638
AFG,2015,2024,USD,OECD,Apr2026,0.8438034
AFG,2016,2024,USD,OECD,Apr2026,0.83457093
AFG,2017,2024,USD,OECD,Apr2026,0.85219247
AFG,2018,2024,USD,OECD,Apr2026,0.88742997
AFG,2019,2024,USD,OECD,Apr2026,0.87370206
AFG,2020,2024,USD,OECD,Apr2026,0.90077616
AFG,2021,2024,USD,OECD,Apr2026,0.95776544
AFG,2022,2024,USD,OECD,Apr2026,0.93027251
AFG,2023,2024,USD,OECD,Apr2026,0.97668439
AFG,2024,2024,USD,OECD,Apr2026,1
AFG,2025,2024,USD,OECD,Apr2026,1.05193723
AFG,2026,2024,USD,WEO,Apr2025,1.04507247758326
AFG,2027,2024,USD,WEO,Apr2025,1.06671061378565
AFG,2028,2024,USD,WEO,Apr2025,1.09099965043634
AFG,2029,2024,USD,WEO,Apr2025,1.11394811494906
AFG,2030,2024,USD,WEO,Apr2025,1.13875922517087
AGO,1980,2024,USD,WEO,Apr2025,0.614198737261879
AGO,1981,2024,USD,WEO,Apr2025,0.601255192194179
AGO,1982,2024,USD,WEO,Apr2025,0.601255192194179
AGO,1983,2024,USD,WEO,Apr2025,0.601315931177126
AGO,1984,2024,USD,WEO,Apr2025,0.601326591814765
AGO,1985,2024,USD,WEO,Apr2025,0.715794866582453
AGO,1986,2024,USD,WEO,Apr2025,0.651328258626455
AGO,1987,2024,USD,WEO,Apr2025,0.715277616018995
AGO,1988,2024,USD,WEO,Apr2025,0.731115854265924
AGO,1989,2024,USD,WEO,Apr2025,0.850147762752673
AGO,1990,2024,USD,WEO,Apr2025,0.969182440500726
AGO,1991,2024,USD,WEO,Apr2025,0.838169905328507
AGO,1992,2024,USD,WEO,Apr2025,0.580130964710265
AGO,1993,2024,USD,WEO,Apr2025,0.37941588702287
AGO,1994,2024,USD,WEO,Apr2025,0.250010320657675
AGO,1995,2024,USD,WEO,Apr2025,0.282705889658128
AGO,1996,2024,USD,WEO,Apr2025,0.327906874517674
AGO,1997,2024,USD,WEO,Apr2025,0.359012230473898
AGO,1998,2024,USD,WEO,Apr2025,0.290697779020162
AGO,1999,2024,USD,WEO,Apr2025,0.269023137051819
AGO,2000,2024,USD,WEO,Apr2025,0.333624506168028
AGO,2001,2024,USD,WEO,Apr2025,0.313373681157139
AGO,2002,2024,USD,WEO,Apr2025,0.385592614696798
AGO,2003,2024,USD,WEO,Apr2025,0.437800977413359
AGO,2004,2024,USD,WEO,Apr2025,0.521496641332243
AGO,2005,2024,USD,WEO,Apr2025,0.700507640050392
AGO,2006,2024,USD,WEO,Apr2025,0.887451204787852
AGO,2007,2024,USD,WEO,Apr2025,0.977951410496038
AGO,2008,2024,USD,WEO,Apr2025,1.19393539701672
AGO,2009,2024,USD,WEO,Apr2025,0.968091273162632
AGO,2010,2024,USD,WEO,Apr2025,1.07522066033282
AGO,2011,2024,USD,WEO,Apr2025,1.36391199047243
AGO,2012,2024,USD,WEO,Apr2025,1.43749303505653
AGO,2013,2024,USD,WEO,Apr2025,1.46786626693359
AGO,2014,2024,USD,WEO,Apr2025,1.49998929922762
AGO,2015,2024,USD,WEO,Apr2025,1.19186908579738
AGO,2016,2024,USD,WEO,Apr2025,1.05687485409696
AGO,2017,2024,USD,WEO,Apr2025,1.28956195868674
AGO,2018,2024,USD,WEO,Apr2025,1.05930378082175
AGO,2019,2024,USD,WEO,Apr2025,0.880000007670856
AGO,2020,2024,USD,WEO,Apr2025,0.644368410413717
AGO,2021,2024,USD,WEO,Apr2025,0.800504017468041
AGO,2022,2024,USD,WEO,Apr2025,1.29669167935274
AGO,2023,2024,USD,WEO,Apr2025,0.989311170027426
AGO,2024,2024,USD,WEO,Apr2025,1
AGO,2025,2024,USD,WEO,Apr2025,0.954881018536086
AGO,2026,2024,USD,WEO,Apr2025,0.902785789635397
AGO,2027,2024,USD,WEO,Apr2025,0.907627543470115
AGO,2028,2024,USD,WEO,Apr2025,0.927543499113057
AGO,2029,2024,USD,WEO,Apr2025,0.950090762583392
AGO,2030,2024,USD,WEO,Apr2025,0.975042603216561
AIA,1960,2024,USD,OECD,Apr2026,0.08137597
AIA,1961,2024,USD,OECD,Apr2026,0.08428802
AIA,1962,2024,USD,OECD,Apr2026,0.08749926
AIA,1963,2024,USD,OECD,Apr2026,0.08856923
AIA,1964,2024,USD,OECD,Apr2026,0.09147499
AIA,1965,2024,USD,OECD,Apr2026,0.0970345
AIA,1966,2024,USD,OECD,Apr2026,0.10209355
AIA,1967,2024,USD,OECD,Apr2026,0.1031757
AIA,1968,2024,USD,OECD,Apr2026,0.09385197
AIA,1969,2024,USD,OECD,Apr2026,0.09992328
AIA,1970,2024,USD,OECD,Apr2026,0.10983385
AIA,1971,2024,USD,OECD,Apr2026,0.12130161
AIA,1972,2024,USD,OECD,Apr2026,0.13335304
AIA,1973,2024,USD,OECD,Apr2026,0.14230029
AIA,1974,2024,USD,OECD,Apr2026,0.15788868
AIA,1975,2024,USD,OECD,Apr2026,0.18842552
AIA,1976,2024,USD,OECD,Apr2026,0.17669364
AIA,1977,2024,USD,OECD,Apr2026,0.1953099
AIA,1978,2024,USD,OECD,Apr2026,0.24013278
AIA,1979,2024,USD,OECD,Apr2026,0.30350072
AIA,1980,2024,USD,OECD,Apr2026,0.40002763
AIA,1981,2024,USD,OECD,Apr2026,0.38862287
AIA,1982,2024,USD,OECD,Apr2026,0.36479866
AIA,1983,2024,USD,OECD,Apr2026,0.33414441
AIA,1984,2024,USD,OECD,Apr2026,0.30867143
AIA,1985,2024,USD,OECD,Apr2026,0.31381014
AIA,1986,2024,USD,OECD,Apr2026,0.37451214
AIA,1987,2024,USD,OECD,Apr2026,0.44081327
AIA,1988,2024,USD,OECD,Apr2026,0.50898973
AIA,1989,2024,USD,OECD,Apr2026,0.50559867
AIA,1990,2024,USD,OECD,Apr2026,0.59588616
AIA,1991,2024,USD,OECD,Apr2026,0.63152503
AIA,1992,2024,USD,OECD,Apr2026,0.64895144
AIA,1993,2024,USD,OECD,Apr2026,0.57177137
AIA,1994,2024,USD,OECD,Apr2026,0.59363611
AIA,1995,2024,USD,OECD,Apr2026,0.62812745
AIA,1996,2024,USD,OECD,Apr2026,0.64679154
AIA,1997,2024,USD,OECD,Apr2026,0.67913789
AIA,1998,2024,USD,OECD,Apr2026,0.69602704
AIA,1999,2024,USD,OECD,Apr2026,0.68917735
AIA,2000,2024,USD,OECD,Apr2026,0.65112997
AIA,2001,2024,USD,OECD,Apr2026,0.63013288
AIA,2002,2024,USD,OECD,Apr2026,0.67012591
AIA,2003,2024,USD,OECD,Apr2026,0.74671798
AIA,2004,2024,USD,OECD,Apr2026,0.86086967
AIA,2005,2024,USD,OECD,Apr2026,0.87844202
AIA,2006,2024,USD,OECD,Apr2026,0.91662284
AIA,2007,2024,USD,OECD,Apr2026,1.01665377
AIA,2008,2024,USD,OECD,Apr2026,0.94953957
AIA,2009,2024,USD,OECD,Apr2026,0.83621654
AIA,2010,2024,USD,OECD,Apr2026,0.83777175
AIA,2011,2024,USD,OECD,Apr2026,0.89113213
AIA,2012,2024,USD,OECD,Apr2026,0.89445744
AIA,2013,2024,USD,OECD,Apr2026,0.90160831
AIA,2014,2024,USD,OECD,Apr2026,0.96455779
AIA,2015,2024,USD,OECD,Apr2026,0.90113506
AIA,2016,2024,USD,OECD,Apr2026,0.80975455
AIA,2017,2024,USD,OECD,Apr2026,0.78455282
AIA,2018,2024,USD,OECD,Apr2026,0.82865484
AIA,2019,2024,USD,OECD,Apr2026,0.81231926
AIA,2020,2024,USD,OECD,Apr2026,0.85591443
AIA,2021,2024,USD,OECD,Apr2026,0.92449304
AIA,2022,2024,USD,OECD,Apr2026,0.87558303
AIA,2023,2024,USD,OECD,Apr2026,0.93889269
AIA,2024,2024,USD,OECD,Apr2026,1
AIA,2025,2024,USD,OECD,Apr2026,1.07046002
AIA,2026,2024,USD,WEO,Apr2025,1.08167712531183
AIA,2027,2024,USD,WEO,Apr2025,1.11766828513853
AIA,2028,2024,USD,WEO,Apr2025,1.15822606266156
AIA,2029,2024,USD,WEO,Apr2025,1.20440783810333
AIA,2030,2024,USD,WEO,Apr2025,1.25151271975263
ALB,1980,2024,USD,WEO,Apr2025,0.231834694931883
ALB,1981,2024,USD,WEO,Apr2025,0.251302507583884
ALB,1982,2024,USD,WEO,Apr2025,0.251473115259152
ALB,1983,2024,USD,WEO,Apr2025,0.251306826592046
ALB,1984,2024,USD,WEO,Apr2025,0.243229954474118
ALB,1985,2024,USD,WEO,Apr2025,0.252156132354661
ALB,1986,2024,USD,WEO,Apr2025,0.264115931493246
ALB,1987,2024,USD,WEO,Apr2025,0.264211157385935
ALB,1988,2024,USD,WEO,Apr2025,0.264144914794022
ALB,1989,2024,USD,WEO,Apr2025,0.264250163792403
ALB,1990,2024,USD,WEO,Apr2025,0.234617558891074
ALB,1991,2024,USD,WEO,Apr2025,0.195630647619084
ALB,1992,2024,USD,WEO,Apr2025,0.133298725763559
ALB,1993,2024,USD,WEO,Apr2025,0.210737025909564
ALB,1994,2024,USD,WEO,Apr2025,0.311361736237484
ALB,1995,2024,USD,WEO,Apr2025,0.348986582929837
ALB,1996,2024,USD,WEO,Apr2025,0.355200284258288
ALB,1997,2024,USD,WEO,Apr2025,0.277211503709516
ALB,1998,2024,USD,WEO,Apr2025,0.292517371639593
ALB,1999,2024,USD,WEO,Apr2025,0.327176381631035
ALB,2000,2024,USD,WEO,Apr2025,0.330764512058564
ALB,2001,2024,USD,WEO,Apr2025,0.343949535343076
ALB,2002,2024,USD,WEO,Apr2025,0.364954243340555
ALB,2003,2024,USD,WEO,Apr2025,0.441549195420896
ALB,2004,2024,USD,WEO,Apr2025,0.540041145593438
ALB,2005,2024,USD,WEO,Apr2025,0.574119568361464
ALB,2006,2024,USD,WEO,Apr2025,0.598938285476406
ALB,2007,2024,USD,WEO,Apr2025,0.678252546948664
ALB,2008,2024,USD,WEO,Apr2025,0.761218665737568
ALB,2009,2024,USD,WEO,Apr2025,0.68860142217399
ALB,2010,2024,USD,WEO,Apr2025,0.658103217560245
ALB,2011,2024,USD,WEO,Apr2025,0.693466695692265
ALB,2012,2024,USD,WEO,Apr2025,0.65328089124974
ALB,2013,2024,USD,WEO,Apr2025,0.670970667750887
ALB,2014,2024,USD,WEO,Apr2025,0.683126453484882
ALB,2015,2024,USD,WEO,Apr2025,0.574613718513466
ALB,2016,2024,USD,WEO,Apr2025,0.579243917775809
ALB,2017,2024,USD,WEO,Apr2025,0.614095471808164
ALB,2018,2024,USD,WEO,Apr2025,0.685478279627865
ALB,2019,2024,USD,WEO,Apr2025,0.682184401585192
ALB,2020,2024,USD,WEO,Apr2025,0.691484530269033
ALB,2021,2024,USD,WEO,Apr2025,0.751537346526057
ALB,2022,2024,USD,WEO,Apr2025,0.760495567294802
ALB,2023,2024,USD,WEO,Apr2025,0.891985493231593
ALB,2024,2024,USD,WEO,Apr2025,1
ALB,2025,2024,USD,WEO,Apr2025,1.00284286370055
ALB,2026,2024,USD,WEO,Apr2025,1.01606537960027
ALB,2027,2024,USD,WEO,Apr2025,1.03579296023099
ALB,2028,2024,USD,WEO,Apr2025,1.06400238585093
ALB,2029,2024,USD,WEO,Apr2025,1.09317298911386
ALB,2030,2024,USD,WEO,Apr2025,1.12255162634226
AND,1980,2024,USD,WEO_est,Apr2025,0.333599383638142
AND,1981,2024,USD,WEO_est,Apr2025,0.341444138735828
AND,1982,2024,USD,WEO_est,Apr2025,0.349473367143601
AND,1983,2024,USD,WEO_est,Apr2025,0.357691406842916
AND,1984,2024,USD,WEO_est,Apr2025,0.366102697825015
AND,1985,2024,USD,WEO_est,Apr2025,0.37471178448974
AND,1986,2024,USD,WEO_est,Apr2025,0.383523318100747
AND,1987,2024,USD,WEO_est,Apr2025,0.39254205929847
AND,1988,2024,USD,WEO_est,Apr2025,0.401772880672164
AND,1989,2024,USD,WEO_est,Apr2025,0.411220769392437
AND,1990,2024,USD,WEO_est,Apr2025,0.420890829905693
AND,1991,2024,USD,WEO_est,Apr2025,0.430788286691925
AND,1992,2024,USD,WEO_est,Apr2025,0.440918487087365
AND,1993,2024,USD,WEO_est,Apr2025,0.451286904173515
AND,1994,2024,USD,WEO_est,Apr2025,0.4618991397341
AND,1995,2024,USD,WEO_est,Apr2025,0.472760927281575
AND,1996,2024,USD,WEO_est,Apr2025,0.483878135154782
AND,1997,2024,USD,WEO_est,Apr2025,0.495256769689466
AND,1998,2024,USD,WEO_est,Apr2025,0.506902978463338
AND,1999,2024,USD,WEO_est,Apr2025,0.518823053617451
AND,2000,2024,USD,WEO,Apr2025,0.531023435255678
AND,2001,2024,USD,WEO,Apr2025,0.531703785822581
AND,2002,2024,USD,WEO,Apr2025,0.577950825712679
AND,2003,2024,USD,WEO,Apr2025,0.714408050303093
AND,2004,2024,USD,WEO,Apr2025,0.810018062398295
AND,2005,2024,USD,WEO,Apr2025,0.838061522264952
AND,2006,2024,USD,WEO,Apr2025,0.875062216509537
AND,2007,2024,USD,WEO,Apr2025,0.985347404246567
AND,2008,2024,USD,WEO,Apr2025,1.07766769497073
AND,2009,2024,USD,WEO,Apr2025,1.02454959635834
AND,2010,2024,USD,WEO,Apr2025,0.980063161466403
AND,2011,2024,USD,WEO,Apr2025,1.03105432425183
AND,2012,2024,USD,WEO,Apr2025,0.954521264246112
AND,2013,2024,USD,WEO,Apr2025,0.990874768208407
AND,2014,2024,USD,WEO,Apr2025,0.989072603449299
AND,2015,2024,USD,WEO,Apr2025,0.832422863610601
AND,2016,2024,USD,WEO,Apr2025,0.833150424089751
AND,2017,2024,USD,WEO,Apr2025,0.858383781167463
AND,2018,2024,USD,WEO,Apr2025,0.908195115733852
AND,2019,2024,USD,WEO,Apr2025,0.873090320750183
AND,2020,2024,USD,WEO,Apr2025,0.898906286129211
AND,2021,2024,USD,WEO,Apr2025,0.956717961516838
AND,2022,2024,USD,WEO,Apr2025,0.886590090362357
AND,2023,2024,USD,WEO,Apr2025,0.969217875185736
AND,2024,2024,USD,WEO,Apr2025,1
AND,2025,2024,USD,WEO,Apr2025,0.980625179538253
AND,2026,2024,USD,WEO,Apr2025,0.9972354041641
AND,2027,2024,USD,WEO,Apr2025,1.01360604917832
AND,2028,2024,USD,WEO,Apr2025,1.03043596145092
AND,2029,2024,USD,WEO,Apr2025,1.0483770951122
AND,2030,2024,USD,WEO,Apr2025,1.06646439434469
ARE,1970,2024,USD,OECD,Apr2026,0.14297427309121
ARE,1971,2024,USD,OECD,Apr2026,0.152620354471958
ARE,1972,2024,USD,OECD,Apr2026,0.16835431042208
ARE,1973,2024,USD,OECD,Apr2026,0.194834043786296
ARE,1974,2024,USD,OECD,Apr2026,0.21438261364617
ARE,1975,2024,USD,OECD,Apr2026,0.243034944293388
ARE,1976,2024,USD,OECD,Apr2026,0.251171410991878
ARE,1977,2024,USD,OECD,Apr2026,0.272676315659637
ARE,1978,2024,USD,OECD,Apr2026,0.311951362749745
ARE,1979,2024,USD,OECD,Apr2026,0.356473286623853
ARE,1980,2024,USD,OECD,Apr2026,0.386780592049545
ARE,1981,2024,USD,OECD,Apr2026,0.376976104605291
ARE,1982,2024,USD,OECD,Apr2026,0.367909269999323
ARE,1983,2024,USD,OECD,Apr2026,0.369344840689215
ARE,1984,2024,USD,OECD,Apr2026,0.362814257528171
ARE,1985,2024,USD,OECD,Apr2026,0.363283463926179
ARE,1986,2024,USD,OECD,Apr2026,0.44255934901307
ARE,1987,2024,USD,OECD,Apr2026,0.513256015425461
ARE,1988,2024,USD,OECD,Apr2026,0.551735968548256
ARE,1989,2024,USD,OECD,Apr2026,0.556110711213417
ARE,1990,2024,USD,OECD,Apr2026,0.609854377729297
ARE,1991,2024,USD,OECD,Apr2026,0.635589920505723
ARE,1992,2024,USD,OECD,Apr2026,0.668786512388945
ARE,1993,2024,USD,OECD,Apr2026,0.653008848216908
ARE,1994,2024,USD,OECD,Apr2026,0.686091069692887
ARE,1995,2024,USD,OECD,Apr2026,0.769236425617893
ARE,1996,2024,USD,OECD,Apr2026,0.718946322151613
ARE,1997,2024,USD,OECD,Apr2026,0.677399760475753
ARE,1998,2024,USD,OECD,Apr2026,0.666234983512182
ARE,1999,2024,USD,OECD,Apr2026,0.676396421378217
ARE,2000,2024,USD,OECD,Apr2026,0.651924453170334
ARE,2001,2024,USD,OECD,Apr2026,0.614235519876918
ARE,2002,2024,USD,OECD,Apr2026,0.634614836221216
ARE,2003,2024,USD,OECD,Apr2026,0.713158147750668
ARE,2004,2024,USD,OECD,Apr2026,0.770326887736169
ARE,2005,2024,USD,OECD,Apr2026,0.792266616955641
ARE,2006,2024,USD,OECD,Apr2026,0.818090311214512
ARE,2007,2024,USD,OECD,Apr2026,0.878642060539157
ARE,2008,2024,USD,OECD,Apr2026,0.919668483720122
ARE,2009,2024,USD,OECD,Apr2026,0.887200306037913
ARE,2010,2024,USD,OECD,Apr2026,0.896432716261047
ARE,2011,2024,USD,OECD,Apr2026,0.949965297164097
ARE,2012,2024,USD,OECD,Apr2026,0.9277347195274
ARE,2013,2024,USD,OECD,Apr2026,0.940218426017631
ARE,2014,2024,USD,OECD,Apr2026,0.940228066096991
ARE,2015,2024,USD,OECD,Apr2026,0.849606951997776
ARE,2016,2024,USD,OECD,Apr2026,0.84097470743975
ARE,2017,2024,USD,OECD,Apr2026,0.858680353691881
ARE,2018,2024,USD,OECD,Apr2026,0.894685313474176
ARE,2019,2024,USD,OECD,Apr2026,0.879948570602324
ARE,2020,2024,USD,OECD,Apr2026,0.906773098477694
ARE,2021,2024,USD,OECD,Apr2026,0.962011135501803
ARE,2022,2024,USD,OECD,Apr2026,0.9338087407323
ARE,2023,2024,USD,OECD,Apr2026,0.97869590441531
ARE,2024,2024,USD,OECD,Apr2026,1
ARE,2025,2024,USD,WEO,Apr2025,0.982246056438333
ARE,2026,2024,USD,WEO,Apr2025,0.984757995177278
ARE,2027,2024,USD,WEO,Apr2025,1.00169220401216
ARE,2028,2024,USD,WEO,Apr2025,1.02136821451171
ARE,2029,2024,USD,WEO,Apr2025,1.04136165495044
ARE,2030,2024,USD,WEO,Apr2025,1.06228892136804
ARG,1980,2024,USD,WEO,Apr2025,0.726348294041182
ARG,1981,2024,USD,WEO,Apr2025,0.625871853291128
ARG,1982,2024,USD,WEO,Apr2025,0.320894213766093
ARG,1983,2024,USD,WEO,Apr2025,0.38161027160545
ARG,1984,2024,USD,WEO,Apr2025,0.420068710141497
ARG,1985,2024,USD,WEO,Apr2025,0.340976318692641
ARG,1986,2024,USD,WEO,Apr2025,0.382676902926481
ARG,1987,2024,USD,WEO,Apr2025,0.382669005170346
ARG,1988,2024,USD,WEO,Apr2025,0.45717210274419
ARG,1989,2024,USD,WEO,Apr2025,0.315413467633019
ARG,1990,2024,USD,WEO,Apr2025,0.553012959616946
ARG,1991,2024,USD,WEO,Apr2025,0.67135260720537
ARG,1992,2024,USD,WEO,Apr2025,0.734454226001132
ARG,1993,2024,USD,WEO,Apr2025,0.714598865190928
ARG,1994,2024,USD,WEO,Apr2025,0.735001195295535
ARG,1995,2024,USD,WEO,Apr2025,0.758264264007957
ARG,1996,2024,USD,WEO,Apr2025,0.757865186425483
ARG,1997,2024,USD,WEO,Apr2025,0.754348858093442
ARG,1998,2024,USD,WEO,Apr2025,0.74148595661595
ARG,1999,2024,USD,WEO,Apr2025,0.72786573343183
ARG,2000,2024,USD,WEO,Apr2025,0.735415509810028
ARG,2001,2024,USD,WEO,Apr2025,0.727357978903541
ARG,2002,2024,USD,WEO,Apr2025,0.305563395215662
ARG,2003,2024,USD,WEO,Apr2025,0.35519621546916
ARG,2004,2024,USD,WEO,Apr2025,0.377608434059397
ARG,2005,2024,USD,WEO,Apr2025,0.419183429766737
ARG,2006,2024,USD,WEO,Apr2025,0.453416693216985
ARG,2007,2024,USD,WEO,Apr2025,0.51423058683003
ARG,2008,2024,USD,WEO,Apr2025,0.623981104221576
ARG,2009,2024,USD,WEO,Apr2025,0.610492178620302
ARG,2010,2024,USD,WEO,Apr2025,0.703618631907352
ARG,2011,2024,USD,WEO,Apr2025,0.824601587520194
ARG,2012,2024,USD,WEO,Apr2025,0.915292424468405
ARG,2013,2024,USD,WEO,Apr2025,0.942837272661709
ARG,2014,2024,USD,WEO,Apr2025,0.891447855535717
ARG,2015,2024,USD,WEO,Apr2025,0.989148402531865
ARG,2016,2024,USD,WEO,Apr2025,0.875427526865592
ARG,2017,2024,USD,WEO,Apr2025,0.984600372918988
ARG,2018,2024,USD,WEO,Apr2025,0.823517973941669
ARG,2019,2024,USD,WEO,Apr2025,0.71587848303698
ARG,2020,2024,USD,WEO,Apr2025,0.685085639055802
ARG,2021,2024,USD,WEO,Apr2025,0.782665230970115
ARG,2022,2024,USD,WEO,Apr2025,0.967241564819505
ARG,2023,2024,USD,WEO,Apr2025,1.00359041977711
ARG,2024,2024,USD,WEO,Apr2025,1
ARG,2025,2024,USD,WEO,Apr2025,1.02490140077734
ARG,2026,2024,USD,WEO,Apr2025,1.02626038554033
ARG,2027,2024,USD,WEO,Apr2025,0.987706684988638
ARG,2028,2024,USD,WEO,Apr2025,0.952568445476412
ARG,2029,2024,USD,WEO,Apr2025,0.957010875301019
ARG,2030,2024,USD,WEO,Apr2025,0.977737704636753
ARM,1980,2024,USD,WEO_est,Apr2025,0.00655341075673436
ARM,1981,2024,USD,WEO_est,Apr2025,0.00724695348346645
ARM,1982,2024,USD,WEO_est,Apr2025,0.0080138933360095
ARM,1983,2024,USD,WEO_est,Apr2025,0.00886199787917196
ARM,1984,2024,USD,WEO_est,Apr2025,0.00979985671353528
ARM,1985,2024,USD,WEO_est,Apr2025,0.010836968470906
ARM,1986,2024,USD,WEO_est,Apr2025,0.0119838370164338
ARM,1987,2024,USD,WEO_est,Apr2025,0.0132520778317298
ARM,1988,2024,USD,WEO_est,Apr2025,0.0146545356564341
ARM,1989,2024,USD,WEO_est,Apr2025,0.016205414579705
ARM,1990,2024,USD,WEO_est,Apr2025,0.0179204218991963
ARM,1991,2024,USD,WEO_est,Apr2025,0.019816927204527
ARM,1992,2024,USD,WEO,Apr2025,0.021914138296439
ARM,1993,2024,USD,WEO,Apr2025,0.197133961349618
ARM,1994,2024,USD,WEO,Apr2025,0.145147436006036
ARM,1995,2024,USD,WEO,Apr2025,0.266843404701228
ARM,1996,2024,USD,WEO,Apr2025,0.314843765621283
ARM,1997,2024,USD,WEO,Apr2025,0.312538268636694
ARM,1998,2024,USD,WEO,Apr2025,0.339492835213249
ARM,1999,2024,USD,WEO,Apr2025,0.320887220239161
ARM,2000,2024,USD,WEO,Apr2025,0.314152678982245
ARM,2001,2024,USD,WEO,Apr2025,0.31790082274115
ARM,2002,2024,USD,WEO,Apr2025,0.310630262586755
ARM,2003,2024,USD,WEO,Apr2025,0.321763542511732
ARM,2004,2024,USD,WEO,Apr2025,0.371156622811855
ARM,2005,2024,USD,WEO,Apr2025,0.445552855397065
ARM,2006,2024,USD,WEO,Apr2025,0.512810933209475
ARM,2007,2024,USD,WEO,Apr2025,0.650111398584114
ARM,2008,2024,USD,WEO,Apr2025,0.770046905332908
ARM,2009,2024,USD,WEO,Apr2025,0.665149890955866
ARM,2010,2024,USD,WEO,Apr2025,0.696889520992752
ARM,2011,2024,USD,WEO,Apr2025,0.729003934094171
ARM,2012,2024,USD,WEO,Apr2025,0.712463411969435
ARM,2013,2024,USD,WEO,Apr2025,0.721525773084189
ARM,2014,2024,USD,WEO,Apr2025,0.727027986638958
ARM,2015,2024,USD,WEO,Apr2025,0.640011772562581
ARM,2016,2024,USD,WEO,Apr2025,0.638342473098994
ARM,2017,2024,USD,WEO,Apr2025,0.648934839386713
ARM,2018,2024,USD,WEO,Apr2025,0.66652154098024
ARM,2019,2024,USD,WEO,Apr2025,0.676976678533324
ARM,2020,2024,USD,WEO,Apr2025,0.676475285774941
ARM,2021,2024,USD,WEO,Apr2025,0.702153104224366
ARM,2022,2024,USD,WEO,Apr2025,0.877003117209039
ARM,2023,2024,USD,WEO,Apr2025,0.999371372733325
ARM,2024,2024,USD,WEO,Apr2025,1
ARM,2025,2024,USD,WEO,Apr2025,0.984062606154447
ARM,2026,2024,USD,WEO,Apr2025,0.956856689829294
ARM,2027,2024,USD,WEO,Apr2025,0.957246376582461
ARM,2028,2024,USD,WEO,Apr2025,0.969555558119451
ARM,2029,2024,USD,WEO,Apr2025,0.986414771850196
ARM,2030,2024,USD,WEO,Apr2025,1.00200892863322
ATG,1980,2024,USD,WEO,Apr2025,0.217443844063933
ATG,1981,2024,USD,WEO,Apr2025,0.236430515630271
ATG,1982,2024,USD,WEO,Apr2025,0.263627256255154
ATG,1983,2024,USD,WEO,Apr2025,0.278844254474354
ATG,1984,2024,USD,WEO,Apr2025,0.290056227445382
ATG,1985,2024,USD,WEO,Apr2025,0.312673887087819
ATG,1986,2024,USD,WEO,Apr2025,0.339720123304495
ATG,1987,2024,USD,WEO,Apr2025,0.370997827527428
ATG,1988,2024,USD,WEO,Apr2025,0.41765175387941
ATG,1989,2024,USD,WEO,Apr2025,0.439292235571557
ATG,1990,2024,USD,WEO,Apr2025,0.448941573943963
ATG,1991,2024,USD,WEO,Apr2025,0.462308310640524
ATG,1992,2024,USD,WEO,Apr2025,0.476053694596835
ATG,1993,2024,USD,WEO,Apr2025,0.487491661495529
ATG,1994,2024,USD,WEO,Apr2025,0.504619530256715
ATG,1995,2024,USD,WEO,Apr2025,0.520026149122771
ATG,1996,2024,USD,WEO,Apr2025,0.537695831946617
ATG,1997,2024,USD,WEO,Apr2025,0.551099341267274
ATG,1998,2024,USD,WEO,Apr2025,0.566351001686696
ATG,1999,2024,USD,WEO,Apr2025,0.57789987444065
ATG,2000,2024,USD,WEO,Apr2025,0.586448985863247
ATG,2001,2024,USD,WEO,Apr2025,0.598707821729983
ATG,2002,2024,USD,WEO,Apr2025,0.606120950947127
ATG,2003,2024,USD,WEO,Apr2025,0.603212132240321
ATG,2004,2024,USD,WEO,Apr2025,0.617246882495922
ATG,2005,2024,USD,WEO,Apr2025,0.646389062150797
ATG,2006,2024,USD,WEO,Apr2025,0.653718570808879
ATG,2007,2024,USD,WEO,Apr2025,0.681937291870263
ATG,2008,2024,USD,WEO,Apr2025,0.714597892214574
ATG,2009,2024,USD,WEO,Apr2025,0.722612556356763
ATG,2010,2024,USD,WEO,Apr2025,0.73378018768203
ATG,2011,2024,USD,WEO,Apr2025,0.742099439535738
ATG,2012,2024,USD,WEO,Apr2025,0.76139336494439
ATG,2013,2024,USD,WEO,Apr2025,0.743550208217554
ATG,2014,2024,USD,WEO,Apr2025,0.757209912635005
ATG,2015,2024,USD,WEO,Apr2025,0.77799467100421
ATG,2016,2024,USD,WEO,Apr2025,0.774768514112292
ATG,2017,2024,USD,WEO,Apr2025,0.777085240618247
ATG,2018,2024,USD,WEO,Apr2025,0.788457049427157
ATG,2019,2024,USD,WEO,Apr2025,0.793644412305026
ATG,2020,2024,USD,WEO,Apr2025,0.800263555398286
ATG,2021,2024,USD,WEO,Apr2025,0.839347845455022
ATG,2022,2024,USD,WEO,Apr2025,0.896534881097393
ATG,2023,2024,USD,WEO,Apr2025,0.940457878651685
ATG,2024,2024,USD,WEO,Apr2025,1
ATG,2025,2024,USD,WEO,Apr2025,1.03497093969081
ATG,2026,2024,USD,WEO,Apr2025,1.06036442181545
ATG,2027,2024,USD,WEO,Apr2025,1.08088648263938
ATG,2028,2024,USD,WEO,Apr2025,1.10201821408467
ATG,2029,2024,USD,WEO,Apr2025,1.1237923180866
ATG,2030,2024,USD,WEO,Apr2025,1.14571536194846
AUS,1960,2024,USD,OECD,Apr2026,0.08647967
AUS,1961,2024,USD,OECD,Apr2026,0.08711346
AUS,1962,2024,USD,OECD,Apr2026,0.08802954
AUS,1963,2024,USD,OECD,Apr2026,0.09068532
AUS,1964,2024,USD,OECD,Apr2026,0.09327727
AUS,1965,2024,USD,OECD,Apr2026,0.09572538
AUS,1966,2024,USD,OECD,Apr2026,0.09892
AUS,1967,2024,USD,OECD,Apr2026,0.10210615
AUS,1968,2024,USD,OECD,Apr2026,0.10574905
AUS,1969,2024,USD,OECD,Apr2026,0.11173449
AUS,1970,2024,USD,OECD,Apr2026,0.11642198
AUS,1971,2024,USD,OECD,Apr2026,0.12634821
AUS,1972,2024,USD,OECD,Apr2026,0.14216865
AUS,1973,2024,USD,OECD,Apr2026,0.19218844
AUS,1974,2024,USD,OECD,Apr2026,0.22877337
AUS,1975,2024,USD,OECD,Apr2026,0.23775697
AUS,1976,2024,USD,OECD,Apr2026,0.25037447
AUS,1977,2024,USD,OECD,Apr2026,0.24886929
AUS,1978,2024,USD,OECD,Apr2026,0.27777081
AUS,1979,2024,USD,OECD,Apr2026,0.29731728
AUS,1980,2024,USD,OECD,Apr2026,0.33306521
AUS,1981,2024,USD,OECD,Apr2026,0.36912116
AUS,1982,2024,USD,OECD,Apr2026,0.36486875
AUS,1983,2024,USD,OECD,Apr2026,0.35186336
AUS,1984,2024,USD,OECD,Apr2026,0.36248198
AUS,1985,2024,USD,OECD,Apr2026,0.30540019
AUS,1986,2024,USD,OECD,Apr2026,0.31241357
AUS,1987,2024,USD,OECD,Apr2026,0.34934566
AUS,1988,2024,USD,OECD,Apr2026,0.42209639
AUS,1989,2024,USD,OECD,Apr2026,0.46085333
AUS,1990,2024,USD,OECD,Apr2026,0.4769063
AUS,1991,2024,USD,OECD,Apr2026,0.48605037
AUS,1992,2024,USD,OECD,Apr2026,0.46137458
AUS,1993,2024,USD,OECD,Apr2026,0.43163554
AUS,1994,2024,USD,OECD,Apr2026,0.47013872
AUS,1995,2024,USD,OECD,Apr2026,0.49044856
AUS,1996,2024,USD,OECD,Apr2026,0.52909289
AUS,1997,2024,USD,OECD,Apr2026,0.50790034
AUS,1998,2024,USD,OECD,Apr2026,0.43227694
AUS,1999,2024,USD,OECD,Apr2026,0.44912107
AUS,2000,2024,USD,OECD,Apr2026,0.42035685
AUS,2001,2024,USD,OECD,Apr2026,0.38805232
AUS,2002,2024,USD,OECD,Apr2026,0.4200706
AUS,2003,2024,USD,OECD,Apr2026,0.51627343
AUS,2004,2024,USD,OECD,Apr2026,0.60685916
AUS,2005,2024,USD,OECD,Apr2026,0.65740813
AUS,2006,2024,USD,OECD,Apr2026,0.68229408
AUS,2007,2024,USD,OECD,Apr2026,0.79177244
AUS,2008,2024,USD,OECD,Apr2026,0.83044581
AUS,2009,2024,USD,OECD,Apr2026,0.78852822
AUS,2010,2024,USD,OECD,Apr2026,0.97643403
AUS,2011,2024,USD,OECD,Apr2026,1.15019997
AUS,2012,2024,USD,OECD,Apr2026,1.14589674
AUS,2013,2024,USD,OECD,Apr2026,1.08200409
AUS,2014,2024,USD,OECD,Apr2026,1.01375007
AUS,2015,2024,USD,OECD,Apr2026,0.83890341
AUS,2016,2024,USD,OECD,Apr2026,0.83746777
AUS,2017,2024,USD,OECD,Apr2026,0.89395562
AUS,2018,2024,USD,OECD,Apr2026,0.89162055
AUS,2019,2024,USD,OECD,Apr2026,0.85665003
AUS,2020,2024,USD,OECD,Apr2026,0.85725043
AUS,2021,2024,USD,OECD,Apr2026,0.98926159
AUS,2022,2024,USD,OECD,Apr2026,0.9893236
AUS,2023,2024,USD,OECD,Apr2026,0.98082662
AUS,2024,2024,USD,OECD,Apr2026,1
AUS,2025,2024,USD,OECD,Apr2026,1.00002426
AUS,2026,2024,USD,WEO,Apr2025,0.987602412334835
AUS,2027,2024,USD,WEO,Apr2025,1.00414726886674
AUS,2028,2024,USD,WEO,Apr2025,1.02262846967048
AUS,2029,2024,USD,WEO,Apr2025,1.04387642246337
AUS,2030,2024,USD,WEO,Apr2025,1.06878136283517
AUT,1960,2024,USD,OECD,Apr2026,0.06095145
AUT,1961,2024,USD,OECD,Apr2026,0.063974
AUT,1962,2024,USD,OECD,Apr2026,0.06668681
AUT,1963,2024,USD,OECD,Apr2026,0.06901957
AUT,1964,2024,USD,OECD,Apr2026,0.07122888
AUT,1965,2024,USD,OECD,Apr2026,0.0751845
AUT,1966,2024,USD,OECD,Apr2026,0.07786918
AUT,1967,2024,USD,OECD,Apr2026,0.08053559
AUT,1968,2024,USD,OECD,Apr2026,0.08308065
AUT,1969,2024,USD,OECD,Apr2026,0.08595972
AUT,1970,2024,USD,OECD,Apr2026,0.09063442
AUT,1971,2024,USD,OECD,Apr2026,0.09994378
AUT,1972,2024,USD,OECD,Apr2026,0.11590714
AUT,1973,2024,USD,OECD,Apr2026,0.14774261
AUT,1974,2024,USD,OECD,Apr2026,0.16957551
AUT,1975,2024,USD,OECD,Apr2026,0.19370467
AUT,1976,2024,USD,OECD,Apr2026,0.19869438
AUT,1977,2024,USD,OECD,Apr2026,0.2269246
AUT,1978,2024,USD,OECD,Apr2026,0.27352694
AUT,1979,2024,USD,OECD,Apr2026,0.30952122
AUT,1980,2024,USD,OECD,Apr2026,0.33761847
AUT,1981,2024,USD,OECD,Apr2026,0.29279428
AUT,1982,2024,USD,OECD,Apr2026,0.28794133
AUT,1983,2024,USD,OECD,Apr2026,0.28287022
AUT,1984,2024,USD,OECD,Apr2026,0.26661972
AUT,1985,2024,USD,OECD,Apr2026,0.26551478
AUT,1986,2024,USD,OECD,Apr2026,0.37033252
AUT,1987,2024,USD,OECD,Apr2026,0.45811129
AUT,1988,2024,USD,OECD,Apr2026,0.47636031
AUT,1989,2024,USD,OECD,Apr2026,0.45764452
AUT,1990,2024,USD,OECD,Apr2026,0.5485428
AUT,1991,2024,USD,OECD,Apr2026,0.55386614
AUT,1992,2024,USD,OECD,Apr2026,0.6085535
AUT,1993,2024,USD,OECD,Apr2026,0.59082053
AUT,1994,2024,USD,OECD,Apr2026,0.61705859
AUT,1995,2024,USD,OECD,Apr2026,0.71152678
AUT,1996,2024,USD,OECD,Apr2026,0.68476747
AUT,1997,2024,USD,OECD,Apr2026,0.60127469
AUT,1998,2024,USD,OECD,Apr2026,0.5954985
AUT,1999,2024,USD,OECD,Apr2026,0.57203254
AUT,2000,2024,USD,OECD,Apr2026,0.50160027
AUT,2001,2024,USD,OECD,Apr2026,0.49698367
AUT,2002,2024,USD,OECD,Apr2026,0.5286279
AUT,2003,2024,USD,OECD,Apr2026,0.64189207
AUT,2004,2024,USD,OECD,Apr2026,0.71762932
AUT,2005,2024,USD,OECD,Apr2026,0.7361336
AUT,2006,2024,USD,OECD,Apr2026,0.75848824
AUT,2007,2024,USD,OECD,Apr2026,0.84570541
AUT,2008,2024,USD,OECD,Apr2026,0.90797809
AUT,2009,2024,USD,OECD,Apr2026,0.89182366
AUT,2010,2024,USD,OECD,Apr2026,0.85604501
AUT,2011,2024,USD,OECD,Apr2026,0.91510741
AUT,2012,2024,USD,OECD,Apr2026,0.86311164
AUT,2013,2024,USD,OECD,Apr2026,0.90662469
AUT,2014,2024,USD,OECD,Apr2026,0.92380513
AUT,2015,2024,USD,OECD,Apr2026,0.78974243
AUT,2016,2024,USD,OECD,Apr2026,0.80147534
AUT,2017,2024,USD,OECD,Apr2026,0.82507483
AUT,2018,2024,USD,OECD,Apr2026,0.87939153
AUT,2019,2024,USD,OECD,Apr2026,0.84629818
AUT,2020,2024,USD,OECD,Apr2026,0.88372375
AUT,2021,2024,USD,OECD,Apr2026,0.93350817
AUT,2022,2024,USD,OECD,Apr2026,0.87187517
AUT,2023,2024,USD,OECD,Apr2026,0.96065938
AUT,2024,2024,USD,OECD,Apr2026,1
AUT,2025,2024,USD,OECD,Apr2026,1.07211824
AUT,2026,2024,USD,WEO,Apr2025,1.05340371022412
AUT,2027,2024,USD,WEO,Apr2025,1.07512698958363
AUT,2028,2024,USD,WEO,Apr2025,1.09748600604444
AUT,2029,2024,USD,WEO,Apr2025,1.11995558281788
AUT,2030,2024,USD,WEO,Apr2025,1.14386600601179
AZE,1980,2024,USD,WEO_est,Apr2025,0.02254764413773
AZE,1981,2024,USD,WEO_est,Apr2025,0.0243976863596014
AZE,1982,2024,USD,WEO_est,Apr2025,0.0263995252038515
AZE,1983,2024,USD,WEO_est,Apr2025,0.0285656156373419
AZE,1984,2024,USD,WEO_est,Apr2025,0.0309094345613952
AZE,1985,2024,USD,WEO_est,Apr2025,0.0334455646618816
AZE,1986,2024,USD,WEO_est,Apr2025,0.0361897851392338
AZE,1987,2024,USD,WEO_est,Apr2025,0.0391591698828931
AZE,1988,2024,USD,WEO_est,Apr2025,0.0423721937010027
AZE,1989,2024,USD,WEO_est,Apr2025,0.0458488472662855
AZE,1990,2024,USD,WEO_est,Apr2025,0.0496107614932722
AZE,1991,2024,USD,WEO_est,Apr2025,0.053681342120725
AZE,1992,2024,USD,WEO,Apr2025,0.0580859153365972
AZE,1993,2024,USD,WEO,Apr2025,0.0828766915565606
AZE,1994,2024,USD,WEO,Apr2025,0.177973421278715
AZE,1995,2024,USD,WEO,Apr2025,0.219039990201419
AZE,1996,2024,USD,WEO,Apr2025,0.280807551468084
AZE,1997,2024,USD,WEO,Apr2025,0.350436673848616
AZE,1998,2024,USD,WEO,Apr2025,0.327745491204604
AZE,1999,2024,USD,WEO,Apr2025,0.314907969817598
AZE,2000,2024,USD,WEO,Apr2025,0.341229221298742
AZE,2001,2024,USD,WEO,Apr2025,0.332720878141239
AZE,2002,2024,USD,WEO,Apr2025,0.346059884668964
AZE,2003,2024,USD,WEO,Apr2025,0.366609220276141
AZE,2004,2024,USD,WEO,Apr2025,0.400399132758822
AZE,2005,2024,USD,WEO,Apr2025,0.483038175028398
AZE,2006,2024,USD,WEO,Apr2025,0.569352677501165
AZE,2007,2024,USD,WEO,Apr2025,0.717422903928456
AZE,2008,2024,USD,WEO,Apr2025,0.957335065016974
AZE,2009,2024,USD,WEO,Apr2025,0.794501527636438
AZE,2010,2024,USD,WEO,Apr2025,0.903775732973776
AZE,2011,2024,USD,WEO,Apr2025,1.12544691584071
AZE,2012,2024,USD,WEO,Apr2025,1.16350022972928
AZE,2013,2024,USD,WEO,Apr2025,1.16994219800707
AZE,2014,2024,USD,WEO,Apr2025,1.15487048169394
AZE,2015,2024,USD,WEO,Apr2025,0.804821201684842
AZE,2016,2024,USD,WEO,Apr2025,0.59265147394733
AZE,2017,2024,USD,WEO,Apr2025,0.647191396477835
AZE,2018,2024,USD,WEO,Apr2025,0.726269536002282
AZE,2019,2024,USD,WEO,Apr2025,0.724653943096192
AZE,2020,2024,USD,WEO,Apr2025,0.670354582245252
AZE,2021,2024,USD,WEO,Apr2025,0.815073613603142
AZE,2022,2024,USD,WEO,Apr2025,1.1188557335968
AZE,2023,2024,USD,WEO,Apr2025,1.01455336670434
AZE,2024,2024,USD,WEO,Apr2025,1
AZE,2025,2024,USD,WEO,Apr2025,1.02520200468772
AZE,2026,2024,USD,WEO,Apr2025,1.03828747302542
AZE,2027,2024,USD,WEO,Apr2025,1.06273897411668
AZE,2028,2024,USD,WEO,Apr2025,1.09290465751187
AZE,2029,2024,USD,WEO,Apr2025,1.12635147556019
AZE,2030,2024,USD,WEO,Apr2025,1.16271902496251
BDI,1980,2024,USD,WEO,Apr2025,0.522049731235051
BDI,1981,2024,USD,WEO,Apr2025,0.484032098139105
BDI,1982,2024,USD,WEO,Apr2025,0.516887368552475
BDI,1983,2024,USD,WEO,Apr2025,0.527464437412367
BDI,1984,2024,USD,WEO,Apr2025,0.478554587224728
BDI,1985,2024,USD,WEO,Apr2025,0.498392659771468
BDI,1986,2024,USD,WEO,Apr2025,0.508696549738805
BDI,1987,2024,USD,WEO,Apr2025,0.454007603314465
BDI,1988,2024,USD,WEO,Apr2025,0.405081399089284
BDI,1989,2024,USD,WEO,Apr2025,0.415486141917935
BDI,1990,2024,USD,WEO,Apr2025,0.401598853561769
BDI,1991,2024,USD,WEO,Apr2025,0.391735605584222
BDI,1992,2024,USD,WEO,Apr2025,0.359582029733615
BDI,1993,2024,USD,WEO,Apr2025,0.332458492251607
BDI,1994,2024,USD,WEO,Apr2025,0.340535530672527
BDI,1995,2024,USD,WEO,Apr2025,0.400239948105786
BDI,1996,2024,USD,WEO,Apr2025,0.377621794754098
BDI,1997,2024,USD,WEO,Apr2025,0.421127545656924
BDI,1998,2024,USD,WEO,Apr2025,0.369348653106865
BDI,1999,2024,USD,WEO,Apr2025,0.354060077307692
BDI,2000,2024,USD,WEO,Apr2025,0.349471373563953
BDI,2001,2024,USD,WEO,Apr2025,0.346513758128976
BDI,2002,2024,USD,WEO,Apr2025,0.318474204428637
BDI,2003,2024,USD,WEO,Apr2025,0.295731422069682
BDI,2004,2024,USD,WEO,Apr2025,0.332195567407557
BDI,2005,2024,USD,WEO,Apr2025,0.388552966295552
BDI,2006,2024,USD,WEO,Apr2025,0.420075319255981
BDI,2007,2024,USD,WEO,Apr2025,0.432533312132059
BDI,2008,2024,USD,WEO,Apr2025,0.490350669024309
BDI,2009,2024,USD,WEO,Apr2025,0.520101792544896
BDI,2010,2024,USD,WEO,Apr2025,0.566385099314628
BDI,2011,2024,USD,WEO,Apr2025,0.599085478171026
BDI,2012,2024,USD,WEO,Apr2025,0.59846087279238
BDI,2013,2024,USD,WEO,Apr2025,0.600446816410233
BDI,2014,2024,USD,WEO,Apr2025,0.634651641008295
BDI,2015,2024,USD,WEO,Apr2025,0.757540646057187
BDI,2016,2024,USD,WEO,Apr2025,0.726757553156981
BDI,2017,2024,USD,WEO,Apr2025,0.774934435462533
BDI,2018,2024,USD,WEO,Apr2025,0.730197130269407
BDI,2019,2024,USD,WEO,Apr2025,0.710379791071203
BDI,2020,2024,USD,WEO,Apr2025,0.726831705550761
BDI,2021,2024,USD,WEO,Apr2025,0.765771527723453
BDI,2022,2024,USD,WEO,Apr2025,0.878864460879991
BDI,2023,2024,USD,WEO,Apr2025,0.926824005903437
BDI,2024,2024,USD,WEO,Apr2025,1
BDI,2025,2024,USD,WEO,Apr2025,1.39604551077733
BDI,2026,2024,USD,WEO,Apr2025,1.69854608807107
BDI,2027,2024,USD,WEO,Apr2025,1.81442312365133
BDI,2028,2024,USD,WEO,Apr2025,1.85366295653277
BDI,2029,2024,USD,WEO,Apr2025,1.82771411213278
BDI,2030,2024,USD,WEO,Apr2025,1.89157372477928
BEL,1960,2024,USD,OECD,Apr2026,0.08762743
BEL,1961,2024,USD,OECD,Apr2026,0.08864103
BEL,1962,2024,USD,OECD,Apr2026,0.09027492
BEL,1963,2024,USD,OECD,Apr2026,0.0928239
BEL,1964,2024,USD,OECD,Apr2026,0.09737387
BEL,1965,2024,USD,OECD,Apr2026,0.10267785
BEL,1966,2024,USD,OECD,Apr2026,0.10651209
BEL,1967,2024,USD,OECD,Apr2026,0.11023401
BEL,1968,2024,USD,OECD,Apr2026,0.11258709
BEL,1969,2024,USD,OECD,Apr2026,0.11665816
BEL,1970,2024,USD,OECD,Apr2026,0.12332661
BEL,1971,2024,USD,OECD,Apr2026,0.13307382
BEL,1972,2024,USD,OECD,Apr2026,0.15625784
BEL,1973,2024,USD,OECD,Apr2026,0.18899281
BEL,1974,2024,USD,OECD,Apr2026,0.21276347
BEL,1975,2024,USD,OECD,Apr2026,0.25271038
BEL,1976,2024,USD,OECD,Apr2026,0.25902235
BEL,1977,2024,USD,OECD,Apr2026,0.29988679
BEL,1978,2024,USD,OECD,Apr2026,0.35632242
BEL,1979,2024,USD,OECD,Apr2026,0.40015945
BEL,1980,2024,USD,OECD,Apr2026,0.41739093
BEL,1981,2024,USD,OECD,Apr2026,0.34566807
BEL,1982,2024,USD,OECD,Apr2026,0.30218246
BEL,1983,2024,USD,OECD,Apr2026,0.28523697
BEL,1984,2024,USD,OECD,Apr2026,0.26621798
BEL,1985,2024,USD,OECD,Apr2026,0.27072922
BEL,1986,2024,USD,OECD,Apr2026,0.37012073
BEL,1987,2024,USD,OECD,Apr2026,0.45033976
BEL,1988,2024,USD,OECD,Apr2026,0.46726598
BEL,1989,2024,USD,OECD,Apr2026,0.45702323
BEL,1990,2024,USD,OECD,Apr2026,0.55391492
BEL,1991,2024,USD,OECD,Apr2026,0.5575132
BEL,1992,2024,USD,OECD,Apr2026,0.61275596
BEL,1993,2024,USD,OECD,Apr2026,0.59291061
BEL,1994,2024,USD,OECD,Apr2026,0.62501377
BEL,1995,2024,USD,OECD,Apr2026,0.71764993
BEL,1996,2024,USD,OECD,Apr2026,0.68665652
BEL,1997,2024,USD,OECD,Apr2026,0.59931869
BEL,1998,2024,USD,OECD,Apr2026,0.60107695
BEL,1999,2024,USD,OECD,Apr2026,0.57970014
BEL,2000,2024,USD,OECD,Apr2026,0.51151576
BEL,2001,2024,USD,OECD,Apr2026,0.50692793
BEL,2002,2024,USD,OECD,Apr2026,0.54220561
BEL,2003,2024,USD,OECD,Apr2026,0.66204788
BEL,2004,2024,USD,OECD,Apr2026,0.74195572
BEL,2005,2024,USD,OECD,Apr2026,0.7576936
BEL,2006,2024,USD,OECD,Apr2026,0.78253634
BEL,2007,2024,USD,OECD,Apr2026,0.86993824
BEL,2008,2024,USD,OECD,Apr2026,0.93411253
BEL,2009,2024,USD,OECD,Apr2026,0.90890398
BEL,2010,2024,USD,OECD,Apr2026,0.87920487
BEL,2011,2024,USD,OECD,Apr2026,0.94412858
BEL,2012,2024,USD,OECD,Apr2026,0.89202435
BEL,2013,2024,USD,OECD,Apr2026,0.93440923
BEL,2014,2024,USD,OECD,Apr2026,0.94163732
BEL,2015,2024,USD,OECD,Apr2026,0.79608843
BEL,2016,2024,USD,OECD,Apr2026,0.8086653
BEL,2017,2024,USD,OECD,Apr2026,0.84069225
BEL,2018,2024,USD,OECD,Apr2026,0.89529728
BEL,2019,2024,USD,OECD,Apr2026,0.86494072
BEL,2020,2024,USD,OECD,Apr2026,0.89456882
BEL,2021,2024,USD,OECD,Apr2026,0.95335519
BEL,2022,2024,USD,OECD,Apr2026,0.9045768
BEL,2023,2024,USD,OECD,Apr2026,0.98133423
BEL,2024,2024,USD,OECD,Apr2026,1
BEL,2025,2024,USD,OECD,Apr2026,1.06789956
BEL,2026,2024,USD,WEO,Apr2025,1.04400375176444
BEL,2027,2024,USD,WEO,Apr2025,1.05881453466096
BEL,2028,2024,USD,WEO,Apr2025,1.07622227530371
BEL,2029,2024,USD,WEO,Apr2025,1.09329329554952
BEL,2030,2024,USD,WEO,Apr2025,1.11099224274432
BEN,1980,2024,USD,WEO,Apr2025,0.603572801003195
BEN,1981,2024,USD,WEO,Apr2025,0.400511684413048
BEN,1982,2024,USD,WEO,Apr2025,0.390091845502211
BEN,1983,2024,USD,WEO,Apr2025,0.352362006081764
BEN,1984,2024,USD,WEO,Apr2025,0.374355384947425
BEN,1985,2024,USD,WEO,Apr2025,0.389388460896547
BEN,1986,2024,USD,WEO,Apr2025,0.488349094962439
BEN,1987,2024,USD,WEO,Apr2025,0.595197189693981
BEN,1988,2024,USD,WEO,Apr2025,0.604361988761486
BEN,1989,2024,USD,WEO,Apr2025,0.577720185936163
BEN,1990,2024,USD,WEO,Apr2025,0.646451840344636
BEN,1991,2024,USD,WEO,Apr2025,0.633975907019878
BEN,1992,2024,USD,WEO,Apr2025,0.684550218699218
BEN,1993,2024,USD,WEO,Apr2025,0.630061564932534
BEN,1994,2024,USD,WEO,Apr2025,0.4299358353889
BEN,1995,2024,USD,WEO,Apr2025,0.54487884749852
BEN,1996,2024,USD,WEO,Apr2025,0.567317226262916
BEN,1997,2024,USD,WEO,Apr2025,0.515586167104717
BEN,1998,2024,USD,WEO,Apr2025,0.53372493441506
BEN,1999,2024,USD,WEO,Apr2025,0.559963672954715
BEN,2000,2024,USD,WEO,Apr2025,0.50612722991081
BEN,2001,2024,USD,WEO,Apr2025,0.500147795211693
BEN,2002,2024,USD,WEO,Apr2025,0.546403379713874
BEN,2003,2024,USD,WEO,Apr2025,0.674034007901676
BEN,2004,2024,USD,WEO,Apr2025,0.746698447784764
BEN,2005,2024,USD,WEO,Apr2025,0.779686717521849
BEN,2006,2024,USD,WEO,Apr2025,0.802955740178753
BEN,2007,2024,USD,WEO,Apr2025,0.879959730152235
BEN,2008,2024,USD,WEO,Apr2025,1.00491021728384
BEN,2009,2024,USD,WEO,Apr2025,0.976213813151225
BEN,2010,2024,USD,WEO,Apr2025,0.937823307034978
BEN,2011,2024,USD,WEO,Apr2025,1.02039664388507
BEN,2012,2024,USD,WEO,Apr2025,1.0151747037734
BEN,2013,2024,USD,WEO,Apr2025,1.06345826796326
BEN,2014,2024,USD,WEO,Apr2025,1.06138992827225
BEN,2015,2024,USD,WEO,Apr2025,0.893813733324546
BEN,2016,2024,USD,WEO,Apr2025,0.897505169504626
BEN,2017,2024,USD,WEO,Apr2025,0.91250271543398
BEN,2018,2024,USD,WEO,Apr2025,0.960304550872346
BEN,2019,2024,USD,WEO,Apr2025,0.907115177998744
BEN,2020,2024,USD,WEO,Apr2025,0.951302869770997
BEN,2021,2024,USD,WEO,Apr2025,1.00247892916518
BEN,2022,2024,USD,WEO,Apr2025,0.929623086381957
BEN,2023,2024,USD,WEO,Apr2025,0.986367157983905
BEN,2024,2024,USD,WEO,Apr2025,1
BEN,2025,2024,USD,WEO,Apr2025,0.982479973589899
BEN,2026,2024,USD,WEO,Apr2025,1.00143262974506
BEN,2027,2024,USD,WEO,Apr2025,1.02077833069186
BEN,2028,2024,USD,WEO,Apr2025,1.04075416208049
BEN,2029,2024,USD,WEO,Apr2025,1.06210480771086
BEN,2030,2024,USD,WEO,Apr2025,1.08349701437288
BFA,1980,2024,USD,WEO,Apr2025,0.787283785752706
BFA,1981,2024,USD,WEO,Apr2025,0.667241003249963
BFA,1982,2024,USD,WEO,Apr2025,0.613018939227229
BFA,1983,2024,USD,WEO,Apr2025,0.566887691394204
BFA,1984,2024,USD,WEO,Apr2025,0.498596126220121
BFA,1985,2024,USD,WEO,Apr2025,0.495354194729187
BFA,1986,2024,USD,WEO,Apr2025,0.601816826508435
BFA,1987,2024,USD,WEO,Apr2025,0.70202439444643
BFA,1988,2024,USD,WEO,Apr2025,0.732535052046215
BFA,1989,2024,USD,WEO,Apr2025,0.717117035777009
BFA,1990,2024,USD,WEO,Apr2025,0.855363217766082
BFA,1991,2024,USD,WEO,Apr2025,0.792777086658431
BFA,1992,2024,USD,WEO,Apr2025,0.846788611048898
BFA,1993,2024,USD,WEO,Apr2025,0.780302911252155
BFA,1994,2024,USD,WEO,Apr2025,0.463089451223953
BFA,1995,2024,USD,WEO,Apr2025,0.541692744514362
BFA,1996,2024,USD,WEO,Apr2025,0.530431085375042
BFA,1997,2024,USD,WEO,Apr2025,0.47215951306711
BFA,1998,2024,USD,WEO,Apr2025,0.504254515437451
BFA,1999,2024,USD,WEO,Apr2025,0.504499297364834
BFA,2000,2024,USD,WEO,Apr2025,0.432745473690859
BFA,2001,2024,USD,WEO,Apr2025,0.437295134768758
BFA,2002,2024,USD,WEO,Apr2025,0.475540591969771
BFA,2003,2024,USD,WEO,Apr2025,0.577604472004874
BFA,2004,2024,USD,WEO,Apr2025,0.635541863204229
BFA,2005,2024,USD,WEO,Apr2025,0.660122865874387
BFA,2006,2024,USD,WEO,Apr2025,0.661480628609394
BFA,2007,2024,USD,WEO,Apr2025,0.740057711066159
BFA,2008,2024,USD,WEO,Apr2025,0.866678419292817
BFA,2009,2024,USD,WEO,Apr2025,0.840855169161828
BFA,2010,2024,USD,WEO,Apr2025,0.831056099464189
BFA,2011,2024,USD,WEO,Apr2025,0.930421620372924
BFA,2012,2024,USD,WEO,Apr2025,0.9095521181642
BFA,2013,2024,USD,WEO,Apr2025,0.919598881642787
BFA,2014,2024,USD,WEO,Apr2025,0.914437467960968
BFA,2015,2024,USD,WEO,Apr2025,0.74656007180384
BFA,2016,2024,USD,WEO,Apr2025,0.763886697667917
BFA,2017,2024,USD,WEO,Apr2025,0.790193812235895
BFA,2018,2024,USD,WEO,Apr2025,0.837058312077897
BFA,2019,2024,USD,WEO,Apr2025,0.799246898878354
BFA,2020,2024,USD,WEO,Apr2025,0.868451847423213
BFA,2021,2024,USD,WEO,Apr2025,0.899026916046821
BFA,2022,2024,USD,WEO,Apr2025,0.878634916104275
BFA,2023,2024,USD,WEO,Apr2025,0.922775995828989
BFA,2024,2024,USD,WEO,Apr2025,1
BFA,2025,2024,USD,WEO,Apr2025,1.08162060995771
BFA,2026,2024,USD,WEO,Apr2025,1.13298046553574
BFA,2027,2024,USD,WEO,Apr2025,1.15103380476911
BFA,2028,2024,USD,WEO,Apr2025,1.17762414125147
BFA,2029,2024,USD,WEO,Apr2025,1.20754689244561
BFA,2030,2024,USD,WEO,Apr2025,1.23514008366409
BGD,1980,2024,USD,WEO,Apr2025,0.501805160564835
BGD,1981,2024,USD,WEO,Apr2025,0.51425527991597
BGD,1982,2024,USD,WEO,Apr2025,0.470356924214724
BGD,1983,2024,USD,WEO,Apr2025,0.438014021630315
BGD,1984,2024,USD,WEO,Apr2025,0.467186548285892
BGD,1985,2024,USD,WEO,Apr2025,0.486387682015433
BGD,1986,2024,USD,WEO,Apr2025,0.47983874187659
BGD,1987,2024,USD,WEO,Apr2025,0.506431054653525
BGD,1988,2024,USD,WEO,Apr2025,0.533386458908279
BGD,1989,2024,USD,WEO,Apr2025,0.566796425630788
BGD,1990,2024,USD,WEO,Apr2025,0.577143370409796
BGD,1991,2024,USD,WEO,Apr2025,0.577806192226542
BGD,1992,2024,USD,WEO,Apr2025,0.560491253842298
BGD,1993,2024,USD,WEO,Apr2025,0.540828872232266
BGD,1994,2024,USD,WEO,Apr2025,0.552360775460475
BGD,1995,2024,USD,WEO,Apr2025,0.587695131887533
BGD,1996,2024,USD,WEO,Apr2025,0.600772044277977
BGD,1997,2024,USD,WEO,Apr2025,0.597293160820993
BGD,1998,2024,USD,WEO,Apr2025,0.590372824454811
BGD,1999,2024,USD,WEO,Apr2025,0.579546485230466
BGD,2000,2024,USD,WEO,Apr2025,0.551853428834711
BGD,2001,2024,USD,WEO,Apr2025,0.532426268235041
BGD,2002,2024,USD,WEO,Apr2025,0.533262262276646
BGD,2003,2024,USD,WEO,Apr2025,0.561728718172792
BGD,2004,2024,USD,WEO,Apr2025,0.57390605671585
BGD,2005,2024,USD,WEO,Apr2025,0.555300692558363
BGD,2006,2024,USD,WEO,Apr2025,0.56310141843213
BGD,2007,2024,USD,WEO,Apr2025,0.583114189669563
BGD,2008,2024,USD,WEO,Apr2025,0.633029972024755
BGD,2009,2024,USD,WEO,Apr2025,0.673972048700513
BGD,2010,2024,USD,WEO,Apr2025,0.718143222660782
BGD,2011,2024,USD,WEO,Apr2025,0.752709957752562
BGD,2012,2024,USD,WEO,Apr2025,0.732548512749155
BGD,2013,2024,USD,WEO,Apr2025,0.777186221000294
BGD,2014,2024,USD,WEO,Apr2025,0.844624348563719
BGD,2015,2024,USD,WEO,Apr2025,0.894433744419338
BGD,2016,2024,USD,WEO,Apr2025,0.947763227412855
BGD,2017,2024,USD,WEO,Apr2025,0.984773129358368
BGD,2018,2024,USD,WEO,Apr2025,1.00390311135218
BGD,2019,2024,USD,WEO,Apr2025,1.01701371943868
BGD,2020,2024,USD,WEO,Apr2025,1.04655246633914
BGD,2021,2024,USD,WEO,Apr2025,1.08952448628823
BGD,2022,2024,USD,WEO,Apr2025,1.12467019464877
BGD,2023,2024,USD,WEO,Apr2025,1.04324197248479
BGD,2024,2024,USD,WEO,Apr2025,1
BGD,2025,2024,USD,WEO,Apr2025,0.998207036270807
BGD,2026,2024,USD,WEO,Apr2025,1.02907949037334
BGD,2027,2024,USD,WEO,Apr2025,1.05629881586828
BGD,2028,2024,USD,WEO,Apr2025,1.08412388287879
BGD,2029,2024,USD,WEO,Apr2025,1.11776984841267
BGD,2030,2024,USD,WEO,Apr2025,1.15452926547608
BGR,1960,2024,USD,OECD,Apr2026,0
BGR,1961,2024,USD,OECD,Apr2026,0
BGR,1962,2024,USD,OECD,Apr2026,0
BGR,1963,2024,USD,OECD,Apr2026,0
BGR,1964,2024,USD,OECD,Apr2026,0
BGR,1965,2024,USD,OECD,Apr2026,0
BGR,1966,2024,USD,OECD,Apr2026,0
BGR,1967,2024,USD,OECD,Apr2026,0
BGR,1968,2024,USD,OECD,Apr2026,0
BGR,1969,2024,USD,OECD,Apr2026,0
BGR,1970,2024,USD,OECD,Apr2026,0
BGR,1971,2024,USD,OECD,Apr2026,0
BGR,1972,2024,USD,OECD,Apr2026,0
BGR,1973,2024,USD,OECD,Apr2026,0
BGR,1974,2024,USD,OECD,Apr2026,0
BGR,1975,2024,USD,OECD,Apr2026,0
BGR,1976,2024,USD,OECD,Apr2026,0
BGR,1977,2024,USD,OECD,Apr2026,0
BGR,1978,2024,USD,OECD,Apr2026,0
BGR,1979,2024,USD,OECD,Apr2026,0
BGR,1980,2024,USD,OECD,Apr2026,0
BGR,1981,2024,USD,OECD,Apr2026,0
BGR,1982,2024,USD,OECD,Apr2026,0
BGR,1983,2024,USD,OECD,Apr2026,0
BGR,1984,2024,USD,OECD,Apr2026,0
BGR,1985,2024,USD,OECD,Apr2026,0
BGR,1986,2024,USD,OECD,Apr2026,0
BGR,1987,2024,USD,OECD,Apr2026,0
BGR,1988,2024,USD,OECD,Apr2026,0
BGR,1989,2024,USD,OECD,Apr2026,0
BGR,1990,2024,USD,OECD,Apr2026,0
BGR,1991,2024,USD,OECD,Apr2026,0
BGR,1992,2024,USD,OECD,Apr2026,0
BGR,1993,2024,USD,OECD,Apr2026,0
BGR,1994,2024,USD,OECD,Apr2026,0
BGR,1995,2024,USD,OECD,Apr2026,0
BGR,1996,2024,USD,OECD,Apr2026,0
BGR,1997,2024,USD,OECD,Apr2026,0
BGR,1998,2024,USD,OECD,Apr2026,0
BGR,1999,2024,USD,OECD,Apr2026,0
BGR,2000,2024,USD,OECD,Apr2026,0
BGR,2001,2024,USD,OECD,Apr2026,0
BGR,2002,2024,USD,OECD,Apr2026,0
BGR,2003,2024,USD,OECD,Apr2026,0
BGR,2004,2024,USD,OECD,Apr2026,0
BGR,2005,2024,USD,OECD,Apr2026,0
BGR,2006,2024,USD,OECD,Apr2026,0
BGR,2007,2024,USD,OECD,Apr2026,0
BGR,2008,2024,USD,OECD,Apr2026,0
BGR,2009,2024,USD,OECD,Apr2026,0
BGR,2010,2024,USD,OECD,Apr2026,0.61400708
BGR,2011,2024,USD,OECD,Apr2026,0.68396445
BGR,2012,2024,USD,OECD,Apr2026,0.63871587
BGR,2013,2024,USD,OECD,Apr2026,0.66042346
BGR,2014,2024,USD,OECD,Apr2026,0.6692783
BGR,2015,2024,USD,OECD,Apr2026,0.57612675
BGR,2016,2024,USD,OECD,Apr2026,0.59335604
BGR,2017,2024,USD,OECD,Apr2026,0.63363098
BGR,2018,2024,USD,OECD,Apr2026,0.69190529
BGR,2019,2024,USD,OECD,Apr2026,0.69082012
BGR,2020,2024,USD,OECD,Apr2026,0.73389138
BGR,2021,2024,USD,OECD,Apr2026,0.81473312
BGR,2022,2024,USD,OECD,Apr2026,0.83967036
BGR,2023,2024,USD,OECD,Apr2026,0.93248951
BGR,2024,2024,USD,OECD,Apr2026,1
BGR,2025,2024,USD,OECD,Apr2026,1.09296432
BGR,2026,2024,USD,WEO,Apr2025,1.04256673217216
BGR,2027,2024,USD,WEO,Apr2025,1.06867981261739
BGR,2028,2024,USD,WEO,Apr2025,1.09431017184338
BGR,2029,2024,USD,WEO,Apr2025,1.12185232299803
BGR,2030,2024,USD,WEO,Apr2025,1.15005994134498
BHR,1980,2024,USD,WEO,Apr2025,0.418655332603941
BHR,1981,2024,USD,WEO,Apr2025,0.459879284771758
BHR,1982,2024,USD,WEO,Apr2025,0.454375092237097
BHR,1983,2024,USD,WEO,Apr2025,0.435087246578935
BHR,1984,2024,USD,WEO,Apr2025,0.43347051800701
BHR,1985,2024,USD,WEO,Apr2025,0.412825635574213
BHR,1986,2024,USD,WEO,Apr2025,0.321484701969375
BHR,1987,2024,USD,WEO,Apr2025,0.352505953248478
BHR,1988,2024,USD,WEO,Apr2025,0.411214415746435
BHR,1989,2024,USD,WEO,Apr2025,0.424604545324947
BHR,1990,2024,USD,WEO,Apr2025,0.435742135350791
BHR,1991,2024,USD,WEO,Apr2025,0.446908818005176
BHR,1992,2024,USD,WEO,Apr2025,0.435862144346481
BHR,1993,2024,USD,WEO,Apr2025,0.445617393838973
BHR,1994,2024,USD,WEO,Apr2025,0.462326959677628
BHR,1995,2024,USD,WEO,Apr2025,0.480210889458678
BHR,1996,2024,USD,WEO,Apr2025,0.483633366301559
BHR,1997,2024,USD,WEO,Apr2025,0.490008658345993
BHR,1998,2024,USD,WEO,Apr2025,0.446763886106881
BHR,1999,2024,USD,WEO,Apr2025,0.456964633926039
BHR,2000,2024,USD,WEO,Apr2025,0.510344888966607
BHR,2001,2024,USD,WEO,Apr2025,0.504845312103934
BHR,2002,2024,USD,WEO,Apr2025,0.510006020752659
BHR,2003,2024,USD,WEO,Apr2025,0.553919312254275
BHR,2004,2024,USD,WEO,Apr2025,0.61477199706778
BHR,2005,2024,USD,WEO,Apr2025,0.699196273677291
BHR,2006,2024,USD,WEO,Apr2025,0.761031879688455
BHR,2007,2024,USD,WEO,Apr2025,0.825219417503288
BHR,2008,2024,USD,WEO,Apr2025,0.919032526213993
BHR,2009,2024,USD,WEO,Apr2025,0.799620631630114
BHR,2010,2024,USD,WEO,Apr2025,0.859099755151582
BHR,2011,2024,USD,WEO,Apr2025,0.940604574357737
BHR,2012,2024,USD,WEO,Apr2025,0.968179112425858
BHR,2013,2024,USD,WEO,Apr2025,0.973017833191148
BHR,2014,2024,USD,WEO,Apr2025,0.959023066594
BHR,2015,2024,USD,WEO,Apr2025,0.875023529452176
BHR,2016,2024,USD,WEO,Apr2025,0.878165788574456
BHR,2017,2024,USD,WEO,Apr2025,0.918694968394626
BHR,2018,2024,USD,WEO,Apr2025,0.957388820666891
BHR,2019,2024,USD,WEO,Apr2025,0.958969494112244
BHR,2020,2024,USD,WEO,Apr2025,0.903074104906625
BHR,2021,2024,USD,WEO,Apr2025,0.986217953221659
BHR,2022,2024,USD,WEO,Apr2025,1.05658626165397
BHR,2023,2024,USD,WEO,Apr2025,1.01131776665318
BHR,2024,2024,USD,WEO,Apr2025,1
BHR,2025,2024,USD,WEO,Apr2025,0.991575869821899
BHR,2026,2024,USD,WEO,Apr2025,0.998963216495621
BHR,2027,2024,USD,WEO,Apr2025,1.01674564105228
BHR,2028,2024,USD,WEO,Apr2025,1.03697890672452
BHR,2029,2024,USD,WEO,Apr2025,1.05683945301637
BHR,2030,2024,USD,WEO,Apr2025,1.07691207725597
BHS,1980,2024,USD,WEO,Apr2025,0.356630743915294
BHS,1981,2024,USD,WEO,Apr2025,0.380570795811391
BHS,1982,2024,USD,WEO,Apr2025,0.403100256676458
BHS,1983,2024,USD,WEO,Apr2025,0.420022182074151
BHS,1984,2024,USD,WEO,Apr2025,0.438147351790983
BHS,1985,2024,USD,WEO,Apr2025,0.458272194741127
BHS,1986,2024,USD,WEO,Apr2025,0.482865426988316
BHS,1987,2024,USD,WEO,Apr2025,0.512628746428923
BHS,1988,2024,USD,WEO,Apr2025,0.521295244980544
BHS,1989,2024,USD,WEO,Apr2025,0.574439563727072
BHS,1990,2024,USD,WEO,Apr2025,0.541973506051956
BHS,1991,2024,USD,WEO,Apr2025,0.555872125975291
BHS,1992,2024,USD,WEO,Apr2025,0.577647729920423
BHS,1993,2024,USD,WEO,Apr2025,0.572727799237742
BHS,1994,2024,USD,WEO,Apr2025,0.585200396870633
BHS,1995,2024,USD,WEO,Apr2025,0.589976158378601
BHS,1996,2024,USD,WEO,Apr2025,0.595805770371769
BHS,1997,2024,USD,WEO,Apr2025,0.604175006368869
BHS,1998,2024,USD,WEO,Apr2025,0.622615926060058
BHS,1999,2024,USD,WEO,Apr2025,0.653473988309624
BHS,2000,2024,USD,WEO,Apr2025,0.659450428477858
BHS,2001,2024,USD,WEO,Apr2025,0.661831385585551
BHS,2002,2024,USD,WEO,Apr2025,0.688016297337506
BHS,2003,2024,USD,WEO,Apr2025,0.695968117549936
BHS,2004,2024,USD,WEO,Apr2025,0.704265138647018
BHS,2005,2024,USD,WEO,Apr2025,0.739889252824325
BHS,2006,2024,USD,WEO,Apr2025,0.746010832663624
BHS,2007,2024,USD,WEO,Apr2025,0.767990455498759
BHS,2008,2024,USD,WEO,Apr2025,0.779450609850448
BHS,2009,2024,USD,WEO,Apr2025,0.771372182454366
BHS,2010,2024,USD,WEO,Apr2025,0.76835667323325
BHS,2011,2024,USD,WEO,Apr2025,0.761708667573286
BHS,2012,2024,USD,WEO,Apr2025,0.786593423709745
BHS,2013,2024,USD,WEO,Apr2025,0.785302735304924
BHS,2014,2024,USD,WEO,Apr2025,0.813930933559828
BHS,2015,2024,USD,WEO,Apr2025,0.857155080244198
BHS,2016,2024,USD,WEO,Apr2025,0.870893971343262
BHS,2017,2024,USD,WEO,Apr2025,0.882661346688424
BHS,2018,2024,USD,WEO,Apr2025,0.886679157303329
BHS,2019,2024,USD,WEO,Apr2025,0.9273765022635
BHS,2020,2024,USD,WEO,Apr2025,0.902932376450423
BHS,2021,2024,USD,WEO,Apr2025,0.893281359612582
BHS,2022,2024,USD,WEO,Apr2025,0.931665349285279
BHS,2023,2024,USD,WEO,Apr2025,0.990770273016733
BHS,2024,2024,USD,WEO,Apr2025,1
BHS,2025,2024,USD,WEO,Apr2025,1.01006887873836
BHS,2026,2024,USD,WEO,Apr2025,1.02315433959188
BHS,2027,2024,USD,WEO,Apr2025,1.04033922621955
BHS,2028,2024,USD,WEO,Apr2025,1.05934234895217
BHS,2029,2024,USD,WEO,Apr2025,1.07974089135302
BHS,2030,2024,USD,WEO,Apr2025,1.1011520094207
BIH,1980,2024,USD,WEO_est,Apr2025,0.269801442518035
BIH,1981,2024,USD,WEO_est,Apr2025,0.277349622517712
BIH,1982,2024,USD,WEO_est,Apr2025,0.285108976411701
BIH,1983,2024,USD,WEO_est,Apr2025,0.293085412169028
BIH,1984,2024,USD,WEO_est,Apr2025,0.301285003044765
BIH,1985,2024,USD,WEO_est,Apr2025,0.309713992204202
BIH,1986,2024,USD,WEO_est,Apr2025,0.318378797476397
BIH,1987,2024,USD,WEO_est,Apr2025,0.3272860162407
BIH,1988,2024,USD,WEO_est,Apr2025,0.336442430450001
BIH,1989,2024,USD,WEO_est,Apr2025,0.345855011794504
BIH,1990,2024,USD,WEO_est,Apr2025,0.355530927009972
BIH,1991,2024,USD,WEO_est,Apr2025,0.365477543334471
BIH,1992,2024,USD,WEO_est,Apr2025,0.375702434117789
BIH,1993,2024,USD,WEO_est,Apr2025,0.386213384587775
BIH,1994,2024,USD,WEO_est,Apr2025,0.397018397778015
BIH,1995,2024,USD,WEO_est,Apr2025,0.408125700621333
BIH,1996,2024,USD,WEO,Apr2025,0.419543750213778
BIH,1997,2024,USD,WEO,Apr2025,0.436213675846036
BIH,1998,2024,USD,WEO,Apr2025,0.442123876649286
BIH,1999,2024,USD,WEO,Apr2025,0.435871732816145
BIH,2000,2024,USD,WEO,Apr2025,0.40300284669585
BIH,2001,2024,USD,WEO,Apr2025,0.390432317912262
BIH,2002,2024,USD,WEO,Apr2025,0.431149528954939
BIH,2003,2024,USD,WEO,Apr2025,0.524363162846477
BIH,2004,2024,USD,WEO,Apr2025,0.589378658872293
BIH,2005,2024,USD,WEO,Apr2025,0.626808545996839
BIH,2006,2024,USD,WEO,Apr2025,0.681612338624771
BIH,2007,2024,USD,WEO,Apr2025,0.789731283520255
BIH,2008,2024,USD,WEO,Apr2025,0.907225169897179
BIH,2009,2024,USD,WEO,Apr2025,0.861966521044055
BIH,2010,2024,USD,WEO,Apr2025,0.833315843456544
BIH,2011,2024,USD,WEO,Apr2025,0.895936768169252
BIH,2012,2024,USD,WEO,Apr2025,0.834704150830171
BIH,2013,2024,USD,WEO,Apr2025,0.860607372303868
BIH,2014,2024,USD,WEO,Apr2025,0.868573516375821
BIH,2015,2024,USD,WEO,Apr2025,0.736180129497749
BIH,2016,2024,USD,WEO,Apr2025,0.744055912428373
BIH,2017,2024,USD,WEO,Apr2025,0.771579679515179
BIH,2018,2024,USD,WEO,Apr2025,0.830633026870354
BIH,2019,2024,USD,WEO,Apr2025,0.807293972490986
BIH,2020,2024,USD,WEO,Apr2025,0.821946551466856
BIH,2021,2024,USD,WEO,Apr2025,0.895808012010968
BIH,2022,2024,USD,WEO,Apr2025,0.890773870376802
BIH,2023,2024,USD,WEO,Apr2025,0.98217746136482
BIH,2024,2024,USD,WEO,Apr2025,1
BIH,2025,2024,USD,WEO,Apr2025,0.973168034063415
BIH,2026,2024,USD,WEO,Apr2025,0.990970674306576
BIH,2027,2024,USD,WEO,Apr2025,1.01038159175704
BIH,2028,2024,USD,WEO,Apr2025,1.03035618155856
BIH,2029,2024,USD,WEO,Apr2025,1.05110147105088
BIH,2030,2024,USD,WEO,Apr2025,1.07203720246789
BLR,1980,2024,USD,WEO_est,Apr2025,0.310210652773769
BLR,1981,2024,USD,WEO_est,Apr2025,0.318349585421777
BLR,1982,2024,USD,WEO_est,Apr2025,0.326702057559987
BLR,1983,2024,USD,WEO_est,Apr2025,0.335273671779778
BLR,1984,2024,USD,WEO_est,Apr2025,0.344070177666557
BLR,1985,2024,USD,WEO_est,Apr2025,0.353097475656412
BLR,1986,2024,USD,WEO_est,Apr2025,0.362361620993951
BLR,1987,2024,USD,WEO_est,Apr2025,0.371868827793981
BLR,1988,2024,USD,WEO_est,Apr2025,0.381625473209753
BLR,1989,2024,USD,WEO_est,Apr2025,0.391638101710566
BLR,1990,2024,USD,WEO_est,Apr2025,0.401913429471603
BLR,1991,2024,USD,WEO_est,Apr2025,0.412458348878948
BLR,1992,2024,USD,WEO,Apr2025,0.423279933152788
BLR,1993,2024,USD,WEO,Apr2025,0.408277316474483
BLR,1994,2024,USD,WEO,Apr2025,0.635806453949307
BLR,1995,2024,USD,WEO,Apr2025,0.480082603276605
BLR,1996,2024,USD,WEO,Apr2025,0.64283818197819
BLR,1997,2024,USD,WEO,Apr2025,0.560838090532729
BLR,1998,2024,USD,WEO,Apr2025,0.558431779184593
BLR,1999,2024,USD,WEO,Apr2025,0.430862876655373
BLR,2000,2024,USD,WEO,Apr2025,0.362134237360819
BLR,2001,2024,USD,WEO,Apr2025,0.409657097579057
BLR,2002,2024,USD,WEO,Apr2025,0.460548389122653
BLR,2003,2024,USD,WEO,Apr2025,0.525072477521604
BLR,2004,2024,USD,WEO,Apr2025,0.612006389086751
BLR,2005,2024,USD,WEO,Apr2025,0.729940175625993
BLR,2006,2024,USD,WEO,Apr2025,0.811844458999657
BLR,2007,2024,USD,WEO,Apr2025,0.915513478082358
BLR,2008,2024,USD,WEO,Apr2025,1.11429603224596
BLR,2009,2024,USD,WEO,Apr2025,0.900837425893191
BLR,2010,2024,USD,WEO,Apr2025,0.939854447674579
BLR,2011,2024,USD,WEO,Apr2025,0.957925326207941
BLR,2012,2024,USD,WEO,Apr2025,1.0088893959363
BLR,2013,2024,USD,WEO,Apr2025,1.14918811579667
BLR,2014,2024,USD,WEO,Apr2025,1.16872769919007
BLR,2015,2024,USD,WEO,Apr2025,0.869425581879004
BLR,2016,2024,USD,WEO,Apr2025,0.755365729478141
BLR,2017,2024,USD,WEO,Apr2025,0.845127150710096
BLR,2018,2024,USD,WEO,Apr2025,0.898499827077346
BLR,2019,2024,USD,WEO,Apr2025,0.950675880306949
BLR,2020,2024,USD,WEO,Apr2025,0.911025159852707
BLR,2021,2024,USD,WEO,Apr2025,0.990952506872545
BLR,2022,2024,USD,WEO,Apr2025,1.1217921493116
BLR,2023,2024,USD,WEO,Apr2025,1.04894183759483
BLR,2024,2024,USD,WEO,Apr2025,1
BLR,2025,2024,USD,WEO,Apr2025,0.97836920448282
BLR,2026,2024,USD,WEO,Apr2025,1.00129628683988
BLR,2027,2024,USD,WEO,Apr2025,1.0283209074384
BLR,2028,2024,USD,WEO,Apr2025,1.06309891905078
BLR,2029,2024,USD,WEO,Apr2025,1.09810549366085
BLR,2030,2024,USD,WEO,Apr2025,1.13249360681102
BLZ,1980,2024,USD,WEO,Apr2025,0.492915549071307
BLZ,1981,2024,USD,WEO,Apr2025,0.51119382111352
BLZ,1982,2024,USD,WEO,Apr2025,0.552946836757044
BLZ,1983,2024,USD,WEO,Apr2025,0.549747176774549
BLZ,1984,2024,USD,WEO,Apr2025,0.550842330018387
BLZ,1985,2024,USD,WEO,Apr2025,0.554780071156538
BLZ,1986,2024,USD,WEO,Apr2025,0.563663822256156
BLZ,1987,2024,USD,WEO,Apr2025,0.53979846303822
BLZ,1988,2024,USD,WEO,Apr2025,0.574944430973382
BLZ,1989,2024,USD,WEO,Apr2025,0.574132878664478
BLZ,1990,2024,USD,WEO,Apr2025,0.585885528141248
BLZ,1991,2024,USD,WEO,Apr2025,0.572047095647712
BLZ,1992,2024,USD,WEO,Apr2025,0.591593418700733
BLZ,1993,2024,USD,WEO,Apr2025,0.60302896202587
BLZ,1994,2024,USD,WEO,Apr2025,0.61836850595082
BLZ,1995,2024,USD,WEO,Apr2025,0.651241691630557
BLZ,1996,2024,USD,WEO,Apr2025,0.669284743191588
BLZ,1997,2024,USD,WEO,Apr2025,0.658691467814277
BLZ,1998,2024,USD,WEO,Apr2025,0.674698526957112
BLZ,1999,2024,USD,WEO,Apr2025,0.663708672825302
BLZ,2000,2024,USD,WEO,Apr2025,0.67352474906274
BLZ,2001,2024,USD,WEO,Apr2025,0.660637717824516
BLZ,2002,2024,USD,WEO,Apr2025,0.665283044660671
BLZ,2003,2024,USD,WEO,Apr2025,0.63782389752931
BLZ,2004,2024,USD,WEO,Apr2025,0.651503475548003
BLZ,2005,2024,USD,WEO,Apr2025,0.67101888847968
BLZ,2006,2024,USD,WEO,Apr2025,0.692549629644804
BLZ,2007,2024,USD,WEO,Apr2025,0.71893753045165
BLZ,2008,2024,USD,WEO,Apr2025,0.744944950908147
BLZ,2009,2024,USD,WEO,Apr2025,0.725921636853936
BLZ,2010,2024,USD,WEO,Apr2025,0.742591967394934
BLZ,2011,2024,USD,WEO,Apr2025,0.778950539032855
BLZ,2012,2024,USD,WEO,Apr2025,0.784583900759358
BLZ,2013,2024,USD,WEO,Apr2025,0.799918547859368
BLZ,2014,2024,USD,WEO,Apr2025,0.808636454449015
BLZ,2015,2024,USD,WEO,Apr2025,0.806250834333243
BLZ,2016,2024,USD,WEO,Apr2025,0.823077571315012
BLZ,2017,2024,USD,WEO,Apr2025,0.84800548979781
BLZ,2018,2024,USD,WEO,Apr2025,0.848680859144044
BLZ,2019,2024,USD,WEO,Apr2025,0.847663790384094
BLZ,2020,2024,USD,WEO,Apr2025,0.84230553976015
BLZ,2021,2024,USD,WEO,Apr2025,0.847715096564839
BLZ,2022,2024,USD,WEO,Apr2025,0.909121810696528
BLZ,2023,2024,USD,WEO,Apr2025,0.968248409687774
BLZ,2024,2024,USD,WEO,Apr2025,1
BLZ,2025,2024,USD,WEO,Apr2025,1.02084062389097
BLZ,2026,2024,USD,WEO,Apr2025,1.03565839952735
BLZ,2027,2024,USD,WEO,Apr2025,1.04885160835524
BLZ,2028,2024,USD,WEO,Apr2025,1.06197007540699
BLZ,2029,2024,USD,WEO,Apr2025,1.07537410890708
BLZ,2030,2024,USD,WEO,Apr2025,1.08896721430178
BOL,1980,2024,USD,WEO,Apr2025,0.250780685871046
BOL,1981,2024,USD,WEO,Apr2025,0.239650388315799
BOL,1982,2024,USD,WEO,Apr2025,0.276528180690946
BOL,1983,2024,USD,WEO,Apr2025,0.272758495042479
BOL,1984,2024,USD,WEO,Apr2025,0.284137165411366
BOL,1985,2024,USD,WEO,Apr2025,0.312625735906484
BOL,1986,2024,USD,WEO,Apr2025,0.313849405488033
BOL,1987,2024,USD,WEO,Apr2025,0.333540804328131
BOL,1988,2024,USD,WEO,Apr2025,0.344726861088281
BOL,1989,2024,USD,WEO,Apr2025,0.340662588817345
BOL,1990,2024,USD,WEO,Apr2025,0.336062525208119
BOL,1991,2024,USD,WEO,Apr2025,0.349874019529686
BOL,1992,2024,USD,WEO,Apr2025,0.363564021132456
BOL,1993,2024,USD,WEO,Apr2025,0.354186003071415
BOL,1994,2024,USD,WEO,Apr2025,0.353172769667806
BOL,1995,2024,USD,WEO,Apr2025,0.378786840736957
BOL,1996,2024,USD,WEO,Apr2025,0.399649104668906
BOL,1997,2024,USD,WEO,Apr2025,0.408319097356765
BOL,1998,2024,USD,WEO,Apr2025,0.416800095126546
BOL,1999,2024,USD,WEO,Apr2025,0.404224489885364
BOL,2000,2024,USD,WEO,Apr2025,0.399866421816826
BOL,2001,2024,USD,WEO,Apr2025,0.382457527334642
BOL,2002,2024,USD,WEO,Apr2025,0.362289168034156
BOL,2003,2024,USD,WEO,Apr2025,0.360523535207633
BOL,2004,2024,USD,WEO,Apr2025,0.375720024058313
BOL,2005,2024,USD,WEO,Apr2025,0.392087310095818
BOL,2006,2024,USD,WEO,Apr2025,0.450234070679322
BOL,2007,2024,USD,WEO,Apr2025,0.493973577029273
BOL,2008,2024,USD,WEO,Apr2025,0.591281510429157
BOL,2009,2024,USD,WEO,Apr2025,0.594970866721109
BOL,2010,2024,USD,WEO,Apr2025,0.647361140992056
BOL,2011,2024,USD,WEO,Apr2025,0.750591552504621
BOL,2012,2024,USD,WEO,Apr2025,0.807121579317314
BOL,2013,2024,USD,WEO,Apr2025,0.855514252295756
BOL,2014,2024,USD,WEO,Apr2025,0.873047151248601
BOL,2015,2024,USD,WEO,Apr2025,0.832707611849521
BOL,2016,2024,USD,WEO,Apr2025,0.821429830289322
BOL,2017,2024,USD,WEO,Apr2025,0.871208565625396
BOL,2018,2024,USD,WEO,Apr2025,0.897826047479321
BOL,2019,2024,USD,WEO,Apr2025,0.891599358720353
BOL,2020,2024,USD,WEO,Apr2025,0.875079277848358
BOL,2021,2024,USD,WEO,Apr2025,0.909705909328583
BOL,2022,2024,USD,WEO,Apr2025,0.956310586669284
BOL,2023,2024,USD,WEO,Apr2025,0.951471613916205
BOL,2024,2024,USD,WEO,Apr2025,1
BOL,2025,2024,USD,WEO,Apr2025,1.1508134593949
BOL,2026,2024,USD,WEO,Apr2025,1.33311313242521
BOL,2027,2024,USD,WEO_est,Apr2025,1.38242102731606
BOL,2028,2024,USD,WEO_est,Apr2025,1.43355267477482
BOL,2029,2024,USD,WEO_est,Apr2025,1.4865755299917
BOL,2030,2024,USD,WEO_est,Apr2025,1.54155954312402
BRA,1980,2024,USD,WEO,Apr2025,0.172316698742914
BRA,1981,2024,USD,WEO,Apr2025,0.207150181723782
BRA,1982,2024,USD,WEO,Apr2025,0.22015585685971
BRA,1983,2024,USD,WEO,Apr2025,0.182729723111673
BRA,1984,2024,USD,WEO,Apr2025,0.172681457002076
BRA,1985,2024,USD,WEO,Apr2025,0.254051657123892
BRA,1986,2024,USD,WEO,Apr2025,0.274035546859031
BRA,1987,2024,USD,WEO,Apr2025,0.287904475982978
BRA,1988,2024,USD,WEO,Apr2025,0.32078356314789
BRA,1989,2024,USD,WEO,Apr2025,0.42671077370667
BRA,1990,2024,USD,WEO,Apr2025,0.46138177375657
BRA,1991,2024,USD,WEO,Apr2025,0.40042260387412
BRA,1992,2024,USD,WEO,Apr2025,0.385389033612222
BRA,1993,2024,USD,WEO,Apr2025,0.413189902260139
BRA,1994,2024,USD,WEO,Apr2025,0.499732404772366
BRA,1995,2024,USD,WEO,Apr2025,0.674748455487463
BRA,1996,2024,USD,WEO,Apr2025,0.728922425665581
BRA,1997,2024,USD,WEO,Apr2025,0.73208612231485
BRA,1998,2024,USD,WEO,Apr2025,0.713477532832209
BRA,1999,2024,USD,WEO,Apr2025,0.492693188990899
BRA,2000,2024,USD,WEO,Apr2025,0.515912625187958
BRA,2001,2024,USD,WEO,Apr2025,0.434723264111997
BRA,2002,2024,USD,WEO,Apr2025,0.384039860142207
BRA,2003,2024,USD,WEO,Apr2025,0.415781977575069
BRA,2004,2024,USD,WEO,Apr2025,0.471350341720234
BRA,2005,2024,USD,WEO,Apr2025,0.60845366303363
BRA,2006,2024,USD,WEO,Apr2025,0.72704396931173
BRA,2007,2024,USD,WEO,Apr2025,0.864581674934472
BRA,2008,2024,USD,WEO,Apr2025,0.998584856712111
BRA,2009,2024,USD,WEO,Apr2025,0.984131725586636
BRA,2010,2024,USD,WEO,Apr2025,1.2110435620409
BRA,2011,2024,USD,WEO,Apr2025,1.3785025205519
BRA,2012,2024,USD,WEO,Apr2025,1.27492273093235
BRA,2013,2024,USD,WEO,Apr2025,1.24157921407924
BRA,2014,2024,USD,WEO,Apr2025,1.22752474102881
BRA,2015,2024,USD,WEO,Apr2025,0.932729101205177
BRA,2016,2024,USD,WEO,Apr2025,0.962485927507694
BRA,2017,2024,USD,WEO,Apr2025,1.0910335534783
BRA,2018,2024,USD,WEO,Apr2025,0.995765972046846
BRA,2019,2024,USD,WEO,Apr2025,0.961354546861288
BRA,2020,2024,USD,WEO,Apr2025,0.78318284395007
BRA,2021,2024,USD,WEO,Apr2025,0.846110895512005
BRA,2022,2024,USD,WEO,Apr2025,0.959575454928432
BRA,2023,2024,USD,WEO,Apr2025,1.04338848024052
BRA,2024,2024,USD,WEO,Apr2025,1
BRA,2025,2024,USD,WEO,Apr2025,0.959808739318235
BRA,2026,2024,USD,WEO,Apr2025,0.968151638773026
BRA,2027,2024,USD,WEO,Apr2025,0.99518972709623
BRA,2028,2024,USD,WEO,Apr2025,1.02220735947647
BRA,2029,2024,USD,WEO,Apr2025,1.05116039038135
BRA,2030,2024,USD,WEO,Apr2025,1.08077575918449
BRB,1980,2024,USD,WEO,Apr2025,0.206444316899143
BRB,1981,2024,USD,WEO,Apr2025,0.231727966576413
BRB,1982,2024,USD,WEO,Apr2025,0.254436358812832
BRB,1983,2024,USD,WEO,Apr2025,0.268928006672385
BRB,1984,2024,USD,WEO,Apr2025,0.28290492979909
BRB,1985,2024,USD,WEO,Apr2025,0.29286536096251
BRB,1986,2024,USD,WEO,Apr2025,0.305946830561177
BRB,1987,2024,USD,WEO,Apr2025,0.328329409124751
BRB,1988,2024,USD,WEO,Apr2025,0.337356434660622
BRB,1989,2024,USD,WEO,Apr2025,0.360330867044322
BRB,1990,2024,USD,WEO,Apr2025,0.373883423520404
BRB,1991,2024,USD,WEO,Apr2025,0.390550131722936
BRB,1992,2024,USD,WEO,Apr2025,0.398913254057631
BRB,1993,2024,USD,WEO,Apr2025,0.419511752465192
BRB,1994,2024,USD,WEO,Apr2025,0.428808049102217
BRB,1995,2024,USD,WEO,Apr2025,0.443141797032915
BRB,1996,2024,USD,WEO,Apr2025,0.45655307913114
BRB,1997,2024,USD,WEO,Apr2025,0.462235964409362
BRB,1998,2024,USD,WEO,Apr2025,0.510728287072639
BRB,1999,2024,USD,WEO,Apr2025,0.534547138025546
BRB,2000,2024,USD,WEO,Apr2025,0.528020016676286
BRB,2001,2024,USD,WEO,Apr2025,0.539841507149285
BRB,2002,2024,USD,WEO,Apr2025,0.545001449319366
BRB,2003,2024,USD,WEO,Apr2025,0.551656138043921
BRB,2004,2024,USD,WEO,Apr2025,0.587003052228154
BRB,2005,2024,USD,WEO,Apr2025,0.633651390721559
BRB,2006,2024,USD,WEO,Apr2025,0.669258599936999
BRB,2007,2024,USD,WEO,Apr2025,0.734009267107282
BRB,2008,2024,USD,WEO,Apr2025,0.746578605625745
BRB,2009,2024,USD,WEO,Apr2025,0.735528582815793
BRB,2010,2024,USD,WEO,Apr2025,0.763353035708067
BRB,2011,2024,USD,WEO,Apr2025,0.792928065087933
BRB,2012,2024,USD,WEO,Apr2025,0.786012366895537
BRB,2013,2024,USD,WEO,Apr2025,0.810504713980287
BRB,2014,2024,USD,WEO,Apr2025,0.813487103845656
BRB,2015,2024,USD,WEO,Apr2025,0.808502210688227
BRB,2016,2024,USD,WEO,Apr2025,0.800727603772124
BRB,2017,2024,USD,WEO,Apr2025,0.827605866144085
BRB,2018,2024,USD,WEO,Apr2025,0.854589895779056
BRB,2019,2024,USD,WEO,Apr2025,0.872873196070367
BRB,2020,2024,USD,WEO,Apr2025,0.91749183226213
BRB,2021,2024,USD,WEO,Apr2025,0.938882039134533
BRB,2022,2024,USD,WEO,Apr2025,0.945121814315613
BRB,2023,2024,USD,WEO,Apr2025,0.975281149713967
BRB,2024,2024,USD,WEO,Apr2025,1
BRB,2025,2024,USD,WEO,Apr2025,1.02302760359306
BRB,2026,2024,USD,WEO,Apr2025,1.05167032559087
BRB,2027,2024,USD,WEO,Apr2025,1.08284846827655
BRB,2028,2024,USD,WEO,Apr2025,1.11430875826725
BRB,2029,2024,USD,WEO,Apr2025,1.14673939692456
BRB,2030,2024,USD,WEO,Apr2025,1.17991652087066
BRN,1980,2024,USD,WEO_est,Apr2025,0.491825162982152
BRN,1981,2024,USD,WEO_est,Apr2025,0.500099098805147
BRN,1982,2024,USD,WEO_est,Apr2025,0.508512226396184
BRN,1983,2024,USD,WEO_est,Apr2025,0.51706688736737
BRN,1984,2024,USD,WEO_est,Apr2025,0.525765462723565
BRN,1985,2024,USD,WEO,Apr2025,0.534610373525089
BRN,1986,2024,USD,WEO,Apr2025,0.374423901828239
BRN,1987,2024,USD,WEO,Apr2025,0.431753858283306
BRN,1988,2024,USD,WEO,Apr2025,0.406903934019303
BRN,1989,2024,USD,WEO,Apr2025,0.458096180185583
BRN,1990,2024,USD,WEO,Apr2025,0.542975243015946
BRN,1991,2024,USD,WEO,Apr2025,0.561829633539723
BRN,1992,2024,USD,WEO,Apr2025,0.563983072544254
BRN,1993,2024,USD,WEO,Apr2025,0.568649394918946
BRN,1994,2024,USD,WEO,Apr2025,0.592090411141166
BRN,1995,2024,USD,WEO,Apr2025,0.675378656695267
BRN,1996,2024,USD,WEO,Apr2025,0.661186935766199
BRN,1997,2024,USD,WEO,Apr2025,0.656083631937382
BRN,1998,2024,USD,WEO,Apr2025,0.501489417286382
BRN,1999,2024,USD,WEO,Apr2025,0.525417283277301
BRN,2000,2024,USD,WEO,Apr2025,0.519137780197499
BRN,2001,2024,USD,WEO,Apr2025,0.471537560308397
BRN,2002,2024,USD,WEO,Apr2025,0.473637194356724
BRN,2003,2024,USD,WEO,Apr2025,0.516498618226465
BRN,2004,2024,USD,WEO,Apr2025,0.616958988956799
BRN,2005,2024,USD,WEO,Apr2025,0.744069776705652
BRN,2006,2024,USD,WEO,Apr2025,0.857752501922992
BRN,2007,2024,USD,WEO,Apr2025,0.914450063471641
BRN,2008,2024,USD,WEO,Apr2025,1.09593622975005
BRN,2009,2024,USD,WEO,Apr2025,0.831841296914718
BRN,2010,2024,USD,WEO,Apr2025,0.934511954977163
BRN,2011,2024,USD,WEO,Apr2025,1.21741227568401
BRN,2012,2024,USD,WEO,Apr2025,1.24045703093664
BRN,2013,2024,USD,WEO,Apr2025,1.20391313724969
BRN,2014,2024,USD,WEO,Apr2025,1.16690876105495
BRN,2015,2024,USD,WEO,Apr2025,0.886038466341996
BRN,2016,2024,USD,WEO,Apr2025,0.800937107138668
BRN,2017,2024,USD,WEO,Apr2025,0.840908989302154
BRN,2018,2024,USD,WEO,Apr2025,0.940194827075666
BRN,2019,2024,USD,WEO,Apr2025,0.898635218015279
BRN,2020,2024,USD,WEO,Apr2025,0.792043868642259
BRN,2021,2024,USD,WEO,Apr2025,0.938923482011046
BRN,2022,2024,USD,WEO,Apr2025,1.13682258861458
BRN,2023,2024,USD,WEO,Apr2025,1.01435119963785
BRN,2024,2024,USD,WEO,Apr2025,1
BRN,2025,2024,USD,WEO,Apr2025,1.00971572351112
BRN,2026,2024,USD,WEO,Apr2025,1.02355078216046
BRN,2027,2024,USD,WEO,Apr2025,1.04981492402622
BRN,2028,2024,USD,WEO,Apr2025,1.07243640680956
BRN,2029,2024,USD,WEO,Apr2025,1.10817797391361
BRN,2030,2024,USD,WEO,Apr2025,1.13260145236524
BTN,1980,2024,USD,WEO,Apr2025,0.690238152582647
BTN,1981,2024,USD,WEO,Apr2025,0.658301418826824
BTN,1982,2024,USD,WEO,Apr2025,0.638223544345266
BTN,1983,2024,USD,WEO,Apr2025,0.642165728400167
BTN,1984,2024,USD,WEO,Apr2025,0.618820290911054
BTN,1985,2024,USD,WEO,Apr2025,0.614209063418383
BTN,1986,2024,USD,WEO,Apr2025,0.644161048018864
BTN,1987,2024,USD,WEO,Apr2025,0.647285615350409
BTN,1988,2024,USD,WEO,Apr2025,0.645186938043736
BTN,1989,2024,USD,WEO,Apr2025,0.60532950630578
BTN,1990,2024,USD,WEO,Apr2025,0.597686946556663
BTN,1991,2024,USD,WEO,Apr2025,0.493947668320764
BTN,1992,2024,USD,WEO,Apr2025,0.472438714735637
BTN,1993,2024,USD,WEO,Apr2025,0.479977762370558
BTN,1994,2024,USD,WEO,Apr2025,0.474915845646165
BTN,1995,2024,USD,WEO,Apr2025,0.524599563163956
BTN,1996,2024,USD,WEO,Apr2025,0.520757083091716
BTN,1997,2024,USD,WEO,Apr2025,0.551271063356179
BTN,1998,2024,USD,WEO,Apr2025,0.571737871353879
BTN,1999,2024,USD,WEO,Apr2025,0.560729516797622
BTN,2000,2024,USD,WEO,Apr2025,0.569530748936048
BTN,2001,2024,USD,WEO,Apr2025,0.555512153626308
BTN,2002,2024,USD,WEO,Apr2025,0.553258625302311
BTN,2003,2024,USD,WEO,Apr2025,0.604500514738922
BTN,2004,2024,USD,WEO,Apr2025,0.645473631745404
BTN,2005,2024,USD,WEO,Apr2025,0.711123932491034
BTN,2006,2024,USD,WEO,Apr2025,0.716641186093727
BTN,2007,2024,USD,WEO,Apr2025,0.789226307486038
BTN,2008,2024,USD,WEO,Apr2025,0.907334687413513
BTN,2009,2024,USD,WEO,Apr2025,0.804986700586382
BTN,2010,2024,USD,WEO,Apr2025,0.878682315431155
BTN,2011,2024,USD,WEO,Apr2025,0.982658545100147
BTN,2012,2024,USD,WEO,Apr2025,0.964133458379567
BTN,2013,2024,USD,WEO,Apr2025,0.948205232712073
BTN,2014,2024,USD,WEO,Apr2025,0.897863169960082
BTN,2015,2024,USD,WEO,Apr2025,0.930255069424367
BTN,2016,2024,USD,WEO,Apr2025,0.902511551731334
BTN,2017,2024,USD,WEO,Apr2025,0.932096882235412
BTN,2018,2024,USD,WEO,Apr2025,0.969664295997221
BTN,2019,2024,USD,WEO,Apr2025,0.915061717460957
BTN,2020,2024,USD,WEO,Apr2025,0.926625509330471
BTN,2021,2024,USD,WEO,Apr2025,0.971887756063083
BTN,2022,2024,USD,WEO,Apr2025,1.01409666488952
BTN,2023,2024,USD,WEO,Apr2025,0.983572483829237
BTN,2024,2024,USD,WEO,Apr2025,1
BTN,2025,2024,USD,WEO,Apr2025,1.03432433412726
BTN,2026,2024,USD,WEO,Apr2025,1.07400195501124
BTN,2027,2024,USD,WEO,Apr2025,1.11759894965381
BTN,2028,2024,USD,WEO,Apr2025,1.16165204359763
BTN,2029,2024,USD,WEO,Apr2025,1.20529467519451
BTN,2030,2024,USD,WEO,Apr2025,1.24875022792123
BWA,1980,2024,USD,WEO,Apr2025,0.508741915902908
BWA,1981,2024,USD,WEO,Apr2025,0.415494801572548
BWA,1982,2024,USD,WEO,Apr2025,0.378284164013193
BWA,1983,2024,USD,WEO,Apr2025,0.377012240812487
BWA,1984,2024,USD,WEO,Apr2025,0.351601595055984
BWA,1985,2024,USD,WEO,Apr2025,0.303897566954156
BWA,1986,2024,USD,WEO,Apr2025,0.379483482828986
BWA,1987,2024,USD,WEO,Apr2025,0.517581482437362
BWA,1988,2024,USD,WEO,Apr2025,0.544433835379944
BWA,1989,2024,USD,WEO,Apr2025,0.580758624924181
BWA,1990,2024,USD,WEO,Apr2025,0.589390713475376
BWA,1991,2024,USD,WEO,Apr2025,0.555226657770089
BWA,1992,2024,USD,WEO,Apr2025,0.574822751713071
BWA,1993,2024,USD,WEO,Apr2025,0.556650298519511
BWA,1994,2024,USD,WEO,Apr2025,0.603738809100709
BWA,1995,2024,USD,WEO,Apr2025,0.628196133171363
BWA,1996,2024,USD,WEO,Apr2025,0.628516222218598
BWA,1997,2024,USD,WEO,Apr2025,0.596942755988714
BWA,1998,2024,USD,WEO,Apr2025,0.582203421474715
BWA,1999,2024,USD,WEO,Apr2025,0.606713760731742
BWA,2000,2024,USD,WEO,Apr2025,0.610778173445074
BWA,2001,2024,USD,WEO,Apr2025,0.573450006141972
BWA,2002,2024,USD,WEO,Apr2025,0.527415176158914
BWA,2003,2024,USD,WEO,Apr2025,0.692839229318029
BWA,2004,2024,USD,WEO,Apr2025,0.806796949065747
BWA,2005,2024,USD,WEO,Apr2025,0.856953924549102
BWA,2006,2024,USD,WEO,Apr2025,0.815256327493993
BWA,2007,2024,USD,WEO,Apr2025,0.820880542439941
BWA,2008,2024,USD,WEO,Apr2025,0.807441519202593
BWA,2009,2024,USD,WEO,Apr2025,0.886737155918288
BWA,2010,2024,USD,WEO,Apr2025,1.00570388244556
BWA,2011,2024,USD,WEO,Apr2025,1.12561411997449
BWA,2012,2024,USD,WEO,Apr2025,1.03770297228015
BWA,2013,2024,USD,WEO,Apr2025,0.958514433935506
BWA,2014,2024,USD,WEO,Apr2025,0.982972737443147
BWA,2015,2024,USD,WEO,Apr2025,0.903601254064347
BWA,2016,2024,USD,WEO,Apr2025,0.9395756956578
BWA,2017,2024,USD,WEO,Apr2025,0.963606701145454
BWA,2018,2024,USD,WEO,Apr2025,0.978089716382449
BWA,2019,2024,USD,WEO,Apr2025,0.930570187650629
BWA,2020,2024,USD,WEO,Apr2025,0.911694685597791
BWA,2021,2024,USD,WEO,Apr2025,1.02308177844746
BWA,2022,2024,USD,WEO,Apr2025,1.05113701381318
BWA,2023,2024,USD,WEO,Apr2025,0.972856535441207
BWA,2024,2024,USD,WEO,Apr2025,1
BWA,2025,2024,USD,WEO,Apr2025,1.0059347996121
BWA,2026,2024,USD,WEO,Apr2025,1.06217207316583
BWA,2027,2024,USD,WEO,Apr2025,1.09874251184357
BWA,2028,2024,USD,WEO,Apr2025,1.13052902595846
BWA,2029,2024,USD,WEO,Apr2025,1.17645054040997
BWA,2030,2024,USD,WEO,Apr2025,1.22021250085334
CAF,1980,2024,USD,WEO,Apr2025,0.414473149617142
CAF,1981,2024,USD,WEO,Apr2025,0.381843487817203
CAF,1982,2024,USD,WEO,Apr2025,0.383197181158308
CAF,1983,2024,USD,WEO,Apr2025,0.391326640487602
CAF,1984,2024,USD,WEO,Apr2025,0.345716427063513
CAF,1985,2024,USD,WEO,Apr2025,0.4392269491769
CAF,1986,2024,USD,WEO,Apr2025,0.537366277780633
CAF,1987,2024,USD,WEO,Apr2025,0.591659761805101
CAF,1988,2024,USD,WEO,Apr2025,0.625919019632207
CAF,1989,2024,USD,WEO,Apr2025,0.595151030030369
CAF,1990,2024,USD,WEO,Apr2025,0.68167493702569
CAF,1991,2024,USD,WEO,Apr2025,0.654817908360371
CAF,1992,2024,USD,WEO,Apr2025,0.68688473124046
CAF,1993,2024,USD,WEO,Apr2025,0.609126053815311
CAF,1994,2024,USD,WEO,Apr2025,0.354669983741455
CAF,1995,2024,USD,WEO,Apr2025,0.447562538153037
CAF,1996,2024,USD,WEO,Apr2025,0.426971288435831
CAF,1997,2024,USD,WEO,Apr2025,0.401522396982545
CAF,1998,2024,USD,WEO,Apr2025,0.411167123562212
CAF,1999,2024,USD,WEO,Apr2025,0.400787040103128
CAF,2000,2024,USD,WEO,Apr2025,0.347260370588298
CAF,2001,2024,USD,WEO,Apr2025,0.350517524467384
CAF,2002,2024,USD,WEO,Apr2025,0.375418875137818
CAF,2003,2024,USD,WEO,Apr2025,0.464149426256455
CAF,2004,2024,USD,WEO,Apr2025,0.512306417187399
CAF,2005,2024,USD,WEO,Apr2025,0.536851869777578
CAF,2006,2024,USD,WEO,Apr2025,0.557825069594125
CAF,2007,2024,USD,WEO,Apr2025,0.611865604590585
CAF,2008,2024,USD,WEO,Apr2025,0.690738898081817
CAF,2009,2024,USD,WEO,Apr2025,0.68043880605196
CAF,2010,2024,USD,WEO,Apr2025,0.676221568087755
CAF,2011,2024,USD,WEO,Apr2025,0.738115690991619
CAF,2012,2024,USD,WEO,Apr2025,0.724823915050375
CAF,2013,2024,USD,WEO,Apr2025,0.767540847489612
CAF,2014,2024,USD,WEO,Apr2025,0.859393718382448
CAF,2015,2024,USD,WEO,Apr2025,0.736778903718218
CAF,2016,2024,USD,WEO,Apr2025,0.756868047961087
CAF,2017,2024,USD,WEO,Apr2025,0.822080625116831
CAF,2018,2024,USD,WEO,Apr2025,0.871321607855209
CAF,2019,2024,USD,WEO,Apr2025,0.84581863577282
CAF,2020,2024,USD,WEO,Apr2025,0.878221437311864
CAF,2021,2024,USD,WEO,Apr2025,0.941022836953172
CAF,2022,2024,USD,WEO,Apr2025,0.891311839415754
CAF,2023,2024,USD,WEO,Apr2025,0.935957138820205
CAF,2024,2024,USD,WEO,Apr2025,1
CAF,2025,2024,USD,WEO,Apr2025,1.00611672989634
CAF,2026,2024,USD,WEO,Apr2025,1.06026415059303
CAF,2027,2024,USD,WEO,Apr2025,1.13971857210086
CAF,2028,2024,USD,WEO,Apr2025,1.1652694356352
CAF,2029,2024,USD,WEO,Apr2025,1.1968558769657
CAF,2030,2024,USD,WEO,Apr2025,1.23300223508043
CAN,1960,2024,USD,OECD,Apr2026,0.12337341
CAN,1961,2024,USD,OECD,Apr2026,0.11896513
CAN,1962,2024,USD,OECD,Apr2026,0.11423172
CAN,1963,2024,USD,OECD,Apr2026,0.11566407
CAN,1964,2024,USD,OECD,Apr2026,0.11892844
CAN,1965,2024,USD,OECD,Apr2026,0.12348671
CAN,1966,2024,USD,OECD,Apr2026,0.12964754
CAN,1967,2024,USD,OECD,Apr2026,0.1352465
CAN,1968,2024,USD,OECD,Apr2026,0.14091424
CAN,1969,2024,USD,OECD,Apr2026,0.14781188
CAN,1970,2024,USD,OECD,Apr2026,0.15963901
CAN,1971,2024,USD,OECD,Apr2026,0.17320081
CAN,1972,2024,USD,OECD,Apr2026,0.18681616
CAN,1973,2024,USD,OECD,Apr2026,0.20313439
CAN,1974,2024,USD,OECD,Apr2026,0.23908197
CAN,1975,2024,USD,OECD,Apr2026,0.25463573
CAN,1976,2024,USD,OECD,Apr2026,0.28717647
CAN,1977,2024,USD,OECD,Apr2026,0.28414176
CAN,1978,2024,USD,OECD,Apr2026,0.28280462
CAN,1979,2024,USD,OECD,Apr2026,0.30300575
CAN,1980,2024,USD,OECD,Apr2026,0.33330061
CAN,1981,2024,USD,OECD,Apr2026,0.35875109
CAN,1982,2024,USD,OECD,Apr2026,0.37949776
CAN,1983,2024,USD,OECD,Apr2026,0.40192738
CAN,1984,2024,USD,OECD,Apr2026,0.39602878
CAN,1985,2024,USD,OECD,Apr2026,0.38803673
CAN,1986,2024,USD,OECD,Apr2026,0.39342276
CAN,1987,2024,USD,OECD,Apr2026,0.43192091
CAN,1988,2024,USD,OECD,Apr2026,0.48637039
CAN,1989,2024,USD,OECD,Apr2026,0.52939065
CAN,1990,2024,USD,OECD,Apr2026,0.55510704
CAN,1991,2024,USD,OECD,Apr2026,0.58255753
CAN,1992,2024,USD,OECD,Apr2026,0.56041823
CAN,1993,2024,USD,OECD,Apr2026,0.53187314
CAN,1994,2024,USD,OECD,Apr2026,0.50970906
CAN,1995,2024,USD,OECD,Apr2026,0.5187389
CAN,1996,2024,USD,OECD,Apr2026,0.5307938
CAN,1997,2024,USD,OECD,Apr2026,0.52866709
CAN,1998,2024,USD,OECD,Apr2026,0.49268325
CAN,1999,2024,USD,OECD,Apr2026,0.50148585
CAN,2000,2024,USD,OECD,Apr2026,0.52356141
CAN,2001,2024,USD,OECD,Apr2026,0.51005996
CAN,2002,2024,USD,OECD,Apr2026,0.50936788
CAN,2003,2024,USD,OECD,Apr2026,0.5897396
CAN,2004,2024,USD,OECD,Apr2026,0.65530731
CAN,2005,2024,USD,OECD,Apr2026,0.7255916
CAN,2006,2024,USD,OECD,Apr2026,0.79503092
CAN,2007,2024,USD,OECD,Apr2026,0.86712271
CAN,2008,2024,USD,OECD,Apr2026,0.90093703
CAN,2009,2024,USD,OECD,Apr2026,0.82931962
CAN,2010,2024,USD,OECD,Apr2026,0.94468084
CAN,2011,2024,USD,OECD,Apr2026,1.0158572
CAN,2012,2024,USD,OECD,Apr2026,1.01783914
CAN,2013,2024,USD,OECD,Apr2026,1.00439699
CAN,2014,2024,USD,OECD,Apr2026,0.95484528
CAN,2015,2024,USD,OECD,Apr2026,0.81801173
CAN,2016,2024,USD,OECD,Apr2026,0.79460023
CAN,2017,2024,USD,OECD,Apr2026,0.83216937
CAN,2018,2024,USD,OECD,Apr2026,0.84721592
CAN,2019,2024,USD,OECD,Apr2026,0.84028041
CAN,2020,2024,USD,OECD,Apr2026,0.84028683
CAN,2021,2024,USD,OECD,Apr2026,0.96907114
CAN,2022,2024,USD,OECD,Apr2026,1.00710784
CAN,2023,2024,USD,OECD,Apr2026,0.98464713
CAN,2024,2024,USD,OECD,Apr2026,1
CAN,2025,2024,USD,OECD,Apr2026,1.00337263
CAN,2026,2024,USD,WEO,Apr2025,1.01086511114966
CAN,2027,2024,USD,WEO,Apr2025,1.0377319929849
CAN,2028,2024,USD,WEO,Apr2025,1.06644516522525
CAN,2029,2024,USD,WEO,Apr2025,1.09692786877178
CAN,2030,2024,USD,WEO,Apr2025,1.13518669433487
CHE,1960,2024,USD,OECD,Apr2026,0.04249522
CHE,1961,2024,USD,OECD,Apr2026,0.04421775
CHE,1962,2024,USD,OECD,Apr2026,0.04674133
CHE,1963,2024,USD,OECD,Apr2026,0.04903785
CHE,1964,2024,USD,OECD,Apr2026,0.05167081
CHE,1965,2024,USD,OECD,Apr2026,0.05352878
CHE,1966,2024,USD,OECD,Apr2026,0.05614575
CHE,1967,2024,USD,OECD,Apr2026,0.05865045
CHE,1968,2024,USD,OECD,Apr2026,0.06056203
CHE,1969,2024,USD,OECD,Apr2026,0.06218279
CHE,1970,2024,USD,OECD,Apr2026,0.06516144
CHE,1971,2024,USD,OECD,Apr2026,0.0744998
CHE,1972,2024,USD,OECD,Apr2026,0.08814431
CHE,1973,2024,USD,OECD,Apr2026,0.11487323
CHE,1974,2024,USD,OECD,Apr2026,0.13069314
CHE,1975,2024,USD,OECD,Apr2026,0.16152829
CHE,1976,2024,USD,OECD,Apr2026,0.17140132
CHE,1977,2024,USD,OECD,Apr2026,0.178707
CHE,1978,2024,USD,OECD,Apr2026,0.24887235
CHE,1979,2024,USD,OECD,Apr2026,0.27291236
CHE,1980,2024,USD,OECD,Apr2026,0.27814192
CHE,1981,2024,USD,OECD,Apr2026,0.25060717
CHE,1982,2024,USD,OECD,Apr2026,0.26057331
CHE,1983,2024,USD,OECD,Apr2026,0.2579155
CHE,1984,2024,USD,OECD,Apr2026,0.23901938
CHE,1985,2024,USD,OECD,Apr2026,0.23383711
CHE,1986,2024,USD,OECD,Apr2026,0.3292525
CHE,1987,2024,USD,OECD,Apr2026,0.40585569
CHE,1988,2024,USD,OECD,Apr2026,0.42497283
CHE,1989,2024,USD,OECD,Apr2026,0.39342348
CHE,1990,2024,USD,OECD,Apr2026,0.48456556
CHE,1991,2024,USD,OECD,Apr2026,0.49479936
CHE,1992,2024,USD,OECD,Apr2026,0.51524815
CHE,1993,2024,USD,OECD,Apr2026,0.501744
CHE,1994,2024,USD,OECD,Apr2026,0.54871881
CHE,1995,2024,USD,OECD,Apr2026,0.63922298
CHE,1996,2024,USD,OECD,Apr2026,0.6127241
CHE,1997,2024,USD,OECD,Apr2026,0.51983562
CHE,1998,2024,USD,OECD,Apr2026,0.51896821
CHE,1999,2024,USD,OECD,Apr2026,0.50187652
CHE,2000,2024,USD,OECD,Apr2026,0.45326664
CHE,2001,2024,USD,OECD,Apr2026,0.45848082
CHE,2002,2024,USD,OECD,Apr2026,0.49452719
CHE,2003,2024,USD,OECD,Apr2026,0.57914572
CHE,2004,2024,USD,OECD,Apr2026,0.62952439
CHE,2005,2024,USD,OECD,Apr2026,0.63388052
CHE,2006,2024,USD,OECD,Apr2026,0.64358784
CHE,2007,2024,USD,OECD,Apr2026,0.68884422
CHE,2008,2024,USD,OECD,Apr2026,0.76386005
CHE,2009,2024,USD,OECD,Apr2026,0.77649033
CHE,2010,2024,USD,OECD,Apr2026,0.81078836
CHE,2011,2024,USD,OECD,Apr2026,0.95390821
CHE,2012,2024,USD,OECD,Apr2026,0.90454154
CHE,2013,2024,USD,OECD,Apr2026,0.9147085
CHE,2014,2024,USD,OECD,Apr2026,0.92090842
CHE,2015,2024,USD,OECD,Apr2026,0.86389687
CHE,2016,2024,USD,OECD,Apr2026,0.8387466
CHE,2017,2024,USD,OECD,Apr2026,0.83628463
CHE,2018,2024,USD,OECD,Apr2026,0.84842066
CHE,2019,2024,USD,OECD,Apr2026,0.83408782
CHE,2020,2024,USD,OECD,Apr2026,0.87605201
CHE,2021,2024,USD,OECD,Apr2026,0.9173268
CHE,2022,2024,USD,OECD,Apr2026,0.90503079
CHE,2023,2024,USD,OECD,Apr2026,0.97058326
CHE,2024,2024,USD,OECD,Apr2026,1
CHE,2025,2024,USD,OECD,Apr2026,1.06702755
CHE,2026,2024,USD,WEO,Apr2025,1.03161547336494
CHE,2027,2024,USD,WEO,Apr2025,1.05894801236593
CHE,2028,2024,USD,WEO,Apr2025,1.0859022528698
CHE,2029,2024,USD,WEO,Apr2025,1.1128061952457
CHE,2030,2024,USD,WEO,Apr2025,1.14090585023139
CHL,1980,2024,USD,WEO,Apr2025,0.462617845672396
CHL,1981,2024,USD,WEO,Apr2025,0.515705677295245
CHL,1982,2024,USD,WEO,Apr2025,0.444986042524942
CHL,1983,2024,USD,WEO,Apr2025,0.371877856771344
CHL,1984,2024,USD,WEO,Apr2025,0.341539661901942
CHL,1985,2024,USD,WEO,Apr2025,0.287202179521407
CHL,1986,2024,USD,WEO,Apr2025,0.292380718005903
CHL,1987,2024,USD,WEO,Apr2025,0.323542096278763
CHL,1988,2024,USD,WEO,Apr2025,0.355505852596992
CHL,1989,2024,USD,WEO,Apr2025,0.37025098955543
CHL,1990,2024,USD,WEO,Apr2025,0.397073556345522
CHL,1991,2024,USD,WEO,Apr2025,0.423948170078642
CHL,1992,2024,USD,WEO,Apr2025,0.464595234661413
CHL,1993,2024,USD,WEO,Apr2025,0.466351230338238
CHL,1994,2024,USD,WEO,Apr2025,0.512256250836928
CHL,1995,2024,USD,WEO,Apr2025,0.605983958630911
CHL,1996,2024,USD,WEO,Apr2025,0.611911638764135
CHL,1997,2024,USD,WEO,Apr2025,0.621677597008446
CHL,1998,2024,USD,WEO,Apr2025,0.570737670795255
CHL,1999,2024,USD,WEO,Apr2025,0.527635840763598
CHL,2000,2024,USD,WEO,Apr2025,0.520291039306006
CHL,2001,2024,USD,WEO,Apr2025,0.460983324080515
CHL,2002,2024,USD,WEO,Apr2025,0.4390439936729
CHL,2003,2024,USD,WEO,Apr2025,0.456297804503747
CHL,2004,2024,USD,WEO,Apr2025,0.553942343826361
CHL,2005,2024,USD,WEO,Apr2025,0.64613779936774
CHL,2006,2024,USD,WEO,Apr2025,0.76630917775088
CHL,2007,2024,USD,WEO,Apr2025,0.817342075986377
CHL,2008,2024,USD,WEO,Apr2025,0.819895420020658
CHL,2009,2024,USD,WEO,Apr2025,0.792849146588941
CHL,2010,2024,USD,WEO,Apr2025,0.946571291546373
CHL,2011,2024,USD,WEO,Apr2025,1.03115441772523
CHL,2012,2024,USD,WEO,Apr2025,1.03299913982903
CHL,2013,2024,USD,WEO,Apr2025,1.03753717254231
CHL,2014,2024,USD,WEO,Apr2025,0.953727382446799
CHL,2015,2024,USD,WEO,Apr2025,0.872883044013146
CHL,2016,2024,USD,WEO,Apr2025,0.881866733007042
CHL,2017,2024,USD,WEO,Apr2025,0.964456548544161
CHL,2018,2024,USD,WEO,Apr2025,0.991453323369608
CHL,2019,2024,USD,WEO,Apr2025,0.927220794728779
CHL,2020,2024,USD,WEO,Apr2025,0.902704294072737
CHL,2021,2024,USD,WEO,Apr2025,1.00677485299086
CHL,2022,2024,USD,WEO,Apr2025,0.941360637671627
CHL,2023,2024,USD,WEO,Apr2025,1.04327845274219
CHL,2024,2024,USD,WEO,Apr2025,1
CHL,2025,2024,USD,WEO,Apr2025,1.02048894550912
CHL,2026,2024,USD,WEO,Apr2025,1.03897663009381
CHL,2027,2024,USD,WEO,Apr2025,1.06012551023939
CHL,2028,2024,USD,WEO,Apr2025,1.08064257231591
CHL,2029,2024,USD,WEO,Apr2025,1.101231512563
CHL,2030,2024,USD,WEO,Apr2025,1.12229350301939
CHN,1980,2024,USD,WEO,Apr2025,0.703777540659477
CHN,1981,2024,USD,WEO,Apr2025,0.638003797504445
CHN,1982,2024,USD,WEO,Apr2025,0.577075417264798
CHN,1983,2024,USD,WEO,Apr2025,0.558953999746797
CHN,1984,2024,USD,WEO,Apr2025,0.499186211634152
CHN,1985,2024,USD,WEO,Apr2025,0.434048098453925
CHN,1986,2024,USD,WEO,Apr2025,0.386724499884233
CHN,1987,2024,USD,WEO,Apr2025,0.377033959404826
CHN,1988,2024,USD,WEO,Apr2025,0.422772540108831
CHN,1989,2024,USD,WEO,Apr2025,0.454913639505942
CHN,1990,2024,USD,WEO,Apr2025,0.37909506784645
CHN,1991,2024,USD,WEO,Apr2025,0.360087972134941
CHN,1992,2024,USD,WEO,Apr2025,0.375378710314461
CHN,1993,2024,USD,WEO,Apr2025,0.413509022798264
CHN,1994,2024,USD,WEO,Apr2025,0.332909232797388
CHN,1995,2024,USD,WEO,Apr2025,0.390614810088602
CHN,1996,2024,USD,WEO,Apr2025,0.418344913341067
CHN,1997,2024,USD,WEO,Apr2025,0.426342114557674
CHN,1998,2024,USD,WEO,Apr2025,0.422600544138148
CHN,1999,2024,USD,WEO,Apr2025,0.417033012607839
CHN,2000,2024,USD,WEO,Apr2025,0.425688780233081
CHN,2001,2024,USD,WEO,Apr2025,0.435193799416321
CHN,2002,2024,USD,WEO,Apr2025,0.438357918532198
CHN,2003,2024,USD,WEO,Apr2025,0.450103148860138
CHN,2004,2024,USD,WEO,Apr2025,0.481221262358177
CHN,2005,2024,USD,WEO,Apr2025,0.507460885209265
CHN,2006,2024,USD,WEO,Apr2025,0.541790366077671
CHN,2007,2024,USD,WEO,Apr2025,0.6128811485178
CHN,2008,2024,USD,WEO,Apr2025,0.720119426895283
CHN,2009,2024,USD,WEO,Apr2025,0.731906514606282
CHN,2010,2024,USD,WEO,Apr2025,0.784945010360356
CHN,2011,2024,USD,WEO,Apr2025,0.890746988676673
CHN,2012,2024,USD,WEO,Apr2025,0.940539601236101
CHN,2013,2024,USD,WEO,Apr2025,0.983265696536564
CHN,2014,2024,USD,WEO,Apr2025,1.00063923281293
CHN,2015,2024,USD,WEO,Apr2025,0.987951357863797
CHN,2016,2024,USD,WEO,Apr2025,0.936775614546115
CHN,2017,2024,USD,WEO,Apr2025,0.957170530980517
CHN,2018,2024,USD,WEO,Apr2025,1.01185168287926
CHN,2019,2024,USD,WEO,Apr2025,0.985188856073814
CHN,2020,2024,USD,WEO,Apr2025,0.997766493045924
CHN,2021,2024,USD,WEO,Apr2025,1.10701489826597
CHN,2022,2024,USD,WEO,Apr2025,1.08051033026782
CHN,2023,2024,USD,WEO,Apr2025,1.02327754699339
CHN,2024,2024,USD,WEO,Apr2025,1
CHN,2025,2024,USD,WEO,Apr2025,0.986782480328888
CHN,2026,2024,USD,WEO,Apr2025,1.00569388371305
CHN,2027,2024,USD,WEO,Apr2025,1.02805345172202
CHN,2028,2024,USD,WEO,Apr2025,1.05153729793681
CHN,2029,2024,USD,WEO,Apr2025,1.07338645644899
CHN,2030,2024,USD,WEO,Apr2025,1.09660278407823
CIV,1980,2024,USD,WEO,Apr2025,0.560880134136032
CIV,1981,2024,USD,WEO,Apr2025,0.449175309156669
CIV,1982,2024,USD,WEO,Apr2025,0.402211503830873
CIV,1983,2024,USD,WEO,Apr2025,0.372231516962143
CIV,1984,2024,USD,WEO,Apr2025,0.378685983794943
CIV,1985,2024,USD,WEO,Apr2025,0.372850150561903
CIV,1986,2024,USD,WEO,Apr2025,0.476179866751989
CIV,1987,2024,USD,WEO,Apr2025,0.526486639270494
CIV,1988,2024,USD,WEO,Apr2025,0.526077424801312
CIV,1989,2024,USD,WEO,Apr2025,0.489064385215706
CIV,1990,2024,USD,WEO,Apr2025,0.547099877174135
CIV,1991,2024,USD,WEO,Apr2025,0.531526089459255
CIV,1992,2024,USD,WEO,Apr2025,0.566363937636692
CIV,1993,2024,USD,WEO,Apr2025,0.561938097282751
CIV,1994,2024,USD,WEO,Apr2025,0.422240544904353
CIV,1995,2024,USD,WEO,Apr2025,0.529178256901591
CIV,1996,2024,USD,WEO,Apr2025,0.540054044188664
CIV,1997,2024,USD,WEO,Apr2025,0.493254686157957
CIV,1998,2024,USD,WEO,Apr2025,0.505759566638151
CIV,1999,2024,USD,WEO,Apr2025,0.488599322901832
CIV,2000,2024,USD,WEO,Apr2025,0.43294467990083
CIV,2001,2024,USD,WEO,Apr2025,0.450881836402931
CIV,2002,2024,USD,WEO,Apr2025,0.507773618140934
CIV,2003,2024,USD,WEO,Apr2025,0.636593722343527
CIV,2004,2024,USD,WEO,Apr2025,0.679792200074475
CIV,2005,2024,USD,WEO,Apr2025,0.688755937936775
CIV,2006,2024,USD,WEO,Apr2025,0.707244867191473
CIV,2007,2024,USD,WEO,Apr2025,0.794591705000915
CIV,2008,2024,USD,WEO,Apr2025,0.925223872908657
CIV,2009,2024,USD,WEO,Apr2025,0.898010922052401
CIV,2010,2024,USD,WEO,Apr2025,0.899528169076781
CIV,2011,2024,USD,WEO,Apr2025,0.975598838035852
CIV,2012,2024,USD,WEO,Apr2025,0.917173416217589
CIV,2013,2024,USD,WEO,Apr2025,0.979837365910102
CIV,2014,2024,USD,WEO,Apr2025,1.01843396905214
CIV,2015,2024,USD,WEO,Apr2025,0.876982843019381
CIV,2016,2024,USD,WEO,Apr2025,0.864607922441016
CIV,2017,2024,USD,WEO,Apr2025,0.873188137259828
CIV,2018,2024,USD,WEO,Apr2025,0.928181974947618
CIV,2019,2024,USD,WEO,Apr2025,0.897384927141902
CIV,2020,2024,USD,WEO,Apr2025,0.931516197291571
CIV,2021,2024,USD,WEO,Apr2025,1.00397557673647
CIV,2022,2024,USD,WEO,Apr2025,0.920810344332691
CIV,2023,2024,USD,WEO,Apr2025,0.969135207127767
CIV,2024,2024,USD,WEO,Apr2025,1
CIV,2025,2024,USD,WEO,Apr2025,1.02052159699905
CIV,2026,2024,USD,WEO,Apr2025,1.04663194864625
CIV,2027,2024,USD,WEO,Apr2025,1.06642360015368
CIV,2028,2024,USD,WEO,Apr2025,1.08711397815239
CIV,2029,2024,USD,WEO,Apr2025,1.10867885104873
CIV,2030,2024,USD,WEO,Apr2025,1.13085006627662
CMR,1980,2024,USD,WEO,Apr2025,0.642789151867252
CMR,1981,2024,USD,WEO,Apr2025,0.622125266717827
CMR,1982,2024,USD,WEO,Apr2025,0.554730044118089
CMR,1983,2024,USD,WEO,Apr2025,0.523299717149522
CMR,1984,2024,USD,WEO,Apr2025,0.514618151636235
CMR,1985,2024,USD,WEO,Apr2025,0.497172050249491
CMR,1986,2024,USD,WEO,Apr2025,0.606859252014114
CMR,1987,2024,USD,WEO,Apr2025,0.71837010378314
CMR,1988,2024,USD,WEO,Apr2025,0.791809282777071
CMR,1989,2024,USD,WEO,Apr2025,0.718751442065586
CMR,1990,2024,USD,WEO,Apr2025,0.766726598354328
CMR,1991,2024,USD,WEO,Apr2025,0.888352676935553
CMR,1992,2024,USD,WEO,Apr2025,0.839852632708745
CMR,1993,2024,USD,WEO,Apr2025,0.904797487079739
CMR,1994,2024,USD,WEO,Apr2025,0.631393450285934
CMR,1995,2024,USD,WEO,Apr2025,0.579724550050185
CMR,1996,2024,USD,WEO,Apr2025,0.615765274568144
CMR,1997,2024,USD,WEO,Apr2025,0.591204519211493
CMR,1998,2024,USD,WEO,Apr2025,0.562920452485431
CMR,1999,2024,USD,WEO,Apr2025,0.551205040457887
CMR,2000,2024,USD,WEO,Apr2025,0.472895589907537
CMR,2001,2024,USD,WEO,Apr2025,0.489025749198766
CMR,2002,2024,USD,WEO,Apr2025,0.526861166374463
CMR,2003,2024,USD,WEO,Apr2025,0.646836328901175
CMR,2004,2024,USD,WEO,Apr2025,0.715856506368823
CMR,2005,2024,USD,WEO,Apr2025,0.734737594782387
CMR,2006,2024,USD,WEO,Apr2025,0.759793554473282
CMR,2007,2024,USD,WEO,Apr2025,0.835237821621298
CMR,2008,2024,USD,WEO,Apr2025,0.940327419402875
CMR,2009,2024,USD,WEO,Apr2025,0.922644400976138
CMR,2010,2024,USD,WEO,Apr2025,0.884354915372758
CMR,2011,2024,USD,WEO,Apr2025,0.95068677729952
CMR,2012,2024,USD,WEO,Apr2025,0.896252798531538
CMR,2013,2024,USD,WEO,Apr2025,0.954257491665552
CMR,2014,2024,USD,WEO,Apr2025,0.973455968286698
CMR,2015,2024,USD,WEO,Apr2025,0.815886806222134
CMR,2016,2024,USD,WEO,Apr2025,0.819503231924623
CMR,2017,2024,USD,WEO,Apr2025,0.844882121424878
CMR,2018,2024,USD,WEO,Apr2025,0.900130130876589
CMR,2019,2024,USD,WEO,Apr2025,0.863404456583793
CMR,2020,2024,USD,WEO,Apr2025,0.884534812666449
CMR,2021,2024,USD,WEO,Apr2025,0.946112668508878
CMR,2022,2024,USD,WEO,Apr2025,0.900000929512102
CMR,2023,2024,USD,WEO,Apr2025,0.966930517959988
CMR,2024,2024,USD,WEO,Apr2025,1
CMR,2025,2024,USD,WEO,Apr2025,1.02415375808357
CMR,2026,2024,USD,WEO,Apr2025,1.05845793483828
CMR,2027,2024,USD,WEO,Apr2025,1.08586247065259
CMR,2028,2024,USD,WEO,Apr2025,1.114987223294
CMR,2029,2024,USD,WEO,Apr2025,1.14538238821277
CMR,2030,2024,USD,WEO,Apr2025,1.17719062613301
COD,1980,2024,USD,WEO,Apr2025,1.9937916223297
COD,1981,2024,USD,WEO,Apr2025,1.71947666101941
COD,1982,2024,USD,WEO,Apr2025,1.87808238072348
COD,1983,2024,USD,WEO,Apr2025,1.49374742746918
COD,1984,2024,USD,WEO,Apr2025,0.950701728123873
COD,1985,2024,USD,WEO,Apr2025,0.864868168217478
COD,1986,2024,USD,WEO,Apr2025,0.9266432766172
COD,1987,2024,USD,WEO,Apr2025,0.854488543540396
COD,1988,2024,USD,WEO,Apr2025,0.985437830812735
COD,1989,2024,USD,WEO,Apr2025,1.01557968551725
COD,1990,2024,USD,WEO,Apr2025,1.12615147086291
COD,1991,2024,USD,WEO,Apr2025,1.19447495138949
COD,1992,2024,USD,WEO,Apr2025,1.20421777016662
COD,1993,2024,USD,WEO,Apr2025,1.81745324805187
COD,1994,2024,USD,WEO,Apr2025,1.05069037724907
COD,1995,2024,USD,WEO,Apr2025,0.993658391804582
COD,1996,2024,USD,WEO,Apr2025,1.29989990454764
COD,1997,2024,USD,WEO,Apr2025,1.26635319383132
COD,1998,2024,USD,WEO,Apr2025,0.964041160885588
COD,1999,2024,USD,WEO,Apr2025,0.90985939640487
COD,2000,2024,USD,WEO,Apr2025,0.986820755137814
COD,2001,2024,USD,WEO,Apr2025,0.382863383757369
COD,2002,2024,USD,WEO,Apr2025,0.447552589941682
COD,2003,2024,USD,WEO,Apr2025,0.434248957740187
COD,2004,2024,USD,WEO,Apr2025,0.459366566323212
COD,2005,2024,USD,WEO,Apr2025,0.517900705679534
COD,2006,2024,USD,WEO,Apr2025,0.596657085835443
COD,2007,2024,USD,WEO,Apr2025,0.66379798167716
COD,2008,2024,USD,WEO,Apr2025,0.753204730403988
COD,2009,2024,USD,WEO,Apr2025,0.615502832929737
COD,2010,2024,USD,WEO,Apr2025,0.684544468819671
COD,2011,2024,USD,WEO,Apr2025,0.752033347147685
COD,2012,2024,USD,WEO,Apr2025,0.788170189253526
COD,2013,2024,USD,WEO,Apr2025,0.834541872247915
COD,2014,2024,USD,WEO,Apr2025,0.854549717148616
COD,2015,2024,USD,WEO,Apr2025,0.841135250116708
COD,2016,2024,USD,WEO,Apr2025,0.794684283266088
COD,2017,2024,USD,WEO,Apr2025,0.794318216117254
COD,2018,2024,USD,WEO,Apr2025,0.92243854403686
COD,2019,2024,USD,WEO,Apr2025,0.935294977651419
COD,2020,2024,USD,WEO,Apr2025,0.89682149963118
COD,2021,2024,USD,WEO,Apr2025,0.983140702836908
COD,2022,2024,USD,WEO,Apr2025,1.03025498024674
COD,2023,2024,USD,WEO,Apr2025,0.96572617847939
COD,2024,2024,USD,WEO,Apr2025,1
COD,2025,2024,USD,WEO,Apr2025,1.06424511263319
COD,2026,2024,USD,WEO,Apr2025,1.08519174478263
COD,2027,2024,USD,WEO,Apr2025,1.10011232040379
COD,2028,2024,USD,WEO,Apr2025,1.11560937888902
COD,2029,2024,USD,WEO,Apr2025,1.13148799997209
COD,2030,2024,USD,WEO,Apr2025,1.14740052184527
COG,1980,2024,USD,WEO,Apr2025,0.489772041036655
COG,1981,2024,USD,WEO,Apr2025,0.391320014866082
COG,1982,2024,USD,WEO,Apr2025,0.333243965783873
COG,1983,2024,USD,WEO,Apr2025,0.295811577691267
COG,1984,2024,USD,WEO,Apr2025,0.265742754243782
COG,1985,2024,USD,WEO,Apr2025,0.266239227203302
COG,1986,2024,USD,WEO,Apr2025,0.355811194043084
COG,1987,2024,USD,WEO,Apr2025,0.422436396978939
COG,1988,2024,USD,WEO,Apr2025,0.368679115931441
COG,1989,2024,USD,WEO,Apr2025,0.321123460580164
COG,1990,2024,USD,WEO,Apr2025,0.373233125035833
COG,1991,2024,USD,WEO,Apr2025,0.376587773888901
COG,1992,2024,USD,WEO,Apr2025,0.390654510328628
COG,1993,2024,USD,WEO,Apr2025,0.353135104532643
COG,1994,2024,USD,WEO,Apr2025,0.246557937210811
COG,1995,2024,USD,WEO,Apr2025,0.281764615084884
COG,1996,2024,USD,WEO,Apr2025,0.314688061230711
COG,1997,2024,USD,WEO,Apr2025,0.287434768043149
COG,1998,2024,USD,WEO,Apr2025,0.230125668701329
COG,1999,2024,USD,WEO,Apr2025,0.28221584492997
COG,2000,2024,USD,WEO,Apr2025,0.34587919398806
COG,2001,2024,USD,WEO,Apr2025,0.304643563753022
COG,2002,2024,USD,WEO,Apr2025,0.330667568067948
COG,2003,2024,USD,WEO,Apr2025,0.38184158599311
COG,2004,2024,USD,WEO,Apr2025,0.505208029725588
COG,2005,2024,USD,WEO,Apr2025,0.603436163800425
COG,2006,2024,USD,WEO,Apr2025,0.677978677289272
COG,2007,2024,USD,WEO,Apr2025,0.789935508482337
COG,2008,2024,USD,WEO,Apr2025,0.985439978531956
COG,2009,2024,USD,WEO,Apr2025,0.736015166317296
COG,2010,2024,USD,WEO,Apr2025,0.907060140900369
COG,2011,2024,USD,WEO,Apr2025,1.05568509434318
COG,2012,2024,USD,WEO,Apr2025,1.08598748774205
COG,2013,2024,USD,WEO,Apr2025,1.1095293844841
COG,2014,2024,USD,WEO,Apr2025,1.03731959615289
COG,2015,2024,USD,WEO,Apr2025,0.713746020730345
COG,2016,2024,USD,WEO,Apr2025,0.690422559800796
COG,2017,2024,USD,WEO,Apr2025,0.791706180650303
COG,2018,2024,USD,WEO,Apr2025,1.01252632903795
COG,2019,2024,USD,WEO,Apr2025,0.946808685673981
COG,2020,2024,USD,WEO,Apr2025,0.83002540231709
COG,2021,2024,USD,WEO,Apr2025,0.957364338594421
COG,2022,2024,USD,WEO,Apr2025,0.981191108724662
COG,2023,2024,USD,WEO,Apr2025,0.976084552474317
COG,2024,2024,USD,WEO,Apr2025,1
COG,2025,2024,USD,WEO,Apr2025,0.993168692481549
COG,2026,2024,USD,WEO,Apr2025,1.01995615180155
COG,2027,2024,USD,WEO,Apr2025,1.05220700235796
COG,2028,2024,USD,WEO,Apr2025,1.08571462986805
COG,2029,2024,USD,WEO,Apr2025,1.11987709516069
COG,2030,2024,USD,WEO,Apr2025,1.15314813953121
COK,1960,2024,USD,OECD,Apr2026,0.08561452
COK,1961,2024,USD,OECD,Apr2026,0.08342802
COK,1962,2024,USD,OECD,Apr2026,0.08825169
COK,1963,2024,USD,OECD,Apr2026,0.09173975
COK,1964,2024,USD,OECD,Apr2026,0.09501673
COK,1965,2024,USD,OECD,Apr2026,0.09908708
COK,1966,2024,USD,OECD,Apr2026,0.09351816
COK,1967,2024,USD,OECD,Apr2026,0.09897999
COK,1968,2024,USD,OECD,Apr2026,0.08868501
COK,1969,2024,USD,OECD,Apr2026,0.08754463
COK,1970,2024,USD,OECD,Apr2026,0.09448103
COK,1971,2024,USD,OECD,Apr2026,0.10997346
COK,1972,2024,USD,OECD,Apr2026,0.12599494
COK,1973,2024,USD,OECD,Apr2026,0.15620543
COK,1974,2024,USD,OECD,Apr2026,0.16735597
COK,1975,2024,USD,OECD,Apr2026,0.16448046
COK,1976,2024,USD,OECD,Apr2026,0.16529053
COK,1977,2024,USD,OECD,Apr2026,0.18771522
COK,1978,2024,USD,OECD,Apr2026,0.22631302
COK,1979,2024,USD,OECD,Apr2026,0.25390853
COK,1980,2024,USD,OECD,Apr2026,0.27786289
COK,1981,2024,USD,OECD,Apr2026,0.28791533
COK,1982,2024,USD,OECD,Apr2026,0.27934286
COK,1983,2024,USD,OECD,Apr2026,0.26796381
COK,1984,2024,USD,OECD,Apr2026,0.24461052
COK,1985,2024,USD,OECD,Apr2026,0.24248726
COK,1986,2024,USD,OECD,Apr2026,0.31928456
COK,1987,2024,USD,OECD,Apr2026,0.3947567
COK,1988,2024,USD,OECD,Apr2026,0.46570662
COK,1989,2024,USD,OECD,Apr2026,0.44605808
COK,1990,2024,USD,OECD,Apr2026,0.45831196
COK,1991,2024,USD,OECD,Apr2026,0.44646986
COK,1992,2024,USD,OECD,Apr2026,0.42228187
COK,1993,2024,USD,OECD,Apr2026,0.43390916
COK,1994,2024,USD,OECD,Apr2026,0.47762436
COK,1995,2024,USD,OECD,Apr2026,0.54115773
COK,1996,2024,USD,OECD,Apr2026,0.58027075
COK,1997,2024,USD,OECD,Apr2026,0.55895407
COK,1998,2024,USD,OECD,Apr2026,0.45687494
COK,1999,2024,USD,OECD,Apr2026,0.45307801
COK,2000,2024,USD,OECD,Apr2026,0.39824811
COK,2001,2024,USD,OECD,Apr2026,0.38440876
COK,2002,2024,USD,OECD,Apr2026,0.42619387
COK,2003,2024,USD,OECD,Apr2026,0.54147898
COK,2004,2024,USD,OECD,Apr2026,0.63940993
COK,2005,2024,USD,OECD,Apr2026,0.69677706
COK,2006,2024,USD,OECD,Apr2026,0.65864836
COK,2007,2024,USD,OECD,Apr2026,0.77903831
COK,2008,2024,USD,OECD,Apr2026,0.76211096
COK,2009,2024,USD,OECD,Apr2026,0.69540643
COK,2010,2024,USD,OECD,Apr2026,0.82443896
COK,2011,2024,USD,OECD,Apr2026,0.92957602
COK,2012,2024,USD,OECD,Apr2026,0.95040166
COK,2013,2024,USD,OECD,Apr2026,0.99398934
COK,2014,2024,USD,OECD,Apr2026,1.02907045
COK,2015,2024,USD,OECD,Apr2026,0.86832779
COK,2016,2024,USD,OECD,Apr2026,0.8829155
COK,2017,2024,USD,OECD,Apr2026,0.93010371
COK,2018,2024,USD,OECD,Apr2026,0.918643
COK,2019,2024,USD,OECD,Apr2026,0.89603576
COK,2020,2024,USD,OECD,Apr2026,0.90207861
COK,2021,2024,USD,OECD,Apr2026,1.01279617
COK,2022,2024,USD,OECD,Apr2026,0.96041747
COK,2023,2024,USD,OECD,Apr2026,0.97582995
COK,2024,2024,USD,OECD,Apr2026,1
COK,2025,2024,USD,OECD,Apr2026,0.99785507
COK,2026,2024,USD,WEO,Apr2025,0.965661431946714
COK,2027,2024,USD,WEO,Apr2025,0.981118973092103
COK,2028,2024,USD,WEO,Apr2025,0.999525529457171
COK,2029,2024,USD,WEO,Apr2025,1.02007412968562
COK,2030,2024,USD,WEO,Apr2025,1.04038115119367
COL,1980,2024,USD,WEO,Apr2025,0.468594159018905
COL,1981,2024,USD,WEO,Apr2025,0.499149172803171
COL,1982,2024,USD,WEO,Apr2025,0.529510567349949
COL,1983,2024,USD,WEO,Apr2025,0.518115048875398
COL,1984,2024,USD,WEO,Apr2025,0.495151773383221
COL,1985,2024,USD,WEO,Apr2025,0.438066395639597
COL,1986,2024,USD,WEO,Apr2025,0.414528415600822
COL,1987,2024,USD,WEO,Apr2025,0.409515321181182
COL,1988,2024,USD,WEO,Apr2025,0.424233487822718
COL,1989,2024,USD,WEO,Apr2025,0.413654878387961
COL,1990,2024,USD,WEO,Apr2025,0.404041109907926
COL,1991,2024,USD,WEO,Apr2025,0.407933603995009
COL,1992,2024,USD,WEO,Apr2025,0.462585776437815
COL,1993,2024,USD,WEO,Apr2025,0.495933486652479
COL,1994,2024,USD,WEO,Apr2025,0.5926893484436
COL,1995,2024,USD,WEO,Apr2025,0.637790305978373
COL,1996,2024,USD,WEO,Apr2025,0.656402241139463
COL,1997,2024,USD,WEO,Apr2025,0.696715103890988
COL,1998,2024,USD,WEO,Apr2025,0.639704422930067
COL,1999,2024,USD,WEO,Apr2025,0.585001148833141
COL,2000,2024,USD,WEO,Apr2025,0.547092076830529
COL,2001,2024,USD,WEO,Apr2025,0.52904415862263
COL,2002,2024,USD,WEO,Apr2025,0.514782689181168
COL,2003,2024,USD,WEO,Apr2025,0.478678799028463
COL,2004,2024,USD,WEO,Apr2025,0.562218559416902
COL,2005,2024,USD,WEO,Apr2025,0.673418071065369
COL,2006,2024,USD,WEO,Apr2025,0.701212277191843
COL,2007,2024,USD,WEO,Apr2025,0.837379962037059
COL,2008,2024,USD,WEO,Apr2025,0.953368470284104
COL,2009,2024,USD,WEO,Apr2025,0.903616133802668
COL,2010,2024,USD,WEO,Apr2025,1.06572837548815
COL,2011,2024,USD,WEO,Apr2025,1.16506854872263
COL,2012,2024,USD,WEO,Apr2025,1.24077799201046
COL,2013,2024,USD,WEO,Apr2025,1.21648819275996
COL,2014,2024,USD,WEO,Apr2025,1.16151586331113
COL,2015,2024,USD,WEO,Apr2025,0.86850361761423
COL,2016,2024,USD,WEO,Apr2025,0.819520789008054
COL,2017,2024,USD,WEO,Apr2025,0.891954243373729
COL,2018,2024,USD,WEO,Apr2025,0.931652272261714
COL,2019,2024,USD,WEO,Apr2025,0.872966657681024
COL,2020,2024,USD,WEO,Apr2025,0.787101718461912
COL,2021,2024,USD,WEO,Apr2025,0.836965475523941
COL,2022,2024,USD,WEO,Apr2025,0.846184230049098
COL,2023,2024,USD,WEO,Apr2025,0.890424694487053
COL,2024,2024,USD,WEO,Apr2025,1
COL,2025,2024,USD,WEO,Apr2025,0.997938201949328
COL,2026,2024,USD,WEO,Apr2025,1.01306690067256
COL,2027,2024,USD,WEO,Apr2025,1.03121574383461
COL,2028,2024,USD,WEO,Apr2025,1.05072654813311
COL,2029,2024,USD,WEO,Apr2025,1.07031615716202
COL,2030,2024,USD,WEO,Apr2025,1.0893553806329
COM,1980,2024,USD,WEO,Apr2025,0.512509025922753
COM,1981,2024,USD,WEO,Apr2025,0.425969834322344
COM,1982,2024,USD,WEO,Apr2025,0.388217525009362
COM,1983,2024,USD,WEO,Apr2025,0.365384954744961
COM,1984,2024,USD,WEO,Apr2025,0.33824099002131
COM,1985,2024,USD,WEO,Apr2025,0.334319165028676
COM,1986,2024,USD,WEO,Apr2025,0.440126361069533
COM,1987,2024,USD,WEO,Apr2025,0.523082102038872
COM,1988,2024,USD,WEO,Apr2025,0.53492816587457
COM,1989,2024,USD,WEO,Apr2025,0.528631378829382
COM,1990,2024,USD,WEO,Apr2025,0.601763093751441
COM,1991,2024,USD,WEO,Apr2025,0.639717552068735
COM,1992,2024,USD,WEO,Apr2025,0.649368052915916
COM,1993,2024,USD,WEO,Apr2025,0.62019789965151
COM,1994,2024,USD,WEO,Apr2025,0.475408602646939
COM,1995,2024,USD,WEO,Apr2025,0.561472981374388
COM,1996,2024,USD,WEO,Apr2025,0.562915164281244
COM,1997,2024,USD,WEO,Apr2025,0.499253836020505
COM,1998,2024,USD,WEO,Apr2025,0.500504064924441
COM,1999,2024,USD,WEO,Apr2025,0.498066324819801
COM,2000,2024,USD,WEO,Apr2025,0.459852625722565
COM,2001,2024,USD,WEO,Apr2025,0.478548074911884
COM,2002,2024,USD,WEO,Apr2025,0.52374662351454
COM,2003,2024,USD,WEO,Apr2025,0.658205672464222
COM,2004,2024,USD,WEO,Apr2025,0.7259488370084
COM,2005,2024,USD,WEO,Apr2025,0.724583284699141
COM,2006,2024,USD,WEO,Apr2025,0.774628081298912
COM,2007,2024,USD,WEO,Apr2025,0.887788094768762
COM,2008,2024,USD,WEO,Apr2025,0.982662911547331
COM,2009,2024,USD,WEO,Apr2025,0.93934541344584
COM,2010,2024,USD,WEO,Apr2025,0.910155242912019
COM,2011,2024,USD,WEO,Apr2025,0.983542138636293
COM,2012,2024,USD,WEO,Apr2025,0.946816972101417
COM,2013,2024,USD,WEO,Apr2025,0.995546511747164
COM,2014,2024,USD,WEO,Apr2025,1.00470759283723
COM,2015,2024,USD,WEO,Apr2025,0.834383993576949
COM,2016,2024,USD,WEO,Apr2025,0.846864417582081
COM,2017,2024,USD,WEO,Apr2025,0.867273051600578
COM,2018,2024,USD,WEO,Apr2025,0.916047868869337
COM,2019,2024,USD,WEO,Apr2025,0.90706714821274
COM,2020,2024,USD,WEO,Apr2025,0.931799210731753
COM,2021,2024,USD,WEO,Apr2025,0.954779931148396
COM,2022,2024,USD,WEO,Apr2025,0.894007734212225
COM,2023,2024,USD,WEO,Apr2025,0.94750157967033
COM,2024,2024,USD,WEO,Apr2025,1
COM,2025,2024,USD,WEO,Apr2025,1.02450163157841
COM,2026,2024,USD,WEO,Apr2025,1.04864942038003
COM,2027,2024,USD,WEO,Apr2025,1.06502070122328
COM,2028,2024,USD,WEO,Apr2025,1.08100302533816
COM,2029,2024,USD,WEO,Apr2025,1.10245108216728
COM,2030,2024,USD,WEO,Apr2025,1.12731820941318
CPV,1980,2024,USD,WEO,Apr2025,0.474684130240108
CPV,1981,2024,USD,WEO,Apr2025,0.521325659435823
CPV,1982,2024,USD,WEO,Apr2025,0.403975516555373
CPV,1983,2024,USD,WEO,Apr2025,0.356478932047378
CPV,1984,2024,USD,WEO,Apr2025,0.348255521931158
CPV,1985,2024,USD,WEO,Apr2025,0.360073575803134
CPV,1986,2024,USD,WEO,Apr2025,0.452470534789275
CPV,1987,2024,USD,WEO,Apr2025,0.540177619870934
CPV,1988,2024,USD,WEO,Apr2025,0.621577031477023
CPV,1989,2024,USD,WEO,Apr2025,0.60633187571661
CPV,1990,2024,USD,WEO,Apr2025,0.749078618941743
CPV,1991,2024,USD,WEO,Apr2025,0.792366286755722
CPV,1992,2024,USD,WEO,Apr2025,0.83144795091148
CPV,1993,2024,USD,WEO,Apr2025,0.697160194082931
CPV,1994,2024,USD,WEO,Apr2025,0.680719605443288
CPV,1995,2024,USD,WEO,Apr2025,0.802147911994844
CPV,1996,2024,USD,WEO,Apr2025,0.805899366953089
CPV,1997,2024,USD,WEO,Apr2025,0.746254980523006
CPV,1998,2024,USD,WEO,Apr2025,0.732425731544879
CPV,1999,2024,USD,WEO,Apr2025,0.70024014801433
CPV,2000,2024,USD,WEO,Apr2025,0.658453050125875
CPV,2001,2024,USD,WEO,Apr2025,0.702026040287453
CPV,2002,2024,USD,WEO,Apr2025,0.730747712488696
CPV,2003,2024,USD,WEO,Apr2025,0.866351438819838
CPV,2004,2024,USD,WEO,Apr2025,0.943730340278768
CPV,2005,2024,USD,WEO,Apr2025,0.985126632507889
CPV,2006,2024,USD,WEO,Apr2025,0.93969750047412
CPV,2007,2024,USD,WEO,Apr2025,0.926942767986625
CPV,2008,2024,USD,WEO,Apr2025,1.02868641492256
CPV,2009,2024,USD,WEO,Apr2025,0.986845855771095
CPV,2010,2024,USD,WEO,Apr2025,0.954926346438275
CPV,2011,2024,USD,WEO,Apr2025,1.03063483276422
CPV,2012,2024,USD,WEO,Apr2025,0.952839000069707
CPV,2013,2024,USD,WEO,Apr2025,1.00427001878262
CPV,2014,2024,USD,WEO,Apr2025,1.00370862518219
CPV,2015,2024,USD,WEO,Apr2025,0.852204605863084
CPV,2016,2024,USD,WEO,Apr2025,0.863917695373465
CPV,2017,2024,USD,WEO,Apr2025,0.891970548789875
CPV,2018,2024,USD,WEO,Apr2025,0.949688869682555
CPV,2019,2024,USD,WEO,Apr2025,0.906499273573037
CPV,2020,2024,USD,WEO,Apr2025,0.931070456840814
CPV,2021,2024,USD,WEO,Apr2025,0.975352037973464
CPV,2022,2024,USD,WEO,Apr2025,0.934079917083786
CPV,2023,2024,USD,WEO,Apr2025,1.00626300807043
CPV,2024,2024,USD,WEO,Apr2025,1
CPV,2025,2024,USD,WEO,Apr2025,0.973593468282334
CPV,2026,2024,USD,WEO,Apr2025,0.992278536114061
CPV,2027,2024,USD,WEO,Apr2025,1.01313014882175
CPV,2028,2024,USD,WEO,Apr2025,1.03378279471185
CPV,2029,2024,USD,WEO,Apr2025,1.05509324816764
CPV,2030,2024,USD,WEO,Apr2025,1.07680861922246
CRI,1980,2024,USD,WEO,Apr2025,0.261516298587665
CRI,1981,2024,USD,WEO,Apr2025,0.145302156524239
CRI,1982,2024,USD,WEO,Apr2025,0.155708438638331
CRI,1983,2024,USD,WEO,Apr2025,0.18276634181645
CRI,1984,2024,USD,WEO,Apr2025,0.196793043699408
CRI,1985,2024,USD,WEO,Apr2025,0.20935344507581
CRI,1986,2024,USD,WEO,Apr2025,0.222733900509235
CRI,1987,2024,USD,WEO,Apr2025,0.218801279035658
CRI,1988,2024,USD,WEO,Apr2025,0.215350227536004
CRI,1989,2024,USD,WEO,Apr2025,0.230794759636025
CRI,1990,2024,USD,WEO,Apr2025,0.243439885278889
CRI,1991,2024,USD,WEO,Apr2025,0.298634417401617
CRI,1992,2024,USD,WEO,Apr2025,0.325491618891678
CRI,1993,2024,USD,WEO,Apr2025,0.340111924988016
CRI,1994,2024,USD,WEO,Apr2025,0.356060071131379
CRI,1995,2024,USD,WEO,Apr2025,0.377352108098216
CRI,1996,2024,USD,WEO,Apr2025,0.37570230450939
CRI,1997,2024,USD,WEO,Apr2025,0.384703691609631
CRI,1998,2024,USD,WEO,Apr2025,0.389460472709468
CRI,1999,2024,USD,WEO,Apr2025,0.389298048139162
CRI,2000,2024,USD,WEO,Apr2025,0.394694856051465
CRI,2001,2024,USD,WEO,Apr2025,0.405839412032084
CRI,2002,2024,USD,WEO,Apr2025,0.407288340056243
CRI,2003,2024,USD,WEO,Apr2025,0.406748474156466
CRI,2004,2024,USD,WEO,Apr2025,0.419677953815228
CRI,2005,2024,USD,WEO,Apr2025,0.434718926185873
CRI,2006,2024,USD,WEO,Apr2025,0.458942017382098
CRI,2007,2024,USD,WEO,Apr2025,0.50191412669428
CRI,2008,2024,USD,WEO,Apr2025,0.549027399123102
CRI,2009,2024,USD,WEO,Apr2025,0.552855662235677
CRI,2010,2024,USD,WEO,Apr2025,0.64266043314987
CRI,2011,2024,USD,WEO,Apr2025,0.699024516970791
CRI,2012,2024,USD,WEO,Apr2025,0.736133256752836
CRI,2013,2024,USD,WEO,Apr2025,0.774751244136387
CRI,2014,2024,USD,WEO,Apr2025,0.763933174077787
CRI,2015,2024,USD,WEO,Apr2025,0.799714142892726
CRI,2016,2024,USD,WEO,Apr2025,0.800151676440622
CRI,2017,2024,USD,WEO,Apr2025,0.790010294306397
CRI,2018,2024,USD,WEO,Apr2025,0.794105049120969
CRI,2019,2024,USD,WEO,Apr2025,0.800075131448515
CRI,2020,2024,USD,WEO,Apr2025,0.809447773698998
CRI,2021,2024,USD,WEO,Apr2025,0.780852706667448
CRI,2022,2024,USD,WEO,Apr2025,0.796087352898569
CRI,2023,2024,USD,WEO,Apr2025,0.946333077019871
CRI,2024,2024,USD,WEO,Apr2025,1
CRI,2025,2024,USD,WEO,Apr2025,1.03996600423906
CRI,2026,2024,USD,WEO,Apr2025,1.06433019896033
CRI,2027,2024,USD,WEO,Apr2025,1.09000987869024
CRI,2028,2024,USD,WEO,Apr2025,1.11674657543218
CRI,2029,2024,USD,WEO,Apr2025,1.14280497303517
CRI,2030,2024,USD,WEO,Apr2025,1.16955875763251
CUB,1960,2024,USD,OECD,Apr2026,0.11053475
CUB,1961,2024,USD,OECD,Apr2026,0.11319964
CUB,1962,2024,USD,OECD,Apr2026,0.11711019
CUB,1963,2024,USD,OECD,Apr2026,0.12028961
CUB,1964,2024,USD,OECD,Apr2026,0.12294403
CUB,1965,2024,USD,OECD,Apr2026,0.12633537
CUB,1966,2024,USD,OECD,Apr2026,0.12954192
CUB,1967,2024,USD,OECD,Apr2026,0.13233152
CUB,1968,2024,USD,OECD,Apr2026,0.13672161
CUB,1969,2024,USD,OECD,Apr2026,0.1417826
CUB,1970,2024,USD,OECD,Apr2026,0.14235056
CUB,1971,2024,USD,OECD,Apr2026,0.15186995
CUB,1972,2024,USD,OECD,Apr2026,0.16753833
CUB,1973,2024,USD,OECD,Apr2026,0.19417575
CUB,1974,2024,USD,OECD,Apr2026,0.21353572
CUB,1975,2024,USD,OECD,Apr2026,0.24204872
CUB,1976,2024,USD,OECD,Apr2026,0.24997783
CUB,1977,2024,USD,OECD,Apr2026,0.27134711
CUB,1978,2024,USD,OECD,Apr2026,0.31056562
CUB,1979,2024,USD,OECD,Apr2026,0.35485973
CUB,1980,2024,USD,OECD,Apr2026,0.38599127
CUB,1981,2024,USD,OECD,Apr2026,0.37568561
CUB,1982,2024,USD,OECD,Apr2026,0.36695295
CUB,1983,2024,USD,OECD,Apr2026,0.36887866
CUB,1984,2024,USD,OECD,Apr2026,0.36258462
CUB,1985,2024,USD,OECD,Apr2026,0.36270162
CUB,1986,2024,USD,OECD,Apr2026,0.44206557
CUB,1987,2024,USD,OECD,Apr2026,0.51320688
CUB,1988,2024,USD,OECD,Apr2026,0.55160135
CUB,1989,2024,USD,OECD,Apr2026,0.55608109
CUB,1990,2024,USD,OECD,Apr2026,0.60988323
CUB,1991,2024,USD,OECD,Apr2026,0.63572072
CUB,1992,2024,USD,OECD,Apr2026,0.66863429
CUB,1993,2024,USD,OECD,Apr2026,0.65256434
CUB,1994,2024,USD,OECD,Apr2026,0.68600421
CUB,1995,2024,USD,OECD,Apr2026,0.76942941
CUB,1996,2024,USD,OECD,Apr2026,0.71780542
CUB,1997,2024,USD,OECD,Apr2026,0.67694103
CUB,1998,2024,USD,OECD,Apr2026,0.66636733
CUB,1999,2024,USD,OECD,Apr2026,0.67662909
CUB,2000,2024,USD,OECD,Apr2026,0.651094
CUB,2001,2024,USD,OECD,Apr2026,0.61256716
CUB,2002,2024,USD,OECD,Apr2026,0.63311269
CUB,2003,2024,USD,OECD,Apr2026,0.71089846
CUB,2004,2024,USD,OECD,Apr2026,0.76724772
CUB,2005,2024,USD,OECD,Apr2026,0.78969407
CUB,2006,2024,USD,OECD,Apr2026,0.81473753
CUB,2007,2024,USD,OECD,Apr2026,0.87438292
CUB,2008,2024,USD,OECD,Apr2026,0.91574213
CUB,2009,2024,USD,OECD,Apr2026,0.88346628
CUB,2010,2024,USD,OECD,Apr2026,0.89193215
CUB,2011,2024,USD,OECD,Apr2026,0.94556494
CUB,2012,2024,USD,OECD,Apr2026,0.92337488
CUB,2013,2024,USD,OECD,Apr2026,0.93462087
CUB,2014,2024,USD,OECD,Apr2026,0.9340638
CUB,2015,2024,USD,OECD,Apr2026,0.8438034
CUB,2016,2024,USD,OECD,Apr2026,0.83457093
CUB,2017,2024,USD,OECD,Apr2026,0.85219247
CUB,2018,2024,USD,OECD,Apr2026,0.88742997
CUB,2019,2024,USD,OECD,Apr2026,0.87370206
CUB,2020,2024,USD,OECD,Apr2026,0.90077616
CUB,2021,2024,USD,OECD,Apr2026,0.95776544
CUB,2022,2024,USD,OECD,Apr2026,0.93027251
CUB,2023,2024,USD,OECD,Apr2026,0.97668439
CUB,2024,2024,USD,OECD,Apr2026,1
CUB,2025,2024,USD,OECD,Apr2026,1.05193723
CUB,2026,2024,USD,WEO,Apr2025,1.04507247758326
CUB,2027,2024,USD,WEO,Apr2025,1.06671061378565
CUB,2028,2024,USD,WEO,Apr2025,1.09099965043634
CUB,2029,2024,USD,WEO,Apr2025,1.11394811494906
CUB,2030,2024,USD,WEO,Apr2025,1.13875922517087
CYP,1980,2024,USD,WEO,Apr2025,0.371453816487242
CYP,1981,2024,USD,WEO,Apr2025,0.34924071444716
CYP,1982,2024,USD,WEO,Apr2025,0.339893257073025
CYP,1983,2024,USD,WEO,Apr2025,0.323042527898457
CYP,1984,2024,USD,WEO,Apr2025,0.312926229071277
CYP,1985,2024,USD,WEO,Apr2025,0.318769984896503
CYP,1986,2024,USD,WEO,Apr2025,0.390955688438404
CYP,1987,2024,USD,WEO,Apr2025,0.43773212013202
CYP,1988,2024,USD,WEO,Apr2025,0.466075110419012
CYP,1989,2024,USD,WEO,Apr2025,0.460516372421672
CYP,1990,2024,USD,WEO,Apr2025,0.525189877742331
CYP,1991,2024,USD,WEO,Apr2025,0.538006308309967
CYP,1992,2024,USD,WEO,Apr2025,0.589529664423612
CYP,1993,2024,USD,WEO,Apr2025,0.559718822305477
CYP,1994,2024,USD,WEO,Apr2025,0.596003949308808
CYP,1995,2024,USD,WEO,Apr2025,0.673139109582797
CYP,1996,2024,USD,WEO,Apr2025,0.670134051461827
CYP,1997,2024,USD,WEO,Apr2025,0.622123958176663
CYP,1998,2024,USD,WEO,Apr2025,0.62972701095139
CYP,1999,2024,USD,WEO,Apr2025,0.614430745832672
CYP,2000,2024,USD,WEO,Apr2025,0.55146380966985
CYP,2001,2024,USD,WEO,Apr2025,0.552221965760312
CYP,2002,2024,USD,WEO,Apr2025,0.584888011921184
CYP,2003,2024,USD,WEO,Apr2025,0.726113166750063
CYP,2004,2024,USD,WEO,Apr2025,0.823252844305061
CYP,2005,2024,USD,WEO,Apr2025,0.847905314564814
CYP,2006,2024,USD,WEO,Apr2025,0.883684956895972
CYP,2007,2024,USD,WEO,Apr2025,0.991529306906342
CYP,2008,2024,USD,WEO,Apr2025,1.11048212814206
CYP,2009,2024,USD,WEO,Apr2025,1.05488278370016
CYP,2010,2024,USD,WEO,Apr2025,1.02345972809488
CYP,2011,2024,USD,WEO,Apr2025,1.0908909948284
CYP,2012,2024,USD,WEO,Apr2025,1.02460799416727
CYP,2013,2024,USD,WEO,Apr2025,1.04858630114412
CYP,2014,2024,USD,WEO,Apr2025,1.0351201683711
CYP,2015,2024,USD,WEO,Apr2025,0.857829760685624
CYP,2016,2024,USD,WEO,Apr2025,0.850595629400562
CYP,2017,2024,USD,WEO,Apr2025,0.87684681601655
CYP,2018,2024,USD,WEO,Apr2025,0.926821990083326
CYP,2019,2024,USD,WEO,Apr2025,0.890120885190898
CYP,2020,2024,USD,WEO,Apr2025,0.896382680758879
CYP,2021,2024,USD,WEO,Apr2025,0.957865332863993
CYP,2022,2024,USD,WEO,Apr2025,0.909988219619787
CYP,2023,2024,USD,WEO,Apr2025,0.969677704945237
CYP,2024,2024,USD,WEO,Apr2025,1
CYP,2025,2024,USD,WEO,Apr2025,1.04476810282848
CYP,2026,2024,USD,WEO,Apr2025,1.06740028654995
CYP,2027,2024,USD,WEO,Apr2025,1.08288807669695
CYP,2028,2024,USD,WEO,Apr2025,1.09837807451908
CYP,2029,2024,USD,WEO,Apr2025,1.11541817373722
CYP,2030,2024,USD,WEO,Apr2025,1.13352186949267
CZE,1960,2024,USD,OECD,Apr2026,0
CZE,1961,2024,USD,OECD,Apr2026,0
CZE,1962,2024,USD,OECD,Apr2026,0
CZE,1963,2024,USD,OECD,Apr2026,0
CZE,1964,2024,USD,OECD,Apr2026,0
CZE,1965,2024,USD,OECD,Apr2026,0
CZE,1966,2024,USD,OECD,Apr2026,0
CZE,1967,2024,USD,OECD,Apr2026,0
CZE,1968,2024,USD,OECD,Apr2026,0
CZE,1969,2024,USD,OECD,Apr2026,0
CZE,1970,2024,USD,OECD,Apr2026,0
CZE,1971,2024,USD,OECD,Apr2026,0
CZE,1972,2024,USD,OECD,Apr2026,0
CZE,1973,2024,USD,OECD,Apr2026,0
CZE,1974,2024,USD,OECD,Apr2026,0
CZE,1975,2024,USD,OECD,Apr2026,0
CZE,1976,2024,USD,OECD,Apr2026,0
CZE,1977,2024,USD,OECD,Apr2026,0
CZE,1978,2024,USD,OECD,Apr2026,0
CZE,1979,2024,USD,OECD,Apr2026,0
CZE,1980,2024,USD,OECD,Apr2026,0
CZE,1981,2024,USD,OECD,Apr2026,0
CZE,1982,2024,USD,OECD,Apr2026,0
CZE,1983,2024,USD,OECD,Apr2026,0
CZE,1984,2024,USD,OECD,Apr2026,0
CZE,1985,2024,USD,OECD,Apr2026,0
CZE,1986,2024,USD,OECD,Apr2026,0
CZE,1987,2024,USD,OECD,Apr2026,0
CZE,1988,2024,USD,OECD,Apr2026,0
CZE,1989,2024,USD,OECD,Apr2026,0
CZE,1990,2024,USD,OECD,Apr2026,0
CZE,1991,2024,USD,OECD,Apr2026,0
CZE,1992,2024,USD,OECD,Apr2026,0
CZE,1993,2024,USD,OECD,Apr2026,0.24473276
CZE,1994,2024,USD,OECD,Apr2026,0.27519952
CZE,1995,2024,USD,OECD,Apr2026,0.32897996
CZE,1996,2024,USD,OECD,Apr2026,0.35345064
CZE,1997,2024,USD,OECD,Apr2026,0.32795166
CZE,1998,2024,USD,OECD,Apr2026,0.35378817
CZE,1999,2024,USD,OECD,Apr2026,0.34047766
CZE,2000,2024,USD,OECD,Apr2026,0.31021159
CZE,2001,2024,USD,OECD,Apr2026,0.33079447
CZE,2002,2024,USD,OECD,Apr2026,0.39497557
CZE,2003,2024,USD,OECD,Apr2026,0.46612156
CZE,2004,2024,USD,OECD,Apr2026,0.53097271
CZE,2005,2024,USD,OECD,Apr2026,0.5702768
CZE,2006,2024,USD,OECD,Apr2026,0.60897898
CZE,2007,2024,USD,OECD,Apr2026,0.70203301
CZE,2008,2024,USD,OECD,Apr2026,0.83780195
CZE,2009,2024,USD,OECD,Apr2026,0.78561284
CZE,2010,2024,USD,OECD,Apr2026,0.7781286
CZE,2011,2024,USD,OECD,Apr2026,0.83828455
CZE,2012,2024,USD,OECD,Apr2026,0.76838461
CZE,2013,2024,USD,OECD,Apr2026,0.77735942
CZE,2014,2024,USD,OECD,Apr2026,0.75225908
CZE,2015,2024,USD,OECD,Apr2026,0.64280566
CZE,2016,2024,USD,OECD,Apr2026,0.65644901
CZE,2017,2024,USD,OECD,Apr2026,0.69756227
CZE,2018,2024,USD,OECD,Apr2026,0.77182472
CZE,2019,2024,USD,OECD,Apr2026,0.75947474
CZE,2020,2024,USD,OECD,Apr2026,0.78417088
CZE,2021,2024,USD,OECD,Apr2026,0.87338851
CZE,2022,2024,USD,OECD,Apr2026,0.88133828
CZE,2023,2024,USD,OECD,Apr2026,1.00691498
CZE,2024,2024,USD,OECD,Apr2026,1
CZE,2025,2024,USD,OECD,Apr2026,1.09404243
CZE,2026,2024,USD,WEO,Apr2025,1.05572816526961
CZE,2027,2024,USD,WEO,Apr2025,1.07484457893625
CZE,2028,2024,USD,WEO,Apr2025,1.09486036661772
CZE,2029,2024,USD,WEO,Apr2025,1.11580870128911
CZE,2030,2024,USD,WEO,Apr2025,1.13740915755914
DAC,1960,2024,USD,OECD,Apr2026,0.11053475
DAC,1961,2024,USD,OECD,Apr2026,0.11319964
DAC,1962,2024,USD,OECD,Apr2026,0.11711019
DAC,1963,2024,USD,OECD,Apr2026,0.12028961
DAC,1964,2024,USD,OECD,Apr2026,0.12294403
DAC,1965,2024,USD,OECD,Apr2026,0.12633537
DAC,1966,2024,USD,OECD,Apr2026,0.12954192
DAC,1967,2024,USD,OECD,Apr2026,0.13233152
DAC,1968,2024,USD,OECD,Apr2026,0.13672161
DAC,1969,2024,USD,OECD,Apr2026,0.1417826
DAC,1970,2024,USD,OECD,Apr2026,0.14235056
DAC,1971,2024,USD,OECD,Apr2026,0.15186995
DAC,1972,2024,USD,OECD,Apr2026,0.16753833
DAC,1973,2024,USD,OECD,Apr2026,0.19417575
DAC,1974,2024,USD,OECD,Apr2026,0.21353572
DAC,1975,2024,USD,OECD,Apr2026,0.24204872
DAC,1976,2024,USD,OECD,Apr2026,0.24997783
DAC,1977,2024,USD,OECD,Apr2026,0.27134711
DAC,1978,2024,USD,OECD,Apr2026,0.31056562
DAC,1979,2024,USD,OECD,Apr2026,0.35485973
DAC,1980,2024,USD,OECD,Apr2026,0.38599127
DAC,1981,2024,USD,OECD,Apr2026,0.37568561
DAC,1982,2024,USD,OECD,Apr2026,0.36695295
DAC,1983,2024,USD,OECD,Apr2026,0.36887866
DAC,1984,2024,USD,OECD,Apr2026,0.36258462
DAC,1985,2024,USD,OECD,Apr2026,0.36270162
DAC,1986,2024,USD,OECD,Apr2026,0.44206557
DAC,1987,2024,USD,OECD,Apr2026,0.51320688
DAC,1988,2024,USD,OECD,Apr2026,0.55160135
DAC,1989,2024,USD,OECD,Apr2026,0.55608109
DAC,1990,2024,USD,OECD,Apr2026,0.60988323
DAC,1991,2024,USD,OECD,Apr2026,0.63572072
DAC,1992,2024,USD,OECD,Apr2026,0.66863429
DAC,1993,2024,USD,OECD,Apr2026,0.65256434
DAC,1994,2024,USD,OECD,Apr2026,0.68600421
DAC,1995,2024,USD,OECD,Apr2026,0.76942941
DAC,1996,2024,USD,OECD,Apr2026,0.71780542
DAC,1997,2024,USD,OECD,Apr2026,0.67694103
DAC,1998,2024,USD,OECD,Apr2026,0.66636733
DAC,1999,2024,USD,OECD,Apr2026,0.67662909
DAC,2000,2024,USD,OECD,Apr2026,0.651094
DAC,2001,2024,USD,OECD,Apr2026,0.61256716
DAC,2002,2024,USD,OECD,Apr2026,0.63311269
DAC,2003,2024,USD,OECD,Apr2026,0.71089846
DAC,2004,2024,USD,OECD,Apr2026,0.76724772
DAC,2005,2024,USD,OECD,Apr2026,0.78969407
DAC,2006,2024,USD,OECD,Apr2026,0.81473753
DAC,2007,2024,USD,OECD,Apr2026,0.87438292
DAC,2008,2024,USD,OECD,Apr2026,0.91574213
DAC,2009,2024,USD,OECD,Apr2026,0.88346628
DAC,2010,2024,USD,OECD,Apr2026,0.89193215
DAC,2011,2024,USD,OECD,Apr2026,0.94556494
DAC,2012,2024,USD,OECD,Apr2026,0.92337488
DAC,2013,2024,USD,OECD,Apr2026,0.93462087
DAC,2014,2024,USD,OECD,Apr2026,0.9340638
DAC,2015,2024,USD,OECD,Apr2026,0.8438034
DAC,2016,2024,USD,OECD,Apr2026,0.83457093
DAC,2017,2024,USD,OECD,Apr2026,0.85219247
DAC,2018,2024,USD,OECD,Apr2026,0.88742997
DAC,2019,2024,USD,OECD,Apr2026,0.87370206
DAC,2020,2024,USD,OECD,Apr2026,0.90077616
DAC,2021,2024,USD,OECD,Apr2026,0.95776544
DAC,2022,2024,USD,OECD,Apr2026,0.93027251
DAC,2023,2024,USD,OECD,Apr2026,0.97668439
DAC,2024,2024,USD,OECD,Apr2026,1
DAC,2025,2024,USD,OECD,Apr2026,1.05193723
DAC,2026,2024,USD,WEO,Apr2025,1.04507247758326
DAC,2027,2024,USD,WEO,Apr2025,1.06671061378565
DAC,2028,2024,USD,WEO,Apr2025,1.09099965043634
DAC,2029,2024,USD,WEO,Apr2025,1.11394811494906
DAC,2030,2024,USD,WEO,Apr2025,1.13875922517087
DEU,1960,2024,USD,OECD,Apr2026,0.13107642
DEU,1961,2024,USD,OECD,Apr2026,0.14240929
DEU,1962,2024,USD,OECD,Apr2026,0.14873744
DEU,1963,2024,USD,OECD,Apr2026,0.15376042
DEU,1964,2024,USD,OECD,Apr2026,0.15890471
DEU,1965,2024,USD,OECD,Apr2026,0.16398272
DEU,1966,2024,USD,OECD,Apr2026,0.16944666
DEU,1967,2024,USD,OECD,Apr2026,0.17265588
DEU,1968,2024,USD,OECD,Apr2026,0.17639242
DEU,1969,2024,USD,OECD,Apr2026,0.18687642
DEU,1970,2024,USD,OECD,Apr2026,0.12093722
DEU,1971,2024,USD,OECD,Apr2026,0.13632321
DEU,1972,2024,USD,OECD,Apr2026,0.15557136
DEU,1973,2024,USD,OECD,Apr2026,0.19740545
DEU,1974,2024,USD,OECD,Apr2026,0.21873485
DEU,1975,2024,USD,OECD,Apr2026,0.24297716
DEU,1976,2024,USD,OECD,Apr2026,0.24520932
DEU,1977,2024,USD,OECD,Apr2026,0.27418406
DEU,1978,2024,USD,OECD,Apr2026,0.3282318
DEU,1979,2024,USD,OECD,Apr2026,0.37510413
DEU,1980,2024,USD,OECD,Apr2026,0.39894736
DEU,1981,2024,USD,OECD,Apr2026,0.33427952
DEU,1982,2024,USD,OECD,Apr2026,0.32547727
DEU,1983,2024,USD,OECD,Apr2026,0.3180129
DEU,1984,2024,USD,OECD,Apr2026,0.29095183
DEU,1985,2024,USD,OECD,Apr2026,0.2873026
DEU,1986,2024,USD,OECD,Apr2026,0.40108924
DEU,1987,2024,USD,OECD,Apr2026,0.4908631
DEU,1988,2024,USD,OECD,Apr2026,0.51090002
DEU,1989,2024,USD,OECD,Apr2026,0.49096934
DEU,1990,2024,USD,OECD,Apr2026,0.59061445
DEU,1991,2024,USD,OECD,Apr2026,0.59308993
DEU,1992,2024,USD,OECD,Apr2026,0.66324709
DEU,1993,2024,USD,OECD,Apr2026,0.65037478
DEU,1994,2024,USD,OECD,Apr2026,0.67546805
DEU,1995,2024,USD,OECD,Apr2026,0.77897396
DEU,1996,2024,USD,OECD,Apr2026,0.74533367
DEU,1997,2024,USD,OECD,Apr2026,0.64765934
DEU,1998,2024,USD,OECD,Apr2026,0.64270817
DEU,1999,2024,USD,OECD,Apr2026,0.61956493
DEU,2000,2024,USD,OECD,Apr2026,0.53405533
DEU,2001,2024,USD,OECD,Apr2026,0.52641806
DEU,2002,2024,USD,OECD,Apr2026,0.56228901
DEU,2003,2024,USD,OECD,Apr2026,0.68300182
DEU,2004,2024,USD,OECD,Apr2026,0.75971146
DEU,2005,2024,USD,OECD,Apr2026,0.76404522
DEU,2006,2024,USD,OECD,Apr2026,0.77505926
DEU,2007,2024,USD,OECD,Apr2026,0.86082784
DEU,2008,2024,USD,OECD,Apr2026,0.91568436
DEU,2009,2024,USD,OECD,Apr2026,0.90151944
DEU,2010,2024,USD,OECD,Apr2026,0.86339334
DEU,2011,2024,USD,OECD,Apr2026,0.91753482
DEU,2012,2024,USD,OECD,Apr2026,0.86035969
DEU,2013,2024,USD,OECD,Apr2026,0.90643315
DEU,2014,2024,USD,OECD,Apr2026,0.92301312
DEU,2015,2024,USD,OECD,Apr2026,0.78513898
DEU,2016,2024,USD,OECD,Apr2026,0.79257845
DEU,2017,2024,USD,OECD,Apr2026,0.81983461
DEU,2018,2024,USD,OECD,Apr2026,0.8744127
DEU,2019,2024,USD,OECD,Apr2026,0.84608484
DEU,2020,2024,USD,OECD,Apr2026,0.8764137
DEU,2021,2024,USD,OECD,Apr2026,0.93394921
DEU,2022,2024,USD,OECD,Apr2026,0.88385568
DEU,2023,2024,USD,OECD,Apr2026,0.96964889
DEU,2024,2024,USD,OECD,Apr2026,1
DEU,2025,2024,USD,OECD,Apr2026,1.07192207
DEU,2026,2024,USD,WEO,Apr2025,1.045246518114
DEU,2027,2024,USD,WEO,Apr2025,1.0662542637089
DEU,2028,2024,USD,WEO,Apr2025,1.08856953538834
DEU,2029,2024,USD,WEO,Apr2025,1.1119692495639
DEU,2030,2024,USD,WEO,Apr2025,1.13686482555299
DJI,1980,2024,USD,WEO_est,Apr2025,0.309927528639831
DJI,1981,2024,USD,WEO_est,Apr2025,0.317984278155624
DJI,1982,2024,USD,WEO_est,Apr2025,0.3262504676429
DJI,1983,2024,USD,WEO_est,Apr2025,0.334731541617661
DJI,1984,2024,USD,WEO_est,Apr2025,0.343433086129322
DJI,1985,2024,USD,WEO_est,Apr2025,0.352360832439961
DJI,1986,2024,USD,WEO_est,Apr2025,0.361520660799204
DJI,1987,2024,USD,WEO_est,Apr2025,0.370918604317245
DJI,1988,2024,USD,WEO_est,Apr2025,0.380560852938549
DJI,1989,2024,USD,WEO_est,Apr2025,0.39045375751885
DJI,1990,2024,USD,WEO_est,Apr2025,0.400603834008136
DJI,1991,2024,USD,WEO,Apr2025,0.411017767742369
DJI,1992,2024,USD,WEO,Apr2025,0.422554382712039
DJI,1993,2024,USD,WEO,Apr2025,0.441682766476088
DJI,1994,2024,USD,WEO,Apr2025,0.472382867509545
DJI,1995,2024,USD,WEO,Apr2025,0.495085780279506
DJI,1996,2024,USD,WEO,Apr2025,0.510599985617728
DJI,1997,2024,USD,WEO,Apr2025,0.525822809172383
DJI,1998,2024,USD,WEO,Apr2025,0.537127148453682
DJI,1999,2024,USD,WEO,Apr2025,0.548638302891969
DJI,2000,2024,USD,WEO,Apr2025,0.560544182375745
DJI,2001,2024,USD,WEO,Apr2025,0.571823179541562
DJI,2002,2024,USD,WEO,Apr2025,0.571667634037409
DJI,2003,2024,USD,WEO,Apr2025,0.583802505254277
DJI,2004,2024,USD,WEO,Apr2025,0.602793874021005
DJI,2005,2024,USD,WEO,Apr2025,0.622081549952061
DJI,2006,2024,USD,WEO,Apr2025,0.643497504397007
DJI,2007,2024,USD,WEO,Apr2025,0.675733212626982
DJI,2008,2024,USD,WEO,Apr2025,0.741073443661586
DJI,2009,2024,USD,WEO,Apr2025,0.752507162019665
DJI,2010,2024,USD,WEO,Apr2025,0.782332989063026
DJI,2011,2024,USD,WEO,Apr2025,0.821716877845891
DJI,2012,2024,USD,WEO,Apr2025,0.856287844185152
DJI,2013,2024,USD,WEO,Apr2025,0.876849620301681
DJI,2014,2024,USD,WEO,Apr2025,0.888845667118214
DJI,2015,2024,USD,WEO,Apr2025,0.904012152953821
DJI,2016,2024,USD,WEO,Apr2025,0.906915144814371
DJI,2017,2024,USD,WEO,Apr2025,0.912137437007554
DJI,2018,2024,USD,WEO,Apr2025,0.917838680351522
DJI,2019,2024,USD,WEO,Apr2025,0.922159650602987
DJI,2020,2024,USD,WEO,Apr2025,0.927431087488566
DJI,2021,2024,USD,WEO,Apr2025,0.958635162098648
DJI,2022,2024,USD,WEO,Apr2025,0.957206925009819
DJI,2023,2024,USD,WEO,Apr2025,0.980059715762274
DJI,2024,2024,USD,WEO,Apr2025,1
DJI,2025,2024,USD,WEO,Apr2025,1.01645100355158
DJI,2026,2024,USD,WEO,Apr2025,1.04149740958644
DJI,2027,2024,USD,WEO,Apr2025,1.06205265741042
DJI,2028,2024,USD,WEO,Apr2025,1.08404971494207
DJI,2029,2024,USD,WEO,Apr2025,1.09567991185167
DJI,2030,2024,USD,WEO,Apr2025,1.11823966816499
DMA,1980,2024,USD,WEO,Apr2025,0.282714058925863
DMA,1981,2024,USD,WEO,Apr2025,0.286539819790512
DMA,1982,2024,USD,WEO,Apr2025,0.302027239705284
DMA,1983,2024,USD,WEO,Apr2025,0.32394980661864
DMA,1984,2024,USD,WEO,Apr2025,0.342305449588176
DMA,1985,2024,USD,WEO,Apr2025,0.368473609287193
DMA,1986,2024,USD,WEO,Apr2025,0.390403070282382
DMA,1987,2024,USD,WEO,Apr2025,0.413482464529494
DMA,1988,2024,USD,WEO,Apr2025,0.431441954975265
DMA,1989,2024,USD,WEO,Apr2025,0.467657914748304
DMA,1990,2024,USD,WEO,Apr2025,0.481985225312782
DMA,1991,2024,USD,WEO,Apr2025,0.520539555340402
DMA,1992,2024,USD,WEO,Apr2025,0.542649024572336
DMA,1993,2024,USD,WEO,Apr2025,0.55840447493061
DMA,1994,2024,USD,WEO,Apr2025,0.599059658665976
DMA,1995,2024,USD,WEO,Apr2025,0.605668715691603
DMA,1996,2024,USD,WEO,Apr2025,0.623742839318958
DMA,1997,2024,USD,WEO,Apr2025,0.633400206560771
DMA,1998,2024,USD,WEO,Apr2025,0.648638745088951
DMA,1999,2024,USD,WEO,Apr2025,0.66641702505649
DMA,2000,2024,USD,WEO,Apr2025,0.653140810291619
DMA,2001,2024,USD,WEO,Apr2025,0.667290890255307
DMA,2002,2024,USD,WEO,Apr2025,0.672579831839859
DMA,2003,2024,USD,WEO,Apr2025,0.65139434184988
DMA,2004,2024,USD,WEO,Apr2025,0.676337885795079
DMA,2005,2024,USD,WEO,Apr2025,0.666437408825378
DMA,2006,2024,USD,WEO,Apr2025,0.682253872943878
DMA,2007,2024,USD,WEO,Apr2025,0.692483883068236
DMA,2008,2024,USD,WEO,Apr2025,0.70326407683502
DMA,2009,2024,USD,WEO,Apr2025,0.759754042763929
DMA,2010,2024,USD,WEO,Apr2025,0.762391593584138
DMA,2011,2024,USD,WEO,Apr2025,0.774930557780711
DMA,2012,2024,USD,WEO,Apr2025,0.759775061981081
DMA,2013,2024,USD,WEO,Apr2025,0.78639892934817
DMA,2014,2024,USD,WEO,Apr2025,0.78387407096559
DMA,2015,2024,USD,WEO,Apr2025,0.838436612073352
DMA,2016,2024,USD,WEO,Apr2025,0.868669258145254
DMA,2017,2024,USD,WEO,Apr2025,0.843031789329882
DMA,2018,2024,USD,WEO,Apr2025,0.865614886283113
DMA,2019,2024,USD,WEO,Apr2025,0.904737232094255
DMA,2020,2024,USD,WEO,Apr2025,0.893432124885437
DMA,2021,2024,USD,WEO,Apr2025,0.920404658016
DMA,2022,2024,USD,WEO,Apr2025,0.95340276
DMA,2023,2024,USD,WEO,Apr2025,0.981
DMA,2024,2024,USD,WEO,Apr2025,1
DMA,2025,2024,USD,WEO,Apr2025,1.02145692796967
DMA,2026,2024,USD,WEO,Apr2025,1.04249495610481
DMA,2027,2024,USD,WEO,Apr2025,1.06350644965611
DMA,2028,2024,USD,WEO,Apr2025,1.08432654051836
DMA,2029,2024,USD,WEO,Apr2025,1.10679258325218
DMA,2030,2024,USD,WEO,Apr2025,1.12756701482646
DNK,1960,2024,USD,OECD,Apr2026,0.0560883
DNK,1961,2024,USD,OECD,Apr2026,0.05838947
DNK,1962,2024,USD,OECD,Apr2026,0.0900508
DNK,1963,2024,USD,OECD,Apr2026,0.07831805
DNK,1964,2024,USD,OECD,Apr2026,0.06243979
DNK,1965,2024,USD,OECD,Apr2026,0.10071036
DNK,1966,2024,USD,OECD,Apr2026,0.09262819
DNK,1967,2024,USD,OECD,Apr2026,0.09566287
DNK,1968,2024,USD,OECD,Apr2026,0.09433557
DNK,1969,2024,USD,OECD,Apr2026,0.10062527
DNK,1970,2024,USD,OECD,Apr2026,0.11000128
DNK,1971,2024,USD,OECD,Apr2026,0.11967548
DNK,1972,2024,USD,OECD,Apr2026,0.13923032
DNK,1973,2024,USD,OECD,Apr2026,0.17805745
DNK,1974,2024,USD,OECD,Apr2026,0.19981707
DNK,1975,2024,USD,OECD,Apr2026,0.23999872
DNK,1976,2024,USD,OECD,Apr2026,0.2492924
DNK,1977,2024,USD,OECD,Apr2026,0.27341318
DNK,1978,2024,USD,OECD,Apr2026,0.32462639
DNK,1979,2024,USD,OECD,Apr2026,0.36452779
DNK,1980,2024,USD,OECD,Apr2026,0.36844492
DNK,1981,2024,USD,OECD,Apr2026,0.32208053
DNK,1982,2024,USD,OECD,Apr2026,0.30350758
DNK,1983,2024,USD,OECD,Apr2026,0.29707854
DNK,1984,2024,USD,OECD,Apr2026,0.27831596
DNK,1985,2024,USD,OECD,Apr2026,0.28390412
DNK,1986,2024,USD,OECD,Apr2026,0.38027206
DNK,1987,2024,USD,OECD,Apr2026,0.47198298
DNK,1988,2024,USD,OECD,Apr2026,0.49948784
DNK,1989,2024,USD,OECD,Apr2026,0.48233395
DNK,1990,2024,USD,OECD,Apr2026,0.58515788
DNK,1991,2024,USD,OECD,Apr2026,0.58126459
DNK,1992,2024,USD,OECD,Apr2026,0.62557262
DNK,1993,2024,USD,OECD,Apr2026,0.58610779
DNK,1994,2024,USD,OECD,Apr2026,0.60671533
DNK,1995,2024,USD,OECD,Apr2026,0.69743026
DNK,1996,2024,USD,OECD,Apr2026,0.68767511
DNK,1997,2024,USD,OECD,Apr2026,0.61591261
DNK,1998,2024,USD,OECD,Apr2026,0.6149272
DNK,1999,2024,USD,OECD,Apr2026,0.59988812
DNK,2000,2024,USD,OECD,Apr2026,0.53330045
DNK,2001,2024,USD,OECD,Apr2026,0.53142914
DNK,2002,2024,USD,OECD,Apr2026,0.57425132
DNK,2003,2024,USD,OECD,Apr2026,0.69872516
DNK,2004,2024,USD,OECD,Apr2026,0.7834594
DNK,2005,2024,USD,OECD,Apr2026,0.80502083
DNK,2006,2024,USD,OECD,Apr2026,0.82917709
DNK,2007,2024,USD,OECD,Apr2026,0.92736731
DNK,2008,2024,USD,OECD,Apr2026,1.0182901
DNK,2009,2024,USD,OECD,Apr2026,0.98982503
DNK,2010,2024,USD,OECD,Apr2026,0.97135283
DNK,2011,2024,USD,OECD,Apr2026,1.02530569
DNK,2012,2024,USD,OECD,Apr2026,0.97210397
DNK,2013,2024,USD,OECD,Apr2026,1.01053111
DNK,2014,2024,USD,OECD,Apr2026,1.02049844
DNK,2015,2024,USD,OECD,Apr2026,0.85605788
DNK,2016,2024,USD,OECD,Apr2026,0.85901933
DNK,2017,2024,USD,OECD,Apr2026,0.88544384
DNK,2018,2024,USD,OECD,Apr2026,0.93136748
DNK,2019,2024,USD,OECD,Apr2026,0.89007707
DNK,2020,2024,USD,OECD,Apr2026,0.9330338
DNK,2021,2024,USD,OECD,Apr2026,1.00025945
DNK,2022,2024,USD,OECD,Apr2026,0.98138132
DNK,2023,2024,USD,OECD,Apr2026,0.98652699
DNK,2024,2024,USD,OECD,Apr2026,1
DNK,2025,2024,USD,OECD,Apr2026,1.05431092
DNK,2026,2024,USD,WEO,Apr2025,1.05243555229638
DNK,2027,2024,USD,WEO,Apr2025,1.07854328374704
DNK,2028,2024,USD,WEO,Apr2025,1.10487938557544
DNK,2029,2024,USD,WEO,Apr2025,1.13269767794311
DNK,2030,2024,USD,WEO,Apr2025,1.16034927019624
DOM,1980,2024,USD,WEO,Apr2025,0.464829435547698
DOM,1981,2024,USD,WEO,Apr2025,0.49849370106527
DOM,1982,2024,USD,WEO,Apr2025,0.462008803672039
DOM,1983,2024,USD,WEO,Apr2025,0.457031002276368
DOM,1984,2024,USD,WEO,Apr2025,0.7094334919146
DOM,1985,2024,USD,WEO,Apr2025,0.316640225138894
DOM,1986,2024,USD,WEO,Apr2025,0.371551876495276
DOM,1987,2024,USD,WEO,Apr2025,0.355117996111532
DOM,1988,2024,USD,WEO,Apr2025,0.318323267089804
DOM,1989,2024,USD,WEO,Apr2025,0.344355567746743
DOM,1990,2024,USD,WEO,Apr2025,0.339031315648472
DOM,1991,2024,USD,WEO,Apr2025,0.415337427515909
DOM,1992,2024,USD,WEO,Apr2025,0.438260582517862
DOM,1993,2024,USD,WEO,Apr2025,0.460105467512623
DOM,1994,2024,USD,WEO,Apr2025,0.50209264751785
DOM,1995,2024,USD,WEO,Apr2025,0.539628048407354
DOM,1996,2024,USD,WEO,Apr2025,0.558400632510564
DOM,1997,2024,USD,WEO,Apr2025,0.562658079583043
DOM,1998,2024,USD,WEO,Apr2025,0.570894320203987
DOM,1999,2024,USD,WEO,Apr2025,0.550358707223908
DOM,2000,2024,USD,WEO,Apr2025,0.577421615964316
DOM,2001,2024,USD,WEO,Apr2025,0.593554961455077
DOM,2002,2024,USD,WEO,Apr2025,0.604610040711663
DOM,2003,2024,USD,WEO,Apr2025,0.483977528593024
DOM,2004,2024,USD,WEO,Apr2025,0.493439046248882
DOM,2005,2024,USD,WEO,Apr2025,0.720220692022185
DOM,2006,2024,USD,WEO,Apr2025,0.697339573032045
DOM,2007,2024,USD,WEO,Apr2025,0.752870008079938
DOM,2008,2024,USD,WEO,Apr2025,0.796991066229408
DOM,2009,2024,USD,WEO,Apr2025,0.790829257685985
DOM,2010,2024,USD,WEO,Apr2025,0.813871158555654
DOM,2011,2024,USD,WEO,Apr2025,0.849376168308557
DOM,2012,2024,USD,WEO,Apr2025,0.863776771055459
DOM,2013,2024,USD,WEO,Apr2025,0.850363128725263
DOM,2014,2024,USD,WEO,Apr2025,0.850531840610572
DOM,2015,2024,USD,WEO,Apr2025,0.841873206904188
DOM,2016,2024,USD,WEO,Apr2025,0.839586609287975
DOM,2017,2024,USD,WEO,Apr2025,0.845492683261595
DOM,2018,2024,USD,WEO,Apr2025,0.848404582360053
DOM,2019,2024,USD,WEO,Apr2025,0.848467551722121
DOM,2020,2024,USD,WEO,Apr2025,0.811947735296883
DOM,2021,2024,USD,WEO,Apr2025,0.861086224337625
DOM,2022,2024,USD,WEO,Apr2025,0.979571491522868
DOM,2023,2024,USD,WEO,Apr2025,1.01735548361728
DOM,2024,2024,USD,WEO,Apr2025,1
DOM,2025,2024,USD,WEO,Apr2025,0.986146909198516
DOM,2026,2024,USD,WEO,Apr2025,0.994713461154888
DOM,2027,2024,USD,WEO,Apr2025,1.01560590316894
DOM,2028,2024,USD,WEO,Apr2025,1.03731916401976
DOM,2029,2024,USD,WEO,Apr2025,1.05893739037864
DOM,2030,2024,USD,WEO,Apr2025,1.08190834150996
DZA,1980,2024,USD,WEO,Apr2025,0.556196130301433
DZA,1981,2024,USD,WEO,Apr2025,0.565834564450301
DZA,1982,2024,USD,WEO,Apr2025,0.536691568460621
DZA,1983,2024,USD,WEO,Apr2025,0.540449358469003
DZA,1984,2024,USD,WEO,Apr2025,0.554691269640838
DZA,1985,2024,USD,WEO,Apr2025,0.623366897783628
DZA,1986,2024,USD,WEO,Apr2025,0.628730277826989
DZA,1987,2024,USD,WEO,Apr2025,0.651318323033233
DZA,1988,2024,USD,WEO,Apr2025,0.541889518904446
DZA,1989,2024,USD,WEO,Apr2025,0.526024585677195
DZA,1990,2024,USD,WEO,Apr2025,0.614525903612823
DZA,1991,2024,USD,WEO,Apr2025,0.469008685398043
DZA,1992,2024,USD,WEO,Apr2025,0.486813742641936
DZA,1993,2024,USD,WEO,Apr2025,0.514908089113459
DZA,1994,2024,USD,WEO,Apr2025,0.432546994715445
DZA,1995,2024,USD,WEO,Apr2025,0.412991345913826
DZA,1996,2024,USD,WEO,Apr2025,0.443982988184222
DZA,1997,2024,USD,WEO,Apr2025,0.450720521669399
DZA,1998,2024,USD,WEO,Apr2025,0.428931230188541
DZA,1999,2024,USD,WEO,Apr2025,0.421305560598892
DZA,2000,2024,USD,WEO,Apr2025,0.454937639904253
DZA,2001,2024,USD,WEO,Apr2025,0.441649861253371
DZA,2002,2024,USD,WEO,Apr2025,0.433879186170668
DZA,2003,2024,USD,WEO,Apr2025,0.486631094261536
DZA,2004,2024,USD,WEO,Apr2025,0.582311609655375
DZA,2005,2024,USD,WEO,Apr2025,0.643677604519701
DZA,2006,2024,USD,WEO,Apr2025,0.719467170673056
DZA,2007,2024,USD,WEO,Apr2025,0.807544303723212
DZA,2008,2024,USD,WEO,Apr2025,0.997885885125544
DZA,2009,2024,USD,WEO,Apr2025,0.82205205317667
DZA,2010,2024,USD,WEO,Apr2025,0.927604605414764
DZA,2011,2024,USD,WEO,Apr2025,1.10605688791269
DZA,2012,2024,USD,WEO,Apr2025,1.12336644855987
DZA,2013,2024,USD,WEO,Apr2025,1.10725692023772
DZA,2014,2024,USD,WEO,Apr2025,1.10659195981434
DZA,2015,2024,USD,WEO,Apr2025,0.841706768551677
DZA,2016,2024,USD,WEO,Apr2025,0.781154114334276
DZA,2017,2024,USD,WEO,Apr2025,0.808758401167649
DZA,2018,2024,USD,WEO,Apr2025,0.816172685090636
DZA,2019,2024,USD,WEO,Apr2025,0.803863893392417
DZA,2020,2024,USD,WEO,Apr2025,0.721201200380005
DZA,2021,2024,USD,WEO,Apr2025,0.78363179540475
DZA,2022,2024,USD,WEO,Apr2025,0.918306625646306
DZA,2023,2024,USD,WEO,Apr2025,0.968434237051409
DZA,2024,2024,USD,WEO,Apr2025,1
DZA,2025,2024,USD,WEO,Apr2025,0.980708048304284
DZA,2026,2024,USD,WEO,Apr2025,0.95405428046695
DZA,2027,2024,USD,WEO,Apr2025,0.945556045392995
DZA,2028,2024,USD,WEO,Apr2025,0.938160583112822
DZA,2029,2024,USD,WEO,Apr2025,0.93343960356088
DZA,2030,2024,USD,WEO,Apr2025,0.929671094333253
ECU,1980,2024,USD,WEO,Apr2025,0.441694001433034
ECU,1981,2024,USD,WEO,Apr2025,0.435270224322082
ECU,1982,2024,USD,WEO,Apr2025,0.429405145375186
ECU,1983,2024,USD,WEO,Apr2025,0.38824912873946
ECU,1984,2024,USD,WEO,Apr2025,0.396534034139666
ECU,1985,2024,USD,WEO,Apr2025,0.444210158975781
ECU,1986,2024,USD,WEO,Apr2025,0.316153112918153
ECU,1987,2024,USD,WEO,Apr2025,0.314185299312242
ECU,1988,2024,USD,WEO,Apr2025,0.270418726907528
ECU,1989,2024,USD,WEO,Apr2025,0.264646925720434
ECU,1990,2024,USD,WEO,Apr2025,0.260907054150102
ECU,1991,2024,USD,WEO,Apr2025,0.278506161392281
ECU,1992,2024,USD,WEO,Apr2025,0.293913914353391
ECU,1993,2024,USD,WEO,Apr2025,0.336607259323378
ECU,1994,2024,USD,WEO,Apr2025,0.389324814442253
ECU,1995,2024,USD,WEO,Apr2025,0.413519622948374
ECU,1996,2024,USD,WEO,Apr2025,0.42536090416424
ECU,1997,2024,USD,WEO,Apr2025,0.458163105053664
ECU,1998,2024,USD,WEO,Apr2025,0.451306962522921
ECU,1999,2024,USD,WEO,Apr2025,0.340398957893299
ECU,2000,2024,USD,WEO,Apr2025,0.31248068277342
ECU,2001,2024,USD,WEO,Apr2025,0.395587955317879
ECU,2002,2024,USD,WEO,Apr2025,0.441025651540871
ECU,2003,2024,USD,WEO,Apr2025,0.490626935062971
ECU,2004,2024,USD,WEO,Apr2025,0.521987271846189
ECU,2005,2024,USD,WEO,Apr2025,0.566788634747977
ECU,2006,2024,USD,WEO,Apr2025,0.616194931694951
ECU,2007,2024,USD,WEO,Apr2025,0.659722356115772
ECU,2008,2024,USD,WEO,Apr2025,0.759291420349619
ECU,2009,2024,USD,WEO,Apr2025,0.738271338528664
ECU,2010,2024,USD,WEO,Apr2025,0.804813917343721
ECU,2011,2024,USD,WEO,Apr2025,0.859854927515321
ECU,2012,2024,USD,WEO,Apr2025,0.902872792756887
ECU,2013,2024,USD,WEO,Apr2025,0.926950558114484
ECU,2014,2024,USD,WEO,Apr2025,0.945986247845193
ECU,2015,2024,USD,WEO,Apr2025,0.894187038571211
ECU,2016,2024,USD,WEO,Apr2025,0.904651553809318
ECU,2017,2024,USD,WEO,Apr2025,0.913086429076419
ECU,2018,2024,USD,WEO,Apr2025,0.9297064666563
ECU,2019,2024,USD,WEO,Apr2025,0.929185375066033
ECU,2020,2024,USD,WEO,Apr2025,0.912211944988007
ECU,2021,2024,USD,WEO,Apr2025,0.932053261303461
ECU,2022,2024,USD,WEO,Apr2025,0.953941990881772
ECU,2023,2024,USD,WEO,Apr2025,0.975730565440983
ECU,2024,2024,USD,WEO,Apr2025,1
ECU,2025,2024,USD,WEO,Apr2025,1.01491362208311
ECU,2026,2024,USD,WEO,Apr2025,1.03051181064721
ECU,2027,2024,USD,WEO,Apr2025,1.04635506816137
ECU,2028,2024,USD,WEO,Apr2025,1.06243498772235
ECU,2029,2024,USD,WEO,Apr2025,1.07876393186692
ECU,2030,2024,USD,WEO,Apr2025,1.09534940637312
EGY,1980,2024,USD,WEO,Apr2025,0.426899837712832
EGY,1981,2024,USD,WEO,Apr2025,0.457442743842239
EGY,1982,2024,USD,WEO,Apr2025,0.504438315210431
EGY,1983,2024,USD,WEO,Apr2025,0.566302013643955
EGY,1984,2024,USD,WEO,Apr2025,0.5894631045643
EGY,1985,2024,USD,WEO,Apr2025,0.639802874934353
EGY,1986,2024,USD,WEO,Apr2025,0.676199515294408
EGY,1987,2024,USD,WEO,Apr2025,0.927703668996118
EGY,1988,2024,USD,WEO,Apr2025,1.06702035949636
EGY,1989,2024,USD,WEO,Apr2025,1.29165108209925
EGY,1990,2024,USD,WEO,Apr2025,1.05113675580119
EGY,1991,2024,USD,WEO,Apr2025,0.518910289910682
EGY,1992,2024,USD,WEO,Apr2025,0.471819240813106
EGY,1993,2024,USD,WEO,Apr2025,0.514145207399425
EGY,1994,2024,USD,WEO,Apr2025,0.543537599646527
EGY,1995,2024,USD,WEO,Apr2025,0.603178116143664
EGY,1996,2024,USD,WEO,Apr2025,0.646660068143351
EGY,1997,2024,USD,WEO,Apr2025,0.684857691745137
EGY,1998,2024,USD,WEO,Apr2025,0.71195375398651
EGY,1999,2024,USD,WEO,Apr2025,0.714967059652337
EGY,2000,2024,USD,WEO,Apr2025,0.747783608336935
EGY,2001,2024,USD,WEO,Apr2025,0.705234530850738
EGY,2002,2024,USD,WEO,Apr2025,0.603186949708376
EGY,2003,2024,USD,WEO,Apr2025,0.55150887984733
EGY,2004,2024,USD,WEO,Apr2025,0.515469443996447
EGY,2005,2024,USD,WEO,Apr2025,0.560529550290082
EGY,2006,2024,USD,WEO,Apr2025,0.629268210287624
EGY,2007,2024,USD,WEO,Apr2025,0.713326294820511
EGY,2008,2024,USD,WEO,Apr2025,0.829577747404856
EGY,2009,2024,USD,WEO,Apr2025,0.920228733107158
EGY,2010,2024,USD,WEO,Apr2025,1.01511279177759
EGY,2011,2024,USD,WEO,Apr2025,1.07427211398594
EGY,2012,2024,USD,WEO,Apr2025,1.2492233652524
EGY,2013,2024,USD,WEO,Apr2025,1.24506841892178
EGY,2014,2024,USD,WEO,Apr2025,1.28319480836166
EGY,2015,2024,USD,WEO,Apr2025,1.33848112406698
EGY,2016,2024,USD,WEO,Apr2025,1.28765831513961
EGY,2017,2024,USD,WEO,Apr2025,0.86798177488329
EGY,2018,2024,USD,WEO,Apr2025,0.878604175960892
EGY,2019,2024,USD,WEO,Apr2025,1.00556047547021
EGY,2020,2024,USD,WEO,Apr2025,1.16822515212267
EGY,2021,2024,USD,WEO,Apr2025,1.2520351581219
EGY,2022,2024,USD,WEO,Apr2025,1.31797777409965
EGY,2023,2024,USD,WEO,Apr2025,1.05264019827255
EGY,2024,2024,USD,WEO,Apr2025,1
EGY,2025,2024,USD,WEO,Apr2025,0.873811065083756
EGY,2026,2024,USD,WEO,Apr2025,0.938469487670983
EGY,2027,2024,USD,WEO,Apr2025,0.996315908068881
EGY,2028,2024,USD,WEO,Apr2025,1.05285221222872
EGY,2029,2024,USD,WEO,Apr2025,1.10773599891527
EGY,2030,2024,USD,WEO,Apr2025,1.15788974627443
ERI,1960,2024,USD,OECD,Apr2026,0.11053475
ERI,1961,2024,USD,OECD,Apr2026,0.11319964
ERI,1962,2024,USD,OECD,Apr2026,0.11711019
ERI,1963,2024,USD,OECD,Apr2026,0.12028961
ERI,1964,2024,USD,OECD,Apr2026,0.12294403
ERI,1965,2024,USD,OECD,Apr2026,0.12633537
ERI,1966,2024,USD,OECD,Apr2026,0.12954192
ERI,1967,2024,USD,OECD,Apr2026,0.13233152
ERI,1968,2024,USD,OECD,Apr2026,0.13672161
ERI,1969,2024,USD,OECD,Apr2026,0.1417826
ERI,1970,2024,USD,OECD,Apr2026,0.14235056
ERI,1971,2024,USD,OECD,Apr2026,0.15186995
ERI,1972,2024,USD,OECD,Apr2026,0.16753833
ERI,1973,2024,USD,OECD,Apr2026,0.19417575
ERI,1974,2024,USD,OECD,Apr2026,0.21353572
ERI,1975,2024,USD,OECD,Apr2026,0.24204872
ERI,1976,2024,USD,OECD,Apr2026,0.24997783
ERI,1977,2024,USD,OECD,Apr2026,0.27134711
ERI,1978,2024,USD,OECD,Apr2026,0.31056562
ERI,1979,2024,USD,OECD,Apr2026,0.35485973
ERI,1980,2024,USD,OECD,Apr2026,0.38599127
ERI,1981,2024,USD,OECD,Apr2026,0.37568561
ERI,1982,2024,USD,OECD,Apr2026,0.36695295
ERI,1983,2024,USD,OECD,Apr2026,0.36887866
ERI,1984,2024,USD,OECD,Apr2026,0.36258462
ERI,1985,2024,USD,OECD,Apr2026,0.36270162
ERI,1986,2024,USD,OECD,Apr2026,0.44206557
ERI,1987,2024,USD,OECD,Apr2026,0.51320688
ERI,1988,2024,USD,OECD,Apr2026,0.55160135
ERI,1989,2024,USD,OECD,Apr2026,0.55608109
ERI,1990,2024,USD,OECD,Apr2026,0.60988323
ERI,1991,2024,USD,OECD,Apr2026,0.63572072
ERI,1992,2024,USD,OECD,Apr2026,0.66863429
ERI,1993,2024,USD,OECD,Apr2026,0.65256434
ERI,1994,2024,USD,OECD,Apr2026,0.68600421
ERI,1995,2024,USD,OECD,Apr2026,0.76942941
ERI,1996,2024,USD,OECD,Apr2026,0.71780542
ERI,1997,2024,USD,OECD,Apr2026,0.67694103
ERI,1998,2024,USD,OECD,Apr2026,0.66636733
ERI,1999,2024,USD,OECD,Apr2026,0.67662909
ERI,2000,2024,USD,OECD,Apr2026,0.651094
ERI,2001,2024,USD,OECD,Apr2026,0.61256716
ERI,2002,2024,USD,OECD,Apr2026,0.63311269
ERI,2003,2024,USD,OECD,Apr2026,0.71089846
ERI,2004,2024,USD,OECD,Apr2026,0.76724772
ERI,2005,2024,USD,OECD,Apr2026,0.78969407
ERI,2006,2024,USD,OECD,Apr2026,0.81473753
ERI,2007,2024,USD,OECD,Apr2026,0.87438292
ERI,2008,2024,USD,OECD,Apr2026,0.91574213
ERI,2009,2024,USD,OECD,Apr2026,0.88346628
ERI,2010,2024,USD,OECD,Apr2026,0.89193215
ERI,2011,2024,USD,OECD,Apr2026,0.94556494
ERI,2012,2024,USD,OECD,Apr2026,0.92337488
ERI,2013,2024,USD,OECD,Apr2026,0.93462087
ERI,2014,2024,USD,OECD,Apr2026,0.9340638
ERI,2015,2024,USD,OECD,Apr2026,0.8438034
ERI,2016,2024,USD,OECD,Apr2026,0.83457093
ERI,2017,2024,USD,OECD,Apr2026,0.85219247
ERI,2018,2024,USD,OECD,Apr2026,0.88742997
ERI,2019,2024,USD,OECD,Apr2026,0.87370206
ERI,2020,2024,USD,OECD,Apr2026,0.90077616
ERI,2021,2024,USD,OECD,Apr2026,0.95776544
ERI,2022,2024,USD,OECD,Apr2026,0.93027251
ERI,2023,2024,USD,OECD,Apr2026,0.97668439
ERI,2024,2024,USD,OECD,Apr2026,1
ERI,2025,2024,USD,OECD,Apr2026,1.05193723
ERI,2026,2024,USD,WEO,Apr2025,1.04507247758326
ERI,2027,2024,USD,WEO,Apr2025,1.06671061378565
ERI,2028,2024,USD,WEO,Apr2025,1.09099965043634
ERI,2029,2024,USD,WEO,Apr2025,1.11394811494906
ERI,2030,2024,USD,WEO,Apr2025,1.13875922517087
ESP,1960,2024,USD,OECD,Apr2026,0.05391339
ESP,1961,2024,USD,OECD,Apr2026,0.05485668
ESP,1962,2024,USD,OECD,Apr2026,0.05779076
ESP,1963,2024,USD,OECD,Apr2026,0.06232405
ESP,1964,2024,USD,OECD,Apr2026,0.06693456
ESP,1965,2024,USD,OECD,Apr2026,0.07305478
ESP,1966,2024,USD,OECD,Apr2026,0.07898261
ESP,1967,2024,USD,OECD,Apr2026,0.08409911
ESP,1968,2024,USD,OECD,Apr2026,0.07781744
ESP,1969,2024,USD,OECD,Apr2026,0.0817762
ESP,1970,2024,USD,OECD,Apr2026,0.08672548
ESP,1971,2024,USD,OECD,Apr2026,0.09415933
ESP,1972,2024,USD,OECD,Apr2026,0.1105214
ESP,1973,2024,USD,OECD,Apr2026,0.13669751
ESP,1974,2024,USD,OECD,Apr2026,0.15993344
ESP,1975,2024,USD,OECD,Apr2026,0.18753574
ESP,1976,2024,USD,OECD,Apr2026,0.18734979
ESP,1977,2024,USD,OECD,Apr2026,0.20351871
ESP,1978,2024,USD,OECD,Apr2026,0.2433512
ESP,1979,2024,USD,OECD,Apr2026,0.32500128
ESP,1980,2024,USD,OECD,Apr2026,0.34515146
ESP,1981,2024,USD,OECD,Apr2026,0.30144827
ESP,1982,2024,USD,OECD,Apr2026,0.2877147
ESP,1983,2024,USD,OECD,Apr2026,0.24627374
ESP,1984,2024,USD,OECD,Apr2026,0.24368819
ESP,1985,2024,USD,OECD,Apr2026,0.25022954
ESP,1986,2024,USD,OECD,Apr2026,0.33710102
ESP,1987,2024,USD,OECD,Apr2026,0.40469523
ESP,1988,2024,USD,OECD,Apr2026,0.45463782
ESP,1989,2024,USD,OECD,Apr2026,0.47811122
ESP,1990,2024,USD,OECD,Apr2026,0.59593997
ESP,1991,2024,USD,OECD,Apr2026,0.62509184
ESP,1992,2024,USD,OECD,Apr2026,0.67702199
ESP,1993,2024,USD,OECD,Apr2026,0.56955098
ESP,1994,2024,USD,OECD,Apr2026,0.56198911
ESP,1995,2024,USD,OECD,Apr2026,0.63357449
ESP,1996,2024,USD,OECD,Apr2026,0.64557849
ESP,1997,2024,USD,OECD,Apr2026,0.57239914
ESP,1998,2024,USD,OECD,Apr2026,0.57580409
ESP,1999,2024,USD,OECD,Apr2026,0.56521041
ESP,2000,2024,USD,OECD,Apr2026,0.50556661
ESP,2001,2024,USD,OECD,Apr2026,0.51173904
ESP,2002,2024,USD,OECD,Apr2026,0.56055425
ESP,2003,2024,USD,OECD,Apr2026,0.69892655
ESP,2004,2024,USD,OECD,Apr2026,0.79863195
ESP,2005,2024,USD,OECD,Apr2026,0.83258879
ESP,2006,2024,USD,OECD,Apr2026,0.87508639
ESP,2007,2024,USD,OECD,Apr2026,0.98837813
ESP,2008,2024,USD,OECD,Apr2026,1.06694682
ESP,2009,2024,USD,OECD,Apr2026,1.03248164
ESP,2010,2024,USD,OECD,Apr2026,0.98489568
ESP,2011,2024,USD,OECD,Apr2026,1.03241225
ESP,2012,2024,USD,OECD,Apr2026,0.95244721
ESP,2013,2024,USD,OECD,Apr2026,0.98811846
ESP,2014,2024,USD,OECD,Apr2026,0.98528375
ESP,2015,2024,USD,OECD,Apr2026,0.82829821
ESP,2016,2024,USD,OECD,Apr2026,0.82880748
ESP,2017,2024,USD,OECD,Apr2026,0.8555046
ESP,2018,2024,USD,OECD,Apr2026,0.90632501
ESP,2019,2024,USD,OECD,Apr2026,0.87193524
ESP,2020,2024,USD,OECD,Apr2026,0.89770078
ESP,2021,2024,USD,OECD,Apr2026,0.95537814
ESP,2022,2024,USD,OECD,Apr2026,0.88945958
ESP,2023,2024,USD,OECD,Apr2026,0.97167923
ESP,2024,2024,USD,OECD,Apr2026,1
ESP,2025,2024,USD,OECD,Apr2026,1.06789115
ESP,2026,2024,USD,WEO,Apr2025,1.04942907518061
ESP,2027,2024,USD,WEO,Apr2025,1.07300663565794
ESP,2028,2024,USD,WEO,Apr2025,1.09676317598722
ESP,2029,2024,USD,WEO,Apr2025,1.12150938935749
ESP,2030,2024,USD,WEO,Apr2025,1.14738519011696
EST,1960,2024,USD,OECD,Apr2026,0
EST,1961,2024,USD,OECD,Apr2026,0
EST,1962,2024,USD,OECD,Apr2026,0
EST,1963,2024,USD,OECD,Apr2026,0
EST,1964,2024,USD,OECD,Apr2026,0
EST,1965,2024,USD,OECD,Apr2026,0
EST,1966,2024,USD,OECD,Apr2026,0
EST,1967,2024,USD,OECD,Apr2026,0
EST,1968,2024,USD,OECD,Apr2026,0
EST,1969,2024,USD,OECD,Apr2026,0
EST,1970,2024,USD,OECD,Apr2026,0
EST,1971,2024,USD,OECD,Apr2026,0
EST,1972,2024,USD,OECD,Apr2026,0
EST,1973,2024,USD,OECD,Apr2026,0
EST,1974,2024,USD,OECD,Apr2026,0
EST,1975,2024,USD,OECD,Apr2026,0
EST,1976,2024,USD,OECD,Apr2026,0
EST,1977,2024,USD,OECD,Apr2026,0
EST,1978,2024,USD,OECD,Apr2026,0
EST,1979,2024,USD,OECD,Apr2026,0
EST,1980,2024,USD,OECD,Apr2026,0
EST,1981,2024,USD,OECD,Apr2026,0
EST,1982,2024,USD,OECD,Apr2026,0
EST,1983,2024,USD,OECD,Apr2026,0
EST,1984,2024,USD,OECD,Apr2026,0
EST,1985,2024,USD,OECD,Apr2026,0
EST,1986,2024,USD,OECD,Apr2026,0
EST,1987,2024,USD,OECD,Apr2026,0
EST,1988,2024,USD,OECD,Apr2026,0
EST,1989,2024,USD,OECD,Apr2026,0
EST,1990,2024,USD,OECD,Apr2026,0
EST,1991,2024,USD,OECD,Apr2026,0
EST,1992,2024,USD,OECD,Apr2026,0
EST,1993,2024,USD,OECD,Apr2026,0
EST,1994,2024,USD,OECD,Apr2026,0
EST,1995,2024,USD,OECD,Apr2026,0
EST,1996,2024,USD,OECD,Apr2026,0
EST,1997,2024,USD,OECD,Apr2026,0
EST,1998,2024,USD,OECD,Apr2026,0.28401197
EST,1999,2024,USD,OECD,Apr2026,0.28992542
EST,2000,2024,USD,OECD,Apr2026,0.26058678
EST,2001,2024,USD,OECD,Apr2026,0.2704153
EST,2002,2024,USD,OECD,Apr2026,0.29808937
EST,2003,2024,USD,OECD,Apr2026,0.37069618
EST,2004,2024,USD,OECD,Apr2026,0.42798548
EST,2005,2024,USD,OECD,Apr2026,0.45352956
EST,2006,2024,USD,OECD,Apr2026,0.49835987
EST,2007,2024,USD,OECD,Apr2026,0.61277609
EST,2008,2024,USD,OECD,Apr2026,0.69589471
EST,2009,2024,USD,OECD,Apr2026,0.65652435
EST,2010,2024,USD,OECD,Apr2026,0.63808788
EST,2011,2024,USD,OECD,Apr2026,0.70901493
EST,2012,2024,USD,OECD,Apr2026,0.68301459
EST,2013,2024,USD,OECD,Apr2026,0.73496444
EST,2014,2024,USD,OECD,Apr2026,0.75685105
EST,2015,2024,USD,OECD,Apr2026,0.63828856
EST,2016,2024,USD,OECD,Apr2026,0.65227914
EST,2017,2024,USD,OECD,Apr2026,0.69134235
EST,2018,2024,USD,OECD,Apr2026,0.75844548
EST,2019,2024,USD,OECD,Apr2026,0.74761358
EST,2020,2024,USD,OECD,Apr2026,0.76448479
EST,2021,2024,USD,OECD,Apr2026,0.82725117
EST,2022,2024,USD,OECD,Apr2026,0.85959409
EST,2023,2024,USD,OECD,Apr2026,0.9617997
EST,2024,2024,USD,OECD,Apr2026,1
EST,2025,2024,USD,OECD,Apr2026,1.09148058
EST,2026,2024,USD,WEO,Apr2025,1.0903362247309
EST,2027,2024,USD,WEO,Apr2025,1.12528247203107
EST,2028,2024,USD,WEO,Apr2025,1.15661375244102
EST,2029,2024,USD,WEO,Apr2025,1.18709660406135
EST,2030,2024,USD,WEO,Apr2025,1.21735264937543
ETH,1980,2024,USD,WEO,Apr2025,0.610838996566642
ETH,1981,2024,USD,WEO,Apr2025,0.626802696815439
ETH,1982,2024,USD,WEO,Apr2025,0.653197292586401
ETH,1983,2024,USD,WEO,Apr2025,0.673291832812705
ETH,1984,2024,USD,WEO,Apr2025,0.651231014776229
ETH,1985,2024,USD,WEO,Apr2025,0.860915887618059
ETH,1986,2024,USD,WEO,Apr2025,0.815249023774478
ETH,1987,2024,USD,WEO,Apr2025,0.765279201258206
ETH,1988,2024,USD,WEO,Apr2025,0.788511207943617
ETH,1989,2024,USD,WEO,Apr2025,0.833334707420321
ETH,1990,2024,USD,WEO,Apr2025,0.861663957987602
ETH,1991,2024,USD,WEO,Apr2025,1.02698661621752
ETH,1992,2024,USD,WEO,Apr2025,1.18957044063601
ETH,1993,2024,USD,WEO,Apr2025,0.652842486192271
ETH,1994,2024,USD,WEO,Apr2025,0.561300781453713
ETH,1995,2024,USD,WEO,Apr2025,0.512800684986012
ETH,1996,2024,USD,WEO,Apr2025,0.503617836811364
ETH,1997,2024,USD,WEO,Apr2025,0.480076247483761
ETH,1998,2024,USD,WEO,Apr2025,0.454200964836788
ETH,1999,2024,USD,WEO,Apr2025,0.410902992852928
ETH,2000,2024,USD,WEO,Apr2025,0.406555891370977
ETH,2001,2024,USD,WEO,Apr2025,0.375577235335626
ETH,2002,2024,USD,WEO,Apr2025,0.357117005149167
ETH,2003,2024,USD,WEO,Apr2025,0.400938188455188
ETH,2004,2024,USD,WEO,Apr2025,0.422269954964984
ETH,2005,2024,USD,WEO,Apr2025,0.4589354398673
ETH,2006,2024,USD,WEO,Apr2025,0.508728164263661
ETH,2007,2024,USD,WEO,Apr2025,0.57448431211447
ETH,2008,2024,USD,WEO,Apr2025,0.701606022011732
ETH,2009,2024,USD,WEO,Apr2025,0.696673519069105
ETH,2010,2024,USD,WEO,Apr2025,0.590688526614513
ETH,2011,2024,USD,WEO,Apr2025,0.601098937017087
ETH,2012,2024,USD,WEO,Apr2025,0.766002114581249
ETH,2013,2024,USD,WEO,Apr2025,0.768364806646651
ETH,2014,2024,USD,WEO,Apr2025,0.810675402438797
ETH,2015,2024,USD,WEO,Apr2025,0.8551804112575
ETH,2016,2024,USD,WEO,Apr2025,0.905297117402418
ETH,2017,2024,USD,WEO,Apr2025,0.875200234110607
ETH,2018,2024,USD,WEO,Apr2025,0.848201213070903
ETH,2019,2024,USD,WEO,Apr2025,0.898175548206837
ETH,2020,2024,USD,WEO,Apr2025,0.883486589751523
ETH,2021,2024,USD,WEO,Apr2025,0.854204360406715
ETH,2022,2024,USD,WEO,Apr2025,0.962476859472424
ETH,2023,2024,USD,WEO,Apr2025,1.20611891946088
ETH,2024,2024,USD,WEO,Apr2025,1
ETH,2025,2024,USD,WEO,Apr2025,0.769774256097472
ETH,2026,2024,USD,WEO,Apr2025,0.849437005688317
ETH,2027,2024,USD,WEO,Apr2025,0.904606197699551
ETH,2028,2024,USD,WEO,Apr2025,0.958359319693985
ETH,2029,2024,USD,WEO,Apr2025,1.00724571695346
ETH,2030,2024,USD,WEO,Apr2025,1.0570079429744
EUI,1960,2024,USD,OECD,Apr2026,0.08198007
EUI,1961,2024,USD,OECD,Apr2026,0.08480656
EUI,1962,2024,USD,OECD,Apr2026,0.08854284
EUI,1963,2024,USD,OECD,Apr2026,0.09300338
EUI,1964,2024,USD,OECD,Apr2026,0.09736963
EUI,1965,2024,USD,OECD,Apr2026,0.10145863
EUI,1966,2024,USD,OECD,Apr2026,0.10512643
EUI,1967,2024,USD,OECD,Apr2026,0.10834193
EUI,1968,2024,USD,OECD,Apr2026,0.11199043
EUI,1969,2024,USD,OECD,Apr2026,0.11786843
EUI,1970,2024,USD,OECD,Apr2026,0.12543915
EUI,1971,2024,USD,OECD,Apr2026,0.13416967
EUI,1972,2024,USD,OECD,Apr2026,0.1425134
EUI,1973,2024,USD,OECD,Apr2026,0.15490285
EUI,1974,2024,USD,OECD,Apr2026,0.18090504
EUI,1975,2024,USD,OECD,Apr2026,0.21413462
EUI,1976,2024,USD,OECD,Apr2026,0.1978281
EUI,1977,2024,USD,OECD,Apr2026,0.22095155
EUI,1978,2024,USD,OECD,Apr2026,0.26716898
EUI,1979,2024,USD,OECD,Apr2026,0.31244542
EUI,1980,2024,USD,OECD,Apr2026,0.3499322
EUI,1981,2024,USD,OECD,Apr2026,0.30767015
EUI,1982,2024,USD,OECD,Apr2026,0.29705071
EUI,1983,2024,USD,OECD,Apr2026,0.29143451
EUI,1984,2024,USD,OECD,Apr2026,0.27413118
EUI,1985,2024,USD,OECD,Apr2026,0.27886458
EUI,1986,2024,USD,OECD,Apr2026,0.37798103
EUI,1987,2024,USD,OECD,Apr2026,0.45662626
EUI,1988,2024,USD,OECD,Apr2026,0.48470846
EUI,1989,2024,USD,OECD,Apr2026,0.47053588
EUI,1990,2024,USD,OECD,Apr2026,0.56734058
EUI,1991,2024,USD,OECD,Apr2026,0.57624067
EUI,1992,2024,USD,OECD,Apr2026,0.63160035
EUI,1993,2024,USD,OECD,Apr2026,0.5922518
EUI,1994,2024,USD,OECD,Apr2026,0.61703575
EUI,1995,2024,USD,OECD,Apr2026,0.69621563
EUI,1996,2024,USD,OECD,Apr2026,0.68903618
EUI,1997,2024,USD,OECD,Apr2026,0.62391455
EUI,1998,2024,USD,OECD,Apr2026,0.62484012
EUI,1999,2024,USD,OECD,Apr2026,0.60197836
EUI,2000,2024,USD,OECD,Apr2026,0.52765668
EUI,2001,2024,USD,OECD,Apr2026,0.52561599
EUI,2002,2024,USD,OECD,Apr2026,0.56688137
EUI,2003,2024,USD,OECD,Apr2026,0.69479359
EUI,2004,2024,USD,OECD,Apr2026,0.77879047
EUI,2005,2024,USD,OECD,Apr2026,0.79394059
EUI,2006,2024,USD,OECD,Apr2026,0.81785536
EUI,2007,2024,USD,OECD,Apr2026,0.91357173
EUI,2008,2024,USD,OECD,Apr2026,0.98202616
EUI,2009,2024,USD,OECD,Apr2026,0.95752321
EUI,2010,2024,USD,OECD,Apr2026,0.91719027
EUI,2011,2024,USD,OECD,Apr2026,0.97364697
EUI,2012,2024,USD,OECD,Apr2026,0.9113853
EUI,2013,2024,USD,OECD,Apr2026,0.95318738
EUI,2014,2024,USD,OECD,Apr2026,0.96165144
EUI,2015,2024,USD,OECD,Apr2026,0.81496151
EUI,2016,2024,USD,OECD,Apr2026,0.81985701
EUI,2017,2024,USD,OECD,Apr2026,0.84525869
EUI,2018,2024,USD,OECD,Apr2026,0.89841652
EUI,2019,2024,USD,OECD,Apr2026,0.8665874
EUI,2020,2024,USD,OECD,Apr2026,0.89841787
EUI,2021,2024,USD,OECD,Apr2026,0.95189747
EUI,2022,2024,USD,OECD,Apr2026,0.8904725
EUI,2023,2024,USD,OECD,Apr2026,0.97127263
EUI,2024,2024,USD,OECD,Apr2026,1
EUI,2025,2024,USD,OECD,Apr2026,1.0672158
EUI,2026,2024,USD,WEO,Apr2025,1.04571588575658
EUI,2027,2024,USD,WEO,Apr2025,1.06690962155138
EUI,2028,2024,USD,WEO,Apr2025,1.0891724899569
EUI,2029,2024,USD,WEO,Apr2025,1.11238224173958
EUI,2030,2024,USD,WEO,Apr2025,1.13669709914328
FIN,1960,2024,USD,OECD,Apr2026,0.08892776
FIN,1961,2024,USD,OECD,Apr2026,0.0936777
FIN,1962,2024,USD,OECD,Apr2026,0.09740059
FIN,1963,2024,USD,OECD,Apr2026,0.10178066
FIN,1964,2024,USD,OECD,Apr2026,0.10912126
FIN,1965,2024,USD,OECD,Apr2026,0.11461324
FIN,1966,2024,USD,OECD,Apr2026,0.11999428
FIN,1967,2024,USD,OECD,Apr2026,0.12092883
FIN,1968,2024,USD,OECD,Apr2026,0.1104369
FIN,1969,2024,USD,OECD,Apr2026,0.11508293
FIN,1970,2024,USD,OECD,Apr2026,0.11937581
FIN,1971,2024,USD,OECD,Apr2026,0.1285621
FIN,1972,2024,USD,OECD,Apr2026,0.14091952
FIN,1973,2024,USD,OECD,Apr2026,0.17544089
FIN,1974,2024,USD,OECD,Apr2026,0.21793829
FIN,1975,2024,USD,OECD,Apr2026,0.2533888
FIN,1976,2024,USD,OECD,Apr2026,0.27234656
FIN,1977,2024,USD,OECD,Apr2026,0.2865303
FIN,1978,2024,USD,OECD,Apr2026,0.30292328
FIN,1979,2024,USD,OECD,Apr2026,0.34718892
FIN,1980,2024,USD,OECD,Apr2026,0.39845785
FIN,1981,2024,USD,OECD,Apr2026,0.38436139
FIN,1982,2024,USD,OECD,Apr2026,0.37476797
FIN,1983,2024,USD,OECD,Apr2026,0.35103036
FIN,1984,2024,USD,OECD,Apr2026,0.35299843
FIN,1985,2024,USD,OECD,Apr2026,0.36050738
FIN,1986,2024,USD,OECD,Apr2026,0.4616604
FIN,1987,2024,USD,OECD,Apr2026,0.55835508
FIN,1988,2024,USD,OECD,Apr2026,0.632676
FIN,1989,2024,USD,OECD,Apr2026,0.65474623
FIN,1990,2024,USD,OECD,Apr2026,0.77264763
FIN,1991,2024,USD,OECD,Apr2026,0.74154595
FIN,1992,2024,USD,OECD,Apr2026,0.67436207
FIN,1993,2024,USD,OECD,Apr2026,0.53812932
FIN,1994,2024,USD,OECD,Apr2026,0.60029525
FIN,1995,2024,USD,OECD,Apr2026,0.74810888
FIN,1996,2024,USD,OECD,Apr2026,0.71086444
FIN,1997,2024,USD,OECD,Apr2026,0.64246731
FIN,1998,2024,USD,OECD,Apr2026,0.64281655
FIN,1999,2024,USD,OECD,Apr2026,0.62146609
FIN,2000,2024,USD,OECD,Apr2026,0.54634414
FIN,2001,2024,USD,OECD,Apr2026,0.54845581
FIN,2002,2024,USD,OECD,Apr2026,0.58260123
FIN,2003,2024,USD,OECD,Apr2026,0.69978074
FIN,2004,2024,USD,OECD,Apr2026,0.77413685
FIN,2005,2024,USD,OECD,Apr2026,0.78162669
FIN,2006,2024,USD,OECD,Apr2026,0.79663695
FIN,2007,2024,USD,OECD,Apr2026,0.89276963
FIN,2008,2024,USD,OECD,Apr2026,0.9692374
FIN,2009,2024,USD,OECD,Apr2026,0.95237148
FIN,2010,2024,USD,OECD,Apr2026,0.90899838
FIN,2011,2024,USD,OECD,Apr2026,0.97906057
FIN,2012,2024,USD,OECD,Apr2026,0.93172648
FIN,2013,2024,USD,OECD,Apr2026,0.98704166
FIN,2014,2024,USD,OECD,Apr2026,1.00261444
FIN,2015,2024,USD,OECD,Apr2026,0.85192275
FIN,2016,2024,USD,OECD,Apr2026,0.84975369
FIN,2017,2024,USD,OECD,Apr2026,0.87346381
FIN,2018,2024,USD,OECD,Apr2026,0.93266441
FIN,2019,2024,USD,OECD,Apr2026,0.89774654
FIN,2020,2024,USD,OECD,Apr2026,0.92887621
FIN,2021,2024,USD,OECD,Apr2026,0.98794287
FIN,2022,2024,USD,OECD,Apr2026,0.93277141
FIN,2023,2024,USD,OECD,Apr2026,0.99262739
FIN,2024,2024,USD,OECD,Apr2026,1
FIN,2025,2024,USD,OECD,Apr2026,1.05987923
FIN,2026,2024,USD,WEO,Apr2025,1.03229806536829
FIN,2027,2024,USD,WEO,Apr2025,1.05218077748019
FIN,2028,2024,USD,WEO,Apr2025,1.07231944648776
FIN,2029,2024,USD,WEO,Apr2025,1.09533425068173
FIN,2030,2024,USD,WEO,Apr2025,1.1216079729048
FJI,1980,2024,USD,WEO,Apr2025,0.586579099358479
FJI,1981,2024,USD,WEO,Apr2025,0.568644040830012
FJI,1982,2024,USD,WEO,Apr2025,0.555171316778629
FJI,1983,2024,USD,WEO,Apr2025,0.545516596410971
FJI,1984,2024,USD,WEO,Apr2025,0.519461223433074
FJI,1985,2024,USD,WEO,Apr2025,0.522911866378895
FJI,1986,2024,USD,WEO,Apr2025,0.55485089363033
FJI,1987,2024,USD,WEO,Apr2025,0.545687163954193
FJI,1988,2024,USD,WEO,Apr2025,0.496840124568429
FJI,1989,2024,USD,WEO,Apr2025,0.46492549031164
FJI,1990,2024,USD,WEO,Apr2025,0.496716872661936
FJI,1991,2024,USD,WEO,Apr2025,0.528833269685447
FJI,1992,2024,USD,WEO,Apr2025,0.5512625789558
FJI,1993,2024,USD,WEO,Apr2025,0.573889770082542
FJI,1994,2024,USD,WEO,Apr2025,0.609212378328919
FJI,1995,2024,USD,WEO,Apr2025,0.640927792101326
FJI,1996,2024,USD,WEO,Apr2025,0.661151520089929
FJI,1997,2024,USD,WEO,Apr2025,0.66595769093882
FJI,1998,2024,USD,WEO,Apr2025,0.520305714962621
FJI,1999,2024,USD,WEO,Apr2025,0.56106132709502
FJI,2000,2024,USD,WEO,Apr2025,0.494807091574503
FJI,2001,2024,USD,WEO,Apr2025,0.478659391867541
FJI,2002,2024,USD,WEO,Apr2025,0.514893888433106
FJI,2003,2024,USD,WEO,Apr2025,0.642092103889655
FJI,2004,2024,USD,WEO,Apr2025,0.717243379201116
FJI,2005,2024,USD,WEO,Apr2025,0.801229005527523
FJI,2006,2024,USD,WEO,Apr2025,0.811396692073208
FJI,2007,2024,USD,WEO,Apr2025,0.898425310197608
FJI,2008,2024,USD,WEO,Apr2025,0.920403069015396
FJI,2009,2024,USD,WEO,Apr2025,0.75979114637467
FJI,2010,2024,USD,WEO,Apr2025,0.807960002240145
FJI,2011,2024,USD,WEO,Apr2025,0.946744840846571
FJI,2012,2024,USD,WEO,Apr2025,0.981231292068039
FJI,2013,2024,USD,WEO,Apr2025,0.988262999951088
FJI,2014,2024,USD,WEO,Apr2025,1.00138270922163
FJI,2015,2024,USD,WEO,Apr2025,0.923725531881982
FJI,2016,2024,USD,WEO,Apr2025,0.949431095702027
FJI,2017,2024,USD,WEO,Apr2025,0.978513605884497
FJI,2018,2024,USD,WEO,Apr2025,0.982729718876089
FJI,2019,2024,USD,WEO,Apr2025,0.964208139518415
FJI,2020,2024,USD,WEO,Apr2025,0.946201615348211
FJI,2021,2024,USD,WEO,Apr2025,0.966250681806514
FJI,2022,2024,USD,WEO,Apr2025,0.931197079301395
FJI,2023,2024,USD,WEO,Apr2025,0.948283822491175
FJI,2024,2024,USD,WEO,Apr2025,1
FJI,2025,2024,USD,WEO,Apr2025,1.02522020401145
FJI,2026,2024,USD,WEO,Apr2025,1.04575017419811
FJI,2027,2024,USD,WEO,Apr2025,1.0674389210291
FJI,2028,2024,USD,WEO,Apr2025,1.08995558686101
FJI,2029,2024,USD,WEO,Apr2025,1.11298776791302
FJI,2030,2024,USD,WEO,Apr2025,1.13668899105566
FRA,1960,2024,USD,OECD,Apr2026,0.10448638
FRA,1961,2024,USD,OECD,Apr2026,0.10773814
FRA,1962,2024,USD,OECD,Apr2026,0.11345702
FRA,1963,2024,USD,OECD,Apr2026,0.11952484
FRA,1964,2024,USD,OECD,Apr2026,0.12439325
FRA,1965,2024,USD,OECD,Apr2026,0.1281064
FRA,1966,2024,USD,OECD,Apr2026,0.1315922
FRA,1967,2024,USD,OECD,Apr2026,0.13540033
FRA,1968,2024,USD,OECD,Apr2026,0.14054507
FRA,1969,2024,USD,OECD,Apr2026,0.14368561
FRA,1970,2024,USD,OECD,Apr2026,0.14253771
FRA,1971,2024,USD,OECD,Apr2026,0.15148785
FRA,1972,2024,USD,OECD,Apr2026,0.17664664
FRA,1973,2024,USD,OECD,Apr2026,0.2158833
FRA,1974,2024,USD,OECD,Apr2026,0.22354448
FRA,1975,2024,USD,OECD,Apr2026,0.28530734
FRA,1976,2024,USD,OECD,Apr2026,0.2834514
FRA,1977,2024,USD,OECD,Apr2026,0.29987474
FRA,1978,2024,USD,OECD,Apr2026,0.35683361
FRA,1979,2024,USD,OECD,Apr2026,0.41759312
FRA,1980,2024,USD,OECD,Apr2026,0.46954925
FRA,1981,2024,USD,OECD,Apr2026,0.40702797
FRA,1982,2024,USD,OECD,Apr2026,0.37710254
FRA,1983,2024,USD,OECD,Apr2026,0.35642144
FRA,1984,2024,USD,OECD,Apr2026,0.33280797
FRA,1985,2024,USD,OECD,Apr2026,0.34147546
FRA,1986,2024,USD,OECD,Apr2026,0.46616517
FRA,1987,2024,USD,OECD,Apr2026,0.55066893
FRA,1988,2024,USD,OECD,Apr2026,0.5731586
FRA,1989,2024,USD,OECD,Apr2026,0.55212459
FRA,1990,2024,USD,OECD,Apr2026,0.66418616
FRA,1991,2024,USD,OECD,Apr2026,0.65685426
FRA,1992,2024,USD,OECD,Apr2026,0.71412907
FRA,1993,2024,USD,OECD,Apr2026,0.6782322
FRA,1994,2024,USD,OECD,Apr2026,0.69811963
FRA,1995,2024,USD,OECD,Apr2026,0.78554762
FRA,1996,2024,USD,OECD,Apr2026,0.77641242
FRA,1997,2024,USD,OECD,Apr2026,0.68646105
FRA,1998,2024,USD,OECD,Apr2026,0.68540518
FRA,1999,2024,USD,OECD,Apr2026,0.65827455
FRA,2000,2024,USD,OECD,Apr2026,0.57742176
FRA,2001,2024,USD,OECD,Apr2026,0.5717908
FRA,2002,2024,USD,OECD,Apr2026,0.6141338
FRA,2003,2024,USD,OECD,Apr2026,0.7495051
FRA,2004,2024,USD,OECD,Apr2026,0.83764624
FRA,2005,2024,USD,OECD,Apr2026,0.85442695
FRA,2006,2024,USD,OECD,Apr2026,0.88003771
FRA,2007,2024,USD,OECD,Apr2026,0.98274576
FRA,2008,2024,USD,OECD,Apr2026,1.0592888
FRA,2009,2024,USD,OECD,Apr2026,1.02380349
FRA,2010,2024,USD,OECD,Apr2026,0.98434424
FRA,2011,2024,USD,OECD,Apr2026,1.04221673
FRA,2012,2024,USD,OECD,Apr2026,0.97387794
FRA,2013,2024,USD,OECD,Apr2026,1.01341263
FRA,2014,2024,USD,OECD,Apr2026,1.01847919
FRA,2015,2024,USD,OECD,Apr2026,0.86119045
FRA,2016,2024,USD,OECD,Apr2026,0.86304537
FRA,2017,2024,USD,OECD,Apr2026,0.8848175
FRA,2018,2024,USD,OECD,Apr2026,0.93674958
FRA,2019,2024,USD,OECD,Apr2026,0.89923523
FRA,2020,2024,USD,OECD,Apr2026,0.9427656
FRA,2021,2024,USD,OECD,Apr2026,0.99025008
FRA,2022,2024,USD,OECD,Apr2026,0.90719306
FRA,2023,2024,USD,OECD,Apr2026,0.97931301
FRA,2024,2024,USD,OECD,Apr2026,1
FRA,2025,2024,USD,OECD,Apr2026,1.05537736
FRA,2026,2024,USD,WEO,Apr2025,1.03214223725013
FRA,2027,2024,USD,WEO,Apr2025,1.05087032666026
FRA,2028,2024,USD,WEO,Apr2025,1.07071471968022
FRA,2029,2024,USD,WEO,Apr2025,1.09129536520855
FRA,2030,2024,USD,WEO,Apr2025,1.11288211488839
FSM,1980,2024,USD,WEO_est,Apr2025,0.346971139902744
FSM,1981,2024,USD,WEO_est,Apr2025,0.355578543956624
FSM,1982,2024,USD,WEO_est,Apr2025,0.36439947413999
FSM,1983,2024,USD,WEO_est,Apr2025,0.37343922745153
FSM,1984,2024,USD,WEO_est,Apr2025,0.382703232293965
FSM,1985,2024,USD,WEO_est,Apr2025,0.392197051733828
FSM,1986,2024,USD,WEO_est,Apr2025,0.401926386842102
FSM,1987,2024,USD,WEO_est,Apr2025,0.411897080117733
FSM,1988,2024,USD,WEO_est,Apr2025,0.422115118996069
FSM,1989,2024,USD,WEO_est,Apr2025,0.432586639444338
FSM,1990,2024,USD,WEO_est,Apr2025,0.443317929646317
FSM,1991,2024,USD,WEO_est,Apr2025,0.454315433778404
FSM,1992,2024,USD,WEO_est,Apr2025,0.465585755879374
FSM,1993,2024,USD,WEO_est,Apr2025,0.477135663816122
FSM,1994,2024,USD,WEO_est,Apr2025,0.488972093347791
FSM,1995,2024,USD,WEO,Apr2025,0.501102152290722
FSM,1996,2024,USD,WEO,Apr2025,0.516135473759453
FSM,1997,2024,USD,WEO,Apr2025,0.515662882428895
FSM,1998,2024,USD,WEO,Apr2025,0.530062651554614
FSM,1999,2024,USD,WEO,Apr2025,0.526621729113935
FSM,2000,2024,USD,WEO,Apr2025,0.534715439029685
FSM,2001,2024,USD,WEO,Apr2025,0.539483075754745
FSM,2002,2024,USD,WEO,Apr2025,0.538084057206009
FSM,2003,2024,USD,WEO,Apr2025,0.536489161033456
FSM,2004,2024,USD,WEO,Apr2025,0.538386952227049
FSM,2005,2024,USD,WEO,Apr2025,0.550392915785011
FSM,2006,2024,USD,WEO,Apr2025,0.558591633311102
FSM,2007,2024,USD,WEO,Apr2025,0.575234790083477
FSM,2008,2024,USD,WEO,Apr2025,0.60927117573862
FSM,2009,2024,USD,WEO,Apr2025,0.639781864737973
FSM,2010,2024,USD,WEO,Apr2025,0.660917929589544
FSM,2011,2024,USD,WEO,Apr2025,0.671773173368291
FSM,2012,2024,USD,WEO,Apr2025,0.718672308629853
FSM,2013,2024,USD,WEO,Apr2025,0.722958578079842
FSM,2014,2024,USD,WEO,Apr2025,0.746885333361417
FSM,2015,2024,USD,WEO,Apr2025,0.705614912242316
FSM,2016,2024,USD,WEO,Apr2025,0.732325301876636
FSM,2017,2024,USD,WEO,Apr2025,0.790632546800647
FSM,2018,2024,USD,WEO,Apr2025,0.858664632834173
FSM,2019,2024,USD,WEO,Apr2025,0.832835719449085
FSM,2020,2024,USD,WEO,Apr2025,0.802303448689158
FSM,2021,2024,USD,WEO,Apr2025,0.817819061860215
FSM,2022,2024,USD,WEO,Apr2025,0.893865343551592
FSM,2023,2024,USD,WEO,Apr2025,0.949452993630573
FSM,2024,2024,USD,WEO,Apr2025,1
FSM,2025,2024,USD,WEO,Apr2025,1.05017670798377
FSM,2026,2024,USD,WEO,Apr2025,1.0821551158528
FSM,2027,2024,USD,WEO,Apr2025,1.10683816129553
FSM,2028,2024,USD,WEO,Apr2025,1.12981111649096
FSM,2029,2024,USD,WEO,Apr2025,1.15479628899976
FSM,2030,2024,USD,WEO,Apr2025,1.18141660391168
GAB,1980,2024,USD,WEO,Apr2025,0.526710172923693
GAB,1981,2024,USD,WEO,Apr2025,0.494741518811075
GAB,1982,2024,USD,WEO,Apr2025,0.4454296892312
GAB,1983,2024,USD,WEO,Apr2025,0.41810815192997
GAB,1984,2024,USD,WEO,Apr2025,0.383235454307282
GAB,1985,2024,USD,WEO,Apr2025,0.381527363652983
GAB,1986,2024,USD,WEO,Apr2025,0.509983552050074
GAB,1987,2024,USD,WEO,Apr2025,0.45608952771219
GAB,1988,2024,USD,WEO,Apr2025,0.485936056236122
GAB,1989,2024,USD,WEO,Apr2025,0.460090245210486
GAB,1990,2024,USD,WEO,Apr2025,0.622195444438261
GAB,1991,2024,USD,WEO,Apr2025,0.532184622980035
GAB,1992,2024,USD,WEO,Apr2025,0.568319022088498
GAB,1993,2024,USD,WEO,Apr2025,0.528560489949273
GAB,1994,2024,USD,WEO,Apr2025,0.395086469715339
GAB,1995,2024,USD,WEO,Apr2025,0.445348189814497
GAB,1996,2024,USD,WEO,Apr2025,0.493489791321938
GAB,1997,2024,USD,WEO,Apr2025,0.43661703120234
GAB,1998,2024,USD,WEO,Apr2025,0.355076783593188
GAB,1999,2024,USD,WEO,Apr2025,0.405632963123784
GAB,2000,2024,USD,WEO,Apr2025,0.449298203410055
GAB,2001,2024,USD,WEO,Apr2025,0.409361571448017
GAB,2002,2024,USD,WEO,Apr2025,0.435628992312863
GAB,2003,2024,USD,WEO,Apr2025,0.520184070822236
GAB,2004,2024,USD,WEO,Apr2025,0.6163721745572
GAB,2005,2024,USD,WEO,Apr2025,0.72316367187973
GAB,2006,2024,USD,WEO,Apr2025,0.805591117809554
GAB,2007,2024,USD,WEO,Apr2025,0.927186042241969
GAB,2008,2024,USD,WEO,Apr2025,1.19510107677143
GAB,2009,2024,USD,WEO,Apr2025,0.946834215813954
GAB,2010,2024,USD,WEO,Apr2025,1.0406818867825
GAB,2011,2024,USD,WEO,Apr2025,1.23004127327795
GAB,2012,2024,USD,WEO,Apr2025,1.1028171189033
GAB,2013,2024,USD,WEO,Apr2025,1.07040118043803
GAB,2014,2024,USD,WEO,Apr2025,1.0606513544508
GAB,2015,2024,USD,WEO,Apr2025,0.806619396273015
GAB,2016,2024,USD,WEO,Apr2025,0.770050754248148
GAB,2017,2024,USD,WEO,Apr2025,0.815844156739149
GAB,2018,2024,USD,WEO,Apr2025,0.911750857840788
GAB,2019,2024,USD,WEO,Apr2025,0.880314203796971
GAB,2020,2024,USD,WEO,Apr2025,0.81649744086754
GAB,2021,2024,USD,WEO,Apr2025,1.01894950879729
GAB,2022,2024,USD,WEO,Apr2025,1.04126189851227
GAB,2023,2024,USD,WEO,Apr2025,0.995263967459324
GAB,2024,2024,USD,WEO,Apr2025,1
GAB,2025,2024,USD,WEO,Apr2025,0.955069855048526
GAB,2026,2024,USD,WEO,Apr2025,0.955034352019675
GAB,2027,2024,USD,WEO,Apr2025,0.964091558833055
GAB,2028,2024,USD,WEO,Apr2025,0.975874084437686
GAB,2029,2024,USD,WEO,Apr2025,0.987374526929417
GAB,2030,2024,USD,WEO,Apr2025,0.999257743965616
GBR,1960,2024,USD,OECD,Apr2026,0.08137597
GBR,1961,2024,USD,OECD,Apr2026,0.08428802
GBR,1962,2024,USD,OECD,Apr2026,0.08749926
GBR,1963,2024,USD,OECD,Apr2026,0.08856923
GBR,1964,2024,USD,OECD,Apr2026,0.09147499
GBR,1965,2024,USD,OECD,Apr2026,0.0970345
GBR,1966,2024,USD,OECD,Apr2026,0.10209355
GBR,1967,2024,USD,OECD,Apr2026,0.1031757
GBR,1968,2024,USD,OECD,Apr2026,0.09385197
GBR,1969,2024,USD,OECD,Apr2026,0.09992328
GBR,1970,2024,USD,OECD,Apr2026,0.10983385
GBR,1971,2024,USD,OECD,Apr2026,0.12130161
GBR,1972,2024,USD,OECD,Apr2026,0.13335304
GBR,1973,2024,USD,OECD,Apr2026,0.14230029
GBR,1974,2024,USD,OECD,Apr2026,0.15788868
GBR,1975,2024,USD,OECD,Apr2026,0.18842552
GBR,1976,2024,USD,OECD,Apr2026,0.17669364
GBR,1977,2024,USD,OECD,Apr2026,0.1953099
GBR,1978,2024,USD,OECD,Apr2026,0.24013278
GBR,1979,2024,USD,OECD,Apr2026,0.30350072
GBR,1980,2024,USD,OECD,Apr2026,0.40002763
GBR,1981,2024,USD,OECD,Apr2026,0.38862287
GBR,1982,2024,USD,OECD,Apr2026,0.36479866
GBR,1983,2024,USD,OECD,Apr2026,0.33414441
GBR,1984,2024,USD,OECD,Apr2026,0.30867143
GBR,1985,2024,USD,OECD,Apr2026,0.31381014
GBR,1986,2024,USD,OECD,Apr2026,0.37451214
GBR,1987,2024,USD,OECD,Apr2026,0.44081327
GBR,1988,2024,USD,OECD,Apr2026,0.50898973
GBR,1989,2024,USD,OECD,Apr2026,0.50559867
GBR,1990,2024,USD,OECD,Apr2026,0.59588616
GBR,1991,2024,USD,OECD,Apr2026,0.63152503
GBR,1992,2024,USD,OECD,Apr2026,0.64895144
GBR,1993,2024,USD,OECD,Apr2026,0.57177137
GBR,1994,2024,USD,OECD,Apr2026,0.59363611
GBR,1995,2024,USD,OECD,Apr2026,0.62812745
GBR,1996,2024,USD,OECD,Apr2026,0.64679154
GBR,1997,2024,USD,OECD,Apr2026,0.67913789
GBR,1998,2024,USD,OECD,Apr2026,0.69602704
GBR,1999,2024,USD,OECD,Apr2026,0.68917735
GBR,2000,2024,USD,OECD,Apr2026,0.65112997
GBR,2001,2024,USD,OECD,Apr2026,0.63013288
GBR,2002,2024,USD,OECD,Apr2026,0.67012591
GBR,2003,2024,USD,OECD,Apr2026,0.74671798
GBR,2004,2024,USD,OECD,Apr2026,0.86086967
GBR,2005,2024,USD,OECD,Apr2026,0.87844202
GBR,2006,2024,USD,OECD,Apr2026,0.91662284
GBR,2007,2024,USD,OECD,Apr2026,1.01665377
GBR,2008,2024,USD,OECD,Apr2026,0.94953957
GBR,2009,2024,USD,OECD,Apr2026,0.83621654
GBR,2010,2024,USD,OECD,Apr2026,0.83777175
GBR,2011,2024,USD,OECD,Apr2026,0.89113213
GBR,2012,2024,USD,OECD,Apr2026,0.89445744
GBR,2013,2024,USD,OECD,Apr2026,0.90160831
GBR,2014,2024,USD,OECD,Apr2026,0.96455779
GBR,2015,2024,USD,OECD,Apr2026,0.90113506
GBR,2016,2024,USD,OECD,Apr2026,0.80975455
GBR,2017,2024,USD,OECD,Apr2026,0.78455282
GBR,2018,2024,USD,OECD,Apr2026,0.82865484
GBR,2019,2024,USD,OECD,Apr2026,0.81231926
GBR,2020,2024,USD,OECD,Apr2026,0.85591443
GBR,2021,2024,USD,OECD,Apr2026,0.92449304
GBR,2022,2024,USD,OECD,Apr2026,0.87558303
GBR,2023,2024,USD,OECD,Apr2026,0.93889269
GBR,2024,2024,USD,OECD,Apr2026,1
GBR,2025,2024,USD,OECD,Apr2026,1.07046002
GBR,2026,2024,USD,WEO,Apr2025,1.08167712531183
GBR,2027,2024,USD,WEO,Apr2025,1.11766828513853
GBR,2028,2024,USD,WEO,Apr2025,1.15822606266156
GBR,2029,2024,USD,WEO,Apr2025,1.20440783810333
GBR,2030,2024,USD,WEO,Apr2025,1.25151271975263
GEO,1980,2024,USD,WEO_est,Apr2025,0.0623666018266139
GEO,1981,2024,USD,WEO_est,Apr2025,0.0659127716116529
GEO,1982,2024,USD,WEO_est,Apr2025,0.069660576883892
GEO,1983,2024,USD,WEO_est,Apr2025,0.0736214826526688
GEO,1984,2024,USD,WEO_est,Apr2025,0.0778076058286354
GEO,1985,2024,USD,WEO_est,Apr2025,0.0822317522909169
GEO,1986,2024,USD,WEO_est,Apr2025,0.0869074560619122
GEO,1987,2024,USD,WEO_est,Apr2025,0.0918490207095766
GEO,1988,2024,USD,WEO_est,Apr2025,0.0970715631038414
GEO,1989,2024,USD,WEO_est,Apr2025,0.102591059661027
GEO,1990,2024,USD,WEO_est,Apr2025,0.108424395217716
GEO,1991,2024,USD,WEO_est,Apr2025,0.114589414683601
GEO,1992,2024,USD,WEO_est,Apr2025,0.121104977631315
GEO,1993,2024,USD,WEO_est,Apr2025,0.127991015990242
GEO,1994,2024,USD,WEO,Apr2025,0.135268595020808
GEO,1995,2024,USD,WEO,Apr2025,0.304164333030392
GEO,1996,2024,USD,WEO,Apr2025,0.441878771971856
GEO,1997,2024,USD,WEO,Apr2025,0.459042751977392
GEO,1998,2024,USD,WEO,Apr2025,0.460652987342046
GEO,1999,2024,USD,WEO,Apr2025,0.347821567258919
GEO,2000,2024,USD,WEO,Apr2025,0.370438122480894
GEO,2001,2024,USD,WEO,Apr2025,0.372356996957052
GEO,2002,2024,USD,WEO,Apr2025,0.372391691325248
GEO,2003,2024,USD,WEO,Apr2025,0.393268159524793
GEO,2004,2024,USD,WEO,Apr2025,0.477360213835519
GEO,2005,2024,USD,WEO,Apr2025,0.544804184156197
GEO,2006,2024,USD,WEO,Apr2025,0.602846542409473
GEO,2007,2024,USD,WEO,Apr2025,0.701858493954285
GEO,2008,2024,USD,WEO,Apr2025,0.862204476939633
GEO,2009,2024,USD,WEO,Apr2025,0.752803392303273
GEO,2010,2024,USD,WEO,Apr2025,0.790171343661459
GEO,2011,2024,USD,WEO,Apr2025,0.911668422239788
GEO,2012,2024,USD,WEO,Apr2025,0.933828455042524
GEO,2013,2024,USD,WEO,Apr2025,0.920929451112413
GEO,2014,2024,USD,WEO,Apr2025,0.907464490377664
GEO,2015,2024,USD,WEO,Apr2025,0.743984364854314
GEO,2016,2024,USD,WEO,Apr2025,0.729660739511162
GEO,2017,2024,USD,WEO,Apr2025,0.739988026697584
GEO,2018,2024,USD,WEO,Apr2025,0.758390479044962
GEO,2019,2024,USD,WEO,Apr2025,0.709221700110081
GEO,2020,2024,USD,WEO,Apr2025,0.686833948032452
GEO,2021,2024,USD,WEO,Apr2025,0.730700653269904
GEO,2022,2024,USD,WEO,Apr2025,0.872899182771517
GEO,2023,2024,USD,WEO,Apr2025,0.997188974685418
GEO,2024,2024,USD,WEO,Apr2025,1
GEO,2025,2024,USD,WEO,Apr2025,0.987686901352497
GEO,2026,2024,USD,WEO,Apr2025,0.978170736622927
GEO,2027,2024,USD,WEO,Apr2025,0.979763384271941
GEO,2028,2024,USD,WEO,Apr2025,0.982365004403983
GEO,2029,2024,USD,WEO,Apr2025,0.985944846577014
GEO,2030,2024,USD,WEO,Apr2025,0.990436682479521
GHA,1980,2024,USD,WEO,Apr2025,3.36868308730779
GHA,1981,2024,USD,WEO,Apr2025,5.56326050049384
GHA,1982,2024,USD,WEO,Apr2025,7.00112527262111
GHA,1983,2024,USD,WEO,Apr2025,5.19113994343926
GHA,1984,2024,USD,WEO,Apr2025,1.73134759583399
GHA,1985,2024,USD,WEO,Apr2025,1.44340642193174
GHA,1986,2024,USD,WEO,Apr2025,1.28403922095936
GHA,1987,2024,USD,WEO,Apr2025,1.01283043210645
GHA,1988,2024,USD,WEO,Apr2025,1.01680903210861
GHA,1989,2024,USD,WEO,Apr2025,0.983897814402942
GHA,1990,2024,USD,WEO,Apr2025,1.09917623346596
GHA,1991,2024,USD,WEO,Apr2025,1.17545661845871
GHA,1992,2024,USD,WEO,Apr2025,1.11697325264636
GHA,1993,2024,USD,WEO,Apr2025,0.876969930037495
GHA,1994,2024,USD,WEO,Apr2025,0.783174269618858
GHA,1995,2024,USD,WEO,Apr2025,0.877724978476337
GHA,1996,2024,USD,WEO,Apr2025,0.887830528337891
GHA,1997,2024,USD,WEO,Apr2025,0.859116774155871
GHA,1998,2024,USD,WEO,Apr2025,0.890406807365015
GHA,1999,2024,USD,WEO,Apr2025,0.881113707300759
GHA,2000,2024,USD,WEO,Apr2025,0.54803959612124
GHA,2001,2024,USD,WEO,Apr2025,0.560489807987927
GHA,2002,2024,USD,WEO,Apr2025,0.622206843042916
GHA,2003,2024,USD,WEO,Apr2025,0.730361508544984
GHA,2004,2024,USD,WEO,Apr2025,0.802219341752412
GHA,2005,2024,USD,WEO,Apr2025,0.916974878959632
GHA,2006,2024,USD,WEO,Apr2025,1.01576772883355
GHA,2007,2024,USD,WEO,Apr2025,1.15192767923103
GHA,2008,2024,USD,WEO,Apr2025,1.19498519323437
GHA,2009,2024,USD,WEO,Apr2025,1.01592962501755
GHA,2010,2024,USD,WEO,Apr2025,1.1538487044184
GHA,2011,2024,USD,WEO,Apr2025,1.19475144974246
GHA,2012,2024,USD,WEO,Apr2025,1.14663988872332
GHA,2013,2024,USD,WEO,Apr2025,1.20423052848451
GHA,2014,2024,USD,WEO,Apr2025,1.01862652618116
GHA,2015,2024,USD,WEO,Apr2025,0.901860592304111
GHA,2016,2024,USD,WEO,Apr2025,0.990794375768676
GHA,2017,2024,USD,WEO,Apr2025,0.985523684450091
GHA,2018,2024,USD,WEO,Apr2025,1.03362709326437
GHA,2019,2024,USD,WEO,Apr2025,0.986254117359446
GHA,2020,2024,USD,WEO,Apr2025,1.00496830121392
GHA,2021,2024,USD,WEO,Apr2025,1.08628745021989
GHA,2022,2024,USD,WEO,Apr2025,0.972712698609019
GHA,2023,2024,USD,WEO,Apr2025,1.02778263748868
GHA,2024,2024,USD,WEO,Apr2025,1
GHA,2025,2024,USD,WEO,Apr2025,1.02521445261522
GHA,2026,2024,USD,WEO,Apr2025,1.02227110086524
GHA,2027,2024,USD,WEO,Apr2025,1.02117268749546
GHA,2028,2024,USD,WEO,Apr2025,1.02195406275857
GHA,2029,2024,USD,WEO,Apr2025,1.05979846958481
GHA,2030,2024,USD,WEO,Apr2025,1.08134626010456
GIN,1980,2024,USD,WEO,Apr2025,0.560617800291668
GIN,1981,2024,USD,WEO,Apr2025,0.552807450590755
GIN,1982,2024,USD,WEO,Apr2025,0.532541674111855
GIN,1983,2024,USD,WEO,Apr2025,0.514225215103643
GIN,1984,2024,USD,WEO,Apr2025,0.516672916967264
GIN,1985,2024,USD,WEO,Apr2025,0.522942731765832
GIN,1986,2024,USD,WEO,Apr2025,0.548575195925605
GIN,1987,2024,USD,WEO,Apr2025,0.563806916223944
GIN,1988,2024,USD,WEO,Apr2025,0.619429069611055
GIN,1989,2024,USD,WEO,Apr2025,0.607617955143982
GIN,1990,2024,USD,WEO,Apr2025,0.63854266957292
GIN,1991,2024,USD,WEO,Apr2025,0.704428348361994
GIN,1992,2024,USD,WEO,Apr2025,0.74307776603226
GIN,1993,2024,USD,WEO,Apr2025,0.706131457470889
GIN,1994,2024,USD,WEO,Apr2025,0.700546490107366
GIN,1995,2024,USD,WEO,Apr2025,0.730647103420908
GIN,1996,2024,USD,WEO,Apr2025,0.723528570402783
GIN,1997,2024,USD,WEO,Apr2025,0.674425053855789
GIN,1998,2024,USD,WEO,Apr2025,0.624619625327456
GIN,1999,2024,USD,WEO,Apr2025,0.577029223132158
GIN,2000,2024,USD,WEO,Apr2025,0.473887050687525
GIN,2001,2024,USD,WEO,Apr2025,0.43079132286174
GIN,2002,2024,USD,WEO,Apr2025,0.432881477406589
GIN,2003,2024,USD,WEO,Apr2025,0.505885112787617
GIN,2004,2024,USD,WEO,Apr2025,0.52059721928835
GIN,2005,2024,USD,WEO,Apr2025,0.454419954574589
GIN,2006,2024,USD,WEO,Apr2025,0.411077293070726
GIN,2007,2024,USD,WEO,Apr2025,0.583535644769475
GIN,2008,2024,USD,WEO,Apr2025,0.617894129488419
GIN,2009,2024,USD,WEO,Apr2025,0.608357260540686
GIN,2010,2024,USD,WEO,Apr2025,0.592805910291197
GIN,2011,2024,USD,WEO,Apr2025,0.55450166224898
GIN,2012,2024,USD,WEO,Apr2025,0.570837351123035
GIN,2013,2024,USD,WEO,Apr2025,0.622691833662722
GIN,2014,2024,USD,WEO,Apr2025,0.629240123491458
GIN,2015,2024,USD,WEO,Apr2025,0.606950203861523
GIN,2016,2024,USD,WEO,Apr2025,0.536095946587311
GIN,2017,2024,USD,WEO,Apr2025,0.583252581556028
GIN,2018,2024,USD,WEO,Apr2025,0.629754482133444
GIN,2019,2024,USD,WEO,Apr2025,0.676018869658611
GIN,2020,2024,USD,WEO,Apr2025,0.676674040362942
GIN,2021,2024,USD,WEO,Apr2025,0.742378700785054
GIN,2022,2024,USD,WEO,Apr2025,0.857040246794293
GIN,2023,2024,USD,WEO,Apr2025,0.936858742914823
GIN,2024,2024,USD,WEO,Apr2025,1
GIN,2025,2024,USD,WEO,Apr2025,1.09102595197844
GIN,2026,2024,USD,WEO,Apr2025,1.1550167283308
GIN,2027,2024,USD,WEO,Apr2025,1.21747040901397
GIN,2028,2024,USD,WEO,Apr2025,1.28198086298226
GIN,2029,2024,USD,WEO,Apr2025,1.3478294348874
GIN,2030,2024,USD,WEO,Apr2025,1.4243033921326
GMB,1980,2024,USD,WEO,Apr2025,0.965641387393941
GMB,1981,2024,USD,WEO,Apr2025,1.02148748174551
GMB,1982,2024,USD,WEO,Apr2025,0.797761132838811
GMB,1983,2024,USD,WEO,Apr2025,0.706616063016987
GMB,1984,2024,USD,WEO,Apr2025,0.550729124672257
GMB,1985,2024,USD,WEO,Apr2025,0.64673264032823
GMB,1986,2024,USD,WEO,Apr2025,0.492854060230699
GMB,1987,2024,USD,WEO,Apr2025,0.642640239145088
GMB,1988,2024,USD,WEO,Apr2025,0.733438581493528
GMB,1989,2024,USD,WEO,Apr2025,0.73784117402974
GMB,1990,2024,USD,WEO,Apr2025,0.819730752733799
GMB,1991,2024,USD,WEO,Apr2025,0.845777092634291
GMB,1992,2024,USD,WEO,Apr2025,0.896739451832765
GMB,1993,2024,USD,WEO,Apr2025,0.924722741594169
GMB,1994,2024,USD,WEO,Apr2025,0.948528003408824
GMB,1995,2024,USD,WEO,Apr2025,0.959202694784445
GMB,1996,2024,USD,WEO,Apr2025,0.973132600887129
GMB,1997,2024,USD,WEO,Apr2025,0.993913450486737
GMB,1998,2024,USD,WEO,Apr2025,0.957936251048212
GMB,1999,2024,USD,WEO,Apr2025,0.924416420865998
GMB,2000,2024,USD,WEO,Apr2025,0.85403153846017
GMB,2001,2024,USD,WEO,Apr2025,0.801175316269932
GMB,2002,2024,USD,WEO,Apr2025,0.733025391891307
GMB,2003,2024,USD,WEO,Apr2025,0.651854862442692
GMB,2004,2024,USD,WEO,Apr2025,0.694909042960932
GMB,2005,2024,USD,WEO,Apr2025,0.760470993104851
GMB,2006,2024,USD,WEO,Apr2025,0.784064091614467
GMB,2007,2024,USD,WEO,Apr2025,0.924064804089837
GMB,2008,2024,USD,WEO,Apr2025,1.06125567614147
GMB,2009,2024,USD,WEO,Apr2025,0.923593758859718
GMB,2010,2024,USD,WEO,Apr2025,0.928004637675475
GMB,2011,2024,USD,WEO,Apr2025,0.923059330943644
GMB,2012,2024,USD,WEO,Apr2025,0.880192880202249
GMB,2013,2024,USD,WEO,Apr2025,0.832028955224729
GMB,2014,2024,USD,WEO,Apr2025,0.753747366412866
GMB,2015,2024,USD,WEO,Apr2025,0.798615519477091
GMB,2016,2024,USD,WEO,Apr2025,0.849881498883573
GMB,2017,2024,USD,WEO,Apr2025,0.826221075441389
GMB,2018,2024,USD,WEO,Apr2025,0.854828353773754
GMB,2019,2024,USD,WEO,Apr2025,0.874482597090271
GMB,2020,2024,USD,WEO,Apr2025,0.87078886380401
GMB,2021,2024,USD,WEO,Apr2025,0.935234997392338
GMB,2022,2024,USD,WEO,Apr2025,0.925553812888194
GMB,2023,2024,USD,WEO,Apr2025,0.970048944487881
GMB,2024,2024,USD,WEO,Apr2025,1
GMB,2025,2024,USD,WEO,Apr2025,1.02279057175632
GMB,2026,2024,USD,WEO,Apr2025,1.0325162279834
GMB,2027,2024,USD,WEO,Apr2025,1.05199235863668
GMB,2028,2024,USD,WEO,Apr2025,1.07615064646389
GMB,2029,2024,USD,WEO,Apr2025,1.10108441929151
GMB,2030,2024,USD,WEO,Apr2025,1.13131967039762
GNB,1980,2024,USD,WEO,Apr2025,0.495905888132321
GNB,1981,2024,USD,WEO,Apr2025,0.638074422419353
GNB,1982,2024,USD,WEO,Apr2025,0.696761248738257
GNB,1983,2024,USD,WEO,Apr2025,0.813801294243402
GNB,1984,2024,USD,WEO,Apr2025,0.535903072287997
GNB,1985,2024,USD,WEO,Apr2025,0.755143932303898
GNB,1986,2024,USD,WEO,Apr2025,0.745471673252208
GNB,1987,2024,USD,WEO,Apr2025,0.597218508211337
GNB,1988,2024,USD,WEO,Apr2025,0.546310037669513
GNB,1989,2024,USD,WEO,Apr2025,0.637225348174483
GNB,1990,2024,USD,WEO,Apr2025,0.743667193537362
GNB,1991,2024,USD,WEO,Apr2025,0.976327239346136
GNB,1992,2024,USD,WEO,Apr2025,1.03779330810738
GNB,1993,2024,USD,WEO,Apr2025,0.783213112345661
GNB,1994,2024,USD,WEO,Apr2025,0.42052593233217
GNB,1995,2024,USD,WEO,Apr2025,0.871294612661413
GNB,1996,2024,USD,WEO,Apr2025,0.799885994141556
GNB,1997,2024,USD,WEO,Apr2025,0.716970458562171
GNB,1998,2024,USD,WEO,Apr2025,0.777402811612798
GNB,1999,2024,USD,WEO,Apr2025,0.652009285205272
GNB,2000,2024,USD,WEO,Apr2025,0.435873733415988
GNB,2001,2024,USD,WEO,Apr2025,0.43824949133648
GNB,2002,2024,USD,WEO,Apr2025,0.477058040046717
GNB,2003,2024,USD,WEO,Apr2025,0.567746278273963
GNB,2004,2024,USD,WEO,Apr2025,0.590597785196996
GNB,2005,2024,USD,WEO,Apr2025,0.609473169248626
GNB,2006,2024,USD,WEO,Apr2025,0.589002951400032
GNB,2007,2024,USD,WEO,Apr2025,0.681021322497181
GNB,2008,2024,USD,WEO,Apr2025,0.824590748497442
GNB,2009,2024,USD,WEO,Apr2025,0.75083383270121
GNB,2010,2024,USD,WEO,Apr2025,0.752570543182664
GNB,2011,2024,USD,WEO,Apr2025,0.856102024302558
GNB,2012,2024,USD,WEO,Apr2025,0.790469986405313
GNB,2013,2024,USD,WEO,Apr2025,0.809289242188529
GNB,2014,2024,USD,WEO,Apr2025,0.820329388184354
GNB,2015,2024,USD,WEO,Apr2025,0.784485126509419
GNB,2016,2024,USD,WEO,Apr2025,0.80439158268293
GNB,2017,2024,USD,WEO,Apr2025,0.905741497485594
GNB,2018,2024,USD,WEO,Apr2025,0.924014347674696
GNB,2019,2024,USD,WEO,Apr2025,0.845557214721625
GNB,2020,2024,USD,WEO,Apr2025,0.853229557989297
GNB,2021,2024,USD,WEO,Apr2025,0.908394757384615
GNB,2022,2024,USD,WEO,Apr2025,0.867941906593407
GNB,2023,2024,USD,WEO,Apr2025,0.961188186813187
GNB,2024,2024,USD,WEO,Apr2025,1
GNB,2025,2024,USD,WEO,Apr2025,0.990683911711504
GNB,2026,2024,USD,WEO,Apr2025,1.01736271370633
GNB,2027,2024,USD,WEO,Apr2025,1.04518153412307
GNB,2028,2024,USD,WEO,Apr2025,1.07391053152902
GNB,2029,2024,USD,WEO,Apr2025,1.10401679078612
GNB,2030,2024,USD,WEO,Apr2025,1.13473283476156
GNQ,1980,2024,USD,WEO,Apr2025,0.287287132083735
GNQ,1981,2024,USD,WEO,Apr2025,0.254641422655505
GNQ,1982,2024,USD,WEO,Apr2025,0.290680867071834
GNQ,1983,2024,USD,WEO,Apr2025,0.316375285917635
GNQ,1984,2024,USD,WEO,Apr2025,0.344529620050686
GNQ,1985,2024,USD,WEO,Apr2025,0.513206836877157
GNQ,1986,2024,USD,WEO,Apr2025,0.646167878045639
GNQ,1987,2024,USD,WEO,Apr2025,0.754696895063462
GNQ,1988,2024,USD,WEO,Apr2025,0.78816371738059
GNQ,1989,2024,USD,WEO,Apr2025,0.704091863157551
GNQ,1990,2024,USD,WEO,Apr2025,0.869783291234284
GNQ,1991,2024,USD,WEO,Apr2025,0.874126441435918
GNQ,1992,2024,USD,WEO,Apr2025,0.796640051834188
GNQ,1993,2024,USD,WEO,Apr2025,0.730210710098691
GNQ,1994,2024,USD,WEO,Apr2025,0.463064877658488
GNQ,1995,2024,USD,WEO,Apr2025,0.515492611415992
GNQ,1996,2024,USD,WEO,Apr2025,0.551402029265186
GNQ,1997,2024,USD,WEO,Apr2025,0.423780165222359
GNQ,1998,2024,USD,WEO,Apr2025,0.28401467281514
GNQ,1999,2024,USD,WEO,Apr2025,0.376889959933637
GNQ,2000,2024,USD,WEO,Apr2025,0.28117663335156
GNQ,2001,2024,USD,WEO,Apr2025,0.25378668696795
GNQ,2002,2024,USD,WEO,Apr2025,0.262347119089424
GNQ,2003,2024,USD,WEO,Apr2025,0.413360690692234
GNQ,2004,2024,USD,WEO,Apr2025,0.504015963061486
GNQ,2005,2024,USD,WEO,Apr2025,0.642825501232803
GNQ,2006,2024,USD,WEO,Apr2025,0.743963840120896
GNQ,2007,2024,USD,WEO,Apr2025,0.836784844966699
GNQ,2008,2024,USD,WEO,Apr2025,1.07591581108929
GNQ,2009,2024,USD,WEO,Apr2025,0.80700552607022
GNQ,2010,2024,USD,WEO,Apr2025,0.959919173630893
GNQ,2011,2024,USD,WEO,Apr2025,1.17851047546101
GNQ,2012,2024,USD,WEO,Apr2025,1.14151021662452
GNQ,2013,2024,USD,WEO,Apr2025,1.16659262183943
GNQ,2014,2024,USD,WEO,Apr2025,1.152349644282
GNQ,2015,2024,USD,WEO,Apr2025,0.767955043700575
GNQ,2016,2024,USD,WEO,Apr2025,0.717728478836408
GNQ,2017,2024,USD,WEO,Apr2025,0.825781468804695
GNQ,2018,2024,USD,WEO,Apr2025,0.961005868136502
GNQ,2019,2024,USD,WEO,Apr2025,0.868231485847324
GNQ,2020,2024,USD,WEO,Apr2025,0.795012734715493
GNQ,2021,2024,USD,WEO,Apr2025,0.972324889648333
GNQ,2022,2024,USD,WEO,Apr2025,1.05717668831319
GNQ,2023,2024,USD,WEO,Apr2025,1.00196339205995
GNQ,2024,2024,USD,WEO,Apr2025,1
GNQ,2025,2024,USD,WEO,Apr2025,1.0555354234892
GNQ,2026,2024,USD,WEO,Apr2025,1.07301117553372
GNQ,2027,2024,USD,WEO,Apr2025,1.07680942319052
GNQ,2028,2024,USD,WEO,Apr2025,1.09364762282285
GNQ,2029,2024,USD,WEO,Apr2025,1.12152076600502
GNQ,2030,2024,USD,WEO,Apr2025,1.152542905814
GRC,1960,2024,USD,OECD,Apr2026,0.10109673
GRC,1961,2024,USD,OECD,Apr2026,0.10220507
GRC,1962,2024,USD,OECD,Apr2026,0.10699867
GRC,1963,2024,USD,OECD,Apr2026,0.10818695
GRC,1964,2024,USD,OECD,Apr2026,0.11187149
GRC,1965,2024,USD,OECD,Apr2026,0.1164338
GRC,1966,2024,USD,OECD,Apr2026,0.122164
GRC,1967,2024,USD,OECD,Apr2026,0.12481472
GRC,1968,2024,USD,OECD,Apr2026,0.12665845
GRC,1969,2024,USD,OECD,Apr2026,0.13068776
GRC,1970,2024,USD,OECD,Apr2026,0.135653
GRC,1971,2024,USD,OECD,Apr2026,0.13968877
GRC,1972,2024,USD,OECD,Apr2026,0.14673832
GRC,1973,2024,USD,OECD,Apr2026,0.17957575
GRC,1974,2024,USD,OECD,Apr2026,0.21785913
GRC,1975,2024,USD,OECD,Apr2026,0.23087948
GRC,1976,2024,USD,OECD,Apr2026,0.23568537
GRC,1977,2024,USD,OECD,Apr2026,0.2658355
GRC,1978,2024,USD,OECD,Apr2026,0.30331118
GRC,1979,2024,USD,OECD,Apr2026,0.36131346
GRC,1980,2024,USD,OECD,Apr2026,0.37435028
GRC,1981,2024,USD,OECD,Apr2026,0.35077663
GRC,1982,2024,USD,OECD,Apr2026,0.37049361
GRC,1983,2024,USD,OECD,Apr2026,0.33883463
GRC,1984,2024,USD,OECD,Apr2026,0.32232177
GRC,1985,2024,USD,OECD,Apr2026,0.31307415
GRC,1986,2024,USD,OECD,Apr2026,0.3683971
GRC,1987,2024,USD,OECD,Apr2026,0.43808034
GRC,1988,2024,USD,OECD,Apr2026,0.48778255
GRC,1989,2024,USD,OECD,Apr2026,0.48811786
GRC,1990,2024,USD,OECD,Apr2026,0.60347393
GRC,1991,2024,USD,OECD,Apr2026,0.62823932
GRC,1992,2024,USD,OECD,Apr2026,0.68938844
GRC,1993,2024,USD,OECD,Apr2026,0.6559247
GRC,1994,2024,USD,OECD,Apr2026,0.68961312
GRC,1995,2024,USD,OECD,Apr2026,0.79200606
GRC,1996,2024,USD,OECD,Apr2026,0.81768865
GRC,1997,2024,USD,OECD,Apr2026,0.75921408
GRC,1998,2024,USD,OECD,Apr2026,0.69110542
GRC,1999,2024,USD,OECD,Apr2026,0.70151465
GRC,2000,2024,USD,OECD,Apr2026,0.57704172
GRC,2001,2024,USD,OECD,Apr2026,0.56653895
GRC,2002,2024,USD,OECD,Apr2026,0.61379664
GRC,2003,2024,USD,OECD,Apr2026,0.76203427
GRC,2004,2024,USD,OECD,Apr2026,0.86284106
GRC,2005,2024,USD,OECD,Apr2026,0.87956622
GRC,2006,2024,USD,OECD,Apr2026,0.91817468
GRC,2007,2024,USD,OECD,Apr2026,1.03510019
GRC,2008,2024,USD,OECD,Apr2026,1.13495131
GRC,2009,2024,USD,OECD,Apr2026,1.12170708
GRC,2010,2024,USD,OECD,Apr2026,1.07948382
GRC,2011,2024,USD,OECD,Apr2026,1.14428562
GRC,2012,2024,USD,OECD,Apr2026,1.05426357
GRC,2013,2024,USD,OECD,Apr2026,1.06762885
GRC,2014,2024,USD,OECD,Apr2026,1.04639779
GRC,2015,2024,USD,OECD,Apr2026,0.87331359
GRC,2016,2024,USD,OECD,Apr2026,0.86634406
GRC,2017,2024,USD,OECD,Apr2026,0.88493992
GRC,2018,2024,USD,OECD,Apr2026,0.92433221
GRC,2019,2024,USD,OECD,Apr2026,0.8788821
GRC,2020,2024,USD,OECD,Apr2026,0.89145098
GRC,2021,2024,USD,OECD,Apr2026,0.93796498
GRC,2022,2024,USD,OECD,Apr2026,0.8865239
GRC,2023,2024,USD,OECD,Apr2026,0.96869423
GRC,2024,2024,USD,OECD,Apr2026,1
GRC,2025,2024,USD,OECD,Apr2026,1.07933926
GRC,2026,2024,USD,WEO,Apr2025,1.04776686419669
GRC,2027,2024,USD,WEO,Apr2025,1.06763616713799
GRC,2028,2024,USD,WEO,Apr2025,1.08827367886437
GRC,2029,2024,USD,WEO,Apr2025,1.10965082542544
GRC,2030,2024,USD,WEO,Apr2025,1.13192700277747
GRD,1980,2024,USD,WEO,Apr2025,0.293312540853296
GRD,1981,2024,USD,WEO,Apr2025,0.30236726753964
GRD,1982,2024,USD,WEO,Apr2025,0.3129729959731
GRD,1983,2024,USD,WEO,Apr2025,0.319956903768424
GRD,1984,2024,USD,WEO,Apr2025,0.340401611049487
GRD,1985,2024,USD,WEO,Apr2025,0.36956542674199
GRD,1986,2024,USD,WEO,Apr2025,0.385217041001081
GRD,1987,2024,USD,WEO,Apr2025,0.403895340711854
GRD,1988,2024,USD,WEO,Apr2025,0.430783924067212
GRD,1989,2024,USD,WEO,Apr2025,0.469717947523367
GRD,1990,2024,USD,WEO,Apr2025,0.469172037167746
GRD,1991,2024,USD,WEO,Apr2025,0.500861174222794
GRD,1992,2024,USD,WEO,Apr2025,0.520065219969468
GRD,1993,2024,USD,WEO,Apr2025,0.530440638865681
GRD,1994,2024,USD,WEO,Apr2025,0.546070348388067
GRD,1995,2024,USD,WEO,Apr2025,0.562286222699425
GRD,1996,2024,USD,WEO,Apr2025,0.578036342762823
GRD,1997,2024,USD,WEO,Apr2025,0.588482324364816
GRD,1998,2024,USD,WEO,Apr2025,0.598837978505033
GRD,1999,2024,USD,WEO,Apr2025,0.604943565980486
GRD,2000,2024,USD,WEO,Apr2025,0.621185586039904
GRD,2001,2024,USD,WEO,Apr2025,0.634018112639733
GRD,2002,2024,USD,WEO,Apr2025,0.63651987148276
GRD,2003,2024,USD,WEO,Apr2025,0.636406158301176
GRD,2004,2024,USD,WEO,Apr2025,0.649221254788199
GRD,2005,2024,USD,WEO,Apr2025,0.665004078859695
GRD,2006,2024,USD,WEO,Apr2025,0.696648619855472
GRD,2007,2024,USD,WEO,Apr2025,0.712795206220961
GRD,2008,2024,USD,WEO,Apr2025,0.76843178882705
GRD,2009,2024,USD,WEO,Apr2025,0.768056606623176
GRD,2010,2024,USD,WEO,Apr2025,0.772001534464289
GRD,2011,2024,USD,WEO,Apr2025,0.774090136973142
GRD,2012,2024,USD,WEO,Apr2025,0.804246829544284
GRD,2013,2024,USD,WEO,Apr2025,0.828008614114458
GRD,2014,2024,USD,WEO,Apr2025,0.83359667656007
GRD,2015,2024,USD,WEO,Apr2025,0.85705262518951
GRD,2016,2024,USD,WEO,Apr2025,0.88001607284864
GRD,2017,2024,USD,WEO,Apr2025,0.893391411755316
GRD,2018,2024,USD,WEO,Apr2025,0.887229568192284
GRD,2019,2024,USD,WEO,Apr2025,0.916000447507852
GRD,2020,2024,USD,WEO,Apr2025,0.913261896429565
GRD,2021,2024,USD,WEO,Apr2025,0.939286394247544
GRD,2022,2024,USD,WEO,Apr2025,0.959382113908046
GRD,2023,2024,USD,WEO,Apr2025,0.986135057471265
GRD,2024,2024,USD,WEO,Apr2025,1
GRD,2025,2024,USD,WEO,Apr2025,1.01232446957517
GRD,2026,2024,USD,WEO,Apr2025,1.03272670513029
GRD,2027,2024,USD,WEO,Apr2025,1.0530786158486
GRD,2028,2024,USD,WEO,Apr2025,1.07418870164902
GRD,2029,2024,USD,WEO,Apr2025,1.09499952899177
GRD,2030,2024,USD,WEO,Apr2025,1.11694678181005
GTM,1980,2024,USD,WEO,Apr2025,0.244945847881202
GTM,1981,2024,USD,WEO,Apr2025,0.265862147264544
GTM,1982,2024,USD,WEO,Apr2025,0.279155493964622
GTM,1983,2024,USD,WEO,Apr2025,0.297295979461431
GTM,1984,2024,USD,WEO,Apr2025,0.309535707409835
GTM,1985,2024,USD,WEO,Apr2025,0.367635473453605
GTM,1986,2024,USD,WEO,Apr2025,0.198575019932017
GTM,1987,2024,USD,WEO,Apr2025,0.222019944307382
GTM,1988,2024,USD,WEO,Apr2025,0.231435873879133
GTM,1989,2024,USD,WEO,Apr2025,0.256687655239401
GTM,1990,2024,USD,WEO,Apr2025,0.219129508601155
GTM,1991,2024,USD,WEO,Apr2025,0.259023471296667
GTM,1992,2024,USD,WEO,Apr2025,0.273653486597714
GTM,1993,2024,USD,WEO,Apr2025,0.288332687774452
GTM,1994,2024,USD,WEO,Apr2025,0.314827012795762
GTM,1995,2024,USD,WEO,Apr2025,0.339440482400439
GTM,1996,2024,USD,WEO,Apr2025,0.352333364176536
GTM,1997,2024,USD,WEO,Apr2025,0.383382516813702
GTM,1998,2024,USD,WEO,Apr2025,0.398443737576698
GTM,1999,2024,USD,WEO,Apr2025,0.362602702032345
GTM,2000,2024,USD,WEO,Apr2025,0.368013046114065
GTM,2001,2024,USD,WEO,Apr2025,0.388660833382924
GTM,2002,2024,USD,WEO,Apr2025,0.415808098035457
GTM,2003,2024,USD,WEO,Apr2025,0.427028328389061
GTM,2004,2024,USD,WEO,Apr2025,0.447833632196823
GTM,2005,2024,USD,WEO,Apr2025,0.489218194208375
GTM,2006,2024,USD,WEO,Apr2025,0.515933450237648
GTM,2007,2024,USD,WEO,Apr2025,0.542831715753473
GTM,2008,2024,USD,WEO,Apr2025,0.603746094161662
GTM,2009,2024,USD,WEO,Apr2025,0.567358318381597
GTM,2010,2024,USD,WEO,Apr2025,0.602192182274315
GTM,2011,2024,USD,WEO,Apr2025,0.660685870915323
GTM,2012,2024,USD,WEO,Apr2025,0.675194318902288
GTM,2013,2024,USD,WEO,Apr2025,0.691414901531672
GTM,2014,2024,USD,WEO,Apr2025,0.722537272753639
GTM,2015,2024,USD,WEO,Apr2025,0.746281851318073
GTM,2016,2024,USD,WEO,Apr2025,0.771866810637716
GTM,2017,2024,USD,WEO,Apr2025,0.812192403891918
GTM,2018,2024,USD,WEO,Apr2025,0.80415176701529
GTM,2019,2024,USD,WEO,Apr2025,0.813413954079549
GTM,2020,2024,USD,WEO,Apr2025,0.834238312202254
GTM,2021,2024,USD,WEO,Apr2025,0.859137092790861
GTM,2022,2024,USD,WEO,Apr2025,0.911891267502548
GTM,2023,2024,USD,WEO,Apr2025,0.961924441838774
GTM,2024,2024,USD,WEO,Apr2025,1
GTM,2025,2024,USD,WEO,Apr2025,1.03401660073773
GTM,2026,2024,USD,WEO,Apr2025,1.07837786906799
GTM,2027,2024,USD,WEO,Apr2025,1.12123361740389
GTM,2028,2024,USD,WEO,Apr2025,1.16616141502786
GTM,2029,2024,USD,WEO,Apr2025,1.21278354444216
GTM,2030,2024,USD,WEO,Apr2025,1.26126937078116
GUY,1980,2024,USD,WEO,Apr2025,0.376725376328641
GUY,1981,2024,USD,WEO,Apr2025,0.359492837986315
GUY,1982,2024,USD,WEO,Apr2025,0.337901663876363
GUY,1983,2024,USD,WEO,Apr2025,0.38786587245611
GUY,1984,2024,USD,WEO,Apr2025,0.353291875956416
GUY,1985,2024,USD,WEO,Apr2025,0.375147506824749
GUY,1986,2024,USD,WEO,Apr2025,0.425660871237443
GUY,1987,2024,USD,WEO,Apr2025,0.393262970963467
GUY,1988,2024,USD,WEO,Apr2025,0.475736404165196
GUY,1989,2024,USD,WEO,Apr2025,0.502897920871463
GUY,1990,2024,USD,WEO,Apr2025,0.426894073879732
GUY,1991,2024,USD,WEO,Apr2025,0.437310709171213
GUY,1992,2024,USD,WEO,Apr2025,0.448918486664648
GUY,1993,2024,USD,WEO,Apr2025,0.50563521576624
GUY,1994,2024,USD,WEO,Apr2025,0.546494781010758
GUY,1995,2024,USD,WEO,Apr2025,0.589204689595966
GUY,1996,2024,USD,WEO,Apr2025,0.612570922667338
GUY,1997,2024,USD,WEO,Apr2025,0.612391199163236
GUY,1998,2024,USD,WEO,Apr2025,0.58887169884372
GUY,1999,2024,USD,WEO,Apr2025,0.567223433527829
GUY,2000,2024,USD,WEO,Apr2025,0.578434159874478
GUY,2001,2024,USD,WEO,Apr2025,0.568295451618548
GUY,2002,2024,USD,WEO,Apr2025,0.580891663343267
GUY,2003,2024,USD,WEO,Apr2025,0.598616502452894
GUY,2004,2024,USD,WEO,Apr2025,0.613450862362517
GUY,2005,2024,USD,WEO,Apr2025,0.64636525351575
GUY,2006,2024,USD,WEO,Apr2025,0.682000880525109
GUY,2007,2024,USD,WEO,Apr2025,0.746663702142442
GUY,2008,2024,USD,WEO,Apr2025,0.819721865918356
GUY,2009,2024,USD,WEO,Apr2025,0.826832019315083
GUY,2010,2024,USD,WEO,Apr2025,0.881617689483461
GUY,2011,2024,USD,WEO,Apr2025,0.963214542657675
GUY,2012,2024,USD,WEO,Apr2025,1.11953057054144
GUY,2013,2024,USD,WEO,Apr2025,1.10798777559914
GUY,2014,2024,USD,WEO,Apr2025,1.07915986035736
GUY,2015,2024,USD,WEO,Apr2025,1.11126199692452
GUY,2016,2024,USD,WEO,Apr2025,1.12128184956928
GUY,2017,2024,USD,WEO,Apr2025,1.14481586400628
GUY,2018,2024,USD,WEO,Apr2025,1.10537095541147
GUY,2019,2024,USD,WEO,Apr2025,1.13379209481591
GUY,2020,2024,USD,WEO,Apr2025,0.83556905373755
GUY,2021,2024,USD,WEO,Apr2025,1.02288628443708
GUY,2022,2024,USD,WEO,Apr2025,1.14627677689605
GUY,2023,2024,USD,WEO,Apr2025,0.985053696824689
GUY,2024,2024,USD,WEO,Apr2025,1
GUY,2025,2024,USD,WEO,Apr2025,0.949248341127224
GUY,2026,2024,USD,WEO,Apr2025,0.842167540540024
GUY,2027,2024,USD,WEO,Apr2025,0.795806491778601
GUY,2028,2024,USD,WEO,Apr2025,0.778772299724117
GUY,2029,2024,USD,WEO,Apr2025,0.772093641690959
GUY,2030,2024,USD,WEO,Apr2025,0.795606680079821
HKG,1980,2024,USD,WEO,Apr2025,0.375119340257205
HKG,1981,2024,USD,WEO,Apr2025,0.369640687273049
HKG,1982,2024,USD,WEO,Apr2025,0.373571251246083
HKG,1983,2024,USD,WEO,Apr2025,0.326360421572009
HKG,1984,2024,USD,WEO,Apr2025,0.332438597302456
HKG,1985,2024,USD,WEO,Apr2025,0.351639871297463
HKG,1986,2024,USD,WEO,Apr2025,0.364156735108725
HKG,1987,2024,USD,WEO,Apr2025,0.395780301232637
HKG,1988,2024,USD,WEO,Apr2025,0.430190734426601
HKG,1989,2024,USD,WEO,Apr2025,0.484591572104656
HKG,1990,2024,USD,WEO,Apr2025,0.521931607087543
HKG,1991,2024,USD,WEO,Apr2025,0.570998648158303
HKG,1992,2024,USD,WEO,Apr2025,0.629999764680728
HKG,1993,2024,USD,WEO,Apr2025,0.684706745180783
HKG,1994,2024,USD,WEO,Apr2025,0.728666637949941
HKG,1995,2024,USD,WEO,Apr2025,0.758098279728351
HKG,1996,2024,USD,WEO,Apr2025,0.802870576441314
HKG,1997,2024,USD,WEO,Apr2025,0.848237965782976
HKG,1998,2024,USD,WEO,Apr2025,0.85810914128811
HKG,1999,2024,USD,WEO,Apr2025,0.821635085194912
HKG,2000,2024,USD,WEO,Apr2025,0.790363695735528
HKG,2001,2024,USD,WEO,Apr2025,0.775596777305104
HKG,2002,2024,USD,WEO,Apr2025,0.749238813974887
HKG,2003,2024,USD,WEO,Apr2025,0.705315667961572
HKG,2004,2024,USD,WEO,Apr2025,0.679886268885241
HKG,2005,2024,USD,WEO,Apr2025,0.679807638465722
HKG,2006,2024,USD,WEO,Apr2025,0.6769745935289
HKG,2007,2024,USD,WEO,Apr2025,0.695235032866567
HKG,2008,2024,USD,WEO,Apr2025,0.705509867528195
HKG,2009,2024,USD,WEO,Apr2025,0.70604116182022
HKG,2010,2024,USD,WEO,Apr2025,0.706363176850802
HKG,2011,2024,USD,WEO,Apr2025,0.732495835899491
HKG,2012,2024,USD,WEO,Apr2025,0.761160122934726
HKG,2013,2024,USD,WEO,Apr2025,0.77499392463411
HKG,2014,2024,USD,WEO,Apr2025,0.797283304928069
HKG,2015,2024,USD,WEO,Apr2025,0.826580788874876
HKG,2016,2024,USD,WEO,Apr2025,0.838987678046551
HKG,2017,2024,USD,WEO,Apr2025,0.859723446480677
HKG,2018,2024,USD,WEO,Apr2025,0.886040323378563
HKG,2019,2024,USD,WEO,Apr2025,0.904454863270631
HKG,2020,2024,USD,WEO,Apr2025,0.919459974600672
HKG,2021,2024,USD,WEO,Apr2025,0.923843162524931
HKG,2022,2024,USD,WEO,Apr2025,0.932469743457695
HKG,2023,2024,USD,WEO,Apr2025,0.959818639964432
HKG,2024,2024,USD,WEO,Apr2025,1
HKG,2025,2024,USD,WEO,Apr2025,1.0258789002218
HKG,2026,2024,USD,WEO,Apr2025,1.04126809822964
HKG,2027,2024,USD,WEO,Apr2025,1.06559988820707
HKG,2028,2024,USD,WEO,Apr2025,1.09078351313368
HKG,2029,2024,USD,WEO,Apr2025,1.1163901544363
HKG,2030,2024,USD,WEO,Apr2025,1.14402564858909
HND,1980,2024,USD,WEO,Apr2025,0.459417714092545
HND,1981,2024,USD,WEO,Apr2025,0.474009440675093
HND,1982,2024,USD,WEO,Apr2025,0.510745921329663
HND,1983,2024,USD,WEO,Apr2025,0.531070732533972
HND,1984,2024,USD,WEO,Apr2025,0.5483340753561
HND,1985,2024,USD,WEO,Apr2025,0.557468413954519
HND,1986,2024,USD,WEO,Apr2025,0.569364073977487
HND,1987,2024,USD,WEO,Apr2025,0.582161505326881
HND,1988,2024,USD,WEO,Apr2025,0.635571421150651
HND,1989,2024,USD,WEO,Apr2025,0.70865906815932
HND,1990,2024,USD,WEO,Apr2025,0.430870760272189
HND,1991,2024,USD,WEO,Apr2025,0.420858012243633
HND,1992,2024,USD,WEO,Apr2025,0.421935016735563
HND,1993,2024,USD,WEO,Apr2025,0.397560326274984
HND,1994,2024,USD,WEO,Apr2025,0.371209615853954
HND,1995,2024,USD,WEO,Apr2025,0.407786657212348
HND,1996,2024,USD,WEO,Apr2025,0.385660196282825
HND,1997,2024,USD,WEO,Apr2025,0.405386930715666
HND,1998,2024,USD,WEO,Apr2025,0.434319573230362
HND,1999,2024,USD,WEO,Apr2025,0.441045134195095
HND,2000,2024,USD,WEO,Apr2025,0.45508304514308
HND,2001,2024,USD,WEO,Apr2025,0.471955587094667
HND,2002,2024,USD,WEO,Apr2025,0.467321279472645
HND,2003,2024,USD,WEO,Apr2025,0.467923258519105
HND,2004,2024,USD,WEO,Apr2025,0.474567831610323
HND,2005,2024,USD,WEO,Apr2025,0.493571126790724
HND,2006,2024,USD,WEO,Apr2025,0.519230476986532
HND,2007,2024,USD,WEO,Apr2025,0.553594997384642
HND,2008,2024,USD,WEO,Apr2025,0.59657764811684
HND,2009,2024,USD,WEO,Apr2025,0.64235525929696
HND,2010,2024,USD,WEO,Apr2025,0.672429814858571
HND,2011,2024,USD,WEO,Apr2025,0.724162661522207
HND,2012,2024,USD,WEO,Apr2025,0.727432684739712
HND,2013,2024,USD,WEO,Apr2025,0.706558998035383
HND,2014,2024,USD,WEO,Apr2025,0.732133294420587
HND,2015,2024,USD,WEO,Apr2025,0.748799499630094
HND,2016,2024,USD,WEO,Apr2025,0.745995008816856
HND,2017,2024,USD,WEO,Apr2025,0.758324311515269
HND,2018,2024,USD,WEO,Apr2025,0.759637944671767
HND,2019,2024,USD,WEO,Apr2025,0.765585813105609
HND,2020,2024,USD,WEO,Apr2025,0.789216049385416
HND,2021,2024,USD,WEO,Apr2025,0.845032858129859
HND,2022,2024,USD,WEO,Apr2025,0.906715899148925
HND,2023,2024,USD,WEO,Apr2025,0.959319464358177
HND,2024,2024,USD,WEO,Apr2025,1
HND,2025,2024,USD,WEO,Apr2025,0.99966361000025
HND,2026,2024,USD,WEO,Apr2025,1.00637918705337
HND,2027,2024,USD,WEO,Apr2025,1.02630408178312
HND,2028,2024,USD,WEO,Apr2025,1.04637948071054
HND,2029,2024,USD,WEO,Apr2025,1.06651105851429
HND,2030,2024,USD,WEO,Apr2025,1.08741326679959
HRV,1960,2024,USD,OECD,Apr2026,0
HRV,1961,2024,USD,OECD,Apr2026,0
HRV,1962,2024,USD,OECD,Apr2026,0
HRV,1963,2024,USD,OECD,Apr2026,0
HRV,1964,2024,USD,OECD,Apr2026,0
HRV,1965,2024,USD,OECD,Apr2026,0
HRV,1966,2024,USD,OECD,Apr2026,0
HRV,1967,2024,USD,OECD,Apr2026,0
HRV,1968,2024,USD,OECD,Apr2026,0
HRV,1969,2024,USD,OECD,Apr2026,0
HRV,1970,2024,USD,OECD,Apr2026,0
HRV,1971,2024,USD,OECD,Apr2026,0
HRV,1972,2024,USD,OECD,Apr2026,0
HRV,1973,2024,USD,OECD,Apr2026,0
HRV,1974,2024,USD,OECD,Apr2026,0
HRV,1975,2024,USD,OECD,Apr2026,0
HRV,1976,2024,USD,OECD,Apr2026,0
HRV,1977,2024,USD,OECD,Apr2026,0
HRV,1978,2024,USD,OECD,Apr2026,0
HRV,1979,2024,USD,OECD,Apr2026,0
HRV,1980,2024,USD,OECD,Apr2026,0
HRV,1981,2024,USD,OECD,Apr2026,0
HRV,1982,2024,USD,OECD,Apr2026,0
HRV,1983,2024,USD,OECD,Apr2026,0
HRV,1984,2024,USD,OECD,Apr2026,0
HRV,1985,2024,USD,OECD,Apr2026,0
HRV,1986,2024,USD,OECD,Apr2026,0
HRV,1987,2024,USD,OECD,Apr2026,0
HRV,1988,2024,USD,OECD,Apr2026,0
HRV,1989,2024,USD,OECD,Apr2026,0
HRV,1990,2024,USD,OECD,Apr2026,0
HRV,1991,2024,USD,OECD,Apr2026,0
HRV,1992,2024,USD,OECD,Apr2026,0
HRV,1993,2024,USD,OECD,Apr2026,0
HRV,1994,2024,USD,OECD,Apr2026,0
HRV,1995,2024,USD,OECD,Apr2026,0
HRV,1996,2024,USD,OECD,Apr2026,0
HRV,1997,2024,USD,OECD,Apr2026,0
HRV,1998,2024,USD,OECD,Apr2026,0
HRV,1999,2024,USD,OECD,Apr2026,0
HRV,2000,2024,USD,OECD,Apr2026,0
HRV,2001,2024,USD,OECD,Apr2026,0
HRV,2002,2024,USD,OECD,Apr2026,0
HRV,2003,2024,USD,OECD,Apr2026,0
HRV,2004,2024,USD,OECD,Apr2026,0
HRV,2005,2024,USD,OECD,Apr2026,0
HRV,2006,2024,USD,OECD,Apr2026,0
HRV,2007,2024,USD,OECD,Apr2026,0
HRV,2008,2024,USD,OECD,Apr2026,0
HRV,2009,2024,USD,OECD,Apr2026,0
HRV,2010,2024,USD,OECD,Apr2026,0
HRV,2011,2024,USD,OECD,Apr2026,0
HRV,2012,2024,USD,OECD,Apr2026,0.85224637
HRV,2013,2024,USD,OECD,Apr2026,0.88680041
HRV,2014,2024,USD,OECD,Apr2026,0.88735184
HRV,2015,2024,USD,OECD,Apr2026,0.7427903
HRV,2016,2024,USD,OECD,Apr2026,0.74059746
HRV,2017,2024,USD,OECD,Apr2026,0.76424679
HRV,2018,2024,USD,OECD,Apr2026,0.81634936
HRV,2019,2024,USD,OECD,Apr2026,0.7896914
HRV,2020,2024,USD,OECD,Apr2026,0.81032379
HRV,2021,2024,USD,OECD,Apr2026,0.85838606
HRV,2022,2024,USD,OECD,Apr2026,0.82447322
HRV,2023,2024,USD,OECD,Apr2026,0.95685583
HRV,2024,2024,USD,OECD,Apr2026,1
HRV,2025,2024,USD,OECD,Apr2026,1.08319375
HRV,2026,2024,USD,WEO,Apr2025,1.07030143669511
HRV,2027,2024,USD,WEO,Apr2025,1.09287301410789
HRV,2028,2024,USD,WEO,Apr2025,1.11666379024352
HRV,2029,2024,USD,WEO,Apr2025,1.14061244530895
HRV,2030,2024,USD,WEO,Apr2025,1.16624208743816
HTI,1980,2024,USD,WEO,Apr2025,0.123720513636653
HTI,1981,2024,USD,WEO,Apr2025,0.134743975236616
HTI,1982,2024,USD,WEO,Apr2025,0.144200099593151
HTI,1983,2024,USD,WEO,Apr2025,0.157099750676003
HTI,1984,2024,USD,WEO,Apr2025,0.173742069519357
HTI,1985,2024,USD,WEO,Apr2025,0.191501274427294
HTI,1986,2024,USD,WEO,Apr2025,0.212173547511753
HTI,1987,2024,USD,WEO,Apr2025,0.104999446157886
HTI,1988,2024,USD,WEO,Apr2025,0.0686634262900928
HTI,1989,2024,USD,WEO,Apr2025,0.0641803565419546
HTI,1990,2024,USD,WEO,Apr2025,0.0820713289672877
HTI,1991,2024,USD,WEO,Apr2025,0.0726871045205232
HTI,1992,2024,USD,WEO,Apr2025,0.0446165819725153
HTI,1993,2024,USD,WEO,Apr2025,0.0565875900305114
HTI,1994,2024,USD,WEO,Apr2025,0.176605849482564
HTI,1995,2024,USD,WEO,Apr2025,0.25500775250424
HTI,1996,2024,USD,WEO,Apr2025,0.252644526717682
HTI,1997,2024,USD,WEO,Apr2025,0.282790660546855
HTI,1998,2024,USD,WEO,Apr2025,0.308529295229083
HTI,1999,2024,USD,WEO,Apr2025,0.335077848832453
HTI,2000,2024,USD,WEO,Apr2025,0.316479997073725
HTI,2001,2024,USD,WEO,Apr2025,0.293087047988456
HTI,2002,2024,USD,WEO,Apr2025,0.279837314160206
HTI,2003,2024,USD,WEO,Apr2025,0.216999093147923
HTI,2004,2024,USD,WEO,Apr2025,0.272815503930379
HTI,2005,2024,USD,WEO,Apr2025,0.315060807116159
HTI,2006,2024,USD,WEO,Apr2025,0.323413449944816
HTI,2007,2024,USD,WEO,Apr2025,0.391781677822846
HTI,2008,2024,USD,WEO,Apr2025,0.420354619355731
HTI,2009,2024,USD,WEO,Apr2025,0.438986638488793
HTI,2010,2024,USD,WEO,Apr2025,0.475474402957629
HTI,2011,2024,USD,WEO,Apr2025,0.496575125585003
HTI,2012,2024,USD,WEO,Apr2025,0.520681466657092
HTI,2013,2024,USD,WEO,Apr2025,0.542601252070666
HTI,2014,2024,USD,WEO,Apr2025,0.541749601797533
HTI,2015,2024,USD,WEO,Apr2025,0.517533550250066
HTI,2016,2024,USD,WEO,Apr2025,0.47970366794556
HTI,2017,2024,USD,WEO,Apr2025,0.502730447702468
HTI,2018,2024,USD,WEO,Apr2025,0.541115637462444
HTI,2019,2024,USD,WEO,Apr2025,0.494628209108402
HTI,2020,2024,USD,WEO,Apr2025,0.502080140485817
HTI,2021,2024,USD,WEO,Apr2025,0.74065487881472
HTI,2022,2024,USD,WEO,Apr2025,0.710636041743109
HTI,2023,2024,USD,WEO,Apr2025,0.715988943535781
HTI,2024,2024,USD,WEO,Apr2025,1
HTI,2025,2024,USD,WEO,Apr2025,1.29196190044869
HTI,2026,2024,USD,WEO,Apr2025,1.42894307731128
HTI,2027,2024,USD,WEO,Apr2025,1.44820920721747
HTI,2028,2024,USD,WEO,Apr2025,1.46811126206166
HTI,2029,2024,USD,WEO,Apr2025,1.45305147326605
HTI,2030,2024,USD,WEO,Apr2025,1.46699991756614
HUN,1960,2024,USD,OECD,Apr2026,0
HUN,1961,2024,USD,OECD,Apr2026,0
HUN,1962,2024,USD,OECD,Apr2026,0
HUN,1963,2024,USD,OECD,Apr2026,0
HUN,1964,2024,USD,OECD,Apr2026,0
HUN,1965,2024,USD,OECD,Apr2026,0
HUN,1966,2024,USD,OECD,Apr2026,0
HUN,1967,2024,USD,OECD,Apr2026,0
HUN,1968,2024,USD,OECD,Apr2026,0
HUN,1969,2024,USD,OECD,Apr2026,0
HUN,1970,2024,USD,OECD,Apr2026,0
HUN,1971,2024,USD,OECD,Apr2026,0
HUN,1972,2024,USD,OECD,Apr2026,0
HUN,1973,2024,USD,OECD,Apr2026,0
HUN,1974,2024,USD,OECD,Apr2026,0
HUN,1975,2024,USD,OECD,Apr2026,0.24204872
HUN,1976,2024,USD,OECD,Apr2026,0.24997783
HUN,1977,2024,USD,OECD,Apr2026,0.27134711
HUN,1978,2024,USD,OECD,Apr2026,0.31056562
HUN,1979,2024,USD,OECD,Apr2026,0.35485973
HUN,1980,2024,USD,OECD,Apr2026,0.38599127
HUN,1981,2024,USD,OECD,Apr2026,0.37568561
HUN,1982,2024,USD,OECD,Apr2026,0.36695295
HUN,1983,2024,USD,OECD,Apr2026,0.36887866
HUN,1984,2024,USD,OECD,Apr2026,0.36258462
HUN,1985,2024,USD,OECD,Apr2026,0.36270162
HUN,1986,2024,USD,OECD,Apr2026,0.44206557
HUN,1987,2024,USD,OECD,Apr2026,0.51320688
HUN,1988,2024,USD,OECD,Apr2026,0.55160135
HUN,1989,2024,USD,OECD,Apr2026,0.55608109
HUN,1990,2024,USD,OECD,Apr2026,0.60988323
HUN,1991,2024,USD,OECD,Apr2026,0.31280539
HUN,1992,2024,USD,OECD,Apr2026,0.35978066
HUN,1993,2024,USD,OECD,Apr2026,0.37499962
HUN,1994,2024,USD,OECD,Apr2026,0.39177455
HUN,1995,2024,USD,OECD,Apr2026,0.41515406
HUN,1996,2024,USD,OECD,Apr2026,0.41712999
HUN,1997,2024,USD,OECD,Apr2026,0.41020397
HUN,1998,2024,USD,OECD,Apr2026,0.40646999
HUN,1999,2024,USD,OECD,Apr2026,0.39721675
HUN,2000,2024,USD,OECD,Apr2026,0.36559373
HUN,2001,2024,USD,OECD,Apr2026,0.39995186
HUN,2002,2024,USD,OECD,Apr2026,0.48088162
HUN,2003,2024,USD,OECD,Apr2026,0.58182347
HUN,2004,2024,USD,OECD,Apr2026,0.6772279
HUN,2005,2024,USD,OECD,Apr2026,0.70572686
HUN,2006,2024,USD,OECD,Apr2026,0.69382627
HUN,2007,2024,USD,OECD,Apr2026,0.8384098
HUN,2008,2024,USD,OECD,Apr2026,0.91870106
HUN,2009,2024,USD,OECD,Apr2026,0.83462396
HUN,2010,2024,USD,OECD,Apr2026,0.82961589
HUN,2011,2024,USD,OECD,Apr2026,0.874468
HUN,2012,2024,USD,OECD,Apr2026,0.80392704
HUN,2013,2024,USD,OECD,Apr2026,0.83146027
HUN,2014,2024,USD,OECD,Apr2026,0.82849432
HUN,2015,2024,USD,OECD,Apr2026,0.7096942
HUN,2016,2024,USD,OECD,Apr2026,0.7131329
HUN,2017,2024,USD,OECD,Apr2026,0.76096609
HUN,2018,2024,USD,OECD,Apr2026,0.81040144
HUN,2019,2024,USD,OECD,Apr2026,0.78938039
HUN,2020,2024,USD,OECD,Apr2026,0.7926795
HUN,2021,2024,USD,OECD,Apr2026,0.85498281
HUN,2022,2024,USD,OECD,Apr2026,0.7928573
HUN,2023,2024,USD,OECD,Apr2026,0.96282102
HUN,2024,2024,USD,OECD,Apr2026,1
HUN,2025,2024,USD,OECD,Apr2026,1.09783448
HUN,2026,2024,USD,WEO,Apr2025,1.09109275384194
HUN,2027,2024,USD,WEO,Apr2025,1.12266022408958
HUN,2028,2024,USD,WEO,Apr2025,1.15314956484174
HUN,2029,2024,USD,WEO,Apr2025,1.18520009246401
HUN,2030,2024,USD,WEO,Apr2025,1.21890312373477
IDN,1980,2024,USD,WEO,Apr2025,0.637659305824216
IDN,1981,2024,USD,WEO,Apr2025,0.661540434241113
IDN,1982,2024,USD,WEO,Apr2025,0.664233310643012
IDN,1983,2024,USD,WEO,Apr2025,0.57784144081078
IDN,1984,2024,USD,WEO,Apr2025,0.558346819968601
IDN,1985,2024,USD,WEO,Apr2025,0.53657578652836
IDN,1986,2024,USD,WEO,Apr2025,0.473273112886098
IDN,1987,2024,USD,WEO,Apr2025,0.41773724085966
IDN,1988,2024,USD,WEO,Apr2025,0.439965442771548
IDN,1989,2024,USD,WEO,Apr2025,0.460856286796636
IDN,1990,2024,USD,WEO,Apr2025,0.476864087539512
IDN,1991,2024,USD,WEO,Apr2025,0.489391369743194
IDN,1992,2024,USD,WEO,Apr2025,0.500211798887635
IDN,1993,2024,USD,WEO,Apr2025,0.525666312191992
IDN,1994,2024,USD,WEO,Apr2025,0.547222569758726
IDN,1995,2024,USD,WEO,Apr2025,0.577817587396284
IDN,1996,2024,USD,WEO,Apr2025,0.602836097665965
IDN,1997,2024,USD,WEO,Apr2025,0.54634483405412
IDN,1998,2024,USD,WEO,Apr2025,0.278221213723237
IDN,1999,2024,USD,WEO,Apr2025,0.404897501573109
IDN,2000,2024,USD,WEO,Apr2025,0.409233354938799
IDN,2001,2024,USD,WEO,Apr2025,0.383904321498246
IDN,2002,2024,USD,WEO,Apr2025,0.448006095789661
IDN,2003,2024,USD,WEO,Apr2025,0.513036989847691
IDN,2004,2024,USD,WEO,Apr2025,0.534369259882195
IDN,2005,2024,USD,WEO,Apr2025,0.562735810829093
IDN,2006,2024,USD,WEO,Apr2025,0.680240092347356
IDN,2007,2024,USD,WEO,Apr2025,0.758341988315716
IDN,2008,2024,USD,WEO,Apr2025,0.838240780110445
IDN,2009,2024,USD,WEO,Apr2025,0.829687116142522
IDN,2010,2024,USD,WEO,Apr2025,1.01789358960947
IDN,2011,2024,USD,WEO,Apr2025,1.13379862228231
IDN,2012,2024,USD,WEO,Apr2025,1.09913732639507
IDN,2013,2024,USD,WEO,Apr2025,1.03520899729928
IDN,2014,2024,USD,WEO,Apr2025,0.962394234620622
IDN,2015,2024,USD,WEO,Apr2025,0.886786102270288
IDN,2016,2024,USD,WEO,Apr2025,0.913949499083514
IDN,2017,2024,USD,WEO,Apr2025,0.948016052048484
IDN,2018,2024,USD,WEO,Apr2025,0.925033697039785
IDN,2019,2024,USD,WEO,Apr2025,0.945752503870681
IDN,2020,2024,USD,WEO,Apr2025,0.913889370064894
IDN,2021,2024,USD,WEO,Apr2025,0.987313768695565
IDN,2022,2024,USD,WEO,Apr2025,1.04232846858651
IDN,2023,2024,USD,WEO,Apr2025,1.0313964052854
IDN,2024,2024,USD,WEO,Apr2025,1
IDN,2025,2024,USD,WEO,Apr2025,0.978425039538505
IDN,2026,2024,USD,WEO,Apr2025,1.00358755087473
IDN,2027,2024,USD,WEO,Apr2025,1.02841260631721
IDN,2028,2024,USD,WEO,Apr2025,1.05692967744729
IDN,2029,2024,USD,WEO,Apr2025,1.08338642756574
IDN,2030,2024,USD,WEO,Apr2025,1.11050565247893
IND,1980,2024,USD,WEO,Apr2025,0.611106424492092
IND,1981,2024,USD,WEO,Apr2025,0.598100360827793
IND,1982,2024,USD,WEO,Apr2025,0.598608889605705
IND,1983,2024,USD,WEO,Apr2025,0.608656893556978
IND,1984,2024,USD,WEO,Apr2025,0.56913470301625
IND,1985,2024,USD,WEO,Apr2025,0.596055118908971
IND,1986,2024,USD,WEO,Apr2025,0.605124135705189
IND,1987,2024,USD,WEO,Apr2025,0.653433920202621
IND,1988,2024,USD,WEO,Apr2025,0.629422206686415
IND,1989,2024,USD,WEO,Apr2025,0.597246845229592
IND,1990,2024,USD,WEO,Apr2025,0.613597085697651
IND,1991,2024,USD,WEO,Apr2025,0.510943514159056
IND,1992,2024,USD,WEO,Apr2025,0.516852759764134
IND,1993,2024,USD,WEO,Apr2025,0.478148477708871
IND,1994,2024,USD,WEO,Apr2025,0.525309119675148
IND,1995,2024,USD,WEO,Apr2025,0.537571394581663
IND,1996,2024,USD,WEO,Apr2025,0.545090503834813
IND,1997,2024,USD,WEO,Apr2025,0.554531206456503
IND,1998,2024,USD,WEO,Apr2025,0.529121085073096
IND,1999,2024,USD,WEO,Apr2025,0.529314783867089
IND,2000,2024,USD,WEO,Apr2025,0.520373357182685
IND,2001,2024,USD,WEO,Apr2025,0.514489725597881
IND,2002,2024,USD,WEO,Apr2025,0.52575329124136
IND,2003,2024,USD,WEO,Apr2025,0.57524995480647
IND,2004,2024,USD,WEO,Apr2025,0.622002263489794
IND,2005,2024,USD,WEO,Apr2025,0.666739730182161
IND,2006,2024,USD,WEO,Apr2025,0.707159862455483
IND,2007,2024,USD,WEO,Apr2025,0.849977814330143
IND,2008,2024,USD,WEO,Apr2025,0.812434729516103
IND,2009,2024,USD,WEO,Apr2025,0.843054120055627
IND,2010,2024,USD,WEO,Apr2025,0.970267242186921
IND,2011,2024,USD,WEO,Apr2025,1.00306995005662
IND,2012,2024,USD,WEO,Apr2025,0.953566116965572
IND,2013,2024,USD,WEO,Apr2025,0.910590339389495
IND,2014,2024,USD,WEO,Apr2025,0.931056309713922
IND,2015,2024,USD,WEO,Apr2025,0.889374528060574
IND,2016,2024,USD,WEO,Apr2025,0.8962234426322
IND,2017,2024,USD,WEO,Apr2025,0.96963543650318
IND,2018,2024,USD,WEO,Apr2025,0.928525681236906
IND,2019,2024,USD,WEO,Apr2025,0.937801008246198
IND,2020,2024,USD,WEO,Apr2025,0.938884669107345
IND,2021,2024,USD,WEO,Apr2025,1.01351616074802
IND,2022,2024,USD,WEO,Apr2025,0.995031163316311
IND,2023,2024,USD,WEO,Apr2025,0.990903130313727
IND,2024,2024,USD,WEO,Apr2025,1
IND,2025,2024,USD,WEO,Apr2025,1.00858368629961
IND,2026,2024,USD,WEO,Apr2025,1.04301472388956
IND,2027,2024,USD,WEO,Apr2025,1.07931495011629
IND,2028,2024,USD,WEO,Apr2025,1.11660616607092
IND,2029,2024,USD,WEO,Apr2025,1.15444358896804
IND,2030,2024,USD,WEO,Apr2025,1.19354858148283
IRL,1960,2024,USD,OECD,Apr2026,0.07016389
IRL,1961,2024,USD,OECD,Apr2026,0.07182116
IRL,1962,2024,USD,OECD,Apr2026,0.07545756
IRL,1963,2024,USD,OECD,Apr2026,0.07727205
IRL,1964,2024,USD,OECD,Apr2026,0.08447622
IRL,1965,2024,USD,OECD,Apr2026,0.08835766
IRL,1966,2024,USD,OECD,Apr2026,0.09220472
IRL,1967,2024,USD,OECD,Apr2026,0.09349612
IRL,1968,2024,USD,OECD,Apr2026,0.08502426
IRL,1969,2024,USD,OECD,Apr2026,0.09263892
IRL,1970,2024,USD,OECD,Apr2026,0.10189475
IRL,1971,2024,USD,OECD,Apr2026,0.11486266
IRL,1972,2024,USD,OECD,Apr2026,0.13313215
IRL,1973,2024,USD,OECD,Apr2026,0.15049552
IRL,1974,2024,USD,OECD,Apr2026,0.15245085
IRL,1975,2024,USD,OECD,Apr2026,0.17333436
IRL,1976,2024,USD,OECD,Apr2026,0.17024631
IRL,1977,2024,USD,OECD,Apr2026,0.18725192
IRL,1978,2024,USD,OECD,Apr2026,0.22756412
IRL,1979,2024,USD,OECD,Apr2026,0.2760515
IRL,1980,2024,USD,OECD,Apr2026,0.31788019
IRL,1981,2024,USD,OECD,Apr2026,0.2922603
IRL,1982,2024,USD,OECD,Apr2026,0.29715148
IRL,1983,2024,USD,OECD,Apr2026,0.28792774
IRL,1984,2024,USD,OECD,Apr2026,0.26709717
IRL,1985,2024,USD,OECD,Apr2026,0.27414583
IRL,1986,2024,USD,OECD,Apr2026,0.36999768
IRL,1987,2024,USD,OECD,Apr2026,0.41979215
IRL,1988,2024,USD,OECD,Apr2026,0.44371278
IRL,1989,2024,USD,OECD,Apr2026,0.43583613
IRL,1990,2024,USD,OECD,Apr2026,0.50492244
IRL,1991,2024,USD,OECD,Apr2026,0.5000434
IRL,1992,2024,USD,OECD,Apr2026,0.54376053
IRL,1993,2024,USD,OECD,Apr2026,0.4918895
IRL,1994,2024,USD,OECD,Apr2026,0.51038283
IRL,1995,2024,USD,OECD,Apr2026,0.56392961
IRL,1996,2024,USD,OECD,Apr2026,0.57522276
IRL,1997,2024,USD,OECD,Apr2026,0.56661678
IRL,1998,2024,USD,OECD,Apr2026,0.56780244
IRL,1999,2024,USD,OECD,Apr2026,0.56261092
IRL,2000,2024,USD,OECD,Apr2026,0.52016319
IRL,2001,2024,USD,OECD,Apr2026,0.53909321
IRL,2002,2024,USD,OECD,Apr2026,0.59546583
IRL,2003,2024,USD,OECD,Apr2026,0.74128255
IRL,2004,2024,USD,OECD,Apr2026,0.81721567
IRL,2005,2024,USD,OECD,Apr2026,0.84359016
IRL,2006,2024,USD,OECD,Apr2026,0.88175839
IRL,2007,2024,USD,OECD,Apr2026,0.97333719
IRL,2008,2024,USD,OECD,Apr2026,1.01893288
IRL,2009,2024,USD,OECD,Apr2026,0.93625515
IRL,2010,2024,USD,OECD,Apr2026,0.86351646
IRL,2011,2024,USD,OECD,Apr2026,0.92413727
IRL,2012,2024,USD,OECD,Apr2026,0.87366632
IRL,2013,2024,USD,OECD,Apr2026,0.91400707
IRL,2014,2024,USD,OECD,Apr2026,0.91676405
IRL,2015,2024,USD,OECD,Apr2026,0.83594034
IRL,2016,2024,USD,OECD,Apr2026,0.8346614
IRL,2017,2024,USD,OECD,Apr2026,0.86379423
IRL,2018,2024,USD,OECD,Apr2026,0.91246881
IRL,2019,2024,USD,OECD,Apr2026,0.89527972
IRL,2020,2024,USD,OECD,Apr2026,0.89143319
IRL,2021,2024,USD,OECD,Apr2026,0.93592057
IRL,2022,2024,USD,OECD,Apr2026,0.8991121
IRL,2023,2024,USD,OECD,Apr2026,0.95644498
IRL,2024,2024,USD,OECD,Apr2026,1
IRL,2025,2024,USD,OECD,Apr2026,1.06386666
IRL,2026,2024,USD,WEO,Apr2025,1.03443082494455
IRL,2027,2024,USD,WEO,Apr2025,1.0514879309715
IRL,2028,2024,USD,WEO,Apr2025,1.07277411864887
IRL,2029,2024,USD,WEO,Apr2025,1.094340536068
IRL,2030,2024,USD,WEO,Apr2025,1.11679221887536
IRN,1980,2024,USD,WEO,Apr2025,0.839646302893631
IRN,1981,2024,USD,WEO,Apr2025,0.942717602601332
IRN,1982,2024,USD,WEO,Apr2025,0.948787713266581
IRN,1983,2024,USD,WEO,Apr2025,1.06542490572447
IRN,1984,2024,USD,WEO,Apr2025,1.18239588939955
IRN,1985,2024,USD,WEO,Apr2025,1.29578980033223
IRN,1986,2024,USD,WEO,Apr2025,1.66217446776666
IRN,1987,2024,USD,WEO,Apr2025,2.20768520333997
IRN,1988,2024,USD,WEO,Apr2025,2.64690700816392
IRN,1989,2024,USD,WEO,Apr2025,3.03361621987524
IRN,1990,2024,USD,WEO,Apr2025,4.08935959973836
IRN,1991,2024,USD,WEO,Apr2025,1.89868996094404
IRN,1992,2024,USD,WEO,Apr2025,0.305102820736908
IRN,1993,2024,USD,WEO,Apr2025,0.395410152982506
IRN,1994,2024,USD,WEO,Apr2025,0.498161454790645
IRN,1995,2024,USD,WEO,Apr2025,0.700551476886696
IRN,1996,2024,USD,WEO,Apr2025,0.905666993288395
IRN,1997,2024,USD,WEO,Apr2025,1.04122160898076
IRN,1998,2024,USD,WEO,Apr2025,1.13556748966369
IRN,1999,2024,USD,WEO,Apr2025,1.49390886813498
IRN,2000,2024,USD,WEO,Apr2025,1.88251969349763
IRN,2001,2024,USD,WEO,Apr2025,1.6584592138281
IRN,2002,2024,USD,WEO,Apr2025,0.615143387218553
IRN,2003,2024,USD,WEO,Apr2025,0.676048158618937
IRN,2004,2024,USD,WEO,Apr2025,0.772880632216559
IRN,2005,2024,USD,WEO,Apr2025,0.905423934311951
IRN,2006,2024,USD,WEO,Apr2025,1.02815420081575
IRN,2007,2024,USD,WEO,Apr2025,1.25974688195019
IRN,2008,2024,USD,WEO,Apr2025,1.4820970188352
IRN,2009,2024,USD,WEO,Apr2025,1.51802082923591
IRN,2010,2024,USD,WEO,Apr2025,1.68729160579815
IRN,2011,2024,USD,WEO,Apr2025,1.98509708953023
IRN,2012,2024,USD,WEO,Apr2025,1.39116859522594
IRN,2013,2024,USD,WEO,Apr2025,1.4342303779158
IRN,2014,2024,USD,WEO,Apr2025,1.46974925656604
IRN,2015,2024,USD,WEO,Apr2025,1.32105873357236
IRN,2016,2024,USD,WEO,Apr2025,1.36198412859937
IRN,2017,2024,USD,WEO,Apr2025,1.40871557419944
IRN,2018,2024,USD,WEO,Apr2025,0.981175779309116
IRN,2019,2024,USD,WEO,Apr2025,0.734938369370632
IRN,2020,2024,USD,WEO,Apr2025,0.575482700904099
IRN,2021,2024,USD,WEO,Apr2025,0.813079680893925
IRN,2022,2024,USD,WEO,Apr2025,1.01899885358261
IRN,2023,2024,USD,WEO,Apr2025,0.961205808295358
IRN,2024,2024,USD,WEO,Apr2025,1
IRN,2025,2024,USD,WEO,Apr2025,0.84703273102524
IRN,2026,2024,USD,WEO,Apr2025,0.887252712903671
IRN,2027,2024,USD,WEO,Apr2025,0.968484117895357
IRN,2028,2024,USD,WEO,Apr2025,1.03561074501499
IRN,2029,2024,USD,WEO,Apr2025,1.07689711463853
IRN,2030,2024,USD,WEO,Apr2025,1.11914387415552
IRQ,1980,2024,USD,WEO_est,Apr2025,0.0578284509338494
IRQ,1981,2024,USD,WEO_est,Apr2025,0.0612275889682341
IRQ,1982,2024,USD,WEO_est,Apr2025,0.0648265272599353
IRQ,1983,2024,USD,WEO_est,Apr2025,0.0686370100048109
IRQ,1984,2024,USD,WEO_est,Apr2025,0.0726714717188324
IRQ,1985,2024,USD,WEO_est,Apr2025,0.076943077814883
IRQ,1986,2024,USD,WEO_est,Apr2025,0.0814657675646458
IRQ,1987,2024,USD,WEO_est,Apr2025,0.08625429958578
IRQ,1988,2024,USD,WEO_est,Apr2025,0.0913243000028172
IRQ,1989,2024,USD,WEO_est,Apr2025,0.096692313438941
IRQ,1990,2024,USD,WEO_est,Apr2025,0.102375857005047
IRQ,1991,2024,USD,WEO_est,Apr2025,0.108393477462262
IRQ,1992,2024,USD,WEO_est,Apr2025,0.114764811744459
IRQ,1993,2024,USD,WEO_est,Apr2025,0.121510651038266
IRQ,1994,2024,USD,WEO_est,Apr2025,0.128653008629679
IRQ,1995,2024,USD,WEO_est,Apr2025,0.136215191738671
IRQ,1996,2024,USD,WEO_est,Apr2025,0.144221877576228
IRQ,1997,2024,USD,WEO_est,Apr2025,0.152699193871982
IRQ,1998,2024,USD,WEO_est,Apr2025,0.161674804135239
IRQ,1999,2024,USD,WEO_est,Apr2025,0.171177997927624
IRQ,2000,2024,USD,WEO,Apr2025,0.181239786441918
IRQ,2001,2024,USD,WEO,Apr2025,0.144707323137575
IRQ,2002,2024,USD,WEO,Apr2025,0.157266793683131
IRQ,2003,2024,USD,WEO,Apr2025,0.186240986572847
IRQ,2004,2024,USD,WEO,Apr2025,0.2815863671978
IRQ,2005,2024,USD,WEO,Apr2025,0.378401190402923
IRQ,2006,2024,USD,WEO,Apr2025,0.466092940337522
IRQ,2007,2024,USD,WEO,Apr2025,0.623799658049689
IRQ,2008,2024,USD,WEO,Apr2025,0.853951604213208
IRQ,2009,2024,USD,WEO,Apr2025,0.700803830589888
IRQ,2010,2024,USD,WEO,Apr2025,0.817048896181102
IRQ,2011,2024,USD,WEO,Apr2025,1.0187779362921
IRQ,2012,2024,USD,WEO,Apr2025,1.04956654377163
IRQ,2013,2024,USD,WEO,Apr2025,1.04945257647254
IRQ,2014,2024,USD,WEO,Apr2025,1.04182207395722
IRQ,2015,2024,USD,WEO,Apr2025,0.769159899860176
IRQ,2016,2024,USD,WEO,Apr2025,0.627777784104311
IRQ,2017,2024,USD,WEO,Apr2025,0.719210185449305
IRQ,2018,2024,USD,WEO,Apr2025,0.848770092436461
IRQ,2019,2024,USD,WEO,Apr2025,0.826525331978533
IRQ,2020,2024,USD,WEO,Apr2025,0.727905735954819
IRQ,2021,2024,USD,WEO,Apr2025,0.828413861321858
IRQ,2022,2024,USD,WEO,Apr2025,1.05120379100256
IRQ,2023,2024,USD,WEO,Apr2025,0.979208746783529
IRQ,2024,2024,USD,WEO,Apr2025,1
IRQ,2025,2024,USD,WEO,Apr2025,0.944064815845131
IRQ,2026,2024,USD,WEO,Apr2025,0.940710658955426
IRQ,2027,2024,USD,WEO,Apr2025,0.950874905155276
IRQ,2028,2024,USD,WEO,Apr2025,0.968897037991599
IRQ,2029,2024,USD,WEO,Apr2025,0.987623448384091
IRQ,2030,2024,USD,WEO,Apr2025,1.0055913202366
ISL,1960,2024,USD,OECD,Apr2026,0.071654
ISL,1961,2024,USD,OECD,Apr2026,0.07355487
ISL,1962,2024,USD,OECD,Apr2026,0.07603217
ISL,1963,2024,USD,OECD,Apr2026,0.08236433
ISL,1964,2024,USD,OECD,Apr2026,0.09571225
ISL,1965,2024,USD,OECD,Apr2026,0.10779189
ISL,1966,2024,USD,OECD,Apr2026,0.11906443
ISL,1967,2024,USD,OECD,Apr2026,0.11912763
ISL,1968,2024,USD,OECD,Apr2026,0.09828529
ISL,1969,2024,USD,OECD,Apr2026,0.08220017
ISL,1970,2024,USD,OECD,Apr2026,0.09570894
ISL,1971,2024,USD,OECD,Apr2026,0.1080178
ISL,1972,2024,USD,OECD,Apr2026,0.12801171
ISL,1973,2024,USD,OECD,Apr2026,0.15979182
ISL,1974,2024,USD,OECD,Apr2026,0.20649818
ISL,1975,2024,USD,OECD,Apr2026,0.18808015
ISL,1976,2024,USD,OECD,Apr2026,0.21041715
ISL,1977,2024,USD,OECD,Apr2026,0.25553918
ISL,1978,2024,USD,OECD,Apr2026,0.27436436
ISL,1979,2024,USD,OECD,Apr2026,0.29624731
ISL,1980,2024,USD,OECD,Apr2026,0.33357493
ISL,1981,2024,USD,OECD,Apr2026,0.3304489
ISL,1982,2024,USD,OECD,Apr2026,0.2975315
ISL,1983,2024,USD,OECD,Apr2026,0.26100443
ISL,1984,2024,USD,OECD,Apr2026,0.25941862
ISL,1985,2024,USD,OECD,Apr2026,0.26171872
ISL,1986,2024,USD,OECD,Apr2026,0.32951479
ISL,1987,2024,USD,OECD,Apr2026,0.42002596
ISL,1988,2024,USD,OECD,Apr2026,0.46467341
ISL,1989,2024,USD,OECD,Apr2026,0.43036578
ISL,1990,2024,USD,OECD,Apr2026,0.48489124
ISL,1991,2024,USD,OECD,Apr2026,0.51906989
ISL,1992,2024,USD,OECD,Apr2026,0.55073224
ISL,1993,2024,USD,OECD,Apr2026,0.47772259
ISL,1994,2024,USD,OECD,Apr2026,0.47371854
ISL,1995,2024,USD,OECD,Apr2026,0.52727164
ISL,1996,2024,USD,OECD,Apr2026,0.52515402
ISL,1997,2024,USD,OECD,Apr2026,0.50724743
ISL,1998,2024,USD,OECD,Apr2026,0.52946443
ISL,1999,2024,USD,OECD,Apr2026,0.53825439
ISL,2000,2024,USD,OECD,Apr2026,0.51409661
ISL,2001,2024,USD,OECD,Apr2026,0.45101187
ISL,2002,2024,USD,OECD,Apr2026,0.50917982
ISL,2003,2024,USD,OECD,Apr2026,0.61105816
ISL,2004,2024,USD,OECD,Apr2026,0.68539278
ISL,2005,2024,USD,OECD,Apr2026,0.78766047
ISL,2006,2024,USD,OECD,Apr2026,0.77000493
ISL,2007,2024,USD,OECD,Apr2026,0.87614861
ISL,2008,2024,USD,OECD,Apr2026,0.69250892
ISL,2009,2024,USD,OECD,Apr2026,0.56687181
ISL,2010,2024,USD,OECD,Apr2026,0.60949838
ISL,2011,2024,USD,OECD,Apr2026,0.66413932
ISL,2012,2024,USD,OECD,Apr2026,0.63765522
ISL,2013,2024,USD,OECD,Apr2026,0.66940958
ISL,2014,2024,USD,OECD,Apr2026,0.730286
ISL,2015,2024,USD,OECD,Apr2026,0.68970266
ISL,2016,2024,USD,OECD,Apr2026,0.7732919
ISL,2017,2024,USD,OECD,Apr2026,0.88832948
ISL,2018,2024,USD,OECD,Apr2026,0.90367751
ISL,2019,2024,USD,OECD,Apr2026,0.83639766
ISL,2020,2024,USD,OECD,Apr2026,0.79054526
ISL,2021,2024,USD,OECD,Apr2026,0.89488952
ISL,2022,2024,USD,OECD,Apr2026,0.9140008
ISL,2023,2024,USD,OECD,Apr2026,0.94366058
ISL,2024,2024,USD,OECD,Apr2026,1
ISL,2025,2024,USD,OECD,Apr2026,1.1356999
ISL,2026,2024,USD,WEO,Apr2025,1.09611734232545
ISL,2027,2024,USD,WEO,Apr2025,1.15518899290062
ISL,2028,2024,USD,WEO,Apr2025,1.22241660455601
ISL,2029,2024,USD,WEO,Apr2025,1.29201791994301
ISL,2030,2024,USD,WEO,Apr2025,1.36737190511864
ISR,1980,2024,USD,WEO,Apr2025,0.265134842533584
ISR,1981,2024,USD,WEO,Apr2025,0.268264306690301
ISR,1982,2024,USD,WEO,Apr2025,0.283465236009407
ISR,1983,2024,USD,WEO,Apr2025,0.30817352597175
ISR,1984,2024,USD,WEO,Apr2025,0.285433788346355
ISR,1985,2024,USD,WEO,Apr2025,0.253988213876783
ISR,1986,2024,USD,WEO,Apr2025,0.301958069844609
ISR,1987,2024,USD,WEO,Apr2025,0.335526113065416
ISR,1988,2024,USD,WEO,Apr2025,0.401330769093333
ISR,1989,2024,USD,WEO,Apr2025,0.402628612257154
ISR,1990,2024,USD,WEO,Apr2025,0.445549549513064
ISR,1991,2024,USD,WEO,Apr2025,0.483110871084532
ISR,1992,2024,USD,WEO,Apr2025,0.50379779329164
ISR,1993,2024,USD,WEO,Apr2025,0.487941049687281
ISR,1994,2024,USD,WEO,Apr2025,0.520499183548677
ISR,1995,2024,USD,WEO,Apr2025,0.563895913417531
ISR,1996,2024,USD,WEO,Apr2025,0.580994796432568
ISR,1997,2024,USD,OECD,Apr2026,0.587442737331322
ISR,1998,2024,USD,OECD,Apr2026,0.569797636473215
ISR,1999,2024,USD,OECD,Apr2026,0.554981590033231
ISR,2000,2024,USD,OECD,Apr2026,0.573680114158253
ISR,2001,2024,USD,OECD,Apr2026,0.566704446779182
ISR,2002,2024,USD,OECD,Apr2026,0.526743641895712
ISR,2003,2024,USD,OECD,Apr2026,0.546253983323278
ISR,2004,2024,USD,OECD,Apr2026,0.555518229657531
ISR,2005,2024,USD,OECD,Apr2026,0.558682319931305
ISR,2006,2024,USD,OECD,Apr2026,0.57158997535063
ISR,2007,2024,USD,OECD,Apr2026,0.6259254030822
ISR,2008,2024,USD,OECD,Apr2026,0.728072653258408
ISR,2009,2024,USD,OECD,Apr2026,0.694215969338359
ISR,2010,2024,USD,OECD,Apr2026,0.739428129544654
ISR,2011,2024,USD,OECD,Apr2026,0.781809924600429
ISR,2012,2024,USD,OECD,Apr2026,0.75072102559348
ISR,2013,2024,USD,OECD,Apr2026,0.815345249523029
ISR,2014,2024,USD,OECD,Apr2026,0.826577792356485
ISR,2015,2024,USD,OECD,Apr2026,0.78010549727177
ISR,2016,2024,USD,OECD,Apr2026,0.792586477462626
ISR,2017,2024,USD,OECD,Apr2026,0.844797931847301
ISR,2018,2024,USD,OECD,Apr2026,0.84999492574293
ISR,2019,2024,USD,OECD,Apr2026,0.874026076636758
ISR,2020,2024,USD,OECD,Apr2026,0.913760864519415
ISR,2021,2024,USD,OECD,Apr2026,0.995074985159396
ISR,2022,2024,USD,OECD,Apr2026,1.00361035438145
ISR,2023,2024,USD,OECD,Apr2026,0.954214232845027
ISR,2024,2024,USD,OECD,Apr2026,1
ISR,2025,2024,USD,WEO,Apr2025,1.04555590817497
ISR,2026,2024,USD,WEO,Apr2025,1.05654151654061
ISR,2027,2024,USD,WEO,Apr2025,1.06849998696232
ISR,2028,2024,USD,WEO,Apr2025,1.08121452390887
ISR,2029,2024,USD,WEO,Apr2025,1.09388339417135
ISR,2030,2024,USD,WEO,Apr2025,1.10672697209943
ITA,1960,2024,USD,OECD,Apr2026,0.0734647
ITA,1961,2024,USD,OECD,Apr2026,0.07548394
ITA,1962,2024,USD,OECD,Apr2026,0.07989201
ITA,1963,2024,USD,OECD,Apr2026,0.08653728
ITA,1964,2024,USD,OECD,Apr2026,0.09172636
ITA,1965,2024,USD,OECD,Apr2026,0.0955136
ITA,1966,2024,USD,OECD,Apr2026,0.09770823
ITA,1967,2024,USD,OECD,Apr2026,0.10048402
ITA,1968,2024,USD,OECD,Apr2026,0.1023421
ITA,1969,2024,USD,OECD,Apr2026,0.10582619
ITA,1970,2024,USD,OECD,Apr2026,0.11310918
ITA,1971,2024,USD,OECD,Apr2026,0.12266754
ITA,1972,2024,USD,OECD,Apr2026,0.1378793
ITA,1973,2024,USD,OECD,Apr2026,0.15612544
ITA,1974,2024,USD,OECD,Apr2026,0.16787284
ITA,1975,2024,USD,OECD,Apr2026,0.19480024
ITA,1976,2024,USD,OECD,Apr2026,0.18011434
ITA,1977,2024,USD,OECD,Apr2026,0.20159649
ITA,1978,2024,USD,OECD,Apr2026,0.23790364
ITA,1979,2024,USD,OECD,Apr2026,0.28175932
ITA,1980,2024,USD,OECD,Apr2026,0.33174578
ITA,1981,2024,USD,OECD,Apr2026,0.29658123
ITA,1982,2024,USD,OECD,Apr2026,0.29289973
ITA,1983,2024,USD,OECD,Apr2026,0.30022605
ITA,1984,2024,USD,OECD,Apr2026,0.28751996
ITA,1985,2024,USD,OECD,Apr2026,0.28879259
ITA,1986,2024,USD,OECD,Apr2026,0.39751722
ITA,1987,2024,USD,OECD,Apr2026,0.48444414
ITA,1988,2024,USD,OECD,Apr2026,0.51479176
ITA,1989,2024,USD,OECD,Apr2026,0.51879361
ITA,1990,2024,USD,OECD,Apr2026,0.64366081
ITA,1991,2024,USD,OECD,Apr2026,0.66882144
ITA,1992,2024,USD,OECD,Apr2026,0.70291546
ITA,1993,2024,USD,OECD,Apr2026,0.5723999
ITA,1994,2024,USD,OECD,Apr2026,0.57760302
ITA,1995,2024,USD,OECD,Apr2026,0.59998132
ITA,1996,2024,USD,OECD,Apr2026,0.66338095
ITA,1997,2024,USD,OECD,Apr2026,0.61634727
ITA,1998,2024,USD,OECD,Apr2026,0.61880907
ITA,1999,2024,USD,OECD,Apr2026,0.59999692
ITA,2000,2024,USD,OECD,Apr2026,0.52809014
ITA,2001,2024,USD,OECD,Apr2026,0.52889256
ITA,2002,2024,USD,OECD,Apr2026,0.57496546
ITA,2003,2024,USD,OECD,Apr2026,0.71112727
ITA,2004,2024,USD,OECD,Apr2026,0.80254812
ITA,2005,2024,USD,OECD,Apr2026,0.81958067
ITA,2006,2024,USD,OECD,Apr2026,0.84604847
ITA,2007,2024,USD,OECD,Apr2026,0.94548025
ITA,2008,2024,USD,OECD,Apr2026,1.02016601
ITA,2009,2024,USD,OECD,Apr2026,1.00239255
ITA,2010,2024,USD,OECD,Apr2026,0.95910078
ITA,2011,2024,USD,OECD,Apr2026,1.02424848
ITA,2012,2024,USD,OECD,Apr2026,0.96295608
ITA,2013,2024,USD,OECD,Apr2026,1.00586087
ITA,2014,2024,USD,OECD,Apr2026,1.01426637
ITA,2015,2024,USD,OECD,Apr2026,0.85461636
ITA,2016,2024,USD,OECD,Apr2026,0.86260389
ITA,2017,2024,USD,OECD,Apr2026,0.88557042
ITA,2018,2024,USD,OECD,Apr2026,0.93709406
ITA,2019,2024,USD,OECD,Apr2026,0.89814536
ITA,2020,2024,USD,OECD,Apr2026,0.92873946
ITA,2021,2024,USD,OECD,Apr2026,0.97614438
ITA,2022,2024,USD,OECD,Apr2026,0.89804356
ITA,2023,2024,USD,OECD,Apr2026,0.98061336
ITA,2024,2024,USD,OECD,Apr2026,1
ITA,2025,2024,USD,OECD,Apr2026,1.06421695
ITA,2026,2024,USD,WEO,Apr2025,1.04254808856385
ITA,2027,2024,USD,WEO,Apr2025,1.06226233242469
ITA,2028,2024,USD,WEO,Apr2025,1.08287285970083
ITA,2029,2024,USD,WEO,Apr2025,1.10434708779287
ITA,2030,2024,USD,WEO,Apr2025,1.1268017943614
JAM,1980,2024,USD,WEO,Apr2025,0.221260620671303
JAM,1981,2024,USD,WEO,Apr2025,0.232712608897663
JAM,1982,2024,USD,WEO,Apr2025,0.259258463665548
JAM,1983,2024,USD,WEO,Apr2025,0.221220170830435
JAM,1984,2024,USD,WEO,Apr2025,0.161514496454015
JAM,1985,2024,USD,WEO,Apr2025,0.15329013096769
JAM,1986,2024,USD,WEO,Apr2025,0.170289621273738
JAM,1987,2024,USD,WEO,Apr2025,0.178337990769596
JAM,1988,2024,USD,WEO,Apr2025,0.221349005696563
JAM,1989,2024,USD,WEO,Apr2025,0.245143017208689
JAM,1990,2024,USD,WEO,Apr2025,0.295223739049639
JAM,1991,2024,USD,WEO,Apr2025,0.269047952605338
JAM,1992,2024,USD,WEO,Apr2025,0.264402742201095
JAM,1993,2024,USD,WEO,Apr2025,0.325147160236785
JAM,1994,2024,USD,WEO,Apr2025,0.319925562030167
JAM,1995,2024,USD,WEO,Apr2025,0.374779304247095
JAM,1996,2024,USD,WEO,Apr2025,0.422139828124883
JAM,1997,2024,USD,WEO,Apr2025,0.487575712553775
JAM,1998,2024,USD,WEO,Apr2025,0.516286083781617
JAM,1999,2024,USD,WEO,Apr2025,0.517089007746405
JAM,2000,2024,USD,WEO,Apr2025,0.523384452617214
JAM,2001,2024,USD,WEO,Apr2025,0.524175552955421
JAM,2002,2024,USD,WEO,Apr2025,0.550332260955109
JAM,2003,2024,USD,WEO,Apr2025,0.515079840025964
JAM,2004,2024,USD,WEO,Apr2025,0.548510506918535
JAM,2005,2024,USD,WEO,Apr2025,0.600179215914481
JAM,2006,2024,USD,WEO,Apr2025,0.620292527195958
JAM,2007,2024,USD,WEO,Apr2025,0.659321523668273
JAM,2008,2024,USD,WEO,Apr2025,0.709245123266309
JAM,2009,2024,USD,WEO,Apr2025,0.646879941077365
JAM,2010,2024,USD,WEO,Apr2025,0.715167842535903
JAM,2011,2024,USD,WEO,Apr2025,0.770317038634168
JAM,2012,2024,USD,WEO,Apr2025,0.793103475152587
JAM,2013,2024,USD,WEO,Apr2025,0.761746427071678
JAM,2014,2024,USD,WEO,Apr2025,0.738846979991609
JAM,2015,2024,USD,WEO,Apr2025,0.74774945391345
JAM,2016,2024,USD,WEO,Apr2025,0.734319193090511
JAM,2017,2024,USD,WEO,Apr2025,0.762815921771698
JAM,2018,2024,USD,WEO,Apr2025,0.794468027050466
JAM,2019,2024,USD,WEO,Apr2025,0.794881075576986
JAM,2020,2024,USD,WEO,Apr2025,0.775073229328263
JAM,2021,2024,USD,WEO,Apr2025,0.783086128520467
JAM,2022,2024,USD,WEO,Apr2025,0.862342953051971
JAM,2023,2024,USD,WEO,Apr2025,0.954730180875978
JAM,2024,2024,USD,WEO,Apr2025,1
JAM,2025,2024,USD,WEO,Apr2025,1.04492585789604
JAM,2026,2024,USD,WEO,Apr2025,1.06704217308008
JAM,2027,2024,USD,WEO,Apr2025,1.08640619695066
JAM,2028,2024,USD,WEO,Apr2025,1.1061521126836
JAM,2029,2024,USD,WEO,Apr2025,1.12633490565968
JAM,2030,2024,USD,WEO,Apr2025,1.14659944488757
JOR,1980,2024,USD,WEO,Apr2025,0.358458811884421
JOR,1981,2024,USD,WEO,Apr2025,0.350153887977185
JOR,1982,2024,USD,WEO,Apr2025,0.353063545106959
JOR,1983,2024,USD,WEO,Apr2025,0.36604245269428
JOR,1984,2024,USD,WEO,Apr2025,0.35053528860618
JOR,1985,2024,USD,WEO,Apr2025,0.35651613471316
JOR,1986,2024,USD,WEO,Apr2025,0.430962824962609
JOR,1987,2024,USD,WEO,Apr2025,0.442312997034963
JOR,1988,2024,USD,WEO,Apr2025,0.402677108349358
JOR,1989,2024,USD,WEO,Apr2025,0.303059547045059
JOR,1990,2024,USD,WEO,Apr2025,0.301377759813723
JOR,1991,2024,USD,WEO,Apr2025,0.333615186801707
JOR,1992,2024,USD,WEO,Apr2025,0.352736406536997
JOR,1993,2024,USD,WEO,Apr2025,0.351261869888241
JOR,1994,2024,USD,WEO,Apr2025,0.376590592959332
JOR,1995,2024,USD,WEO,Apr2025,0.380067788111442
JOR,1996,2024,USD,WEO,Apr2025,0.389210444634751
JOR,1997,2024,USD,WEO,Apr2025,0.392992504722977
JOR,1998,2024,USD,WEO,Apr2025,0.420671849758308
JOR,1999,2024,USD,WEO,Apr2025,0.420011117958837
JOR,2000,2024,USD,WEO,Apr2025,0.41798047539254
JOR,2001,2024,USD,WEO,Apr2025,0.422903285467551
JOR,2002,2024,USD,WEO,Apr2025,0.426918808776712
JOR,2003,2024,USD,WEO,Apr2025,0.435405170524182
JOR,2004,2024,USD,WEO,Apr2025,0.447682974020922
JOR,2005,2024,USD,WEO,Apr2025,0.45902625511133
JOR,2006,2024,USD,WEO,Apr2025,0.508710111771836
JOR,2007,2024,USD,WEO,Apr2025,0.533658494840307
JOR,2008,2024,USD,WEO,Apr2025,0.626792754920652
JOR,2009,2024,USD,WEO,Apr2025,0.646613427025117
JOR,2010,2024,USD,WEO,Apr2025,0.69884372270166
JOR,2011,2024,USD,WEO,Apr2025,0.740141174021044
JOR,2012,2024,USD,WEO,Apr2025,0.775332339769288
JOR,2013,2024,USD,WEO,Apr2025,0.822969245366466
JOR,2014,2024,USD,WEO,Apr2025,0.85133361610592
JOR,2015,2024,USD,WEO,Apr2025,0.86980491685129
JOR,2016,2024,USD,WEO,Apr2025,0.881644597159943
JOR,2017,2024,USD,WEO,Apr2025,0.897358914655125
JOR,2018,2024,USD,WEO,Apr2025,0.917758940124373
JOR,2019,2024,USD,WEO,Apr2025,0.925515645924347
JOR,2020,2024,USD,WEO,Apr2025,0.918954805447933
JOR,2021,2024,USD,WEO,Apr2025,0.939214325762333
JOR,2022,2024,USD,WEO,Apr2025,0.963627000366909
JOR,2023,2024,USD,WEO,Apr2025,0.98140295893539
JOR,2024,2024,USD,WEO,Apr2025,1
JOR,2025,2024,USD,WEO,Apr2025,1.02343924329637
JOR,2026,2024,USD,WEO,Apr2025,1.05005024307634
JOR,2027,2024,USD,WEO,Apr2025,1.07630025128386
JOR,2028,2024,USD,WEO,Apr2025,1.10320510056922
JOR,2029,2024,USD,WEO,Apr2025,1.13077705932323
JOR,2030,2024,USD,WEO,Apr2025,1.15905178615593
JPN,1960,2024,USD,OECD,Apr2026,0.09775256
JPN,1961,2024,USD,OECD,Apr2026,0.10520266
JPN,1962,2024,USD,OECD,Apr2026,0.11002316
JPN,1963,2024,USD,OECD,Apr2026,0.11552489
JPN,1964,2024,USD,OECD,Apr2026,0.12205506
JPN,1965,2024,USD,OECD,Apr2026,0.12867984
JPN,1966,2024,USD,OECD,Apr2026,0.13525462
JPN,1967,2024,USD,OECD,Apr2026,0.14272576
JPN,1968,2024,USD,OECD,Apr2026,0.15171456
JPN,1969,2024,USD,OECD,Apr2026,0.16016591
JPN,1970,2024,USD,OECD,Apr2026,0.17127133
JPN,1971,2024,USD,OECD,Apr2026,0.18533808
JPN,1972,2024,USD,OECD,Apr2026,0.22171531
JPN,1973,2024,USD,OECD,Apr2026,0.28347967
JPN,1974,2024,USD,OECD,Apr2026,0.31864636
JPN,1975,2024,USD,OECD,Apr2026,0.33576398
JPN,1976,2024,USD,OECD,Apr2026,0.36301858
JPN,1977,2024,USD,OECD,Apr2026,0.42793004
JPN,1978,2024,USD,OECD,Apr2026,0.57124048
JPN,1979,2024,USD,OECD,Apr2026,0.56339521
JPN,1980,2024,USD,OECD,Apr2026,0.57437971
JPN,1981,2024,USD,OECD,Apr2026,0.60913003
JPN,1982,2024,USD,OECD,Apr2026,0.54783984
JPN,1983,2024,USD,OECD,Apr2026,0.57985078
JPN,1984,2024,USD,OECD,Apr2026,0.58971225
JPN,1985,2024,USD,OECD,Apr2026,0.59314388
JPN,1986,2024,USD,OECD,Apr2026,0.85482875
JPN,1987,2024,USD,OECD,Apr2026,0.99505718
JPN,1988,2024,USD,OECD,Apr2026,1.12695898
JPN,1989,2024,USD,OECD,Apr2026,1.06940478
JPN,1990,2024,USD,OECD,Apr2026,1.04226453
JPN,1991,2024,USD,OECD,Apr2026,1.15131977
JPN,1992,2024,USD,OECD,Apr2026,1.24160881
JPN,1993,2024,USD,OECD,Apr2026,1.42086263
JPN,1994,2024,USD,OECD,Apr2026,1.5477657
JPN,1995,2024,USD,OECD,Apr2026,1.6721963
JPN,1996,2024,USD,OECD,Apr2026,1.43981741
JPN,1997,2024,USD,OECD,Apr2026,1.30117673
JPN,1998,2024,USD,OECD,Apr2026,1.20244747
JPN,1999,2024,USD,OECD,Apr2026,1.36476722
JPN,2000,2024,USD,OECD,Apr2026,1.42272549
JPN,2001,2024,USD,OECD,Apr2026,1.2486085
JPN,2002,2024,USD,OECD,Apr2026,1.19485412
JPN,2003,2024,USD,OECD,Apr2026,1.26997996
JPN,2004,2024,USD,OECD,Apr2026,1.34630091
JPN,2005,2024,USD,OECD,Apr2026,1.30606162
JPN,2006,2024,USD,OECD,Apr2026,1.22472382
JPN,2007,2024,USD,OECD,Apr2026,1.20163389
JPN,2008,2024,USD,OECD,Apr2026,1.35519014
JPN,2009,2024,USD,OECD,Apr2026,1.49318272
JPN,2010,2024,USD,OECD,Apr2026,1.55924584
JPN,2011,2024,USD,OECD,Apr2026,1.68894896
JPN,2012,2024,USD,OECD,Apr2026,1.67393534
JPN,2013,2024,USD,OECD,Apr2026,1.36415629
JPN,2014,2024,USD,OECD,Apr2026,1.27895682
JPN,2015,2024,USD,OECD,Apr2026,1.14239575
JPN,2016,2024,USD,OECD,Apr2026,1.27582276
JPN,2017,2024,USD,OECD,Apr2026,1.23645879
JPN,2018,2024,USD,OECD,Apr2026,1.25599592
JPN,2019,2024,USD,OECD,Apr2026,1.28010322
JPN,2020,2024,USD,OECD,Apr2026,1.31969386
JPN,2021,2024,USD,OECD,Apr2026,1.28097349
JPN,2022,2024,USD,OECD,Apr2026,1.07410045
JPN,2023,2024,USD,OECD,Apr2026,1.04562727
JPN,2024,2024,USD,OECD,Apr2026,1
JPN,2025,2024,USD,OECD,Apr2026,1.04212195
JPN,2026,2024,USD,WEO,Apr2025,1.07395310743687
JPN,2027,2024,USD,WEO,Apr2025,1.10326437323333
JPN,2028,2024,USD,WEO,Apr2025,1.14250828443438
JPN,2029,2024,USD,WEO,Apr2025,1.16546100811961
JPN,2030,2024,USD,WEO,Apr2025,1.19929767140652
KAZ,1980,2024,USD,WEO_est,Apr2025,0.00953262337880389
KAZ,1981,2024,USD,WEO_est,Apr2025,0.0105019097623214
KAZ,1982,2024,USD,WEO_est,Apr2025,0.0115697541246805
KAZ,1983,2024,USD,WEO_est,Apr2025,0.0127461779366853
KAZ,1984,2024,USD,WEO_est,Apr2025,0.0140422216620035
KAZ,1985,2024,USD,WEO_est,Apr2025,0.0154700483693482
KAZ,1986,2024,USD,WEO_est,Apr2025,0.0170430578800468
KAZ,1987,2024,USD,WEO_est,Apr2025,0.0187760125222455
KAZ,1988,2024,USD,WEO_est,Apr2025,0.020685175671923
KAZ,1989,2024,USD,WEO_est,Apr2025,0.022788464380889
KAZ,1990,2024,USD,WEO_est,Apr2025,0.0251056175241448
KAZ,1991,2024,USD,WEO_est,Apr2025,0.0276583810446318
KAZ,1992,2024,USD,WEO,Apr2025,0.0304707120338442
KAZ,1993,2024,USD,WEO,Apr2025,0.0601360307980714
KAZ,1994,2024,USD,WEO,Apr2025,0.158635761993904
KAZ,1995,2024,USD,WEO,Apr2025,0.242009627775419
KAZ,1996,2024,USD,WEO,Apr2025,0.304426094795327
KAZ,1997,2024,USD,WEO,Apr2025,0.315431990239296
KAZ,1998,2024,USD,WEO,Apr2025,0.321091586665954
KAZ,1999,2024,USD,WEO,Apr2025,0.238297662178832
KAZ,2000,2024,USD,WEO,Apr2025,0.235308604842078
KAZ,2001,2024,USD,WEO,Apr2025,0.25108289563767
KAZ,2002,2024,USD,WEO,Apr2025,0.254316196529743
KAZ,2003,2024,USD,WEO,Apr2025,0.291203038616525
KAZ,2004,2024,USD,WEO,Apr2025,0.371843652087892
KAZ,2005,2024,USD,WEO,Apr2025,0.448723720875267
KAZ,2006,2024,USD,WEO,Apr2025,0.574775769562581
KAZ,2007,2024,USD,WEO,Apr2025,0.683184340321247
KAZ,2008,2024,USD,WEO,Apr2025,0.841708454027561
KAZ,2009,2024,USD,WEO,Apr2025,0.718706942518705
KAZ,2010,2024,USD,WEO,Apr2025,0.859980341318854
KAZ,2011,2024,USD,WEO,Apr2025,1.04086727471924
KAZ,2012,2024,USD,WEO,Apr2025,1.07041551664304
KAZ,2013,2024,USD,WEO,Apr2025,1.14993732096884
KAZ,2014,2024,USD,WEO,Apr2025,1.03162030394005
KAZ,2015,2024,USD,WEO,Apr2025,0.850593697213732
KAZ,2016,2024,USD,WEO,Apr2025,0.627623626155126
KAZ,2017,2024,USD,WEO,Apr2025,0.733997297633104
KAZ,2018,2024,USD,WEO,Apr2025,0.758069857964856
KAZ,2019,2024,USD,WEO,Apr2025,0.734838356733336
KAZ,2020,2024,USD,WEO,Apr2025,0.710495177773778
KAZ,2021,2024,USD,WEO,Apr2025,0.786355902549795
KAZ,2022,2024,USD,WEO,Apr2025,0.871696358406517
KAZ,2023,2024,USD,WEO,Apr2025,0.963074015659562
KAZ,2024,2024,USD,WEO,Apr2025,1
KAZ,2025,2024,USD,WEO,Apr2025,1.00611433920254
KAZ,2026,2024,USD,WEO,Apr2025,1.04388585498736
KAZ,2027,2024,USD,WEO,Apr2025,1.08578710397956
KAZ,2028,2024,USD,WEO,Apr2025,1.12731087041956
KAZ,2029,2024,USD,WEO,Apr2025,1.16530703009034
KAZ,2030,2024,USD,WEO,Apr2025,1.20782718764973
KEN,1980,2024,USD,WEO,Apr2025,0.572424740091976
KEN,1981,2024,USD,WEO,Apr2025,0.517906597067633
KEN,1982,2024,USD,WEO,Apr2025,0.47466888388995
KEN,1983,2024,USD,WEO,Apr2025,0.432095913588398
KEN,1984,2024,USD,WEO,Apr2025,0.441278795999972
KEN,1985,2024,USD,WEO,Apr2025,0.421943758053598
KEN,1986,2024,USD,WEO,Apr2025,0.468437924894237
KEN,1987,2024,USD,WEO,Apr2025,0.485312395973844
KEN,1988,2024,USD,WEO,Apr2025,0.474283344822702
KEN,1989,2024,USD,WEO,Apr2025,0.449729861998502
KEN,1990,2024,USD,WEO,Apr2025,0.449416048285777
KEN,1991,2024,USD,WEO,Apr2025,0.41875970924405
KEN,1992,2024,USD,WEO,Apr2025,0.416946473050786
KEN,1993,2024,USD,WEO,Apr2025,0.289932163950024
KEN,1994,2024,USD,WEO,Apr2025,0.33855298452257
KEN,1995,2024,USD,WEO,Apr2025,0.41155213834283
KEN,1996,2024,USD,WEO,Apr2025,0.447379527488463
KEN,1997,2024,USD,WEO,Apr2025,0.451369260792465
KEN,1998,2024,USD,WEO,Apr2025,0.494099686682254
KEN,1999,2024,USD,WEO,Apr2025,0.43575414892011
KEN,2000,2024,USD,WEO,Apr2025,0.425185895425799
KEN,2001,2024,USD,WEO,Apr2025,0.419943247735187
KEN,2002,2024,USD,WEO,Apr2025,0.425376520335305
KEN,2003,2024,USD,WEO,Apr2025,0.464455041452501
KEN,2004,2024,USD,WEO,Apr2025,0.472911570836665
KEN,2005,2024,USD,WEO,Apr2025,0.516625433102423
KEN,2006,2024,USD,WEO,Apr2025,0.550408908157639
KEN,2007,2024,USD,WEO,Apr2025,0.637351945560676
KEN,2008,2024,USD,WEO,Apr2025,0.711229868814795
KEN,2009,2024,USD,WEO,Apr2025,0.710076427487226
KEN,2010,2024,USD,WEO,Apr2025,0.704593717273266
KEN,2011,2024,USD,WEO,Apr2025,0.687230410141169
KEN,2012,2024,USD,WEO,Apr2025,0.796280509205806
KEN,2013,2024,USD,WEO,Apr2025,0.839170826782188
KEN,2014,2024,USD,WEO,Apr2025,0.885719971659717
KEN,2015,2024,USD,WEO,Apr2025,0.868165877223684
KEN,2016,2024,USD,WEO,Apr2025,0.885693751354133
KEN,2017,2024,USD,WEO,Apr2025,0.93465911818868
KEN,2018,2024,USD,WEO,Apr2025,0.995065613217617
KEN,2019,2024,USD,WEO,Apr2025,1.0299842374313
KEN,2020,2024,USD,WEO,Apr2025,1.03881564704163
KEN,2021,2024,USD,WEO,Apr2025,1.05129028095721
KEN,2022,2024,USD,WEO,Apr2025,1.04689290736477
KEN,2023,2024,USD,WEO,Apr2025,0.940044187544976
KEN,2024,2024,USD,WEO,Apr2025,1
KEN,2025,2024,USD,WEO,Apr2025,1.03913339199798
KEN,2026,2024,USD,WEO,Apr2025,0.962822006117107
KEN,2027,2024,USD,WEO,Apr2025,0.944237907058047
KEN,2028,2024,USD,WEO,Apr2025,0.957281526053624
KEN,2029,2024,USD,WEO,Apr2025,0.979098281746501
KEN,2030,2024,USD,WEO,Apr2025,1.00041350151428
KGZ,1980,2024,USD,WEO_est,Apr2025,0.0641956300822001
KGZ,1981,2024,USD,WEO_est,Apr2025,0.0680147404089792
KGZ,1982,2024,USD,WEO_est,Apr2025,0.0720610562896168
KGZ,1983,2024,USD,WEO_est,Apr2025,0.0763480945799474
KGZ,1984,2024,USD,WEO_est,Apr2025,0.0808901762772036
KGZ,1985,2024,USD,WEO_est,Apr2025,0.085702474359794
KGZ,1986,2024,USD,WEO_est,Apr2025,0.0908010644731539
KGZ,1987,2024,USD,WEO_est,Apr2025,0.0962029786309856
KGZ,1988,2024,USD,WEO_est,Apr2025,0.10192626211128
KGZ,1989,2024,USD,WEO_est,Apr2025,0.107990033737179
KGZ,1990,2024,USD,WEO_est,Apr2025,0.11441454974406
KGZ,1991,2024,USD,WEO_est,Apr2025,0.121221271446173
KGZ,1992,2024,USD,WEO,Apr2025,0.128432936928895
KGZ,1993,2024,USD,WEO,Apr2025,0.107061772947774
KGZ,1994,2024,USD,WEO,Apr2025,0.222441638543505
KGZ,1995,2024,USD,WEO,Apr2025,0.316924045370206
KGZ,1996,2024,USD,WEO,Apr2025,0.361172865421595
KGZ,1997,2024,USD,WEO,Apr2025,0.318673776707887
KGZ,1998,2024,USD,WEO,Apr2025,0.287857845557372
KGZ,1999,2024,USD,WEO,Apr2025,0.211600951532378
KGZ,2000,2024,USD,WEO,Apr2025,0.22103668781362
KGZ,2001,2024,USD,WEO,Apr2025,0.233953212456855
KGZ,2002,2024,USD,WEO,Apr2025,0.24642147145717
KGZ,2003,2024,USD,WEO,Apr2025,0.275250875412293
KGZ,2004,2024,USD,WEO,Apr2025,0.296559434264065
KGZ,2005,2024,USD,WEO,Apr2025,0.32995725994251
KGZ,2006,2024,USD,WEO,Apr2025,0.369221679372402
KGZ,2007,2024,USD,WEO,Apr2025,0.456466503468319
KGZ,2008,2024,USD,WEO,Apr2025,0.572835118746403
KGZ,2009,2024,USD,WEO,Apr2025,0.508121506855757
KGZ,2010,2024,USD,WEO,Apr2025,0.521852162219856
KGZ,2011,2024,USD,WEO,Apr2025,0.636759561202031
KGZ,2012,2024,USD,WEO,Apr2025,0.679068077193863
KGZ,2013,2024,USD,WEO,Apr2025,0.680011230056557
KGZ,2014,2024,USD,WEO,Apr2025,0.665470132820839
KGZ,2015,2024,USD,WEO,Apr2025,0.572945897703752
KGZ,2016,2024,USD,WEO,Apr2025,0.560236506999546
KGZ,2017,2024,USD,WEO,Apr2025,0.604756221533694
KGZ,2018,2024,USD,WEO,Apr2025,0.627639389867608
KGZ,2019,2024,USD,WEO,Apr2025,0.679905593670202
KGZ,2020,2024,USD,WEO,Apr2025,0.647168559210724
KGZ,2021,2024,USD,WEO,Apr2025,0.685443749278536
KGZ,2022,2024,USD,WEO,Apr2025,0.833793799055972
KGZ,2023,2024,USD,WEO,Apr2025,0.946767183122749
KGZ,2024,2024,USD,WEO,Apr2025,1
KGZ,2025,2024,USD,WEO,Apr2025,1.06232945070428
KGZ,2026,2024,USD,WEO,Apr2025,1.07899337827275
KGZ,2027,2024,USD,WEO,Apr2025,1.0962287171181
KGZ,2028,2024,USD,WEO,Apr2025,1.11537048975899
KGZ,2029,2024,USD,WEO,Apr2025,1.13477828020775
KGZ,2030,2024,USD,WEO,Apr2025,1.15447468947043
KHM,1980,2024,USD,WEO_est,Apr2025,0.0213792916148022
KHM,1981,2024,USD,WEO_est,Apr2025,0.0229217986940686
KHM,1982,2024,USD,WEO_est,Apr2025,0.0245755970234128
KHM,1983,2024,USD,WEO_est,Apr2025,0.0263487162206628
KHM,1984,2024,USD,WEO_est,Apr2025,0.0282497652372643
KHM,1985,2024,USD,WEO_est,Apr2025,0.0302879741569613
KHM,1986,2024,USD,WEO_est,Apr2025,0.0324732390102367
KHM,1987,2024,USD,WEO,Apr2025,0.0348161698220939
KHM,1988,2024,USD,WEO,Apr2025,0.0621723110703019
KHM,1989,2024,USD,WEO,Apr2025,0.0754310594854287
KHM,1990,2024,USD,WEO,Apr2025,0.193607409674049
KHM,1991,2024,USD,WEO,Apr2025,0.402173110145687
KHM,1992,2024,USD,WEO,Apr2025,0.455722925101574
KHM,1993,2024,USD,WEO,Apr2025,0.435679732638384
KHM,1994,2024,USD,WEO,Apr2025,0.458935136652896
KHM,1995,2024,USD,WEO,Apr2025,0.538166338504659
KHM,1996,2024,USD,WEO,Apr2025,0.519897848183206
KHM,1997,2024,USD,WEO,Apr2025,0.493172833693338
KHM,1998,2024,USD,WEO,Apr2025,0.426208222508996
KHM,1999,2024,USD,WEO,Apr2025,0.425251876678666
KHM,2000,2024,USD,WEO,Apr2025,0.404282345775758
KHM,2001,2024,USD,WEO,Apr2025,0.421856592864844
KHM,2002,2024,USD,WEO,Apr2025,0.430720616732406
KHM,2003,2024,USD,WEO,Apr2025,0.437956352383129
KHM,2004,2024,USD,WEO,Apr2025,0.465426968317969
KHM,2005,2024,USD,WEO,Apr2025,0.493160550606984
KHM,2006,2024,USD,WEO,Apr2025,0.525384135702435
KHM,2007,2024,USD,WEO,Apr2025,0.577161447151199
KHM,2008,2024,USD,WEO,Apr2025,0.645563649527416
KHM,2009,2024,USD,WEO,Apr2025,0.637015629114048
KHM,2010,2024,USD,WEO,Apr2025,0.669627329470563
KHM,2011,2024,USD,WEO,Apr2025,0.72462624327302
KHM,2012,2024,USD,WEO,Apr2025,0.749282921459041
KHM,2013,2024,USD,WEO,Apr2025,0.771733383176001
KHM,2014,2024,USD,WEO,Apr2025,0.795166997898086
KHM,2015,2024,USD,WEO,Apr2025,0.814974378573332
KHM,2016,2024,USD,WEO,Apr2025,0.829301956300619
KHM,2017,2024,USD,WEO,Apr2025,0.848225775527038
KHM,2018,2024,USD,WEO,Apr2025,0.880256339795709
KHM,2019,2024,USD,WEO,Apr2025,0.901576025454929
KHM,2020,2024,USD,WEO,Apr2025,0.889354018854473
KHM,2021,2024,USD,WEO,Apr2025,0.909640957716438
KHM,2022,2024,USD,WEO,Apr2025,0.937000901643492
KHM,2023,2024,USD,WEO,Apr2025,0.9700396112238
KHM,2024,2024,USD,WEO,Apr2025,1
KHM,2025,2024,USD,WEO,Apr2025,1.01169184960454
KHM,2026,2024,USD,WEO,Apr2025,1.04232705226709
KHM,2027,2024,USD,WEO,Apr2025,1.0713501002133
KHM,2028,2024,USD,WEO,Apr2025,1.09886049430562
KHM,2029,2024,USD,WEO,Apr2025,1.12726648563572
KHM,2030,2024,USD,WEO,Apr2025,1.15623684686231
KIR,1980,2024,USD,WEO,Apr2025,0.277495257023974
KIR,1981,2024,USD,WEO,Apr2025,0.277334719840432
KIR,1982,2024,USD,WEO,Apr2025,0.264368639736969
KIR,1983,2024,USD,WEO,Apr2025,0.275261353034435
KIR,1984,2024,USD,WEO,Apr2025,0.265014790015082
KIR,1985,2024,USD,WEO,Apr2025,0.233585026319805
KIR,1986,2024,USD,WEO,Apr2025,0.239490871203688
KIR,1987,2024,USD,WEO,Apr2025,0.272808210458412
KIR,1988,2024,USD,WEO,Apr2025,0.283139060658491
KIR,1989,2024,USD,WEO,Apr2025,0.305409523081601
KIR,1990,2024,USD,WEO,Apr2025,0.317654681801984
KIR,1991,2024,USD,WEO,Apr2025,0.373070479892402
KIR,1992,2024,USD,WEO,Apr2025,0.455114481269848
KIR,1993,2024,USD,WEO,Apr2025,0.433543698267505
KIR,1994,2024,USD,WEO,Apr2025,0.482462917804173
KIR,1995,2024,USD,WEO,Apr2025,0.483557299076982
KIR,1996,2024,USD,WEO,Apr2025,0.567949554423888
KIR,1997,2024,USD,WEO,Apr2025,0.554412397609898
KIR,1998,2024,USD,WEO,Apr2025,0.497655754159514
KIR,1999,2024,USD,WEO,Apr2025,0.531738832161224
KIR,2000,2024,USD,WEO,Apr2025,0.485209741082104
KIR,2001,2024,USD,WEO,Apr2025,0.434165264865185
KIR,2002,2024,USD,WEO,Apr2025,0.493814426250447
KIR,2003,2024,USD,WEO,Apr2025,0.648886622251031
KIR,2004,2024,USD,WEO,Apr2025,0.699976347856459
KIR,2005,2024,USD,WEO,Apr2025,0.757494931405817
KIR,2006,2024,USD,WEO,Apr2025,0.703560837085861
KIR,2007,2024,USD,WEO,Apr2025,0.841189131998246
KIR,2008,2024,USD,WEO,Apr2025,0.94246870385154
KIR,2009,2024,USD,WEO,Apr2025,0.887438163375465
KIR,2010,2024,USD,WEO,Apr2025,1.02486289304623
KIR,2011,2024,USD,WEO,Apr2025,1.17183053003614
KIR,2012,2024,USD,WEO,Apr2025,1.16970674943369
KIR,2013,2024,USD,WEO,Apr2025,1.05953993113912
KIR,2014,2024,USD,WEO,Apr2025,1.04113474083115
KIR,2015,2024,USD,WEO,Apr2025,0.893827140036043
KIR,2016,2024,USD,WEO,Apr2025,0.899874295300462
KIR,2017,2024,USD,WEO,Apr2025,0.934399171448869
KIR,2018,2024,USD,WEO,Apr2025,0.947526174778711
KIR,2019,2024,USD,WEO,Apr2025,0.850914939482059
KIR,2020,2024,USD,WEO,Apr2025,0.883490921216626
KIR,2021,2024,USD,WEO,Apr2025,1.04554878113763
KIR,2022,2024,USD,WEO,Apr2025,0.950776055442857
KIR,2023,2024,USD,WEO,Apr2025,0.987732564935065
KIR,2024,2024,USD,WEO,Apr2025,1
KIR,2025,2024,USD,WEO,Apr2025,0.974963438871042
KIR,2026,2024,USD,WEO,Apr2025,0.98994078890591
KIR,2027,2024,USD,WEO,Apr2025,1.00101332505982
KIR,2028,2024,USD,WEO,Apr2025,1.01459308990538
KIR,2029,2024,USD,WEO,Apr2025,1.0329255948596
KIR,2030,2024,USD,WEO,Apr2025,1.05062854727585
KNA,1980,2024,USD,WEO,Apr2025,0.244698977184976
KNA,1981,2024,USD,WEO,Apr2025,0.283448622122715
KNA,1982,2024,USD,WEO,Apr2025,0.305835468726706
KNA,1983,2024,USD,WEO,Apr2025,0.308309135692076
KNA,1984,2024,USD,WEO,Apr2025,0.328035304411957
KNA,1985,2024,USD,WEO,Apr2025,0.34206445132954
KNA,1986,2024,USD,WEO,Apr2025,0.370285765379731
KNA,1987,2024,USD,WEO,Apr2025,0.390866859887085
KNA,1988,2024,USD,WEO,Apr2025,0.4193065758082
KNA,1989,2024,USD,WEO,Apr2025,0.43974377846235
KNA,1990,2024,USD,WEO,Apr2025,0.472911258126247
KNA,1991,2024,USD,WEO,Apr2025,0.457858642718544
KNA,1992,2024,USD,WEO,Apr2025,0.492808797317656
KNA,1993,2024,USD,WEO,Apr2025,0.509407212934979
KNA,1994,2024,USD,WEO,Apr2025,0.540966819409615
KNA,1995,2024,USD,WEO,Apr2025,0.563233496381086
KNA,1996,2024,USD,WEO,Apr2025,0.566358981092803
KNA,1997,2024,USD,WEO,Apr2025,0.593656632282094
KNA,1998,2024,USD,WEO,Apr2025,0.61275199341999
KNA,1999,2024,USD,WEO,Apr2025,0.6265532707643
KNA,2000,2024,USD,WEO,Apr2025,0.61805688243926
KNA,2001,2024,USD,WEO,Apr2025,0.638478592333898
KNA,2002,2024,USD,WEO,Apr2025,0.661479656463233
KNA,2003,2024,USD,WEO,Apr2025,0.671403486728824
KNA,2004,2024,USD,WEO,Apr2025,0.697914262430451
KNA,2005,2024,USD,WEO,Apr2025,0.686183435995893
KNA,2006,2024,USD,WEO,Apr2025,0.783194337742031
KNA,2007,2024,USD,WEO,Apr2025,0.832914832021445
KNA,2008,2024,USD,WEO,Apr2025,0.845937363593654
KNA,2009,2024,USD,WEO,Apr2025,0.871019831336713
KNA,2010,2024,USD,WEO,Apr2025,0.876261019584586
KNA,2011,2024,USD,WEO,Apr2025,0.925413739388281
KNA,2012,2024,USD,WEO,Apr2025,0.917983216044332
KNA,2013,2024,USD,WEO,Apr2025,0.92106272347006
KNA,2014,2024,USD,WEO,Apr2025,0.932425744976588
KNA,2015,2024,USD,WEO,Apr2025,0.929673629314536
KNA,2016,2024,USD,WEO,Apr2025,0.941435780239991
KNA,2017,2024,USD,WEO,Apr2025,0.988947127740926
KNA,2018,2024,USD,WEO,Apr2025,0.985539195486082
KNA,2019,2024,USD,WEO,Apr2025,0.974467066522469
KNA,2020,2024,USD,WEO,Apr2025,0.910784547337932
KNA,2021,2024,USD,WEO,Apr2025,0.900112958988213
KNA,2022,2024,USD,WEO,Apr2025,0.930079759068935
KNA,2023,2024,USD,WEO,Apr2025,0.959910617726052
KNA,2024,2024,USD,WEO,Apr2025,1
KNA,2025,2024,USD,WEO,Apr2025,0.99127443192951
KNA,2026,2024,USD,WEO,Apr2025,1.00944505284323
KNA,2027,2024,USD,WEO,Apr2025,1.02948183518466
KNA,2028,2024,USD,WEO,Apr2025,1.05043944890761
KNA,2029,2024,USD,WEO,Apr2025,1.07257817754424
KNA,2030,2024,USD,WEO,Apr2025,1.0937285010002
KOR,1960,2024,USD,OECD,Apr2026,0
KOR,1961,2024,USD,OECD,Apr2026,0
KOR,1962,2024,USD,OECD,Apr2026,0
KOR,1963,2024,USD,OECD,Apr2026,0
KOR,1964,2024,USD,OECD,Apr2026,0
KOR,1965,2024,USD,OECD,Apr2026,0
KOR,1966,2024,USD,OECD,Apr2026,0
KOR,1967,2024,USD,OECD,Apr2026,0
KOR,1968,2024,USD,OECD,Apr2026,0
KOR,1969,2024,USD,OECD,Apr2026,0
KOR,1970,2024,USD,OECD,Apr2026,0.1438869
KOR,1971,2024,USD,OECD,Apr2026,0
KOR,1972,2024,USD,OECD,Apr2026,0
KOR,1973,2024,USD,OECD,Apr2026,0
KOR,1974,2024,USD,OECD,Apr2026,0
KOR,1975,2024,USD,OECD,Apr2026,0.21698325
KOR,1976,2024,USD,OECD,Apr2026,0
KOR,1977,2024,USD,OECD,Apr2026,0
KOR,1978,2024,USD,OECD,Apr2026,0
KOR,1979,2024,USD,OECD,Apr2026,0
KOR,1980,2024,USD,OECD,Apr2026,0.43113416
KOR,1981,2024,USD,OECD,Apr2026,0
KOR,1982,2024,USD,OECD,Apr2026,0
KOR,1983,2024,USD,OECD,Apr2026,0
KOR,1984,2024,USD,OECD,Apr2026,0
KOR,1985,2024,USD,OECD,Apr2026,0.42539808
KOR,1986,2024,USD,OECD,Apr2026,0.44175604
KOR,1987,2024,USD,OECD,Apr2026,0.49486197
KOR,1988,2024,USD,OECD,Apr2026,0.59860358
KOR,1989,2024,USD,OECD,Apr2026,0.69206726
KOR,1990,2024,USD,OECD,Apr2026,0.71993258
KOR,1991,2024,USD,OECD,Apr2026,0.75819555
KOR,1992,2024,USD,OECD,Apr2026,0.76791962
KOR,1993,2024,USD,OECD,Apr2026,0.79318662
KOR,1994,2024,USD,OECD,Apr2026,0.855365
KOR,1995,2024,USD,OECD,Apr2026,0.95455835
KOR,1996,2024,USD,OECD,Apr2026,0.95185819
KOR,1997,2024,USD,OECD,Apr2026,0.83664884
KOR,1998,2024,USD,OECD,Apr2026,0.59336427
KOR,1999,2024,USD,OECD,Apr2026,0.69080064
KOR,2000,2024,USD,OECD,Apr2026,0.73184626
KOR,2001,2024,USD,OECD,Apr2026,0.66391939
KOR,2002,2024,USD,OECD,Apr2026,0.70544045
KOR,2003,2024,USD,OECD,Apr2026,0.76758636
KOR,2004,2024,USD,OECD,Apr2026,0.82410753
KOR,2005,2024,USD,OECD,Apr2026,0.93195411
KOR,2006,2024,USD,OECD,Apr2026,1.00120794
KOR,2007,2024,USD,OECD,Apr2026,1.0510285
KOR,2008,2024,USD,OECD,Apr2026,0.90585404
KOR,2009,2024,USD,OECD,Apr2026,0.81701313
KOR,2010,2024,USD,OECD,Apr2026,0.92528188
KOR,2011,2024,USD,OECD,Apr2026,0.97781187
KOR,2012,2024,USD,OECD,Apr2026,0.97405988
KOR,2013,2024,USD,OECD,Apr2026,1.0126958
KOR,2014,2024,USD,OECD,Apr2026,1.06374268
KOR,2015,2024,USD,OECD,Apr2026,1.0221382
KOR,2016,2024,USD,OECD,Apr2026,1.01690007
KOR,2017,2024,USD,OECD,Apr2026,1.06491452
KOR,2018,2024,USD,OECD,Apr2026,1.1005881
KOR,2019,2024,USD,OECD,Apr2026,1.03260927
KOR,2020,2024,USD,OECD,Apr2026,1.03581306
KOR,2021,2024,USD,OECD,Apr2026,1.10206941
KOR,2022,2024,USD,OECD,Apr2026,0.99431903
KOR,2023,2024,USD,OECD,Apr2026,1.00324423
KOR,2024,2024,USD,OECD,Apr2026,1
KOR,2025,2024,USD,OECD,Apr2026,0.98421706
KOR,2026,2024,USD,WEO,Apr2025,0.966375668823551
KOR,2027,2024,USD,WEO,Apr2025,0.984211041124409
KOR,2028,2024,USD,WEO,Apr2025,1.00074396413689
KOR,2029,2024,USD,WEO,Apr2025,1.01773303886274
KOR,2030,2024,USD,WEO,Apr2025,1.03635676317557
KWT,1980,2024,USD,WEO_est,Apr2025,0.485855152587724
KWT,1981,2024,USD,WEO,Apr2025,0.492967005973026
KWT,1982,2024,USD,WEO,Apr2025,0.465646237463365
KWT,1983,2024,USD,WEO,Apr2025,0.427812098443462
KWT,1984,2024,USD,WEO,Apr2025,0.422657615474694
KWT,1985,2024,USD,WEO,Apr2025,0.436267157109867
KWT,1986,2024,USD,WEO,Apr2025,0.335495501845186
KWT,1987,2024,USD,WEO,Apr2025,0.387587167214948
KWT,1988,2024,USD,WEO,Apr2025,0.398567202415608
KWT,1989,2024,USD,WEO,Apr2025,0.372021197098567
KWT,1990,2024,USD,WEO,Apr2025,0.378307096920977
KWT,1991,2024,USD,WEO,Apr2025,0.379412851744818
KWT,1992,2024,USD,WEO,Apr2025,0.38218399459167
KWT,1993,2024,USD,WEO,Apr2025,0.340950037610102
KWT,1994,2024,USD,WEO,Apr2025,0.325749994344491
KWT,1995,2024,USD,WEO,Apr2025,0.350394695676088
KWT,1996,2024,USD,WEO,Apr2025,0.403468204795651
KWT,1997,2024,USD,WEO,Apr2025,0.379391288237121
KWT,1998,2024,USD,WEO,Apr2025,0.312845063398546
KWT,1999,2024,USD,WEO,Apr2025,0.369933729860087
KWT,2000,2024,USD,WEO,Apr2025,0.442364081490507
KWT,2001,2024,USD,WEO,Apr2025,0.408557587698747
KWT,2002,2024,USD,WEO,Apr2025,0.433223852958541
KWT,2003,2024,USD,WEO,Apr2025,0.463571828443569
KWT,2004,2024,USD,WEO,Apr2025,0.522149624978433
KWT,2005,2024,USD,WEO,Apr2025,0.641710279130928
KWT,2006,2024,USD,WEO,Apr2025,0.750127911293189
KWT,2007,2024,USD,WEO,Apr2025,0.798740668962256
KWT,2008,2024,USD,WEO,Apr2025,1.00235765757892
KWT,2009,2024,USD,WEO,Apr2025,0.775705620276374
KWT,2010,2024,USD,WEO,Apr2025,0.865076635043852
KWT,2011,2024,USD,WEO,Apr2025,1.05317523431935
KWT,2012,2024,USD,WEO,Apr2025,1.11628310348877
KWT,2013,2024,USD,WEO,Apr2025,1.10431914412412
KWT,2014,2024,USD,WEO,Apr2025,1.02636688492556
KWT,2015,2024,USD,WEO,Apr2025,0.718733718470651
KWT,2016,2024,USD,WEO,Apr2025,0.666574847145369
KWT,2017,2024,USD,WEO,Apr2025,0.771723007795515
KWT,2018,2024,USD,WEO,Apr2025,0.862940099648627
KWT,2019,2024,USD,WEO,Apr2025,0.857224564072545
KWT,2020,2024,USD,WEO,Apr2025,0.710025083831286
KWT,2021,2024,USD,WEO,Apr2025,0.928213209379985
KWT,2022,2024,USD,WEO,Apr2025,1.08664743937026
KWT,2023,2024,USD,WEO,Apr2025,1.00351523232935
KWT,2024,2024,USD,WEO,Apr2025,1
KWT,2025,2024,USD,WEO,Apr2025,0.947836057141551
KWT,2026,2024,USD,WEO,Apr2025,0.936228913154338
KWT,2027,2024,USD,WEO,Apr2025,0.952412528650901
KWT,2028,2024,USD,WEO,Apr2025,0.970707373847678
KWT,2029,2024,USD,WEO,Apr2025,0.988240137149837
KWT,2030,2024,USD,WEO,Apr2025,1.00475187830195
LAO,1980,2024,USD,WEO,Apr2025,1.5496568064578
LAO,1981,2024,USD,WEO,Apr2025,0.785258305180702
LAO,1982,2024,USD,WEO,Apr2025,0.750571248544546
LAO,1983,2024,USD,WEO,Apr2025,1.33303777277795
LAO,1984,2024,USD,WEO,Apr2025,1.79265009285465
LAO,1985,2024,USD,WEO,Apr2025,2.06610830116669
LAO,1986,2024,USD,WEO,Apr2025,1.37831526497422
LAO,1987,2024,USD,WEO,Apr2025,0.980167154519713
LAO,1988,2024,USD,WEO,Apr2025,0.652016071182041
LAO,1989,2024,USD,WEO,Apr2025,0.732864441547133
LAO,1990,2024,USD,WEO,Apr2025,0.819618047723139
LAO,1991,2024,USD,WEO,Apr2025,0.92880201343873
LAO,1992,2024,USD,WEO,Apr2025,0.995315892161477
LAO,1993,2024,USD,WEO,Apr2025,1.05917419958793
LAO,1994,2024,USD,WEO,Apr2025,1.1376767774246
LAO,1995,2024,USD,WEO,Apr2025,1.23458929467464
LAO,1996,2024,USD,WEO,Apr2025,1.2024262701345
LAO,1997,2024,USD,WEO,Apr2025,1.06104741618844
LAO,1998,2024,USD,WEO,Apr2025,0.386161021441694
LAO,1999,2024,USD,WEO,Apr2025,0.393748394389146
LAO,2000,2024,USD,WEO,Apr2025,0.449708215270859
LAO,2001,2024,USD,WEO,Apr2025,0.438458911793682
LAO,2002,2024,USD,WEO,Apr2025,0.430834236904531
LAO,2003,2024,USD,WEO,Apr2025,0.4973007331459
LAO,2004,2024,USD,WEO,Apr2025,0.544224729558234
LAO,2005,2024,USD,WEO,Apr2025,0.591068824806912
LAO,2006,2024,USD,WEO,Apr2025,0.693137732519634
LAO,2007,2024,USD,WEO,Apr2025,0.777130870128437
LAO,2008,2024,USD,WEO,Apr2025,0.900904032779196
LAO,2009,2024,USD,WEO,Apr2025,0.907479970463092
LAO,2010,2024,USD,WEO,Apr2025,0.980552760936748
LAO,2011,2024,USD,WEO,Apr2025,1.08441820606042
LAO,2012,2024,USD,WEO,Apr2025,1.14393323466036
LAO,2013,2024,USD,WEO,Apr2025,1.24363936791319
LAO,2014,2024,USD,WEO,Apr2025,1.28058096842554
LAO,2015,2024,USD,WEO,Apr2025,1.29745944174505
LAO,2016,2024,USD,WEO,Apr2025,1.33726665642915
LAO,2017,2024,USD,WEO,Apr2025,1.34158492528671
LAO,2018,2024,USD,WEO,Apr2025,1.34235517106785
LAO,2019,2024,USD,WEO,Apr2025,1.32789098445713
LAO,2020,2024,USD,WEO,Apr2025,1.31528943730406
LAO,2021,2024,USD,WEO,Apr2025,1.29026036959678
LAO,2022,2024,USD,WEO,Apr2025,1.02953314846516
LAO,2023,2024,USD,WEO,Apr2025,0.98380906984067
LAO,2024,2024,USD,WEO,Apr2025,1
LAO,2025,2024,USD,WEO,Apr2025,1.00260281329281
LAO,2026,2024,USD,WEO,Apr2025,1.00937462832448
LAO,2027,2024,USD,WEO,Apr2025,1.02452813649993
LAO,2028,2024,USD,WEO,Apr2025,1.0383410567796
LAO,2029,2024,USD,WEO,Apr2025,1.05370809982124
LAO,2030,2024,USD,WEO,Apr2025,1.06814961178194
LBN,1960,2024,USD,OECD,Apr2026,0.11053475
LBN,1961,2024,USD,OECD,Apr2026,0.11319964
LBN,1962,2024,USD,OECD,Apr2026,0.11711019
LBN,1963,2024,USD,OECD,Apr2026,0.12028961
LBN,1964,2024,USD,OECD,Apr2026,0.12294403
LBN,1965,2024,USD,OECD,Apr2026,0.12633537
LBN,1966,2024,USD,OECD,Apr2026,0.12954192
LBN,1967,2024,USD,OECD,Apr2026,0.13233152
LBN,1968,2024,USD,OECD,Apr2026,0.13672161
LBN,1969,2024,USD,OECD,Apr2026,0.1417826
LBN,1970,2024,USD,OECD,Apr2026,0.14235056
LBN,1971,2024,USD,OECD,Apr2026,0.15186995
LBN,1972,2024,USD,OECD,Apr2026,0.16753833
LBN,1973,2024,USD,OECD,Apr2026,0.19417575
LBN,1974,2024,USD,OECD,Apr2026,0.21353572
LBN,1975,2024,USD,OECD,Apr2026,0.24204872
LBN,1976,2024,USD,OECD,Apr2026,0.24997783
LBN,1977,2024,USD,OECD,Apr2026,0.27134711
LBN,1978,2024,USD,OECD,Apr2026,0.31056562
LBN,1979,2024,USD,OECD,Apr2026,0.35485973
LBN,1980,2024,USD,OECD,Apr2026,0.38599127
LBN,1981,2024,USD,OECD,Apr2026,0.37568561
LBN,1982,2024,USD,OECD,Apr2026,0.36695295
LBN,1983,2024,USD,OECD,Apr2026,0.36887866
LBN,1984,2024,USD,OECD,Apr2026,0.36258462
LBN,1985,2024,USD,OECD,Apr2026,0.36270162
LBN,1986,2024,USD,OECD,Apr2026,0.44206557
LBN,1987,2024,USD,OECD,Apr2026,0.51320688
LBN,1988,2024,USD,OECD,Apr2026,0.55160135
LBN,1989,2024,USD,OECD,Apr2026,0.55608109
LBN,1990,2024,USD,OECD,Apr2026,0.60988323
LBN,1991,2024,USD,OECD,Apr2026,0.63572072
LBN,1992,2024,USD,OECD,Apr2026,0.66863429
LBN,1993,2024,USD,OECD,Apr2026,0.65256434
LBN,1994,2024,USD,OECD,Apr2026,0.68600421
LBN,1995,2024,USD,OECD,Apr2026,0.76942941
LBN,1996,2024,USD,OECD,Apr2026,0.71780542
LBN,1997,2024,USD,OECD,Apr2026,0.67694103
LBN,1998,2024,USD,OECD,Apr2026,0.66636733
LBN,1999,2024,USD,OECD,Apr2026,0.67662909
LBN,2000,2024,USD,OECD,Apr2026,0.651094
LBN,2001,2024,USD,OECD,Apr2026,0.61256716
LBN,2002,2024,USD,OECD,Apr2026,0.63311269
LBN,2003,2024,USD,OECD,Apr2026,0.71089846
LBN,2004,2024,USD,OECD,Apr2026,0.76724772
LBN,2005,2024,USD,OECD,Apr2026,0.78969407
LBN,2006,2024,USD,OECD,Apr2026,0.81473753
LBN,2007,2024,USD,OECD,Apr2026,0.87438292
LBN,2008,2024,USD,OECD,Apr2026,0.91574213
LBN,2009,2024,USD,OECD,Apr2026,0.88346628
LBN,2010,2024,USD,OECD,Apr2026,0.89193215
LBN,2011,2024,USD,OECD,Apr2026,0.94556494
LBN,2012,2024,USD,OECD,Apr2026,0.92337488
LBN,2013,2024,USD,OECD,Apr2026,0.93462087
LBN,2014,2024,USD,OECD,Apr2026,0.9340638
LBN,2015,2024,USD,OECD,Apr2026,0.8438034
LBN,2016,2024,USD,OECD,Apr2026,0.83457093
LBN,2017,2024,USD,OECD,Apr2026,0.85219247
LBN,2018,2024,USD,OECD,Apr2026,0.88742997
LBN,2019,2024,USD,OECD,Apr2026,0.87370206
LBN,2020,2024,USD,OECD,Apr2026,0.90077616
LBN,2021,2024,USD,OECD,Apr2026,0.95776544
LBN,2022,2024,USD,OECD,Apr2026,0.93027251
LBN,2023,2024,USD,OECD,Apr2026,0.97668439
LBN,2024,2024,USD,OECD,Apr2026,1
LBN,2025,2024,USD,OECD,Apr2026,1.05193723
LBN,2026,2024,USD,WEO,Apr2025,1.04507247758326
LBN,2027,2024,USD,WEO,Apr2025,1.06671061378565
LBN,2028,2024,USD,WEO,Apr2025,1.09099965043634
LBN,2029,2024,USD,WEO,Apr2025,1.11394811494906
LBN,2030,2024,USD,WEO,Apr2025,1.13875922517087
LBR,1980,2024,USD,WEO_est,Apr2025,0.148477614155491
LBR,1981,2024,USD,WEO_est,Apr2025,0.15443724211274
LBR,1982,2024,USD,WEO_est,Apr2025,0.160636078960777
LBR,1983,2024,USD,WEO_est,Apr2025,0.167083726119998
LBR,1984,2024,USD,WEO_est,Apr2025,0.173790170394778
LBR,1985,2024,USD,WEO_est,Apr2025,0.180765799442099
LBR,1986,2024,USD,WEO_est,Apr2025,0.188021417861058
LBR,1987,2024,USD,WEO_est,Apr2025,0.195568263928189
LBR,1988,2024,USD,WEO_est,Apr2025,0.203418027004505
LBR,1989,2024,USD,WEO_est,Apr2025,0.211582865641224
LBR,1990,2024,USD,WEO_est,Apr2025,0.220075426412236
LBR,1991,2024,USD,WEO_est,Apr2025,0.228908863502466
LBR,1992,2024,USD,WEO_est,Apr2025,0.238096859082478
LBR,1993,2024,USD,WEO_est,Apr2025,0.247653644500886
LBR,1994,2024,USD,WEO_est,Apr2025,0.257594022327382
LBR,1995,2024,USD,WEO_est,Apr2025,0.267933389280537
LBR,1996,2024,USD,WEO_est,Apr2025,0.278687760075886
LBR,1997,2024,USD,WEO_est,Apr2025,0.289873792231226
LBR,1998,2024,USD,WEO_est,Apr2025,0.30150881186756
LBR,1999,2024,USD,WEO_est,Apr2025,0.313610840545642
LBR,2000,2024,USD,WEO,Apr2025,0.326198623179696
LBR,2001,2024,USD,WEO,Apr2025,0.332524857088595
LBR,2002,2024,USD,WEO,Apr2025,0.332152817754316
LBR,2003,2024,USD,WEO,Apr2025,0.354084652519643
LBR,2004,2024,USD,WEO,Apr2025,0.427847612902456
LBR,2005,2024,USD,WEO,Apr2025,0.425356609247756
LBR,2006,2024,USD,WEO,Apr2025,0.460641498838888
LBR,2007,2024,USD,WEO,Apr2025,0.493578982879172
LBR,2008,2024,USD,WEO,Apr2025,0.580090234702296
LBR,2009,2024,USD,WEO,Apr2025,0.580742403485923
LBR,2010,2024,USD,WEO,Apr2025,0.608248103594176
LBR,2011,2024,USD,WEO,Apr2025,0.672198291291025
LBR,2012,2024,USD,WEO,Apr2025,0.708754664593174
LBR,2013,2024,USD,WEO,Apr2025,0.741044383342655
LBR,2014,2024,USD,WEO,Apr2025,0.7470508169695
LBR,2015,2024,USD,WEO,Apr2025,0.747482021264885
LBR,2016,2024,USD,WEO,Apr2025,0.800171337838615
LBR,2017,2024,USD,WEO,Apr2025,0.796480178640604
LBR,2018,2024,USD,WEO,Apr2025,0.773206561641698
LBR,2019,2024,USD,WEO,Apr2025,0.748449937264852
LBR,2020,2024,USD,WEO,Apr2025,0.760566815959839
LBR,2021,2024,USD,WEO,Apr2025,0.836837541711123
LBR,2022,2024,USD,WEO,Apr2025,0.90422973616484
LBR,2023,2024,USD,WEO,Apr2025,0.955075570776256
LBR,2024,2024,USD,WEO,Apr2025,1
LBR,2025,2024,USD,WEO,Apr2025,1.01793261503626
LBR,2026,2024,USD,WEO,Apr2025,1.02509744117453
LBR,2027,2024,USD,WEO,Apr2025,1.03501407268172
LBR,2028,2024,USD,WEO,Apr2025,1.04559326118843
LBR,2029,2024,USD,WEO,Apr2025,1.05430244292685
LBR,2030,2024,USD,WEO,Apr2025,1.06221844506649
LBY,1980,2024,USD,WEO,Apr2025,0.555157734210172
LBY,1981,2024,USD,WEO,Apr2025,0.599798422842211
LBY,1982,2024,USD,WEO,Apr2025,0.589059862902851
LBY,1983,2024,USD,WEO,Apr2025,0.589096783063308
LBY,1984,2024,USD,WEO,Apr2025,0.601599760978497
LBY,1985,2024,USD,WEO,Apr2025,0.588174910619206
LBY,1986,2024,USD,WEO,Apr2025,0.540602411976842
LBY,1987,2024,USD,WEO,Apr2025,0.589055751565946
LBY,1988,2024,USD,WEO,Apr2025,0.615641067352179
LBY,1989,2024,USD,WEO,Apr2025,0.609283586279982
LBY,1990,2024,USD,WEO,Apr2025,0.676917762326669
LBY,1991,2024,USD,WEO,Apr2025,0.63303212258595
LBY,1992,2024,USD,WEO,Apr2025,0.671966391414648
LBY,1993,2024,USD,WEO,Apr2025,0.639729305107477
LBY,1994,2024,USD,WEO,Apr2025,0.577187300513478
LBY,1995,2024,USD,WEO,Apr2025,0.774824930667756
LBY,1996,2024,USD,WEO,Apr2025,0.831122215923074
LBY,1997,2024,USD,WEO,Apr2025,0.873896641424883
LBY,1998,2024,USD,WEO,Apr2025,0.721597484686865
LBY,1999,2024,USD,WEO,Apr2025,0.868113131507454
LBY,2000,2024,USD,WEO,Apr2025,0.887624920120095
LBY,2001,2024,USD,WEO,Apr2025,0.770927723606433
LBY,2002,2024,USD,WEO,Apr2025,0.480563588655275
LBY,2003,2024,USD,WEO,Apr2025,0.529265673576169
LBY,2004,2024,USD,WEO,Apr2025,0.630071361271533
LBY,2005,2024,USD,WEO,Apr2025,0.817098152677191
LBY,2006,2024,USD,WEO,Apr2025,1.00234523303573
LBY,2007,2024,USD,WEO,Apr2025,1.07100981706526
LBY,2008,2024,USD,WEO,Apr2025,1.36515794517104
LBY,2009,2024,USD,WEO,Apr2025,0.999661730758804
LBY,2010,2024,USD,WEO,Apr2025,1.18071805544408
LBY,2011,2024,USD,WEO,Apr2025,1.51930684970518
LBY,2012,2024,USD,WEO,Apr2025,1.56231315834834
LBY,2013,2024,USD,WEO,Apr2025,1.55137517915534
LBY,2014,2024,USD,WEO,Apr2025,1.53513810945959
LBY,2015,2024,USD,WEO,Apr2025,1.31438534331963
LBY,2016,2024,USD,WEO,Apr2025,1.36700788586872
LBY,2017,2024,USD,WEO,Apr2025,1.38813949035477
LBY,2018,2024,USD,WEO,Apr2025,1.46850248084903
LBY,2019,2024,USD,WEO,Apr2025,1.49309336915101
LBY,2020,2024,USD,WEO,Apr2025,1.43349658016864
LBY,2021,2024,USD,WEO,Apr2025,0.838848541320923
LBY,2022,2024,USD,WEO,Apr2025,1.12368403110203
LBY,2023,2024,USD,WEO,Apr2025,1.03604039754264
LBY,2024,2024,USD,WEO,Apr2025,1
LBY,2025,2024,USD,WEO,Apr2025,0.960161247689189
LBY,2026,2024,USD,WEO,Apr2025,0.944713539003976
LBY,2027,2024,USD,WEO,Apr2025,0.95584566544644
LBY,2028,2024,USD,WEO,Apr2025,0.971706729613943
LBY,2029,2024,USD,WEO,Apr2025,0.993466889484653
LBY,2030,2024,USD,WEO,Apr2025,1.01651774555915
LCA,1980,2024,USD,WEO,Apr2025,0.276087677546878
LCA,1981,2024,USD,WEO,Apr2025,0.299761915642309
LCA,1982,2024,USD,WEO,Apr2025,0.276911203157733
LCA,1983,2024,USD,WEO,Apr2025,0.286467933371728
LCA,1984,2024,USD,WEO,Apr2025,0.337924394461989
LCA,1985,2024,USD,WEO,Apr2025,0.339597389913496
LCA,1986,2024,USD,WEO,Apr2025,0.355378625837172
LCA,1987,2024,USD,WEO,Apr2025,0.377161887218882
LCA,1988,2024,USD,WEO,Apr2025,0.378820884273261
LCA,1989,2024,USD,WEO,Apr2025,0.393780432761844
LCA,1990,2024,USD,WEO,Apr2025,0.426911892380798
LCA,1991,2024,USD,WEO,Apr2025,0.450287901995284
LCA,1992,2024,USD,WEO,Apr2025,0.458626355150083
LCA,1993,2024,USD,WEO,Apr2025,0.462733166120238
LCA,1994,2024,USD,WEO,Apr2025,0.474760548772107
LCA,1995,2024,USD,WEO,Apr2025,0.498666180073413
LCA,1996,2024,USD,WEO,Apr2025,0.501040629419708
LCA,1997,2024,USD,WEO,Apr2025,0.515426944572573
LCA,1998,2024,USD,WEO,Apr2025,0.528317222137138
LCA,1999,2024,USD,WEO,Apr2025,0.540394901498635
LCA,2000,2024,USD,WEO,Apr2025,0.54658130458174
LCA,2001,2024,USD,WEO,Apr2025,0.54158553021751
LCA,2002,2024,USD,WEO,Apr2025,0.543568958324439
LCA,2003,2024,USD,WEO,Apr2025,0.572371137912152
LCA,2004,2024,USD,WEO,Apr2025,0.576298640175844
LCA,2005,2024,USD,WEO,Apr2025,0.616133581627979
LCA,2006,2024,USD,WEO,Apr2025,0.646552285996342
LCA,2007,2024,USD,WEO,Apr2025,0.66573407025866
LCA,2008,2024,USD,WEO,Apr2025,0.680534084211477
LCA,2009,2024,USD,WEO,Apr2025,0.680484967778624
LCA,2010,2024,USD,WEO,Apr2025,0.717177571316072
LCA,2011,2024,USD,WEO,Apr2025,0.723579432272588
LCA,2012,2024,USD,WEO,Apr2025,0.739757110149567
LCA,2013,2024,USD,WEO,Apr2025,0.785921756426726
LCA,2014,2024,USD,WEO,Apr2025,0.817415771944669
LCA,2015,2024,USD,WEO,Apr2025,0.847022972730872
LCA,2016,2024,USD,WEO,Apr2025,0.843497127658699
LCA,2017,2024,USD,WEO,Apr2025,0.872671058091893
LCA,2018,2024,USD,WEO,Apr2025,0.874490843411438
LCA,2019,2024,USD,WEO,Apr2025,0.895183468631201
LCA,2020,2024,USD,WEO,Apr2025,0.846817105719278
LCA,2021,2024,USD,WEO,Apr2025,0.945078999128386
LCA,2022,2024,USD,WEO,Apr2025,0.985182051834721
LCA,2023,2024,USD,WEO,Apr2025,0.999670986920333
LCA,2024,2024,USD,WEO,Apr2025,1
LCA,2025,2024,USD,WEO,Apr2025,1.01247395221304
LCA,2026,2024,USD,WEO,Apr2025,1.03388628165204
LCA,2027,2024,USD,WEO,Apr2025,1.05980792830038
LCA,2028,2024,USD,WEO,Apr2025,1.08633490261773
LCA,2029,2024,USD,WEO,Apr2025,1.11340555529127
LCA,2030,2024,USD,WEO,Apr2025,1.14154565646289
LIE,2007,2024,USD,OECD,Apr2026,0.878642035792628
LIE,2008,2024,USD,OECD,Apr2026,0.919668473554092
LIE,2009,2024,USD,OECD,Apr2026,0.887200287636842
LIE,2010,2024,USD,OECD,Apr2026,0.896432692935582
LIE,2011,2024,USD,OECD,Apr2026,0.949965301740235
LIE,2012,2024,USD,OECD,Apr2026,0.927734712689072
LIE,2013,2024,USD,OECD,Apr2026,0.940218404114075
LIE,2014,2024,USD,OECD,Apr2026,0.94022804446763
LIE,2015,2024,USD,OECD,Apr2026,0.84960695684738
LIE,2016,2024,USD,OECD,Apr2026,0.840974700770079
LIE,2017,2024,USD,OECD,Apr2026,0.858680341101939
LIE,2018,2024,USD,OECD,Apr2026,0.894685319390154
LIE,2019,2024,USD,OECD,Apr2026,0.879948563770289
LIE,2020,2024,USD,OECD,Apr2026,0.9067730976598
LIE,2021,2024,USD,OECD,Apr2026,0.962011122356691
LIE,2022,2024,USD,OECD,Apr2026,0.933808739427071
LIE,2023,2024,USD,OECD,Apr2026,0.97869589409917
LIE,2024,2024,USD,OECD,Apr2026,1
LKA,1960,2024,USD,OECD,Apr2026,0.11053475
LKA,1961,2024,USD,OECD,Apr2026,0.11319964
LKA,1962,2024,USD,OECD,Apr2026,0.11711019
LKA,1963,2024,USD,OECD,Apr2026,0.12028961
LKA,1964,2024,USD,OECD,Apr2026,0.12294403
LKA,1965,2024,USD,OECD,Apr2026,0.12633537
LKA,1966,2024,USD,OECD,Apr2026,0.12954192
LKA,1967,2024,USD,OECD,Apr2026,0.13233152
LKA,1968,2024,USD,OECD,Apr2026,0.13672161
LKA,1969,2024,USD,OECD,Apr2026,0.1417826
LKA,1970,2024,USD,OECD,Apr2026,0.14235056
LKA,1971,2024,USD,OECD,Apr2026,0.15186995
LKA,1972,2024,USD,OECD,Apr2026,0.16753833
LKA,1973,2024,USD,OECD,Apr2026,0.19417575
LKA,1974,2024,USD,OECD,Apr2026,0.21353572
LKA,1975,2024,USD,OECD,Apr2026,0.24204872
LKA,1976,2024,USD,OECD,Apr2026,0.24997783
LKA,1977,2024,USD,OECD,Apr2026,0.27134711
LKA,1978,2024,USD,OECD,Apr2026,0.31056562
LKA,1979,2024,USD,OECD,Apr2026,0.35485973
LKA,1980,2024,USD,OECD,Apr2026,0.38599127
LKA,1981,2024,USD,OECD,Apr2026,0.37568561
LKA,1982,2024,USD,OECD,Apr2026,0.36695295
LKA,1983,2024,USD,OECD,Apr2026,0.36887866
LKA,1984,2024,USD,OECD,Apr2026,0.36258462
LKA,1985,2024,USD,OECD,Apr2026,0.36270162
LKA,1986,2024,USD,OECD,Apr2026,0.44206557
LKA,1987,2024,USD,OECD,Apr2026,0.51320688
LKA,1988,2024,USD,OECD,Apr2026,0.55160135
LKA,1989,2024,USD,OECD,Apr2026,0.55608109
LKA,1990,2024,USD,OECD,Apr2026,0.60988323
LKA,1991,2024,USD,OECD,Apr2026,0.63572072
LKA,1992,2024,USD,OECD,Apr2026,0.66863429
LKA,1993,2024,USD,OECD,Apr2026,0.65256434
LKA,1994,2024,USD,OECD,Apr2026,0.68600421
LKA,1995,2024,USD,OECD,Apr2026,0.76942941
LKA,1996,2024,USD,OECD,Apr2026,0.71780542
LKA,1997,2024,USD,OECD,Apr2026,0.67694103
LKA,1998,2024,USD,OECD,Apr2026,0.66636733
LKA,1999,2024,USD,OECD,Apr2026,0.67662909
LKA,2000,2024,USD,OECD,Apr2026,0.651094
LKA,2001,2024,USD,OECD,Apr2026,0.61256716
LKA,2002,2024,USD,OECD,Apr2026,0.63311269
LKA,2003,2024,USD,OECD,Apr2026,0.71089846
LKA,2004,2024,USD,OECD,Apr2026,0.76724772
LKA,2005,2024,USD,OECD,Apr2026,0.78969407
LKA,2006,2024,USD,OECD,Apr2026,0.81473753
LKA,2007,2024,USD,OECD,Apr2026,0.87438292
LKA,2008,2024,USD,OECD,Apr2026,0.91574213
LKA,2009,2024,USD,OECD,Apr2026,0.88346628
LKA,2010,2024,USD,OECD,Apr2026,0.89193215
LKA,2011,2024,USD,OECD,Apr2026,0.94556494
LKA,2012,2024,USD,OECD,Apr2026,0.92337488
LKA,2013,2024,USD,OECD,Apr2026,0.93462087
LKA,2014,2024,USD,OECD,Apr2026,0.9340638
LKA,2015,2024,USD,OECD,Apr2026,0.8438034
LKA,2016,2024,USD,OECD,Apr2026,0.83457093
LKA,2017,2024,USD,OECD,Apr2026,0.85219247
LKA,2018,2024,USD,OECD,Apr2026,0.88742997
LKA,2019,2024,USD,OECD,Apr2026,0.87370206
LKA,2020,2024,USD,OECD,Apr2026,0.90077616
LKA,2021,2024,USD,OECD,Apr2026,0.95776544
LKA,2022,2024,USD,OECD,Apr2026,0.93027251
LKA,2023,2024,USD,OECD,Apr2026,0.97668439
LKA,2024,2024,USD,OECD,Apr2026,1
LKA,2025,2024,USD,OECD,Apr2026,1.05193723
LKA,2026,2024,USD,WEO,Apr2025,1.04507247758326
LKA,2027,2024,USD,WEO,Apr2025,1.06671061378565
LKA,2028,2024,USD,WEO,Apr2025,1.09099965043634
LKA,2029,2024,USD,WEO,Apr2025,1.11394811494906
LKA,2030,2024,USD,WEO,Apr2025,1.13875922517087
LSO,1980,2024,USD,WEO,Apr2025,0.697761666631868
LSO,1981,2024,USD,WEO,Apr2025,0.68799043113213
LSO,1982,2024,USD,WEO,Apr2025,0.542398883699432
LSO,1983,2024,USD,WEO,Apr2025,0.583056723064783
LSO,1984,2024,USD,WEO,Apr2025,0.499615768640236
LSO,1985,2024,USD,WEO,Apr2025,0.388216922677832
LSO,1986,2024,USD,WEO,Apr2025,0.429974140633825
LSO,1987,2024,USD,WEO,Apr2025,0.54902590449258
LSO,1988,2024,USD,WEO,Apr2025,0.581766254902876
LSO,1989,2024,USD,WEO,Apr2025,0.574329495756589
LSO,1990,2024,USD,WEO,Apr2025,0.660248626958637
LSO,1991,2024,USD,WEO,Apr2025,0.718310443163615
LSO,1992,2024,USD,WEO,Apr2025,0.786666632382286
LSO,1993,2024,USD,WEO,Apr2025,0.75829444521548
LSO,1994,2024,USD,WEO,Apr2025,0.762463160464503
LSO,1995,2024,USD,WEO,Apr2025,0.826350764253196
LSO,1996,2024,USD,WEO,Apr2025,0.746714855433882
LSO,1997,2024,USD,WEO,Apr2025,0.760082440863442
LSO,1998,2024,USD,WEO,Apr2025,0.693115431838295
LSO,1999,2024,USD,WEO,Apr2025,0.674649602605453
LSO,2000,2024,USD,WEO,Apr2025,0.638605378278433
LSO,2001,2024,USD,WEO,Apr2025,0.518990140067441
LSO,2002,2024,USD,WEO,Apr2025,0.560417101904075
LSO,2003,2024,USD,WEO,Apr2025,0.788809297641651
LSO,2004,2024,USD,WEO,Apr2025,0.983253037357206
LSO,2005,2024,USD,WEO,Apr2025,1.03020821266162
LSO,2006,2024,USD,WEO,Apr2025,0.982959138486954
LSO,2007,2024,USD,WEO,Apr2025,0.964719307361997
LSO,2008,2024,USD,WEO,Apr2025,0.873202983270759
LSO,2009,2024,USD,WEO,Apr2025,1.02015339977481
LSO,2010,2024,USD,WEO,Apr2025,1.18061536392042
LSO,2011,2024,USD,WEO,Apr2025,1.22629142358197
LSO,2012,2024,USD,WEO,Apr2025,1.11819045853308
LSO,2013,2024,USD,WEO,Apr2025,1.04523368237751
LSO,2014,2024,USD,WEO,Apr2025,1.08170030183026
LSO,2015,2024,USD,WEO,Apr2025,0.931357918164888
LSO,2016,2024,USD,WEO,Apr2025,0.915859083170445
LSO,2017,2024,USD,WEO,Apr2025,1.03465296864748
LSO,2018,2024,USD,WEO,Apr2025,1.07082878798849
LSO,2019,2024,USD,WEO,Apr2025,1.03646639765558
LSO,2020,2024,USD,WEO,Apr2025,0.985264088032008
LSO,2021,2024,USD,WEO,Apr2025,1.13007804812603
LSO,2022,2024,USD,WEO,Apr2025,1.03110878258987
LSO,2023,2024,USD,WEO,Apr2025,0.983534257254223
LSO,2024,2024,USD,WEO,Apr2025,1
LSO,2025,2024,USD,WEO,Apr2025,1.02558522424862
LSO,2026,2024,USD,WEO,Apr2025,1.05177929772529
LSO,2027,2024,USD,WEO,Apr2025,1.06831397108741
LSO,2028,2024,USD,WEO,Apr2025,1.09497928265705
LSO,2029,2024,USD,WEO,Apr2025,1.11701826749696
LSO,2030,2024,USD,WEO,Apr2025,1.17309395311449
LTU,1960,2024,USD,OECD,Apr2026,0
LTU,1961,2024,USD,OECD,Apr2026,0
LTU,1962,2024,USD,OECD,Apr2026,0
LTU,1963,2024,USD,OECD,Apr2026,0
LTU,1964,2024,USD,OECD,Apr2026,0
LTU,1965,2024,USD,OECD,Apr2026,0
LTU,1966,2024,USD,OECD,Apr2026,0
LTU,1967,2024,USD,OECD,Apr2026,0
LTU,1968,2024,USD,OECD,Apr2026,0
LTU,1969,2024,USD,OECD,Apr2026,0
LTU,1970,2024,USD,OECD,Apr2026,0
LTU,1971,2024,USD,OECD,Apr2026,0
LTU,1972,2024,USD,OECD,Apr2026,0
LTU,1973,2024,USD,OECD,Apr2026,0
LTU,1974,2024,USD,OECD,Apr2026,0
LTU,1975,2024,USD,OECD,Apr2026,0
LTU,1976,2024,USD,OECD,Apr2026,0
LTU,1977,2024,USD,OECD,Apr2026,0
LTU,1978,2024,USD,OECD,Apr2026,0
LTU,1979,2024,USD,OECD,Apr2026,0
LTU,1980,2024,USD,OECD,Apr2026,0
LTU,1981,2024,USD,OECD,Apr2026,0
LTU,1982,2024,USD,OECD,Apr2026,0
LTU,1983,2024,USD,OECD,Apr2026,0
LTU,1984,2024,USD,OECD,Apr2026,0
LTU,1985,2024,USD,OECD,Apr2026,0
LTU,1986,2024,USD,OECD,Apr2026,0
LTU,1987,2024,USD,OECD,Apr2026,0
LTU,1988,2024,USD,OECD,Apr2026,0
LTU,1989,2024,USD,OECD,Apr2026,0
LTU,1990,2024,USD,OECD,Apr2026,0
LTU,1991,2024,USD,OECD,Apr2026,0
LTU,1992,2024,USD,OECD,Apr2026,0
LTU,1993,2024,USD,OECD,Apr2026,0
LTU,1994,2024,USD,OECD,Apr2026,0
LTU,1995,2024,USD,OECD,Apr2026,0
LTU,1996,2024,USD,OECD,Apr2026,0
LTU,1997,2024,USD,OECD,Apr2026,0
LTU,1998,2024,USD,OECD,Apr2026,0
LTU,1999,2024,USD,OECD,Apr2026,0
LTU,2000,2024,USD,OECD,Apr2026,0
LTU,2001,2024,USD,OECD,Apr2026,0.33460016
LTU,2002,2024,USD,OECD,Apr2026,0.36550753
LTU,2003,2024,USD,OECD,Apr2026,0.43521433
LTU,2004,2024,USD,OECD,Apr2026,0.49384247
LTU,2005,2024,USD,OECD,Apr2026,0.52648924
LTU,2006,2024,USD,OECD,Apr2026,0.56538016
LTU,2007,2024,USD,OECD,Apr2026,0.67148737
LTU,2008,2024,USD,OECD,Apr2026,0.78865001
LTU,2009,2024,USD,OECD,Apr2026,0.72552752
LTU,2010,2024,USD,OECD,Apr2026,0.70570414
LTU,2011,2024,USD,OECD,Apr2026,0.78292519
LTU,2012,2024,USD,OECD,Apr2026,0.73836413
LTU,2013,2024,USD,OECD,Apr2026,0.77205391
LTU,2014,2024,USD,OECD,Apr2026,0.77711618
LTU,2015,2024,USD,OECD,Apr2026,0.64910107
LTU,2016,2024,USD,OECD,Apr2026,0.6534811
LTU,2017,2024,USD,OECD,Apr2026,0.69343564
LTU,2018,2024,USD,OECD,Apr2026,0.75209376
LTU,2019,2024,USD,OECD,Apr2026,0.73031366
LTU,2020,2024,USD,OECD,Apr2026,0.75862079
LTU,2021,2024,USD,OECD,Apr2026,0.83478965
LTU,2022,2024,USD,OECD,Apr2026,0.85699381
LTU,2023,2024,USD,OECD,Apr2026,0.96906397
LTU,2024,2024,USD,OECD,Apr2026,1
LTU,2025,2024,USD,OECD,Apr2026,1.08178547
LTU,2026,2024,USD,WEO,Apr2025,1.0540060746378
LTU,2027,2024,USD,WEO,Apr2025,1.07916263167546
LTU,2028,2024,USD,WEO,Apr2025,1.10605867034773
LTU,2029,2024,USD,WEO,Apr2025,1.13398326737176
LTU,2030,2024,USD,WEO,Apr2025,1.16310038423002
LUX,1960,2024,USD,OECD,Apr2026,0.06186257
LUX,1961,2024,USD,OECD,Apr2026,0.05960092
LUX,1962,2024,USD,OECD,Apr2026,0.06204755
LUX,1963,2024,USD,OECD,Apr2026,0.06386706
LUX,1964,2024,USD,OECD,Apr2026,0.06774952
LUX,1965,2024,USD,OECD,Apr2026,0.06979879
LUX,1966,2024,USD,OECD,Apr2026,0.07226153
LUX,1967,2024,USD,OECD,Apr2026,0.07278518
LUX,1968,2024,USD,OECD,Apr2026,0.07605679
LUX,1969,2024,USD,OECD,Apr2026,0.07976531
LUX,1970,2024,USD,OECD,Apr2026,0.09269197
LUX,1971,2024,USD,OECD,Apr2026,0.0939476
LUX,1972,2024,USD,OECD,Apr2026,0.10972452
LUX,1973,2024,USD,OECD,Apr2026,0.13907494
LUX,1974,2024,USD,OECD,Apr2026,0.16271342
LUX,1975,2024,USD,OECD,Apr2026,0.17083854
LUX,1976,2024,USD,OECD,Apr2026,0.18265904
LUX,1977,2024,USD,OECD,Apr2026,0.19906852
LUX,1978,2024,USD,OECD,Apr2026,0.23813206
LUX,1979,2024,USD,OECD,Apr2026,0.27216058
LUX,1980,2024,USD,OECD,Apr2026,0.29432575
LUX,1981,2024,USD,OECD,Apr2026,0.2484859
LUX,1982,2024,USD,OECD,Apr2026,0.22377072
LUX,1983,2024,USD,OECD,Apr2026,0.21363397
LUX,1984,2024,USD,OECD,Apr2026,0.19743921
LUX,1985,2024,USD,OECD,Apr2026,0.19783873
LUX,1986,2024,USD,OECD,Apr2026,0.26289123
LUX,1987,2024,USD,OECD,Apr2026,0.31477014
LUX,1988,2024,USD,OECD,Apr2026,0.32854272
LUX,1989,2024,USD,OECD,Apr2026,0.31895997
LUX,1990,2024,USD,OECD,Apr2026,0.38545709
LUX,1991,2024,USD,OECD,Apr2026,0.38398709
LUX,1992,2024,USD,OECD,Apr2026,0.42327828
LUX,1993,2024,USD,OECD,Apr2026,0.41736582
LUX,1994,2024,USD,OECD,Apr2026,0.44620438
LUX,1995,2024,USD,OECD,Apr2026,0.51796334
LUX,1996,2024,USD,OECD,Apr2026,0.51248821
LUX,1997,2024,USD,OECD,Apr2026,0.45534076
LUX,1998,2024,USD,OECD,Apr2026,0.43932052
LUX,1999,2024,USD,OECD,Apr2026,0.44136374
LUX,2000,2024,USD,OECD,Apr2026,0.39944722
LUX,2001,2024,USD,OECD,Apr2026,0.39113425
LUX,2002,2024,USD,OECD,Apr2026,0.41783486
LUX,2003,2024,USD,OECD,Apr2026,0.51157639
LUX,2004,2024,USD,OECD,Apr2026,0.57998463
LUX,2005,2024,USD,OECD,Apr2026,0.6076925
LUX,2006,2024,USD,OECD,Apr2026,0.65368615
LUX,2007,2024,USD,OECD,Apr2026,0.72665326
LUX,2008,2024,USD,OECD,Apr2026,0.81659519
LUX,2009,2024,USD,OECD,Apr2026,0.79505007
LUX,2010,2024,USD,OECD,Apr2026,0.79037475
LUX,2011,2024,USD,OECD,Apr2026,0.86102284
LUX,2012,2024,USD,OECD,Apr2026,0.81731853
LUX,2013,2024,USD,OECD,Apr2026,0.86420156
LUX,2014,2024,USD,OECD,Apr2026,0.89079956
LUX,2015,2024,USD,OECD,Apr2026,0.76321772
LUX,2016,2024,USD,OECD,Apr2026,0.74926896
LUX,2017,2024,USD,OECD,Apr2026,0.78279935
LUX,2018,2024,USD,OECD,Apr2026,0.83258943
LUX,2019,2024,USD,OECD,Apr2026,0.79497472
LUX,2020,2024,USD,OECD,Apr2026,0.84278036
LUX,2021,2024,USD,OECD,Apr2026,0.92459022
LUX,2022,2024,USD,OECD,Apr2026,0.87681756
LUX,2023,2024,USD,OECD,Apr2026,0.96592187
LUX,2024,2024,USD,OECD,Apr2026,1
LUX,2025,2024,USD,OECD,Apr2026,1.06842265
LUX,2026,2024,USD,WEO,Apr2025,1.03833640622097
LUX,2027,2024,USD,WEO,Apr2025,1.05870754121454
LUX,2028,2024,USD,WEO,Apr2025,1.08000845127561
LUX,2029,2024,USD,WEO,Apr2025,1.10228361758509
LUX,2030,2024,USD,WEO,Apr2025,1.12554964258198
LVA,1960,2024,USD,OECD,Apr2026,0
LVA,1961,2024,USD,OECD,Apr2026,0
LVA,1962,2024,USD,OECD,Apr2026,0
LVA,1963,2024,USD,OECD,Apr2026,0
LVA,1964,2024,USD,OECD,Apr2026,0
LVA,1965,2024,USD,OECD,Apr2026,0
LVA,1966,2024,USD,OECD,Apr2026,0
LVA,1967,2024,USD,OECD,Apr2026,0
LVA,1968,2024,USD,OECD,Apr2026,0
LVA,1969,2024,USD,OECD,Apr2026,0
LVA,1970,2024,USD,OECD,Apr2026,0
LVA,1971,2024,USD,OECD,Apr2026,0
LVA,1972,2024,USD,OECD,Apr2026,0
LVA,1973,2024,USD,OECD,Apr2026,0
LVA,1974,2024,USD,OECD,Apr2026,0
LVA,1975,2024,USD,OECD,Apr2026,0
LVA,1976,2024,USD,OECD,Apr2026,0
LVA,1977,2024,USD,OECD,Apr2026,0
LVA,1978,2024,USD,OECD,Apr2026,0
LVA,1979,2024,USD,OECD,Apr2026,0
LVA,1980,2024,USD,OECD,Apr2026,0
LVA,1981,2024,USD,OECD,Apr2026,0
LVA,1982,2024,USD,OECD,Apr2026,0
LVA,1983,2024,USD,OECD,Apr2026,0
LVA,1984,2024,USD,OECD,Apr2026,0
LVA,1985,2024,USD,OECD,Apr2026,0
LVA,1986,2024,USD,OECD,Apr2026,0
LVA,1987,2024,USD,OECD,Apr2026,0
LVA,1988,2024,USD,OECD,Apr2026,0
LVA,1989,2024,USD,OECD,Apr2026,0
LVA,1990,2024,USD,OECD,Apr2026,0
LVA,1991,2024,USD,OECD,Apr2026,0
LVA,1992,2024,USD,OECD,Apr2026,0
LVA,1993,2024,USD,OECD,Apr2026,0
LVA,1994,2024,USD,OECD,Apr2026,0
LVA,1995,2024,USD,OECD,Apr2026,0
LVA,1996,2024,USD,OECD,Apr2026,0
LVA,1997,2024,USD,OECD,Apr2026,0
LVA,1998,2024,USD,OECD,Apr2026,0
LVA,1999,2024,USD,OECD,Apr2026,0
LVA,2000,2024,USD,OECD,Apr2026,0
LVA,2001,2024,USD,OECD,Apr2026,0
LVA,2002,2024,USD,OECD,Apr2026,0.37544163
LVA,2003,2024,USD,OECD,Apr2026,0.42326271
LVA,2004,2024,USD,OECD,Apr2026,0.47771651
LVA,2005,2024,USD,OECD,Apr2026,0.50877246
LVA,2006,2024,USD,OECD,Apr2026,0.56080155
LVA,2007,2024,USD,OECD,Apr2026,0.73616988
LVA,2008,2024,USD,OECD,Apr2026,0.87897164
LVA,2009,2024,USD,OECD,Apr2026,0.79544797
LVA,2010,2024,USD,OECD,Apr2026,0.74679174
LVA,2011,2024,USD,OECD,Apr2026,0.82066224
LVA,2012,2024,USD,OECD,Apr2026,0.77520785
LVA,2013,2024,USD,OECD,Apr2026,0.81974951
LVA,2014,2024,USD,OECD,Apr2026,0.83390549
LVA,2015,2024,USD,OECD,Apr2026,0.69988495
LVA,2016,2024,USD,OECD,Apr2026,0.70195947
LVA,2017,2024,USD,OECD,Apr2026,0.73495634
LVA,2018,2024,USD,OECD,Apr2026,0.79825989
LVA,2019,2024,USD,OECD,Apr2026,0.78983555
LVA,2020,2024,USD,OECD,Apr2026,0.82330084
LVA,2021,2024,USD,OECD,Apr2026,0.88253083
LVA,2022,2024,USD,OECD,Apr2026,0.86086841
LVA,2023,2024,USD,OECD,Apr2026,0.97963308
LVA,2024,2024,USD,OECD,Apr2026,1
LVA,2025,2024,USD,OECD,Apr2026,1.0777391
LVA,2026,2024,USD,WEO,Apr2025,1.06315852275689
LVA,2027,2024,USD,WEO,Apr2025,1.09209676545873
LVA,2028,2024,USD,WEO,Apr2025,1.11946566010552
LVA,2029,2024,USD,WEO,Apr2025,1.14846025043114
LVA,2030,2024,USD,WEO,Apr2025,1.17746301591525
MAC,1980,2024,USD,WEO_est,Apr2025,0.209257542837995
MAC,1981,2024,USD,WEO_est,Apr2025,0.216502021159656
MAC,1982,2024,USD,WEO_est,Apr2025,0.223997302704185
MAC,1983,2024,USD,WEO_est,Apr2025,0.231752070257809
MAC,1984,2024,USD,WEO_est,Apr2025,0.239775307204076
MAC,1985,2024,USD,WEO_est,Apr2025,0.248076307930509
MAC,1986,2024,USD,WEO_est,Apr2025,0.256664688595533
MAC,1987,2024,USD,WEO_est,Apr2025,0.265550398268163
MAC,1988,2024,USD,WEO_est,Apr2025,0.274743730453334
MAC,1989,2024,USD,WEO_est,Apr2025,0.284255335016246
MAC,1990,2024,USD,WEO_est,Apr2025,0.294096230519526
MAC,1991,2024,USD,WEO_est,Apr2025,0.304277816987501
MAC,1992,2024,USD,WEO_est,Apr2025,0.314811889112371
MAC,1993,2024,USD,WEO_est,Apr2025,0.325710649917574
MAC,1994,2024,USD,WEO_est,Apr2025,0.336986724894183
MAC,1995,2024,USD,WEO_est,Apr2025,0.348653176626696
MAC,1996,2024,USD,WEO_est,Apr2025,0.360723519925174
MAC,1997,2024,USD,WEO_est,Apr2025,0.373211737481253
MAC,1998,2024,USD,WEO_est,Apr2025,0.386132296066163
MAC,1999,2024,USD,WEO_est,Apr2025,0.399500163289522
MAC,2000,2024,USD,WEO_est,Apr2025,0.41333082493832
MAC,2001,2024,USD,WEO,Apr2025,0.427640302916174
MAC,2002,2024,USD,WEO,Apr2025,0.421960774991686
MAC,2003,2024,USD,WEO,Apr2025,0.422823416793893
MAC,2004,2024,USD,WEO,Apr2025,0.43091048591526
MAC,2005,2024,USD,WEO,Apr2025,0.455545049107335
MAC,2006,2024,USD,WEO,Apr2025,0.491413346966188
MAC,2007,2024,USD,WEO,Apr2025,0.532188690910946
MAC,2008,2024,USD,WEO,Apr2025,0.586941885882936
MAC,2009,2024,USD,WEO,Apr2025,0.595020918843288
MAC,2010,2024,USD,WEO,Apr2025,0.622125674916284
MAC,2011,2024,USD,WEO,Apr2025,0.667357790527673
MAC,2012,2024,USD,WEO,Apr2025,0.716119537443645
MAC,2013,2024,USD,WEO,Apr2025,0.771538366082249
MAC,2014,2024,USD,WEO,Apr2025,0.83913065570571
MAC,2015,2024,USD,WEO,Apr2025,0.877247952640097
MAC,2016,2024,USD,WEO,Apr2025,0.883696142873014
MAC,2017,2024,USD,WEO,Apr2025,0.89920520898699
MAC,2018,2024,USD,WEO,Apr2025,0.925695848992923
MAC,2019,2024,USD,WEO,Apr2025,0.948169213964067
MAC,2020,2024,USD,WEO,Apr2025,0.95538266673363
MAC,2021,2024,USD,WEO,Apr2025,0.945016432426223
MAC,2022,2024,USD,WEO,Apr2025,0.94887719921049
MAC,2023,2024,USD,WEO,Apr2025,0.993109883225061
MAC,2024,2024,USD,WEO,Apr2025,1
MAC,2025,2024,USD,WEO,Apr2025,1.02632383719723
MAC,2026,2024,USD,WEO,Apr2025,1.04637108450231
MAC,2027,2024,USD,WEO,Apr2025,1.06951935637747
MAC,2028,2024,USD,WEO,Apr2025,1.09543598026108
MAC,2029,2024,USD,WEO,Apr2025,1.12205930573954
MAC,2030,2024,USD,WEO,Apr2025,1.14742102889825
MAR,1980,2024,USD,WEO,Apr2025,0.708031386144685
MAR,1981,2024,USD,WEO,Apr2025,0.591200245091158
MAR,1982,2024,USD,WEO,Apr2025,0.544373095364631
MAR,1983,2024,USD,WEO,Apr2025,0.494812463017947
MAR,1984,2024,USD,WEO,Apr2025,0.433771673443074
MAR,1985,2024,USD,WEO,Apr2025,0.411765460268634
MAR,1986,2024,USD,WEO,Apr2025,0.502047621119945
MAR,1987,2024,USD,WEO,Apr2025,0.56825723818307
MAR,1988,2024,USD,WEO,Apr2025,0.609435153507315
MAR,1989,2024,USD,WEO,Apr2025,0.612755946844487
MAR,1990,2024,USD,WEO,Apr2025,0.66561740699849
MAR,1991,2024,USD,WEO,Apr2025,0.662094215509602
MAR,1992,2024,USD,WEO,Apr2025,0.712039339966053
MAR,1993,2024,USD,WEO,Apr2025,0.675407834201386
MAR,1994,2024,USD,WEO,Apr2025,0.681336204313022
MAR,1995,2024,USD,WEO,Apr2025,0.797321486921208
MAR,1996,2024,USD,WEO,Apr2025,0.777136326659018
MAR,1997,2024,USD,WEO,Apr2025,0.719336191578454
MAR,1998,2024,USD,WEO,Apr2025,0.711420774315318
MAR,1999,2024,USD,WEO,Apr2025,0.704736523653645
MAR,2000,2024,USD,WEO,Apr2025,0.647466024463712
MAR,2001,2024,USD,WEO,Apr2025,0.611322057866483
MAR,2002,2024,USD,WEO,Apr2025,0.633365857805208
MAR,2003,2024,USD,WEO,Apr2025,0.734322095473774
MAR,2004,2024,USD,WEO,Apr2025,0.802434970095694
MAR,2005,2024,USD,WEO,Apr2025,0.814732471595686
MAR,2006,2024,USD,WEO,Apr2025,0.832443732900882
MAR,2007,2024,USD,WEO,Apr2025,0.933314386019578
MAR,2008,2024,USD,WEO,Apr2025,1.03123977711203
MAR,2009,2024,USD,WEO,Apr2025,0.99343563297014
MAR,2010,2024,USD,WEO,Apr2025,0.96021290420881
MAR,2011,2024,USD,WEO,Apr2025,0.992153759438857
MAR,2012,2024,USD,WEO,Apr2025,0.933663215916782
MAR,2013,2024,USD,WEO,Apr2025,0.970955526150959
MAR,2014,2024,USD,WEO,Apr2025,0.974533797048953
MAR,2015,2024,USD,WEO,Apr2025,0.86561468969478
MAR,2016,2024,USD,WEO,Apr2025,0.870167351652112
MAR,2017,2024,USD,WEO,Apr2025,0.880000931380149
MAR,2018,2024,USD,WEO,Apr2025,0.9172070408198
MAR,2019,2024,USD,WEO,Apr2025,0.902489239649238
MAR,2020,2024,USD,WEO,Apr2025,0.915218751906292
MAR,2021,2024,USD,WEO,Apr2025,0.99032977472121
MAR,2022,2024,USD,WEO,Apr2025,0.899403958084336
MAR,2023,2024,USD,WEO,Apr2025,0.959380718892823
MAR,2024,2024,USD,WEO,Apr2025,1
MAR,2025,2024,USD,WEO,Apr2025,1.02737381096938
MAR,2026,2024,USD,WEO,Apr2025,1.05448319528797
MAR,2027,2024,USD,WEO,Apr2025,1.08170813514787
MAR,2028,2024,USD,WEO,Apr2025,1.10928215983512
MAR,2029,2024,USD,WEO,Apr2025,1.13674252239196
MAR,2030,2024,USD,WEO,Apr2025,1.16459077591339
MCO,2021,2024,USD,OECD,Apr2026,0.980902258035076
MCO,2022,2024,USD,OECD,Apr2026,0.900356066843838
MCO,2023,2024,USD,OECD,Apr2026,0.974971225761773
MCO,2024,2024,USD,OECD,Apr2026,1
MDA,1980,2024,USD,WEO_est,Apr2025,0.02621761588023
MDA,1981,2024,USD,WEO_est,Apr2025,0.0283301681445723
MDA,1982,2024,USD,WEO_est,Apr2025,0.0306129447759954
MDA,1983,2024,USD,WEO_est,Apr2025,0.0330796620435058
MDA,1984,2024,USD,WEO_est,Apr2025,0.0357451414399899
MDA,1985,2024,USD,WEO_est,Apr2025,0.0386253987384894
MDA,1986,2024,USD,WEO_est,Apr2025,0.0417377402244158
MDA,1987,2024,USD,WEO_est,Apr2025,0.0451008666819253
MDA,1988,2024,USD,WEO_est,Apr2025,0.0487349857592648
MDA,1989,2024,USD,WEO_est,Apr2025,0.0526619333882467
MDA,1990,2024,USD,WEO_est,Apr2025,0.0569053049874118
MDA,1991,2024,USD,WEO_est,Apr2025,0.0614905972372269
MDA,1992,2024,USD,WEO,Apr2025,0.0664453612791863
MDA,1993,2024,USD,WEO,Apr2025,0.0864006398774845
MDA,1994,2024,USD,WEO,Apr2025,0.13044411543282
MDA,1995,2024,USD,WEO,Apr2025,0.164674496839648
MDA,1996,2024,USD,WEO,Apr2025,0.20572456225151
MDA,1997,2024,USD,WEO,Apr2025,0.230454961478743
MDA,1998,2024,USD,WEO,Apr2025,0.216944809744063
MDA,1999,2024,USD,WEO,Apr2025,0.155102181916475
MDA,2000,2024,USD,WEO,Apr2025,0.170447370760251
MDA,2001,2024,USD,WEO,Apr2025,0.180927352483976
MDA,2002,2024,USD,WEO,Apr2025,0.188348180119716
MDA,2003,2024,USD,WEO,Apr2025,0.210599666768918
MDA,2004,2024,USD,WEO,Apr2025,0.257162754860959
MDA,2005,2024,USD,WEO,Apr2025,0.275131966100774
MDA,2006,2024,USD,WEO,Apr2025,0.29943237979636
MDA,2007,2024,USD,WEO,Apr2025,0.375416468242565
MDA,2008,2024,USD,WEO,Apr2025,0.479134383610895
MDA,2009,2024,USD,WEO,Apr2025,0.45777760213575
MDA,2010,2024,USD,WEO,Apr2025,0.548396392042361
MDA,2011,2024,USD,WEO,Apr2025,0.625206729713451
MDA,2012,2024,USD,WEO,Apr2025,0.65066083098607
MDA,2013,2024,USD,WEO,Apr2025,0.6506915620467
MDA,2014,2024,USD,WEO,Apr2025,0.613571836398591
MDA,2015,2024,USD,WEO,Apr2025,0.51116823759812
MDA,2016,2024,USD,WEO,Apr2025,0.501442970769469
MDA,2017,2024,USD,WEO,Apr2025,0.573727029101926
MDA,2018,2024,USD,WEO,Apr2025,0.651741704306803
MDA,2019,2024,USD,WEO,Apr2025,0.656210443192677
MDA,2020,2024,USD,WEO,Apr2025,0.702984913168421
MDA,2021,2024,USD,WEO,Apr2025,0.733032612631579
MDA,2022,2024,USD,WEO,Apr2025,0.813210337636544
MDA,2023,2024,USD,WEO,Apr2025,0.928762826878517
MDA,2024,2024,USD,WEO,Apr2025,1
MDA,2025,2024,USD,WEO,Apr2025,1.06730246349334
MDA,2026,2024,USD,WEO,Apr2025,1.10220770391304
MDA,2027,2024,USD,WEO,Apr2025,1.13902150898767
MDA,2028,2024,USD,WEO,Apr2025,1.17800390022397
MDA,2029,2024,USD,WEO,Apr2025,1.21828882264741
MDA,2030,2024,USD,WEO,Apr2025,1.26296405868409
MDG,1980,2024,USD,WEO,Apr2025,0.701398228986003
MDG,1981,2024,USD,WEO,Apr2025,0.711383002901065
MDG,1982,2024,USD,WEO,Apr2025,0.729122859200111
MDG,1983,2024,USD,WEO,Apr2025,0.707668541788837
MDG,1984,2024,USD,WEO,Apr2025,0.579672565289487
MDG,1985,2024,USD,WEO,Apr2025,0.557937028745429
MDG,1986,2024,USD,WEO,Apr2025,0.625631444612528
MDG,1987,2024,USD,WEO,Apr2025,0.456947752486947
MDG,1988,2024,USD,WEO,Apr2025,0.438591691702017
MDG,1989,2024,USD,WEO,Apr2025,0.419700953123409
MDG,1990,2024,USD,WEO,Apr2025,0.503711306081611
MDG,1991,2024,USD,WEO,Apr2025,0.445161777359682
MDG,1992,2024,USD,WEO,Apr2025,0.50214220528408
MDG,1993,2024,USD,WEO,Apr2025,0.537884448141971
MDG,1994,2024,USD,WEO,Apr2025,0.466459517810678
MDG,1995,2024,USD,WEO,Apr2025,0.499917467313076
MDG,1996,2024,USD,WEO,Apr2025,0.628870224164638
MDG,1997,2024,USD,WEO,Apr2025,0.524208257034827
MDG,1998,2024,USD,WEO,Apr2025,0.520897127466314
MDG,1999,2024,USD,WEO,Apr2025,0.483504110780558
MDG,2000,2024,USD,WEO,Apr2025,0.500851550553406
MDG,2001,2024,USD,WEO,Apr2025,0.555184240754454
MDG,2002,2024,USD,WEO,Apr2025,0.623806058899261
MDG,2003,2024,USD,WEO,Apr2025,0.676497576031725
MDG,2004,2024,USD,WEO,Apr2025,0.510880045219409
MDG,2005,2024,USD,WEO,Apr2025,0.564136345674266
MDG,2006,2024,USD,WEO,Apr2025,0.584295508136079
MDG,2007,2024,USD,WEO,Apr2025,0.736712941612466
MDG,2008,2024,USD,WEO,Apr2025,0.868528117863505
MDG,2009,2024,USD,WEO,Apr2025,0.811073054604322
MDG,2010,2024,USD,WEO,Apr2025,0.836761003006338
MDG,2011,2024,USD,WEO,Apr2025,0.953230398027354
MDG,2012,2024,USD,WEO,Apr2025,0.92753040261389
MDG,2013,2024,USD,WEO,Apr2025,0.972843337335334
MDG,2014,2024,USD,WEO,Apr2025,0.948911242649341
MDG,2015,2024,USD,WEO,Apr2025,0.831927113980616
MDG,2016,2024,USD,WEO,Apr2025,0.837146303990544
MDG,2017,2024,USD,WEO,Apr2025,0.895673628905293
MDG,2018,2024,USD,WEO,Apr2025,0.906421479438597
MDG,2019,2024,USD,WEO,Apr2025,0.889894637613461
MDG,2020,2024,USD,WEO,Apr2025,0.886688867719031
MDG,2021,2024,USD,WEO,Apr2025,0.931938557834982
MDG,2022,2024,USD,WEO,Apr2025,0.955275439423651
MDG,2023,2024,USD,WEO,Apr2025,0.949284730195178
MDG,2024,2024,USD,WEO,Apr2025,1
MDG,2025,2024,USD,WEO,Apr2025,1.03322878804715
MDG,2026,2024,USD,WEO,Apr2025,1.06524832854082
MDG,2027,2024,USD,WEO,Apr2025,1.10543168887753
MDG,2028,2024,USD,WEO,Apr2025,1.16349856126979
MDG,2029,2024,USD,WEO,Apr2025,1.22430153342488
MDG,2030,2024,USD,WEO,Apr2025,1.28800066485792
MDV,1980,2024,USD,WEO,Apr2025,0.135032660295712
MDV,1981,2024,USD,WEO,Apr2025,0.145029397603216
MDV,1982,2024,USD,WEO,Apr2025,0.160835291792572
MDV,1983,2024,USD,WEO,Apr2025,0.166429848867558
MDV,1984,2024,USD,WEO,Apr2025,0.170447801312407
MDV,1985,2024,USD,WEO,Apr2025,0.177611744518339
MDV,1986,2024,USD,WEO,Apr2025,0.192845779990093
MDV,1987,2024,USD,WEO,Apr2025,0.167050221178445
MDV,1988,2024,USD,WEO,Apr2025,0.183553789918251
MDV,1989,2024,USD,WEO,Apr2025,0.189649209876523
MDV,1990,2024,USD,WEO,Apr2025,0.227152465421829
MDV,1991,2024,USD,WEO,Apr2025,0.241015687783114
MDV,1992,2024,USD,WEO,Apr2025,0.26439329070547
MDV,1993,2024,USD,WEO,Apr2025,0.283592309757224
MDV,1994,2024,USD,WEO,Apr2025,0.291241359999279
MDV,1995,2024,USD,WEO,Apr2025,0.330875292401197
MDV,1996,2024,USD,WEO,Apr2025,0.343026744707018
MDV,1997,2024,USD,WEO,Apr2025,0.384393663847753
MDV,1998,2024,USD,WEO,Apr2025,0.372137152216313
MDV,1999,2024,USD,WEO,Apr2025,0.378588296793677
MDV,2000,2024,USD,WEO,Apr2025,0.382981481673112
MDV,2001,2024,USD,WEO,Apr2025,0.361483577321445
MDV,2002,2024,USD,WEO,Apr2025,0.367803914456982
MDV,2003,2024,USD,WEO,Apr2025,0.409368499045908
MDV,2004,2024,USD,WEO,Apr2025,0.450308750304613
MDV,2005,2024,USD,WEO,Apr2025,0.480778538730369
MDV,2006,2024,USD,WEO,Apr2025,0.526752207166569
MDV,2007,2024,USD,WEO,Apr2025,0.583203270998611
MDV,2008,2024,USD,WEO,Apr2025,0.650885508975403
MDV,2009,2024,USD,WEO,Apr2025,0.731472140988669
MDV,2010,2024,USD,WEO,Apr2025,0.755623856080272
MDV,2011,2024,USD,WEO,Apr2025,0.706984897857751
MDV,2012,2024,USD,WEO,Apr2025,0.757910842502418
MDV,2013,2024,USD,WEO,Apr2025,0.807060861231722
MDV,2014,2024,USD,WEO,Apr2025,0.840702432556153
MDV,2015,2024,USD,WEO,Apr2025,0.902372563216217
MDV,2016,2024,USD,WEO,Apr2025,0.904298163141124
MDV,2017,2024,USD,WEO,Apr2025,0.923643216323839
MDV,2018,2024,USD,WEO,Apr2025,0.954070953367068
MDV,2019,2024,USD,WEO,Apr2025,0.941560838409703
MDV,2020,2024,USD,WEO,Apr2025,0.909907650665574
MDV,2021,2024,USD,WEO,Apr2025,0.935967896585774
MDV,2022,2024,USD,WEO,Apr2025,0.967535317505514
MDV,2023,2024,USD,WEO,Apr2025,0.985734227097877
MDV,2024,2024,USD,WEO,Apr2025,1
MDV,2025,2024,USD,WEO,Apr2025,1.02009100463691
MDV,2026,2024,USD,WEO,Apr2025,1.06119010398785
MDV,2027,2024,USD,WEO,Apr2025,1.0824963970902
MDV,2028,2024,USD,WEO,Apr2025,1.10412411648826
MDV,2029,2024,USD,WEO,Apr2025,1.1261420160017
MDV,2030,2024,USD,WEO,Apr2025,1.14864017171065
MEX,1980,2024,USD,WEO,Apr2025,0.316146142859842
MEX,1981,2024,USD,WEO,Apr2025,0.370527208689289
MEX,1982,2024,USD,WEO,Apr2025,0.269031581384382
MEX,1983,2024,USD,WEO,Apr2025,0.229965390994575
MEX,1984,2024,USD,WEO,Apr2025,0.261991918754298
MEX,1985,2024,USD,WEO,Apr2025,0.272779757834205
MEX,1986,2024,USD,WEO,Apr2025,0.196591238161748
MEX,1987,2024,USD,WEO,Apr2025,0.211230041298331
MEX,1988,2024,USD,WEO,Apr2025,0.25530169973909
MEX,1989,2024,USD,WEO,Apr2025,0.300242370417323
MEX,1990,2024,USD,WEO,Apr2025,0.336647327831056
MEX,1991,2024,USD,WEO,Apr2025,0.38814618247136
MEX,1992,2024,USD,WEO,Apr2025,0.434617535292493
MEX,1993,2024,USD,WEO,Apr2025,0.523832624553803
MEX,1994,2024,USD,WEO,Apr2025,0.52392145887064
MEX,1995,2024,USD,WEO,Apr2025,0.382387834685076
MEX,1996,2024,USD,WEO,Apr2025,0.409220096402209
MEX,1997,2024,USD,WEO,Apr2025,0.462379814533299
MEX,1998,2024,USD,WEO,Apr2025,0.463760416528111
MEX,1999,2024,USD,WEO,Apr2025,0.511036639356467
MEX,2000,2024,USD,WEO,Apr2025,0.571989299225377
MEX,2001,2024,USD,WEO,Apr2025,0.616388417796594
MEX,2002,2024,USD,WEO,Apr2025,0.629192958044363
MEX,2003,2024,USD,WEO,Apr2025,0.587212142381789
MEX,2004,2024,USD,WEO,Apr2025,0.606925921521542
MEX,2005,2024,USD,WEO,Apr2025,0.665529903423667
MEX,2006,2024,USD,WEO,Apr2025,0.706087312119066
MEX,2007,2024,USD,WEO,Apr2025,0.74736909826537
MEX,2008,2024,USD,WEO,Apr2025,0.780146365937449
MEX,2009,2024,USD,WEO,Apr2025,0.67621873432846
MEX,2010,2024,USD,WEO,Apr2025,0.754803401886479
MEX,2011,2024,USD,WEO,Apr2025,0.811253314041568
MEX,2012,2024,USD,WEO,Apr2025,0.800053000758037
MEX,2013,2024,USD,WEO,Apr2025,0.839007890168697
MEX,2014,2024,USD,WEO,Apr2025,0.841371363736542
MEX,2015,2024,USD,WEO,Apr2025,0.728448392478342
MEX,2016,2024,USD,WEO,Apr2025,0.656145578342565
MEX,2017,2024,USD,WEO,Apr2025,0.689540231953681
MEX,2018,2024,USD,WEO,Apr2025,0.713447499242911
MEX,2019,2024,USD,WEO,Apr2025,0.743518353202811
MEX,2020,2024,USD,WEO,Apr2025,0.697422701428537
MEX,2021,2024,USD,WEO,Apr2025,0.772336266333325
MEX,2022,2024,USD,WEO,Apr2025,0.829487190457637
MEX,2023,2024,USD,WEO,Apr2025,0.982273571095086
MEX,2024,2024,USD,WEO,Apr2025,1
MEX,2025,2024,USD,WEO,Apr2025,0.915977367406672
MEX,2026,2024,USD,WEO,Apr2025,0.947723110653866
MEX,2027,2024,USD,WEO,Apr2025,0.974111905574854
MEX,2028,2024,USD,WEO,Apr2025,1.00178631900867
MEX,2029,2024,USD,WEO,Apr2025,1.02794459855312
MEX,2030,2024,USD,WEO,Apr2025,1.05479700558015
MHL,1980,2024,USD,WEO_est,Apr2025,0.378051709018409
MHL,1981,2024,USD,WEO_est,Apr2025,0.386829946976513
MHL,1982,2024,USD,WEO_est,Apr2025,0.395812012770362
MHL,1983,2024,USD,WEO_est,Apr2025,0.405002639216134
MHL,1984,2024,USD,WEO_est,Apr2025,0.414406669024464
MHL,1985,2024,USD,WEO_est,Apr2025,0.424029057352154
MHL,1986,2024,USD,WEO_est,Apr2025,0.433874874413138
MHL,1987,2024,USD,WEO_est,Apr2025,0.443949308150073
MHL,1988,2024,USD,WEO_est,Apr2025,0.454257666967959
MHL,1989,2024,USD,WEO_est,Apr2025,0.464805382531238
MHL,1990,2024,USD,WEO_est,Apr2025,0.475598012625837
MHL,1991,2024,USD,WEO_est,Apr2025,0.486641244087667
MHL,1992,2024,USD,WEO_est,Apr2025,0.497940895799124
MHL,1993,2024,USD,WEO_est,Apr2025,0.509502921755163
MHL,1994,2024,USD,WEO_est,Apr2025,0.521333414200571
MHL,1995,2024,USD,WEO_est,Apr2025,0.53343860684008
MHL,1996,2024,USD,WEO_est,Apr2025,0.545824878123021
MHL,1997,2024,USD,WEO,Apr2025,0.55849875460425
MHL,1998,2024,USD,WEO,Apr2025,0.572321860541306
MHL,1999,2024,USD,WEO,Apr2025,0.585108500682233
MHL,2000,2024,USD,WEO,Apr2025,0.580075013247713
MHL,2001,2024,USD,WEO,Apr2025,0.579060010497605
MHL,2002,2024,USD,WEO,Apr2025,0.600212734986393
MHL,2003,2024,USD,WEO,Apr2025,0.605425121775271
MHL,2004,2024,USD,WEO,Apr2025,0.618901539938608
MHL,2005,2024,USD,WEO,Apr2025,0.630882035509013
MHL,2006,2024,USD,WEO,Apr2025,0.652532894419157
MHL,2007,2024,USD,WEO,Apr2025,0.660180424456056
MHL,2008,2024,USD,WEO,Apr2025,0.700024686727116
MHL,2009,2024,USD,WEO,Apr2025,0.693730984653036
MHL,2010,2024,USD,WEO,Apr2025,0.700720387620011
MHL,2011,2024,USD,WEO,Apr2025,0.752372604078947
MHL,2012,2024,USD,WEO,Apr2025,0.801998498813131
MHL,2013,2024,USD,WEO,Apr2025,0.794073643847532
MHL,2014,2024,USD,WEO,Apr2025,0.804410316413445
MHL,2015,2024,USD,WEO,Apr2025,0.780999846028734
MHL,2016,2024,USD,WEO,Apr2025,0.836302102825094
MHL,2017,2024,USD,WEO,Apr2025,0.855501883746327
MHL,2018,2024,USD,WEO,Apr2025,0.833764284507655
MHL,2019,2024,USD,WEO,Apr2025,0.799348390993622
MHL,2020,2024,USD,WEO,Apr2025,0.853938377853668
MHL,2021,2024,USD,WEO,Apr2025,0.9031154921217
MHL,2022,2024,USD,WEO,Apr2025,0.891969887678572
MHL,2023,2024,USD,WEO,Apr2025,0.9504375
MHL,2024,2024,USD,WEO,Apr2025,1
MHL,2025,2024,USD,WEO,Apr2025,1.03457068451655
MHL,2026,2024,USD,WEO,Apr2025,1.06105385229169
MHL,2027,2024,USD,WEO,Apr2025,1.10520635572678
MHL,2028,2024,USD,WEO,Apr2025,1.13576260484408
MHL,2029,2024,USD,WEO,Apr2025,1.16306920026294
MHL,2030,2024,USD,WEO,Apr2025,1.19122920726931
MKD,1980,2024,USD,WEO_est,Apr2025,0.173523054752986
MKD,1981,2024,USD,WEO_est,Apr2025,0.180294978077116
MKD,1982,2024,USD,WEO_est,Apr2025,0.187331182972206
MKD,1983,2024,USD,WEO_est,Apr2025,0.194641983310018
MKD,1984,2024,USD,WEO_est,Apr2025,0.202238095472223
MKD,1985,2024,USD,WEO_est,Apr2025,0.210130654058778
MKD,1986,2024,USD,WEO_est,Apr2025,0.218331228209348
MKD,1987,2024,USD,WEO_est,Apr2025,0.226851838561682
MKD,1988,2024,USD,WEO_est,Apr2025,0.235704974871808
MKD,1989,2024,USD,WEO_est,Apr2025,0.24490361432188
MKD,1990,2024,USD,WEO_est,Apr2025,0.254461240542505
MKD,1991,2024,USD,WEO_est,Apr2025,0.264391863377436
MKD,1992,2024,USD,WEO,Apr2025,0.274710039419603
MKD,1993,2024,USD,WEO,Apr2025,0.326645739474272
MKD,1994,2024,USD,WEO,Apr2025,0.440828655383005
MKD,1995,2024,USD,WEO,Apr2025,0.586673545984245
MKD,1996,2024,USD,WEO,Apr2025,0.574151066329049
MKD,1997,2024,USD,WEO,Apr2025,0.47936296798722
MKD,1998,2024,USD,WEO,Apr2025,0.444326164236427
MKD,1999,2024,USD,WEO,Apr2025,0.437463995624921
MKD,2000,2024,USD,WEO,Apr2025,0.408405608674514
MKD,2001,2024,USD,WEO,Apr2025,0.414071158229407
MKD,2002,2024,USD,WEO,Apr2025,0.438999257529826
MKD,2003,2024,USD,WEO,Apr2025,0.532215535624407
MKD,2004,2024,USD,WEO,Apr2025,0.58431721871469
MKD,2005,2024,USD,WEO,Apr2025,0.614206697815098
MKD,2006,2024,USD,WEO,Apr2025,0.640496746691967
MKD,2007,2024,USD,WEO,Apr2025,0.731077003243452
MKD,2008,2024,USD,WEO,Apr2025,0.824095292809001
MKD,2009,2024,USD,WEO,Apr2025,0.784342803619454
MKD,2010,2024,USD,WEO,Apr2025,0.760063869112795
MKD,2011,2024,USD,WEO,Apr2025,0.828194394744003
MKD,2012,2024,USD,WEO,Apr2025,0.772713356996749
MKD,2013,2024,USD,WEO,Apr2025,0.833366754074219
MKD,2014,2024,USD,WEO,Apr2025,0.845343094790039
MKD,2015,2024,USD,WEO,Apr2025,0.720170880157262
MKD,2016,2024,USD,WEO,Apr2025,0.743284039537821
MKD,2017,2024,USD,WEO,Apr2025,0.780055760752574
MKD,2018,2024,USD,WEO,Apr2025,0.849041910171452
MKD,2019,2024,USD,WEO,Apr2025,0.811622231027714
MKD,2020,2024,USD,WEO,Apr2025,0.836414816940832
MKD,2021,2024,USD,WEO,Apr2025,0.905190185678208
MKD,2022,2024,USD,WEO,Apr2025,0.877687956501685
MKD,2023,2024,USD,WEO,Apr2025,0.971681534864201
MKD,2024,2024,USD,WEO,Apr2025,1
MKD,2025,2024,USD,WEO,Apr2025,1.03905667945255
MKD,2026,2024,USD,WEO,Apr2025,1.07236536435906
MKD,2027,2024,USD,WEO,Apr2025,1.0989545439107
MKD,2028,2024,USD,WEO,Apr2025,1.12273591057757
MKD,2029,2024,USD,WEO,Apr2025,1.14789119061219
MKD,2030,2024,USD,WEO,Apr2025,1.17673714442436
MLI,1980,2024,USD,WEO,Apr2025,0.460824094015468
MLI,1981,2024,USD,WEO,Apr2025,0.39456722879307
MLI,1982,2024,USD,WEO,Apr2025,0.394525894949307
MLI,1983,2024,USD,WEO,Apr2025,0.369167931944883
MLI,1984,2024,USD,WEO,Apr2025,0.359940288176509
MLI,1985,2024,USD,WEO,Apr2025,0.351096189924931
MLI,1986,2024,USD,WEO,Apr2025,0.459683917677113
MLI,1987,2024,USD,WEO,Apr2025,0.52260764679377
MLI,1988,2024,USD,WEO,Apr2025,0.524136078291713
MLI,1989,2024,USD,WEO,Apr2025,0.577983012023947
MLI,1990,2024,USD,WEO,Apr2025,0.602822809377025
MLI,1991,2024,USD,WEO,Apr2025,0.57042358357918
MLI,1992,2024,USD,WEO,Apr2025,0.595002936065049
MLI,1993,2024,USD,WEO,Apr2025,0.572839578531018
MLI,1994,2024,USD,WEO,Apr2025,0.422675251230596
MLI,1995,2024,USD,WEO,Apr2025,0.531815777594615
MLI,1996,2024,USD,WEO,Apr2025,0.507457949050073
MLI,1997,2024,USD,WEO,Apr2025,0.454744763862703
MLI,1998,2024,USD,WEO,Apr2025,0.458344020462234
MLI,1999,2024,USD,WEO,Apr2025,0.44643978904209
MLI,2000,2024,USD,WEO,Apr2025,0.384323024423445
MLI,2001,2024,USD,WEO,Apr2025,0.389877670503967
MLI,2002,2024,USD,WEO,Apr2025,0.425781093704171
MLI,2003,2024,USD,WEO,Apr2025,0.470936549478828
MLI,2004,2024,USD,WEO,Apr2025,0.536411540285271
MLI,2005,2024,USD,WEO,Apr2025,0.577297204075243
MLI,2006,2024,USD,WEO,Apr2025,0.609379022464106
MLI,2007,2024,USD,WEO,Apr2025,0.695466500423048
MLI,2008,2024,USD,WEO,Apr2025,0.803262561344818
MLI,2009,2024,USD,WEO,Apr2025,0.79674308299385
MLI,2010,2024,USD,WEO,Apr2025,0.788942276485093
MLI,2011,2024,USD,WEO,Apr2025,0.928119885821899
MLI,2012,2024,USD,WEO,Apr2025,0.896829642232728
MLI,2013,2024,USD,WEO,Apr2025,0.932550963585552
MLI,2014,2024,USD,WEO,Apr2025,0.944896194463025
MLI,2015,2024,USD,WEO,Apr2025,0.811741445129734
MLI,2016,2024,USD,WEO,Apr2025,0.820461962246543
MLI,2017,2024,USD,WEO,Apr2025,0.853474818292717
MLI,2018,2024,USD,WEO,Apr2025,0.905992259799233
MLI,2019,2024,USD,WEO,Apr2025,0.875088571462466
MLI,2020,2024,USD,WEO,Apr2025,0.896798170410179
MLI,2021,2024,USD,WEO,Apr2025,0.961228317960729
MLI,2022,2024,USD,WEO,Apr2025,0.928899313788065
MLI,2023,2024,USD,WEO,Apr2025,0.973248371765534
MLI,2024,2024,USD,WEO,Apr2025,1
MLI,2025,2024,USD,WEO,Apr2025,0.973593009595479
MLI,2026,2024,USD,WEO,Apr2025,0.990732226066005
MLI,2027,2024,USD,WEO,Apr2025,1.00972622183844
MLI,2028,2024,USD,WEO,Apr2025,1.02934996257873
MLI,2029,2024,USD,WEO,Apr2025,1.05005517615568
MLI,2030,2024,USD,WEO,Apr2025,1.0714304291254
MLT,1980,2024,USD,WEO_est,Apr2025,0.295428659578381
MLT,1981,2024,USD,WEO_est,Apr2025,0.302585726605123
MLT,1982,2024,USD,WEO_est,Apr2025,0.309916181036114
MLT,1983,2024,USD,WEO_est,Apr2025,0.317424223361841
MLT,1984,2024,USD,WEO_est,Apr2025,0.325114155834046
MLT,1985,2024,USD,WEO_est,Apr2025,0.332990384931005
MLT,1986,2024,USD,WEO_est,Apr2025,0.341057423882517
MLT,1987,2024,USD,WEO_est,Apr2025,0.349319895256074
MLT,1988,2024,USD,WEO_est,Apr2025,0.357782533605685
MLT,1989,2024,USD,WEO_est,Apr2025,0.366450188184857
MLT,1990,2024,USD,WEO_est,Apr2025,0.375327825725318
MLT,1991,2024,USD,WEO_est,Apr2025,0.384420533283044
MLT,1992,2024,USD,WEO_est,Apr2025,0.393733521153242
MLT,1993,2024,USD,WEO_est,Apr2025,0.403272125855949
MLT,1994,2024,USD,WEO_est,Apr2025,0.413041813193957
MLT,1995,2024,USD,WEO_est,Apr2025,0.423048181384825
MLT,1996,2024,USD,WEO_est,Apr2025,0.433296964268765
MLT,1997,2024,USD,WEO_est,Apr2025,0.443794034594241
MLT,1998,2024,USD,WEO_est,Apr2025,0.454545407383164
MLT,1999,2024,USD,WEO_est,Apr2025,0.465557243377619
MLT,2000,2024,USD,WEO,Apr2025,0.476835852570084
MLT,2001,2024,USD,WEO,Apr2025,0.484034259831985
MLT,2002,2024,USD,WEO,Apr2025,0.516247946580568
MLT,2003,2024,USD,WEO,Apr2025,0.60530587074464
MLT,2004,2024,USD,WEO,Apr2025,0.678861653233369
MLT,2005,2024,USD,WEO,Apr2025,0.690412300709734
MLT,2006,2024,USD,WEO,Apr2025,0.715928048116854
MLT,2007,2024,USD,WEO,Apr2025,0.801066197625791
MLT,2008,2024,USD,WEO,Apr2025,0.882632415960691
MLT,2009,2024,USD,OECD,Apr2026,0.887200274151169
MLT,2010,2024,USD,OECD,Apr2026,0.896432733422668
MLT,2011,2024,USD,OECD,Apr2026,0.949965300582861
MLT,2012,2024,USD,OECD,Apr2026,0.927734700809689
MLT,2013,2024,USD,OECD,Apr2026,0.940218411035435
MLT,2014,2024,USD,OECD,Apr2026,0.940228039868681
MLT,2015,2024,USD,OECD,Apr2026,0.84960694591855
MLT,2016,2024,USD,OECD,Apr2026,0.840974689721407
MLT,2017,2024,USD,OECD,Apr2026,0.858680353352463
MLT,2018,2024,USD,OECD,Apr2026,0.894685294296479
MLT,2019,2024,USD,OECD,Apr2026,0.879948566588989
MLT,2020,2024,USD,OECD,Apr2026,0.906773084146429
MLT,2021,2024,USD,OECD,Apr2026,0.962011114163795
MLT,2022,2024,USD,OECD,Apr2026,0.933808733073145
MLT,2023,2024,USD,OECD,Apr2026,0.978695896930904
MLT,2024,2024,USD,OECD,Apr2026,1
MLT,2025,2024,USD,WEO,Apr2025,1.01926570515275
MLT,2026,2024,USD,WEO,Apr2025,1.04721962690933
MLT,2027,2024,USD,WEO,Apr2025,1.0672749448012
MLT,2028,2024,USD,WEO,Apr2025,1.08818339509341
MLT,2029,2024,USD,WEO,Apr2025,1.10996890133622
MLT,2030,2024,USD,WEO,Apr2025,1.13299550187855
MMR,1980,2024,USD,WEO_est,Apr2025,0.220087436171731
MMR,1981,2024,USD,WEO_est,Apr2025,0.228052183002759
MMR,1982,2024,USD,WEO_est,Apr2025,0.236305166151069
MMR,1983,2024,USD,WEO_est,Apr2025,0.244856816604158
MMR,1984,2024,USD,WEO_est,Apr2025,0.253717942836652
MMR,1985,2024,USD,WEO_est,Apr2025,0.26289974447119
MMR,1986,2024,USD,WEO_est,Apr2025,0.272413826433693
MMR,1987,2024,USD,WEO_est,Apr2025,0.282272213620878
MMR,1988,2024,USD,WEO_est,Apr2025,0.292487366098595
MMR,1989,2024,USD,WEO_est,Apr2025,0.303072194850163
MMR,1990,2024,USD,WEO_est,Apr2025,0.31404007809463
MMR,1991,2024,USD,WEO_est,Apr2025,0.325404878195568
MMR,1992,2024,USD,WEO_est,Apr2025,0.337180959181794
MMR,1993,2024,USD,WEO_est,Apr2025,0.349383204902129
MMR,1994,2024,USD,WEO_est,Apr2025,0.362027037837178
MMR,1995,2024,USD,WEO_est,Apr2025,0.375128438591876
MMR,1996,2024,USD,WEO_est,Apr2025,0.388703966093463
MMR,1997,2024,USD,WEO_est,Apr2025,0.402770778520389
MMR,1998,2024,USD,WEO,Apr2025,0.417346654988629
MMR,1999,2024,USD,WEO,Apr2025,0.480927784935148
MMR,2000,2024,USD,WEO,Apr2025,0.513898576432019
MMR,2001,2024,USD,WEO,Apr2025,0.42120886257013
MMR,2002,2024,USD,WEO,Apr2025,0.371868089555248
MMR,2003,2024,USD,WEO,Apr2025,0.421560182418568
MMR,2004,2024,USD,WEO,Apr2025,0.442685201410942
MMR,2005,2024,USD,WEO,Apr2025,0.439510739812437
MMR,2006,2024,USD,WEO,Apr2025,0.434598044737852
MMR,2007,2024,USD,WEO,Apr2025,0.50770699345764
MMR,2008,2024,USD,WEO,Apr2025,0.673345625554816
MMR,2009,2024,USD,WEO,Apr2025,0.781701417982226
MMR,2010,2024,USD,WEO,Apr2025,0.916482044409235
MMR,2011,2024,USD,WEO,Apr2025,1.22245576049464
MMR,2012,2024,USD,WEO,Apr2025,1.25846308105329
MMR,2013,2024,USD,WEO,Apr2025,1.25189029217773
MMR,2014,2024,USD,WEO,Apr2025,0.983322456110201
MMR,2015,2024,USD,WEO,Apr2025,1.00018143894921
MMR,2016,2024,USD,WEO,Apr2025,0.960877807674801
MMR,2017,2024,USD,WEO,Apr2025,0.928064803340464
MMR,2018,2024,USD,WEO,Apr2025,0.971258896653188
MMR,2019,2024,USD,WEO,Apr2025,1.12237801897916
MMR,2020,2024,USD,WEO,Apr2025,0.980726166364839
MMR,2021,2024,USD,WEO,Apr2025,0.989308386906685
MMR,2022,2024,USD,WEO,Apr2025,1.00756737454822
MMR,2023,2024,USD,WEO,Apr2025,0.993467233555643
MMR,2024,2024,USD,WEO,Apr2025,1
MMR,2025,2024,USD,WEO,Apr2025,1.04175771459701
MMR,2026,2024,USD,WEO,Apr2025,1.10601970097042
MMR,2027,2024,USD,WEO,Apr2025,1.17425743312962
MMR,2028,2024,USD,WEO,Apr2025,1.24669973020075
MMR,2029,2024,USD,WEO,Apr2025,1.27512936653185
MMR,2030,2024,USD,WEO,Apr2025,1.30180033292368
MNE,1980,2024,USD,WEO_est,Apr2025,0.0835446881656797
MNE,1981,2024,USD,WEO_est,Apr2025,0.0880614979789229
MNE,1982,2024,USD,WEO_est,Apr2025,0.0928225072899075
MNE,1983,2024,USD,WEO_est,Apr2025,0.0978409186458209
MNE,1984,2024,USD,WEO_est,Apr2025,0.103130648384231
MNE,1985,2024,USD,WEO_est,Apr2025,0.108706365223873
MNE,1986,2024,USD,WEO_est,Apr2025,0.114583530941835
MNE,1987,2024,USD,WEO_est,Apr2025,0.120778443249938
MNE,1988,2024,USD,WEO_est,Apr2025,0.127308280989205
MNE,1989,2024,USD,WEO_est,Apr2025,0.134191151767761
MNE,1990,2024,USD,WEO_est,Apr2025,0.141446142174249
MNE,1991,2024,USD,WEO_est,Apr2025,0.149093370706015
MNE,1992,2024,USD,WEO_est,Apr2025,0.157154043558836
MNE,1993,2024,USD,WEO_est,Apr2025,0.165650513432895
MNE,1994,2024,USD,WEO_est,Apr2025,0.174606341518083
MNE,1995,2024,USD,WEO_est,Apr2025,0.184046362830502
MNE,1996,2024,USD,WEO_est,Apr2025,0.193996755081365
MNE,1997,2024,USD,WEO_est,Apr2025,0.204485111269267
MNE,1998,2024,USD,WEO_est,Apr2025,0.215540516197124
MNE,1999,2024,USD,WEO_est,Apr2025,0.227193627125972
MNE,2000,2024,USD,WEO,Apr2025,0.239476758789279
MNE,2001,2024,USD,WEO,Apr2025,0.281989495065328
MNE,2002,2024,USD,WEO,Apr2025,0.305367298918719
MNE,2003,2024,USD,WEO,Apr2025,0.394643317751536
MNE,2004,2024,USD,WEO,Apr2025,0.466160899995062
MNE,2005,2024,USD,WEO,Apr2025,0.487943328994964
MNE,2006,2024,USD,WEO,Apr2025,0.541310062686079
MNE,2007,2024,USD,WEO,Apr2025,0.685840418041904
MNE,2008,2024,USD,WEO,Apr2025,0.792170371338316
MNE,2009,2024,USD,WEO,Apr2025,0.768532514884352
MNE,2010,2024,USD,WEO,Apr2025,0.743842366558571
MNE,2011,2024,USD,WEO,Apr2025,0.789969344142796
MNE,2012,2024,USD,WEO,Apr2025,0.73095311205586
MNE,2013,2024,USD,WEO,Apr2025,0.770795234686141
MNE,2014,2024,USD,WEO,Apr2025,0.779159380921744
MNE,2015,2024,USD,WEO,Apr2025,0.665048183160537
MNE,2016,2024,USD,WEO,Apr2025,0.69713587716502
MNE,2017,2024,USD,WEO,Apr2025,0.738611916592163
MNE,2018,2024,USD,WEO,Apr2025,0.797605335071912
MNE,2019,2024,USD,WEO,Apr2025,0.77119430640773
MNE,2020,2024,USD,WEO,Apr2025,0.784741572709605
MNE,2021,2024,USD,WEO,Apr2025,0.852306422699459
MNE,2022,2024,USD,WEO,Apr2025,0.85261090025377
MNE,2023,2024,USD,WEO,Apr2025,0.967340496073788
MNE,2024,2024,USD,WEO,Apr2025,1
MNE,2025,2024,USD,WEO,Apr2025,1.03409094203004
MNE,2026,2024,USD,WEO,Apr2025,1.07166001615316
MNE,2027,2024,USD,WEO,Apr2025,1.09214512270459
MNE,2028,2024,USD,WEO,Apr2025,1.11494034107601
MNE,2029,2024,USD,WEO,Apr2025,1.13858709535918
MNE,2030,2024,USD,WEO,Apr2025,1.16219811129656
MNG,1980,2024,USD,WEO,Apr2025,0.806851497634492
MNG,1981,2024,USD,WEO,Apr2025,0.778879179029327
MNG,1982,2024,USD,WEO,Apr2025,0.746440207667121
MNG,1983,2024,USD,WEO,Apr2025,0.731291225370556
MNG,1984,2024,USD,WEO,Apr2025,0.637846991807859
MNG,1985,2024,USD,WEO,Apr2025,0.700796744429525
MNG,1986,2024,USD,WEO,Apr2025,0.706922543232121
MNG,1987,2024,USD,WEO,Apr2025,0.767237408006869
MNG,1988,2024,USD,WEO,Apr2025,0.732902163166141
MNG,1989,2024,USD,WEO,Apr2025,0.73278726212344
MNG,1990,2024,USD,WEO,Apr2025,0.470744650722595
MNG,1991,2024,USD,WEO,Apr2025,0.546118986579331
MNG,1992,2024,USD,WEO,Apr2025,0.334085808755163
MNG,1993,2024,USD,WEO,Apr2025,0.169865910572077
MNG,1994,2024,USD,WEO,Apr2025,0.199752626790901
MNG,1995,2024,USD,WEO,Apr2025,0.294445196009141
MNG,1996,2024,USD,WEO,Apr2025,0.26737952506677
MNG,1997,2024,USD,WEO,Apr2025,0.22546812090679
MNG,1998,2024,USD,WEO,Apr2025,0.207835300145454
MNG,1999,2024,USD,WEO,Apr2025,0.189456496451167
MNG,2000,2024,USD,WEO,Apr2025,0.201486645600525
MNG,2001,2024,USD,WEO,Apr2025,0.214739271258614
MNG,2002,2024,USD,WEO,Apr2025,0.224748282374499
MNG,2003,2024,USD,WEO,Apr2025,0.239017828031871
MNG,2004,2024,USD,WEO,Apr2025,0.272798756933035
MNG,2005,2024,USD,WEO,Apr2025,0.324408445155483
MNG,2006,2024,USD,WEO,Apr2025,0.405844526725644
MNG,2007,2024,USD,WEO,Apr2025,0.462905533137734
MNG,2008,2024,USD,WEO,Apr2025,0.570048413450418
MNG,2009,2024,USD,WEO,Apr2025,0.474534811585824
MNG,2010,2024,USD,WEO,Apr2025,0.693103201700023
MNG,2011,2024,USD,WEO,Apr2025,0.856164414759607
MNG,2012,2024,USD,WEO,Apr2025,0.899035783278944
MNG,2013,2024,USD,WEO,Apr2025,0.825171447214466
MNG,2014,2024,USD,WEO,Apr2025,0.743281558085601
MNG,2015,2024,USD,WEO,Apr2025,0.689758732032035
MNG,2016,2024,USD,WEO,Apr2025,0.652376737818664
MNG,2017,2024,USD,WEO,Apr2025,0.635669661491571
MNG,2018,2024,USD,WEO,Apr2025,0.678670262235596
MNG,2019,2024,USD,WEO,Apr2025,0.691280504261291
MNG,2020,2024,USD,WEO,Apr2025,0.678764154435576
MNG,2021,2024,USD,WEO,Apr2025,0.766805086063917
MNG,2022,2024,USD,WEO,Apr2025,0.818894923364572
MNG,2023,2024,USD,WEO,Apr2025,0.903210446875265
MNG,2024,2024,USD,WEO,Apr2025,1
MNG,2025,2024,USD,WEO,Apr2025,1.03169359278593
MNG,2026,2024,USD,WEO,Apr2025,1.05641624899024
MNG,2027,2024,USD,WEO,Apr2025,1.072729243491
MNG,2028,2024,USD,WEO,Apr2025,1.09713937790602
MNG,2029,2024,USD,WEO,Apr2025,1.11758977278394
MNG,2030,2024,USD,WEO,Apr2025,1.12852964812732
MOZ,1980,2024,USD,WEO,Apr2025,1.56543036681502
MOZ,1981,2024,USD,WEO,Apr2025,1.15814226178236
MOZ,1982,2024,USD,WEO,Apr2025,1.2706952565655
MOZ,1983,2024,USD,WEO,Apr2025,1.35011057150538
MOZ,1984,2024,USD,WEO,Apr2025,1.5042806256795
MOZ,1985,2024,USD,WEO,Apr2025,1.96841398875414
MOZ,1986,2024,USD,WEO,Apr2025,2.36497062064002
MOZ,1987,2024,USD,WEO,Apr2025,0.93155831275158
MOZ,1988,2024,USD,WEO,Apr2025,0.75670981532771
MOZ,1989,2024,USD,WEO,Apr2025,0.74225458450398
MOZ,1990,2024,USD,WEO,Apr2025,1.17939136543368
MOZ,1991,2024,USD,WEO,Apr2025,1.2091190454328
MOZ,1992,2024,USD,WEO,Apr2025,0.949867039259093
MOZ,1993,2024,USD,WEO,Apr2025,0.881886075679603
MOZ,1994,2024,USD,WEO,Apr2025,0.850082639142343
MOZ,1995,2024,USD,WEO,Apr2025,0.861677195258871
MOZ,1996,2024,USD,WEO,Apr2025,1.02450134079888
MOZ,1997,2024,USD,WEO,Apr2025,1.10813568784883
MOZ,1998,2024,USD,WEO,Apr2025,1.14348780290677
MOZ,1999,2024,USD,WEO,Apr2025,1.15786454361479
MOZ,2000,2024,USD,WEO,Apr2025,1.08434224519249
MOZ,2001,2024,USD,WEO,Apr2025,0.91532988381402
MOZ,2002,2024,USD,WEO,Apr2025,0.879101903795435
MOZ,2003,2024,USD,WEO,Apr2025,0.90713388677187
MOZ,2004,2024,USD,WEO,Apr2025,1.01062635475352
MOZ,2005,2024,USD,WEO,Apr2025,1.06212990078518
MOZ,2006,2024,USD,WEO,Apr2025,1.03631386439169
MOZ,2007,2024,USD,WEO,Apr2025,1.09437624883772
MOZ,2008,2024,USD,WEO,Apr2025,1.22370007609426
MOZ,2009,2024,USD,WEO,Apr2025,1.09655329136284
MOZ,2010,2024,USD,WEO,Apr2025,0.956481020920019
MOZ,2011,2024,USD,WEO,Apr2025,1.14368108845343
MOZ,2012,2024,USD,WEO,Apr2025,1.2088931479681
MOZ,2013,2024,USD,WEO,Apr2025,1.16902158082361
MOZ,2014,2024,USD,WEO,Apr2025,1.13464018207033
MOZ,2015,2024,USD,WEO,Apr2025,0.952570288307213
MOZ,2016,2024,USD,WEO,Apr2025,0.677450954126103
MOZ,2017,2024,USD,WEO,Apr2025,0.725446926378656
MOZ,2018,2024,USD,WEO,Apr2025,0.79360458350119
MOZ,2019,2024,USD,WEO,Apr2025,0.801243900999195
MOZ,2020,2024,USD,WEO,Apr2025,0.744316067009819
MOZ,2021,2024,USD,WEO,Apr2025,0.825759966002552
MOZ,2022,2024,USD,WEO,Apr2025,0.924146448753263
MOZ,2023,2024,USD,WEO,Apr2025,0.972569635435655
MOZ,2024,2024,USD,WEO,Apr2025,1
MOZ,2025,2024,USD,WEO,Apr2025,1.05658907419531
MOZ,2026,2024,USD,WEO,Apr2025,1.09030683496372
MOZ,2027,2024,USD,WEO,Apr2025,1.11510044653367
MOZ,2028,2024,USD,WEO,Apr2025,1.13735781586502
MOZ,2029,2024,USD,WEO,Apr2025,1.16045019480654
MOZ,2030,2024,USD,WEO,Apr2025,1.18236724956273
MRT,1980,2024,USD,WEO_est,Apr2025,0.474818765869308
MRT,1981,2024,USD,WEO_est,Apr2025,0.483142731926448
MRT,1982,2024,USD,WEO_est,Apr2025,0.491612623999789
MRT,1983,2024,USD,WEO_est,Apr2025,0.500231000293202
MRT,1984,2024,USD,WEO_est,Apr2025,0.509000463857993
MRT,1985,2024,USD,WEO_est,Apr2025,0.51792366337911
MRT,1986,2024,USD,WEO_est,Apr2025,0.527003293975143
MRT,1987,2024,USD,WEO_est,Apr2025,0.536242098012339
MRT,1988,2024,USD,WEO_est,Apr2025,0.5456428659329
MRT,1989,2024,USD,WEO_est,Apr2025,0.555208437097786
MRT,1990,2024,USD,WEO_est,Apr2025,0.564941700644307
MRT,1991,2024,USD,WEO,Apr2025,0.574845596358741
MRT,1992,2024,USD,WEO,Apr2025,0.594796397864066
MRT,1993,2024,USD,WEO,Apr2025,0.479500039602986
MRT,1994,2024,USD,WEO,Apr2025,0.520886164715704
MRT,1995,2024,USD,WEO,Apr2025,0.510156538736793
MRT,1996,2024,USD,WEO,Apr2025,0.491320997045608
MRT,1997,2024,USD,WEO,Apr2025,0.49762279412288
MRT,1998,2024,USD,WEO,Apr2025,0.473657153544363
MRT,1999,2024,USD,WEO,Apr2025,0.447634890900779
MRT,2000,2024,USD,WEO,Apr2025,0.417563619868851
MRT,2001,2024,USD,WEO,Apr2025,0.412886649889366
MRT,2002,2024,USD,WEO,Apr2025,0.414493246238181
MRT,2003,2024,USD,WEO,Apr2025,0.447408517130976
MRT,2004,2024,USD,WEO,Apr2025,0.491965826641706
MRT,2005,2024,USD,WEO,Apr2025,0.56327082526529
MRT,2006,2024,USD,WEO,Apr2025,0.649967120015762
MRT,2007,2024,USD,WEO,Apr2025,0.715779326118151
MRT,2008,2024,USD,WEO,Apr2025,0.852561854413492
MRT,2009,2024,USD,WEO,Apr2025,0.783264079307329
MRT,2010,2024,USD,WEO,Apr2025,0.91058904636212
MRT,2011,2024,USD,WEO,Apr2025,1.05166398430976
MRT,2012,2024,USD,WEO,Apr2025,0.997611659801545
MRT,2013,2024,USD,WEO,Apr2025,1.04478612480578
MRT,2014,2024,USD,WEO,Apr2025,0.904094499184583
MRT,2015,2024,USD,WEO,Apr2025,0.801809633808179
MRT,2016,2024,USD,WEO,Apr2025,0.821540566156602
MRT,2017,2024,USD,WEO,Apr2025,0.822719088953985
MRT,2018,2024,USD,WEO,Apr2025,0.859553224655208
MRT,2019,2024,USD,WEO,Apr2025,0.880401232917476
MRT,2020,2024,USD,WEO,Apr2025,0.948039223487093
MRT,2021,2024,USD,WEO,Apr2025,1.01471037864258
MRT,2022,2024,USD,WEO,Apr2025,0.99574060802625
MRT,2023,2024,USD,WEO,Apr2025,1.04096787323549
MRT,2024,2024,USD,WEO,Apr2025,1
MRT,2025,2024,USD,WEO,Apr2025,1.02662956712039
MRT,2026,2024,USD,WEO,Apr2025,1.0302545476927
MRT,2027,2024,USD,WEO,Apr2025,1.02696585495676
MRT,2028,2024,USD,WEO,Apr2025,1.04613540136299
MRT,2029,2024,USD,WEO,Apr2025,1.04008689366178
MRT,2030,2024,USD,WEO,Apr2025,1.04035364471672
MSR,1960,2024,USD,OECD,Apr2026,0.08137597
MSR,1961,2024,USD,OECD,Apr2026,0.08428802
MSR,1962,2024,USD,OECD,Apr2026,0.08749926
MSR,1963,2024,USD,OECD,Apr2026,0.08856923
MSR,1964,2024,USD,OECD,Apr2026,0.09147499
MSR,1965,2024,USD,OECD,Apr2026,0.0970345
MSR,1966,2024,USD,OECD,Apr2026,0.10209355
MSR,1967,2024,USD,OECD,Apr2026,0.1031757
MSR,1968,2024,USD,OECD,Apr2026,0.09385197
MSR,1969,2024,USD,OECD,Apr2026,0.09992328
MSR,1970,2024,USD,OECD,Apr2026,0.10983385
MSR,1971,2024,USD,OECD,Apr2026,0.12130161
MSR,1972,2024,USD,OECD,Apr2026,0.13335304
MSR,1973,2024,USD,OECD,Apr2026,0.14230029
MSR,1974,2024,USD,OECD,Apr2026,0.15788868
MSR,1975,2024,USD,OECD,Apr2026,0.18842552
MSR,1976,2024,USD,OECD,Apr2026,0.17669364
MSR,1977,2024,USD,OECD,Apr2026,0.1953099
MSR,1978,2024,USD,OECD,Apr2026,0.24013278
MSR,1979,2024,USD,OECD,Apr2026,0.30350072
MSR,1980,2024,USD,OECD,Apr2026,0.40002763
MSR,1981,2024,USD,OECD,Apr2026,0.38862287
MSR,1982,2024,USD,OECD,Apr2026,0.36479866
MSR,1983,2024,USD,OECD,Apr2026,0.33414441
MSR,1984,2024,USD,OECD,Apr2026,0.30867143
MSR,1985,2024,USD,OECD,Apr2026,0.31381014
MSR,1986,2024,USD,OECD,Apr2026,0.37451214
MSR,1987,2024,USD,OECD,Apr2026,0.44081327
MSR,1988,2024,USD,OECD,Apr2026,0.50898973
MSR,1989,2024,USD,OECD,Apr2026,0.50559867
MSR,1990,2024,USD,OECD,Apr2026,0.59588616
MSR,1991,2024,USD,OECD,Apr2026,0.63152503
MSR,1992,2024,USD,OECD,Apr2026,0.64895144
MSR,1993,2024,USD,OECD,Apr2026,0.57177137
MSR,1994,2024,USD,OECD,Apr2026,0.59363611
MSR,1995,2024,USD,OECD,Apr2026,0.62812745
MSR,1996,2024,USD,OECD,Apr2026,0.64679154
MSR,1997,2024,USD,OECD,Apr2026,0.67913789
MSR,1998,2024,USD,OECD,Apr2026,0.69602704
MSR,1999,2024,USD,OECD,Apr2026,0.68917735
MSR,2000,2024,USD,OECD,Apr2026,0.65112997
MSR,2001,2024,USD,OECD,Apr2026,0.63013288
MSR,2002,2024,USD,OECD,Apr2026,0.67012591
MSR,2003,2024,USD,OECD,Apr2026,0.74671798
MSR,2004,2024,USD,OECD,Apr2026,0.86086967
MSR,2005,2024,USD,OECD,Apr2026,0.87844202
MSR,2006,2024,USD,OECD,Apr2026,0.91662284
MSR,2007,2024,USD,OECD,Apr2026,1.01665377
MSR,2008,2024,USD,OECD,Apr2026,0.94953957
MSR,2009,2024,USD,OECD,Apr2026,0.83621654
MSR,2010,2024,USD,OECD,Apr2026,0.83777175
MSR,2011,2024,USD,OECD,Apr2026,0.89113213
MSR,2012,2024,USD,OECD,Apr2026,0.89445744
MSR,2013,2024,USD,OECD,Apr2026,0.90160831
MSR,2014,2024,USD,OECD,Apr2026,0.96455779
MSR,2015,2024,USD,OECD,Apr2026,0.90113506
MSR,2016,2024,USD,OECD,Apr2026,0.80975455
MSR,2017,2024,USD,OECD,Apr2026,0.78455282
MSR,2018,2024,USD,OECD,Apr2026,0.82865484
MSR,2019,2024,USD,OECD,Apr2026,0.81231926
MSR,2020,2024,USD,OECD,Apr2026,0.85591443
MSR,2021,2024,USD,OECD,Apr2026,0.92449304
MSR,2022,2024,USD,OECD,Apr2026,0.87558303
MSR,2023,2024,USD,OECD,Apr2026,0.93889269
MSR,2024,2024,USD,OECD,Apr2026,1
MSR,2025,2024,USD,OECD,Apr2026,1.07046002
MSR,2026,2024,USD,WEO,Apr2025,1.08167712531183
MSR,2027,2024,USD,WEO,Apr2025,1.11766828513853
MSR,2028,2024,USD,WEO,Apr2025,1.15822606266156
MSR,2029,2024,USD,WEO,Apr2025,1.20440783810333
MSR,2030,2024,USD,WEO,Apr2025,1.25151271975263
MUS,1980,2024,USD,WEO,Apr2025,0.543199723476714
MUS,1981,2024,USD,WEO,Apr2025,0.487000731299798
MUS,1982,2024,USD,WEO,Apr2025,0.442831293322654
MUS,1983,2024,USD,WEO,Apr2025,0.467270129564135
MUS,1984,2024,USD,WEO,Apr2025,0.412470879093456
MUS,1985,2024,USD,WEO,Apr2025,0.390810476629533
MUS,1986,2024,USD,WEO,Apr2025,0.480853855615641
MUS,1987,2024,USD,WEO,Apr2025,0.552891216149232
MUS,1988,2024,USD,WEO,Apr2025,0.600288574813562
MUS,1989,2024,USD,WEO,Apr2025,0.590385224242646
MUS,1990,2024,USD,WEO,Apr2025,0.660910947074351
MUS,1991,2024,USD,WEO,Apr2025,0.696059518754928
MUS,1992,2024,USD,WEO,Apr2025,0.736023743032671
MUS,1993,2024,USD,WEO,Apr2025,0.721865458970307
MUS,1994,2024,USD,WEO,Apr2025,0.769402810718852
MUS,1995,2024,USD,WEO,Apr2025,0.842539041116557
MUS,1996,2024,USD,WEO,Apr2025,0.82509320566283
MUS,1997,2024,USD,WEO,Apr2025,0.733070976116943
MUS,1998,2024,USD,WEO,Apr2025,0.698162345712462
MUS,1999,2024,USD,WEO,Apr2025,0.718370651262059
MUS,2000,2024,USD,WEO,Apr2025,0.712797364498551
MUS,2001,2024,USD,WEO,Apr2025,0.683184640876657
MUS,2002,2024,USD,WEO,Apr2025,0.705432670913535
MUS,2003,2024,USD,WEO,Apr2025,0.799685026700801
MUS,2004,2024,USD,WEO,Apr2025,0.867250944587703
MUS,2005,2024,USD,WEO,Apr2025,0.843165671011034
MUS,2006,2024,USD,WEO,Apr2025,0.836824416943615
MUS,2007,2024,USD,WEO,Apr2025,0.917836949734057
MUS,2008,2024,USD,WEO,Apr2025,1.06756291782699
MUS,2009,2024,USD,WEO,Apr2025,0.944214558089248
MUS,2010,2024,USD,WEO,Apr2025,0.991248503696697
MUS,2011,2024,USD,WEO,Apr2025,1.09661404867972
MUS,2012,2024,USD,WEO,Apr2025,1.07345941473232
MUS,2013,2024,USD,WEO,Apr2025,1.07957578722949
MUS,2014,2024,USD,WEO,Apr2025,1.10584288754741
MUS,2015,2024,USD,WEO,Apr2025,0.979441262261993
MUS,2016,2024,USD,WEO,Apr2025,0.989124349826534
MUS,2017,2024,USD,WEO,Apr2025,1.03627970703631
MUS,2018,2024,USD,WEO,Apr2025,1.07060653922028
MUS,2019,2024,USD,WEO,Apr2025,1.01934163676801
MUS,2020,2024,USD,WEO,Apr2025,0.942660021898242
MUS,2021,2024,USD,WEO,Apr2025,0.917701457420897
MUS,2022,2024,USD,WEO,Apr2025,0.948937589291781
MUS,2023,2024,USD,WEO,Apr2025,0.987343476225507
MUS,2024,2024,USD,WEO,Apr2025,1
MUS,2025,2024,USD,WEO,Apr2025,1.00606495822834
MUS,2026,2024,USD,WEO,Apr2025,1.04881366522888
MUS,2027,2024,USD,WEO,Apr2025,1.08038492025422
MUS,2028,2024,USD,WEO,Apr2025,1.11213884008814
MUS,2029,2024,USD,WEO,Apr2025,1.14343400757564
MUS,2030,2024,USD,WEO,Apr2025,1.17437102214558
MWI,1980,2024,USD,WEO,Apr2025,1.1301885830261
MWI,1981,2024,USD,WEO,Apr2025,1.19274822756172
MWI,1982,2024,USD,WEO,Apr2025,1.10918994950232
MWI,1983,2024,USD,WEO,Apr2025,1.10866118569087
MWI,1984,2024,USD,WEO,Apr2025,1.03909311583539
MWI,1985,2024,USD,WEO,Apr2025,0.930662271236361
MWI,1986,2024,USD,WEO,Apr2025,0.973526582505185
MWI,1987,2024,USD,WEO,Apr2025,0.941678076323801
MWI,1988,2024,USD,WEO,Apr2025,1.04923023649555
MWI,1989,2024,USD,WEO,Apr2025,1.18052777272177
MWI,1990,2024,USD,WEO,Apr2025,1.26938541308945
MWI,1991,2024,USD,WEO,Apr2025,1.48767533292439
MWI,1992,2024,USD,WEO,Apr2025,1.31117553003168
MWI,1993,2024,USD,WEO,Apr2025,1.37541226657386
MWI,1994,2024,USD,WEO,Apr2025,0.888717948187524
MWI,1995,2024,USD,WEO,Apr2025,0.909177370126469
MWI,1996,2024,USD,WEO,Apr2025,1.34929542027839
MWI,1997,2024,USD,WEO,Apr2025,1.4784482320311
MWI,1998,2024,USD,WEO,Apr2025,0.961563827460533
MWI,1999,2024,USD,WEO,Apr2025,0.941930623943895
MWI,2000,2024,USD,WEO,Apr2025,0.917657221599294
MWI,2001,2024,USD,WEO,Apr2025,0.938897087240168
MWI,2002,2024,USD,WEO,Apr2025,1.08696126333451
MWI,2003,2024,USD,WEO,Apr2025,0.944511664530642
MWI,2004,2024,USD,WEO,Apr2025,0.970068724559844
MWI,2005,2024,USD,WEO,Apr2025,0.987912256414238
MWI,2006,2024,USD,WEO,Apr2025,1.03190935206376
MWI,2007,2024,USD,WEO,Apr2025,1.0435354067881
MWI,2008,2024,USD,WEO,Apr2025,1.1639831113887
MWI,2009,2024,USD,WEO,Apr2025,1.25104824421874
MWI,2010,2024,USD,WEO,Apr2025,1.31457357359292
MWI,2011,2024,USD,WEO,Apr2025,1.4386530349266
MWI,2012,2024,USD,WEO,Apr2025,1.05779198839877
MWI,2013,2024,USD,WEO,Apr2025,0.91320597736983
MWI,2014,2024,USD,WEO,Apr2025,0.963143963912526
MWI,2015,2024,USD,WEO,Apr2025,0.989092893891007
MWI,2016,2024,USD,WEO,Apr2025,0.829696546098175
MWI,2017,2024,USD,WEO,Apr2025,0.922616385788675
MWI,2018,2024,USD,WEO,Apr2025,0.976597400951902
MWI,2019,2024,USD,WEO,Apr2025,1.03382552864224
MWI,2020,2024,USD,WEO,Apr2025,1.09916650735668
MWI,2021,2024,USD,WEO,Apr2025,1.10697645831364
MWI,2022,2024,USD,WEO,Apr2025,1.10179809081631
MWI,2023,2024,USD,WEO,Apr2025,1.15969331185895
MWI,2024,2024,USD,WEO,Apr2025,1
MWI,2025,2024,USD,WEO,Apr2025,1.14325307465789
MWI,2026,2024,USD,WEO,Apr2025,1.14896673420415
MWI,2027,2024,USD,WEO,Apr2025,1.16028023672611
MWI,2028,2024,USD,WEO,Apr2025,1.17340609204024
MWI,2029,2024,USD,WEO,Apr2025,1.18746029241026
MWI,2030,2024,USD,WEO,Apr2025,1.17102328820674
MYS,1980,2024,USD,WEO,Apr2025,0.64280807938659
MYS,1981,2024,USD,WEO,Apr2025,0.61375097843836
MYS,1982,2024,USD,WEO,Apr2025,0.620830356956945
MYS,1983,2024,USD,WEO,Apr2025,0.653503012936601
MYS,1984,2024,USD,WEO,Apr2025,0.686844872865556
MYS,1985,2024,USD,WEO,Apr2025,0.63692036983335
MYS,1986,2024,USD,WEO,Apr2025,0.559712486490431
MYS,1987,2024,USD,WEO,Apr2025,0.60515703582715
MYS,1988,2024,USD,WEO,Apr2025,0.603315889815448
MYS,1989,2024,USD,WEO,Apr2025,0.609224880006156
MYS,1990,2024,USD,WEO,Apr2025,0.63353735422867
MYS,1991,2024,USD,WEO,Apr2025,0.65512455034125
MYS,1992,2024,USD,WEO,Apr2025,0.72428876694612
MYS,1993,2024,USD,WEO,Apr2025,0.745303635796831
MYS,1994,2024,USD,WEO,Apr2025,0.760179589872573
MYS,1995,2024,USD,WEO,Apr2025,0.82390794029674
MYS,1996,2024,USD,WEO,Apr2025,0.851644318448271
MYS,1997,2024,USD,WEO,Apr2025,0.788230895691825
MYS,1998,2024,USD,WEO,Apr2025,0.613196636960943
MYS,1999,2024,USD,WEO,Apr2025,0.633347274550274
MYS,2000,2024,USD,WEO,Apr2025,0.690621320782485
MYS,2001,2024,USD,WEO,Apr2025,0.679697280358575
MYS,2002,2024,USD,WEO,Apr2025,0.700956946975483
MYS,2003,2024,USD,WEO,Apr2025,0.724085250191863
MYS,2004,2024,USD,WEO,Apr2025,0.767602264562743
MYS,2005,2024,USD,WEO,Apr2025,0.809123541753588
MYS,2006,2024,USD,WEO,Apr2025,0.868605976712652
MYS,2007,2024,USD,WEO,Apr2025,0.972122203775581
MYS,2008,2024,USD,WEO,Apr2025,1.10668273066257
MYS,2009,2024,USD,WEO,Apr2025,0.983903500785238
MYS,2010,2024,USD,WEO,Apr2025,1.11713153392803
MYS,2011,2024,USD,WEO,Apr2025,1.23959719651184
MYS,2012,2024,USD,WEO,Apr2025,1.24031066747967
MYS,2013,2024,USD,WEO,Apr2025,1.21798591551375
MYS,2014,2024,USD,WEO,Apr2025,1.20152917375065
MYS,2015,2024,USD,WEO,Apr2025,1.00569783802176
MYS,2016,2024,USD,WEO,Apr2025,0.962534657719318
MYS,2017,2024,USD,WEO,Apr2025,0.963564288828078
MYS,2018,2024,USD,WEO,Apr2025,1.0333181565597
MYS,2019,2024,USD,WEO,Apr2025,1.00728469500215
MYS,2020,2024,USD,WEO,Apr2025,0.984544623178746
MYS,2021,2024,USD,WEO,Apr2025,1.05554496750162
MYS,2022,2024,USD,WEO,Apr2025,1.0573482827086
MYS,2023,2024,USD,WEO,Apr2025,1.00126046775989
MYS,2024,2024,USD,WEO,Apr2025,1
MYS,2025,2024,USD,WEO,Apr2025,1.01868659576825
MYS,2026,2024,USD,WEO,Apr2025,1.04787717673339
MYS,2027,2024,USD,WEO,Apr2025,1.06864419581866
MYS,2028,2024,USD,WEO,Apr2025,1.09012155842624
MYS,2029,2024,USD,WEO,Apr2025,1.10856988862217
MYS,2030,2024,USD,WEO,Apr2025,1.13053393166341
NAM,1980,2024,USD,WEO_est,Apr2025,0.484684067666047
NAM,1981,2024,USD,WEO_est,Apr2025,0.492799314264242
NAM,1982,2024,USD,WEO_est,Apr2025,0.501050437471022
NAM,1983,2024,USD,WEO_est,Apr2025,0.509439712319256
NAM,1984,2024,USD,WEO_est,Apr2025,0.517969451933542
NAM,1985,2024,USD,WEO_est,Apr2025,0.526642008167986
NAM,1986,2024,USD,WEO_est,Apr2025,0.535459772254666
NAM,1987,2024,USD,WEO_est,Apr2025,0.544425175462956
NAM,1988,2024,USD,WEO_est,Apr2025,0.553540689769879
NAM,1989,2024,USD,WEO_est,Apr2025,0.562808828541696
NAM,1990,2024,USD,WEO,Apr2025,0.572232147226898
NAM,1991,2024,USD,WEO,Apr2025,0.600956150522304
NAM,1992,2024,USD,WEO,Apr2025,0.638054550852133
NAM,1993,2024,USD,WEO,Apr2025,0.621013131939276
NAM,1994,2024,USD,WEO,Apr2025,0.675679188813795
NAM,1995,2024,USD,WEO,Apr2025,0.724384791022416
NAM,1996,2024,USD,WEO,Apr2025,0.703017248500496
NAM,1997,2024,USD,WEO,Apr2025,0.701191652528547
NAM,1998,2024,USD,WEO,Apr2025,0.632933283048874
NAM,1999,2024,USD,WEO,Apr2025,0.61104417235955
NAM,2000,2024,USD,WEO,Apr2025,0.608461910036612
NAM,2001,2024,USD,WEO,Apr2025,0.539356148795746
NAM,2002,2024,USD,WEO,Apr2025,0.480000144999615
NAM,2003,2024,USD,WEO,Apr2025,0.679415794460326
NAM,2004,2024,USD,WEO,Apr2025,0.854797862915549
NAM,2005,2024,USD,WEO,Apr2025,0.896330994582588
NAM,2006,2024,USD,WEO,Apr2025,0.907851141681512
NAM,2007,2024,USD,WEO,Apr2025,0.991666491375293
NAM,2008,2024,USD,WEO,Apr2025,0.940171203175917
NAM,2009,2024,USD,WEO,Apr2025,0.983626398571305
NAM,2010,2024,USD,WEO,Apr2025,1.17379107787107
NAM,2011,2024,USD,WEO,Apr2025,1.22999732078769
NAM,2012,2024,USD,WEO,Apr2025,1.22661862917629
NAM,2013,2024,USD,WEO,Apr2025,1.0857394397262
NAM,2014,2024,USD,WEO,Apr2025,1.0457564352797
NAM,2015,2024,USD,WEO,Apr2025,0.923614595287365
NAM,2016,2024,USD,WEO,Apr2025,0.864354577686841
NAM,2017,2024,USD,WEO,Apr2025,1.04963411537918
NAM,2018,2024,USD,WEO,Apr2025,1.10255618334543
NAM,2019,2024,USD,WEO,Apr2025,1.0194446279223
NAM,2020,2024,USD,WEO,Apr2025,0.936264916187029
NAM,2021,2024,USD,WEO,Apr2025,1.05876625356326
NAM,2022,2024,USD,WEO,Apr2025,1.01789942194932
NAM,2023,2024,USD,WEO,Apr2025,0.962031581151832
NAM,2024,2024,USD,WEO,Apr2025,1
NAM,2025,2024,USD,WEO,Apr2025,1.02437432179973
NAM,2026,2024,USD,WEO,Apr2025,1.05531444859303
NAM,2027,2024,USD,WEO,Apr2025,1.07431778125144
NAM,2028,2024,USD,WEO,Apr2025,1.09459815384963
NAM,2029,2024,USD,WEO,Apr2025,1.11304819761598
NAM,2030,2024,USD,WEO,Apr2025,1.11179901545186
NER,1980,2024,USD,WEO,Apr2025,0.742353688807605
NER,1981,2024,USD,WEO,Apr2025,0.64363586526868
NER,1982,2024,USD,WEO,Apr2025,0.585416326984297
NER,1983,2024,USD,WEO,Apr2025,0.54419188349301
NER,1984,2024,USD,WEO,Apr2025,0.529986291780009
NER,1985,2024,USD,WEO,Apr2025,0.485072879371507
NER,1986,2024,USD,WEO,Apr2025,0.603034803395677
NER,1987,2024,USD,WEO,Apr2025,0.706594013340131
NER,1988,2024,USD,WEO,Apr2025,0.67525954498773
NER,1989,2024,USD,WEO,Apr2025,0.639270432435843
NER,1990,2024,USD,WEO,Apr2025,0.73705035780444
NER,1991,2024,USD,WEO,Apr2025,0.693654117756721
NER,1992,2024,USD,WEO,Apr2025,0.701044459004385
NER,1993,2024,USD,WEO,Apr2025,0.630193478573204
NER,1994,2024,USD,WEO,Apr2025,0.393679961352322
NER,1995,2024,USD,WEO,Apr2025,0.455937491006833
NER,1996,2024,USD,WEO,Apr2025,0.475518456257757
NER,1997,2024,USD,WEO,Apr2025,0.446482040907835
NER,1998,2024,USD,WEO,Apr2025,0.468881621078901
NER,1999,2024,USD,WEO,Apr2025,0.450871440308655
NER,2000,2024,USD,WEO,Apr2025,0.402855382990243
NER,2001,2024,USD,WEO,Apr2025,0.410339260314151
NER,2002,2024,USD,WEO,Apr2025,0.443948257441817
NER,2003,2024,USD,WEO,Apr2025,0.530065860406777
NER,2004,2024,USD,WEO,Apr2025,0.584998424297711
NER,2005,2024,USD,WEO,Apr2025,0.636100469193715
NER,2006,2024,USD,WEO,Apr2025,0.65142949099501
NER,2007,2024,USD,WEO,Apr2025,0.761136487129996
NER,2008,2024,USD,WEO,Apr2025,0.899690815763418
NER,2009,2024,USD,WEO,Apr2025,0.887824853551528
NER,2010,2024,USD,WEO,Apr2025,0.875044994451672
NER,2011,2024,USD,WEO,Apr2025,0.954813085640301
NER,2012,2024,USD,WEO,Apr2025,0.928680701392131
NER,2013,2024,USD,WEO,Apr2025,0.956238729540739
NER,2014,2024,USD,WEO,Apr2025,0.95148686182511
NER,2015,2024,USD,WEO,Apr2025,0.815000249555438
NER,2016,2024,USD,WEO,Apr2025,0.823758478349721
NER,2017,2024,USD,WEO,Apr2025,0.847513763860471
NER,2018,2024,USD,WEO,Apr2025,0.907692283938642
NER,2019,2024,USD,WEO,Apr2025,0.862033662294989
NER,2020,2024,USD,WEO,Apr2025,0.887068436295233
NER,2021,2024,USD,WEO,Apr2025,0.948850334310809
NER,2022,2024,USD,WEO,Apr2025,0.878642687632135
NER,2023,2024,USD,WEO,Apr2025,0.933269254001812
NER,2024,2024,USD,WEO,Apr2025,1
NER,2025,2024,USD,WEO,Apr2025,1.03303143662575
NER,2026,2024,USD,WEO,Apr2025,1.068813862355
NER,2027,2024,USD,WEO,Apr2025,1.08904647943383
NER,2028,2024,USD,WEO,Apr2025,1.11019291127797
NER,2029,2024,USD,WEO,Apr2025,1.13222913765219
NER,2030,2024,USD,WEO,Apr2025,1.15487090947116
NGA,1980,2024,USD,WEO_est,Apr2025,1.40062851466135
NGA,1981,2024,USD,WEO_est,Apr2025,1.39888032063462
NGA,1982,2024,USD,WEO_est,Apr2025,1.3971343086157
NGA,1983,2024,USD,WEO_est,Apr2025,1.39539047588111
NGA,1984,2024,USD,WEO_est,Apr2025,1.39364881971079
NGA,1985,2024,USD,WEO_est,Apr2025,1.39190933738805
NGA,1986,2024,USD,WEO_est,Apr2025,1.39017202619961
NGA,1987,2024,USD,WEO_est,Apr2025,1.38843688343556
NGA,1988,2024,USD,WEO_est,Apr2025,1.3867039063894
NGA,1989,2024,USD,WEO_est,Apr2025,1.38497309235797
NGA,1990,2024,USD,WEO,Apr2025,1.38324443864151
NGA,1991,2024,USD,WEO,Apr2025,1.34541221940596
NGA,1992,2024,USD,WEO,Apr2025,1.14453699312636
NGA,1993,2024,USD,WEO,Apr2025,1.22454985379876
NGA,1994,2024,USD,WEO,Apr2025,1.72283709443643
NGA,1995,2024,USD,WEO,Apr2025,2.79084088442884
NGA,1996,2024,USD,WEO,Apr2025,3.50277124807714
NGA,1997,2024,USD,WEO,Apr2025,3.70379168069267
NGA,1998,2024,USD,WEO,Apr2025,4.03313018258728
NGA,1999,2024,USD,WEO,Apr2025,1.09982710268219
NGA,2000,2024,USD,WEO,Apr2025,1.22994919839114
NGA,2001,2024,USD,WEO,Apr2025,1.24324691351906
NGA,2002,2024,USD,WEO,Apr2025,1.39419403945986
NGA,2003,2024,USD,WEO,Apr2025,1.39447575932772
NGA,2004,2024,USD,WEO,Apr2025,1.59885107775716
NGA,2005,2024,USD,WEO,Apr2025,1.94463659664907
NGA,2006,2024,USD,WEO,Apr2025,2.3929013825344
NGA,2007,2024,USD,WEO,Apr2025,2.66551541838144
NGA,2008,2024,USD,WEO,Apr2025,3.13111071032544
NGA,2009,2024,USD,WEO,Apr2025,2.60606424182195
NGA,2010,2024,USD,WEO,Apr2025,2.89716444790049
NGA,2011,2024,USD,WEO,Apr2025,3.10066901412149
NGA,2012,2024,USD,WEO,Apr2025,3.30774559709954
NGA,2013,2024,USD,WEO,Apr2025,3.5059699857622
NGA,2014,2024,USD,WEO,Apr2025,3.64002807141968
NGA,2015,2024,USD,WEO,Apr2025,3.04301678704788
NGA,2016,2024,USD,WEO,Apr2025,2.53432859147067
NGA,2017,2024,USD,WEO,Apr2025,2.33242167149525
NGA,2018,2024,USD,WEO,Apr2025,2.5684594266476
NGA,2019,2024,USD,WEO,Apr2025,2.82745584605444
NGA,2020,2024,USD,WEO,Apr2025,2.6229515239226
NGA,2021,2024,USD,WEO,Apr2025,2.5820268570133
NGA,2022,2024,USD,WEO,Apr2025,2.70137304934581
NGA,2023,2024,USD,WEO,Apr2025,2.00533114559795
NGA,2024,2024,USD,WEO,Apr2025,1
NGA,2025,2024,USD,WEO,Apr2025,0.973769953537905
NGA,2026,2024,USD,WEO,Apr2025,0.968410809445458
NGA,2027,2024,USD,WEO,Apr2025,1.03568762680462
NGA,2028,2024,USD,WEO,Apr2025,1.12009866398981
NGA,2029,2024,USD,WEO,Apr2025,1.21076177309762
NGA,2030,2024,USD,WEO,Apr2025,1.31583916678478
NIC,1980,2024,USD,WEO,Apr2025,0.247971791026232
NIC,1981,2024,USD,WEO,Apr2025,0.276978259613764
NIC,1982,2024,USD,WEO,Apr2025,0.323428456059086
NIC,1983,2024,USD,WEO,Apr2025,0.359057269362283
NIC,1984,2024,USD,WEO,Apr2025,0.4988538198852
NIC,1985,2024,USD,WEO,Apr2025,0.50540698933069
NIC,1986,2024,USD,WEO,Apr2025,0.768401385667536
NIC,1987,2024,USD,WEO,Apr2025,0.45484574956792
NIC,1988,2024,USD,WEO,Apr2025,0.228315116245579
NIC,1989,2024,USD,WEO,Apr2025,0.322577248464435
NIC,1990,2024,USD,WEO,Apr2025,0.0805181917715639
NIC,1991,2024,USD,WEO,Apr2025,0.571488781231405
NIC,1992,2024,USD,WEO,Apr2025,0.602640366786007
NIC,1993,2024,USD,WEO,Apr2025,0.578956299425917
NIC,1994,2024,USD,WEO,Apr2025,0.571364739944141
NIC,1995,2024,USD,WEO,Apr2025,0.57845396999837
NIC,1996,2024,USD,WEO,Apr2025,0.566019206004181
NIC,1997,2024,USD,WEO,Apr2025,0.55478470700513
NIC,1998,2024,USD,WEO,Apr2025,0.564781795638556
NIC,1999,2024,USD,WEO,Apr2025,0.552814923557931
NIC,2000,2024,USD,WEO,Apr2025,0.558699020475299
NIC,2001,2024,USD,WEO,Apr2025,0.566635368552719
NIC,2002,2024,USD,WEO,Apr2025,0.550693723461818
NIC,2003,2024,USD,WEO,Apr2025,0.547228861971587
NIC,2004,2024,USD,WEO,Apr2025,0.565404148729304
NIC,2005,2024,USD,WEO,Apr2025,0.591820746062555
NIC,2006,2024,USD,WEO,Apr2025,0.610084120198923
NIC,2007,2024,USD,WEO,Apr2025,0.637179875514818
NIC,2008,2024,USD,WEO,Apr2025,0.705141850371161
NIC,2009,2024,USD,WEO,Apr2025,0.711990258724265
NIC,2010,2024,USD,WEO,Apr2025,0.719888759181103
NIC,2011,2024,USD,WEO,Apr2025,0.75558005821208
NIC,2012,2024,USD,WEO,Apr2025,0.764514465191731
NIC,2013,2024,USD,WEO,Apr2025,0.759816261746962
NIC,2014,2024,USD,WEO,Apr2025,0.784341010721637
NIC,2015,2024,USD,WEO,Apr2025,0.803727649951683
NIC,2016,2024,USD,WEO,Apr2025,0.800528073726821
NIC,2017,2024,USD,WEO,Apr2025,0.793889790276107
NIC,2018,2024,USD,WEO,Apr2025,0.776168896740926
NIC,2019,2024,USD,WEO,Apr2025,0.780178364870798
NIC,2020,2024,USD,WEO,Apr2025,0.799097439937108
NIC,2021,2024,USD,WEO,Apr2025,0.807463381167078
NIC,2022,2024,USD,WEO,Apr2025,0.858044658239351
NIC,2023,2024,USD,WEO,Apr2025,0.93654904109589
NIC,2024,2024,USD,WEO,Apr2025,1
NIC,2025,2024,USD,WEO,Apr2025,1.04003201459929
NIC,2026,2024,USD,WEO,Apr2025,1.08162198447768
NIC,2027,2024,USD,WEO,Apr2025,1.12488773000559
NIC,2028,2024,USD,WEO,Apr2025,1.16986621714267
NIC,2029,2024,USD,WEO,Apr2025,1.21666652574265
NIC,2030,2024,USD,WEO,Apr2025,1.26536312232762
NIU,1960,2024,USD,OECD,Apr2026,0.08561452
NIU,1961,2024,USD,OECD,Apr2026,0.08342802
NIU,1962,2024,USD,OECD,Apr2026,0.08825169
NIU,1963,2024,USD,OECD,Apr2026,0.09173975
NIU,1964,2024,USD,OECD,Apr2026,0.09501673
NIU,1965,2024,USD,OECD,Apr2026,0.09908708
NIU,1966,2024,USD,OECD,Apr2026,0.09351816
NIU,1967,2024,USD,OECD,Apr2026,0.09897999
NIU,1968,2024,USD,OECD,Apr2026,0.08868501
NIU,1969,2024,USD,OECD,Apr2026,0.08754463
NIU,1970,2024,USD,OECD,Apr2026,0.09448103
NIU,1971,2024,USD,OECD,Apr2026,0.10997346
NIU,1972,2024,USD,OECD,Apr2026,0.12599494
NIU,1973,2024,USD,OECD,Apr2026,0.15620543
NIU,1974,2024,USD,OECD,Apr2026,0.16735597
NIU,1975,2024,USD,OECD,Apr2026,0.16448046
NIU,1976,2024,USD,OECD,Apr2026,0.16529053
NIU,1977,2024,USD,OECD,Apr2026,0.18771522
NIU,1978,2024,USD,OECD,Apr2026,0.22631302
NIU,1979,2024,USD,OECD,Apr2026,0.25390853
NIU,1980,2024,USD,OECD,Apr2026,0.27786289
NIU,1981,2024,USD,OECD,Apr2026,0.28791533
NIU,1982,2024,USD,OECD,Apr2026,0.27934286
NIU,1983,2024,USD,OECD,Apr2026,0.26796381
NIU,1984,2024,USD,OECD,Apr2026,0.24461052
NIU,1985,2024,USD,OECD,Apr2026,0.24248726
NIU,1986,2024,USD,OECD,Apr2026,0.31928456
NIU,1987,2024,USD,OECD,Apr2026,0.3947567
NIU,1988,2024,USD,OECD,Apr2026,0.46570662
NIU,1989,2024,USD,OECD,Apr2026,0.44605808
NIU,1990,2024,USD,OECD,Apr2026,0.45831196
NIU,1991,2024,USD,OECD,Apr2026,0.44646986
NIU,1992,2024,USD,OECD,Apr2026,0.42228187
NIU,1993,2024,USD,OECD,Apr2026,0.43390916
NIU,1994,2024,USD,OECD,Apr2026,0.47762436
NIU,1995,2024,USD,OECD,Apr2026,0.54115773
NIU,1996,2024,USD,OECD,Apr2026,0.58027075
NIU,1997,2024,USD,OECD,Apr2026,0.55895407
NIU,1998,2024,USD,OECD,Apr2026,0.45687494
NIU,1999,2024,USD,OECD,Apr2026,0.45307801
NIU,2000,2024,USD,OECD,Apr2026,0.39824811
NIU,2001,2024,USD,OECD,Apr2026,0.38440876
NIU,2002,2024,USD,OECD,Apr2026,0.42619387
NIU,2003,2024,USD,OECD,Apr2026,0.54147898
NIU,2004,2024,USD,OECD,Apr2026,0.63940993
NIU,2005,2024,USD,OECD,Apr2026,0.69677706
NIU,2006,2024,USD,OECD,Apr2026,0.65864836
NIU,2007,2024,USD,OECD,Apr2026,0.77903831
NIU,2008,2024,USD,OECD,Apr2026,0.76211096
NIU,2009,2024,USD,OECD,Apr2026,0.69540643
NIU,2010,2024,USD,OECD,Apr2026,0.82443896
NIU,2011,2024,USD,OECD,Apr2026,0.92957602
NIU,2012,2024,USD,OECD,Apr2026,0.95040166
NIU,2013,2024,USD,OECD,Apr2026,0.99398934
NIU,2014,2024,USD,OECD,Apr2026,1.02907045
NIU,2015,2024,USD,OECD,Apr2026,0.86832779
NIU,2016,2024,USD,OECD,Apr2026,0.8829155
NIU,2017,2024,USD,OECD,Apr2026,0.93010371
NIU,2018,2024,USD,OECD,Apr2026,0.918643
NIU,2019,2024,USD,OECD,Apr2026,0.89603576
NIU,2020,2024,USD,OECD,Apr2026,0.90207861
NIU,2021,2024,USD,OECD,Apr2026,1.01279617
NIU,2022,2024,USD,OECD,Apr2026,0.96041747
NIU,2023,2024,USD,OECD,Apr2026,0.97582995
NIU,2024,2024,USD,OECD,Apr2026,1
NIU,2025,2024,USD,OECD,Apr2026,0.99785507
NIU,2026,2024,USD,WEO,Apr2025,0.965661431946714
NIU,2027,2024,USD,WEO,Apr2025,0.981118973092103
NIU,2028,2024,USD,WEO,Apr2025,0.999525529457171
NIU,2029,2024,USD,WEO,Apr2025,1.02007412968562
NIU,2030,2024,USD,WEO,Apr2025,1.04038115119367
NLD,1960,2024,USD,OECD,Apr2026,0.05920968
NLD,1961,2024,USD,OECD,Apr2026,0.06296876
NLD,1962,2024,USD,OECD,Apr2026,0.06566217
NLD,1963,2024,USD,OECD,Apr2026,0.0688015
NLD,1964,2024,USD,OECD,Apr2026,0.07476566
NLD,1965,2024,USD,OECD,Apr2026,0.07922604
NLD,1966,2024,USD,OECD,Apr2026,0.08338074
NLD,1967,2024,USD,OECD,Apr2026,0.08709554
NLD,1968,2024,USD,OECD,Apr2026,0.09017091
NLD,1969,2024,USD,OECD,Apr2026,0.09657711
NLD,1970,2024,USD,OECD,Apr2026,0.10274316
NLD,1971,2024,USD,OECD,Apr2026,0.11488798
NLD,1972,2024,USD,OECD,Apr2026,0.13688034
NLD,1973,2024,USD,OECD,Apr2026,0.17138748
NLD,1974,2024,USD,OECD,Apr2026,0.1944575
NLD,1975,2024,USD,OECD,Apr2026,0.22769528
NLD,1976,2024,USD,OECD,Apr2026,0.23735076
NLD,1977,2024,USD,OECD,Apr2026,0.27274872
NLD,1978,2024,USD,OECD,Apr2026,0.32581631
NLD,1979,2024,USD,OECD,Apr2026,0.36587178
NLD,1980,2024,USD,OECD,Apr2026,0.38955139
NLD,1981,2024,USD,OECD,Apr2026,0.32703603
NLD,1982,2024,USD,OECD,Apr2026,0.32211862
NLD,1983,2024,USD,OECD,Apr2026,0.30774846
NLD,1984,2024,USD,OECD,Apr2026,0.27753328
NLD,1985,2024,USD,OECD,Apr2026,0.27286922
NLD,1986,2024,USD,OECD,Apr2026,0.37044628
NLD,1987,2024,USD,OECD,Apr2026,0.44482841
NLD,1988,2024,USD,OECD,Apr2026,0.46190162
NLD,1989,2024,USD,OECD,Apr2026,0.43636427
NLD,1990,2024,USD,OECD,Apr2026,0.51617479
NLD,1991,2024,USD,OECD,Apr2026,0.51835344
NLD,1992,2024,USD,OECD,Apr2026,0.56484113
NLD,1993,2024,USD,OECD,Apr2026,0.54333071
NLD,1994,2024,USD,OECD,Apr2026,0.5660333
NLD,1995,2024,USD,OECD,Apr2026,0.65495041
NLD,1996,2024,USD,OECD,Apr2026,0.63137049
NLD,1997,2024,USD,OECD,Apr2026,0.56015904
NLD,1998,2024,USD,OECD,Apr2026,0.56230171
NLD,1999,2024,USD,OECD,Apr2026,0.54663543
NLD,2000,2024,USD,OECD,Apr2026,0.48820751
NLD,2001,2024,USD,OECD,Apr2026,0.49504312
NLD,2002,2024,USD,OECD,Apr2026,0.54107359
NLD,2003,2024,USD,OECD,Apr2026,0.6633243
NLD,2004,2024,USD,OECD,Apr2026,0.73865943
NLD,2005,2024,USD,OECD,Apr2026,0.75339391
NLD,2006,2024,USD,OECD,Apr2026,0.78043196
NLD,2007,2024,USD,OECD,Apr2026,0.86858655
NLD,2008,2024,USD,OECD,Apr2026,0.93699181
NLD,2009,2024,USD,OECD,Apr2026,0.90853218
NLD,2010,2024,USD,OECD,Apr2026,0.87010061
NLD,2011,2024,USD,OECD,Apr2026,0.91570988
NLD,2012,2024,USD,OECD,Apr2026,0.85774466
NLD,2013,2024,USD,OECD,Apr2026,0.89631711
NLD,2014,2024,USD,OECD,Apr2026,0.89880153
NLD,2015,2024,USD,OECD,Apr2026,0.75825438
NLD,2016,2024,USD,OECD,Apr2026,0.76032763
NLD,2017,2024,USD,OECD,Apr2026,0.78631297
NLD,2018,2024,USD,OECD,Apr2026,0.84405163
NLD,2019,2024,USD,OECD,Apr2026,0.82468209
NLD,2020,2024,USD,OECD,Apr2026,0.85912429
NLD,2021,2024,USD,OECD,Apr2026,0.91610624
NLD,2022,2024,USD,OECD,Apr2026,0.8648484
NLD,2023,2024,USD,OECD,Apr2026,0.9453876
NLD,2024,2024,USD,OECD,Apr2026,1
NLD,2025,2024,USD,OECD,Apr2026,1.074888
NLD,2026,2024,USD,WEO,Apr2025,1.05072884305242
NLD,2027,2024,USD,WEO,Apr2025,1.07075355214499
NLD,2028,2024,USD,WEO,Apr2025,1.09201695331246
NLD,2029,2024,USD,WEO,Apr2025,1.11446187024843
NLD,2030,2024,USD,WEO,Apr2025,1.1380203933495
NOR,1960,2024,USD,OECD,Apr2026,0.0713432
NOR,1961,2024,USD,OECD,Apr2026,0.07314157
NOR,1962,2024,USD,OECD,Apr2026,0.0766792
NOR,1963,2024,USD,OECD,Apr2026,0.07915104
NOR,1964,2024,USD,OECD,Apr2026,0.08279361
NOR,1965,2024,USD,OECD,Apr2026,0.08683536
NOR,1966,2024,USD,OECD,Apr2026,0.09028906
NOR,1967,2024,USD,OECD,Apr2026,0.09296856
NOR,1968,2024,USD,OECD,Apr2026,0.09718197
NOR,1969,2024,USD,OECD,Apr2026,0.10123957
NOR,1970,2024,USD,OECD,Apr2026,0.11416851
NOR,1971,2024,USD,OECD,Apr2026,0.12316522
NOR,1972,2024,USD,OECD,Apr2026,0.13882805
NOR,1973,2024,USD,OECD,Apr2026,0.1729718
NOR,1974,2024,USD,OECD,Apr2026,0.20013245
NOR,1975,2024,USD,OECD,Apr2026,0.23034087
NOR,1976,2024,USD,OECD,Apr2026,0.2375915
NOR,1977,2024,USD,OECD,Apr2026,0.26340076
NOR,1978,2024,USD,OECD,Apr2026,0.28380338
NOR,1979,2024,USD,OECD,Apr2026,0.31056982
NOR,1980,2024,USD,OECD,Apr2026,0.36030334
NOR,1981,2024,USD,OECD,Apr2026,0.35029845
NOR,1982,2024,USD,OECD,Apr2026,0.34396253
NOR,1983,2024,USD,OECD,Apr2026,0.32530336
NOR,1984,2024,USD,OECD,Apr2026,0.3089032
NOR,1985,2024,USD,OECD,Apr2026,0.30857163
NOR,1986,2024,USD,OECD,Apr2026,0.35677322
NOR,1987,2024,USD,OECD,Apr2026,0.41973629
NOR,1988,2024,USD,OECD,Apr2026,0.45500265
NOR,1989,2024,USD,OECD,Apr2026,0.45365591
NOR,1990,2024,USD,OECD,Apr2026,0.51948451
NOR,1991,2024,USD,OECD,Apr2026,0.51249958
NOR,1992,2024,USD,OECD,Apr2026,0.53129527
NOR,1993,2024,USD,OECD,Apr2026,0.47607077
NOR,1994,2024,USD,OECD,Apr2026,0.47788191
NOR,1995,2024,USD,OECD,Apr2026,0.54841423
NOR,1996,2024,USD,OECD,Apr2026,0.56114184
NOR,1997,2024,USD,OECD,Apr2026,0.52662579
NOR,1998,2024,USD,OECD,Apr2026,0.49020012
NOR,1999,2024,USD,OECD,Apr2026,0.50579389
NOR,2000,2024,USD,OECD,Apr2026,0.51704724
NOR,2001,2024,USD,OECD,Apr2026,0.51442332
NOR,2002,2024,USD,OECD,Apr2026,0.57051173
NOR,2003,2024,USD,OECD,Apr2026,0.66197828
NOR,2004,2024,USD,OECD,Apr2026,0.73603569
NOR,2005,2024,USD,OECD,Apr2026,0.83755795
NOR,2006,2024,USD,OECD,Apr2026,0.91447136
NOR,2007,2024,USD,OECD,Apr2026,1.03213989
NOR,2008,2024,USD,OECD,Apr2026,1.1714077
NOR,2009,2024,USD,OECD,Apr2026,1.01038075
NOR,2010,2024,USD,OECD,Apr2026,1.11197864
NOR,2011,2024,USD,OECD,Apr2026,1.2792812
NOR,2012,2024,USD,OECD,Apr2026,1.27435942
NOR,2013,2024,USD,OECD,Apr2026,1.29286699
NOR,2014,2024,USD,OECD,Apr2026,1.20901751
NOR,2015,2024,USD,OECD,Apr2026,0.91829775
NOR,2016,2024,USD,OECD,Apr2026,0.86748925
NOR,2017,2024,USD,OECD,Apr2026,0.9169949
NOR,2018,2024,USD,OECD,Apr2026,0.99521564
NOR,2019,2024,USD,OECD,Apr2026,0.91508644
NOR,2020,2024,USD,OECD,Apr2026,0.83380814
NOR,2021,2024,USD,OECD,Apr2026,1.0982157
NOR,2022,2024,USD,OECD,Apr2026,1.26044478
NOR,2023,2024,USD,OECD,Apr2026,1.02035178
NOR,2024,2024,USD,OECD,Apr2026,1
NOR,2025,2024,USD,OECD,Apr2026,1.07573811
NOR,2026,2024,USD,WEO,Apr2025,1.03587784902293
NOR,2027,2024,USD,WEO,Apr2025,1.05460200597369
NOR,2028,2024,USD,WEO,Apr2025,1.0732973947637
NOR,2029,2024,USD,WEO,Apr2025,1.09317086290168
NOR,2030,2024,USD,WEO,Apr2025,1.11460471463317
NPL,1980,2024,USD,WEO,Apr2025,0.351180806192746
NPL,1981,2024,USD,WEO,Apr2025,0.379124975499128
NPL,1982,2024,USD,WEO,Apr2025,0.369189126448921
NPL,1983,2024,USD,WEO,Apr2025,0.416306274218598
NPL,1984,2024,USD,WEO,Apr2025,0.401528717546529
NPL,1985,2024,USD,WEO,Apr2025,0.392856118695926
NPL,1986,2024,USD,WEO,Apr2025,0.408844835093794
NPL,1987,2024,USD,WEO,Apr2025,0.416980973373765
NPL,1988,2024,USD,WEO,Apr2025,0.456574848007411
NPL,1989,2024,USD,WEO,Apr2025,0.442451095699438
NPL,1990,2024,USD,WEO,Apr2025,0.435095710637725
NPL,1991,2024,USD,WEO,Apr2025,0.447640158913122
NPL,1992,2024,USD,WEO,Apr2025,0.390702973073557
NPL,1993,2024,USD,WEO,Apr2025,0.403997322240895
NPL,1994,2024,USD,WEO,Apr2025,0.389922097139576
NPL,1995,2024,USD,WEO,Apr2025,0.409182767406282
NPL,1996,2024,USD,WEO,Apr2025,0.400363008637316
NPL,1997,2024,USD,WEO,Apr2025,0.413489439809896
NPL,1998,2024,USD,WEO,Apr2025,0.399335771787142
NPL,1999,2024,USD,WEO,Apr2025,0.39317274688146
NPL,2000,2024,USD,WEO,Apr2025,0.392932897322914
NPL,2001,2024,USD,WEO,Apr2025,0.382350249899381
NPL,2002,2024,USD,WEO,Apr2025,0.387405228819059
NPL,2003,2024,USD,WEO,Apr2025,0.394683681467962
NPL,2004,2024,USD,WEO,Apr2025,0.433388339963542
NPL,2005,2024,USD,WEO,Apr2025,0.47101213786235
NPL,2006,2024,USD,WEO,Apr2025,0.503780941834335
NPL,2007,2024,USD,WEO,Apr2025,0.556152812825818
NPL,2008,2024,USD,WEO,Apr2025,0.636888265325416
NPL,2009,2024,USD,WEO,Apr2025,0.624299566644466
NPL,2010,2024,USD,WEO,Apr2025,0.741441465651439
NPL,2011,2024,USD,WEO,Apr2025,0.851704832263853
NPL,2012,2024,USD,WEO,Apr2025,0.814380246704071
NPL,2013,2024,USD,WEO,Apr2025,0.803287801600308
NPL,2014,2024,USD,WEO,Apr2025,0.776886984747521
NPL,2015,2024,USD,WEO,Apr2025,0.801075216957367
NPL,2016,2024,USD,WEO,Apr2025,0.802958419331371
NPL,2017,2024,USD,WEO,Apr2025,0.870453101661038
NPL,2018,2024,USD,WEO,Apr2025,0.924381521880916
NPL,2019,2024,USD,WEO,Apr2025,0.89479750917576
NPL,2020,2024,USD,WEO,Apr2025,0.896358057991672
NPL,2021,2024,USD,WEO,Apr2025,0.944318478331034
NPL,2022,2024,USD,WEO,Apr2025,0.997013526030768
NPL,2023,2024,USD,WEO,Apr2025,0.971361064741242
NPL,2024,2024,USD,WEO,Apr2025,1
NPL,2025,2024,USD,WEO,Apr2025,1.02000685607968
NPL,2026,2024,USD,WEO,Apr2025,1.04091697540932
NPL,2027,2024,USD,WEO,Apr2025,1.08779604909778
NPL,2028,2024,USD,WEO,Apr2025,1.13641765049547
NPL,2029,2024,USD,WEO,Apr2025,1.18678545280749
NPL,2030,2024,USD,WEO,Apr2025,1.23881695465606
NRU,1980,2024,USD,WEO_est,Apr2025,0.156816364728002
NRU,1981,2024,USD,WEO_est,Apr2025,0.163180795572644
NRU,1982,2024,USD,WEO_est,Apr2025,0.16980352841304
NRU,1983,2024,USD,WEO_est,Apr2025,0.176695046499405
NRU,1984,2024,USD,WEO_est,Apr2025,0.183866258547247
NRU,1985,2024,USD,WEO_est,Apr2025,0.191328516004986
NRU,1986,2024,USD,WEO_est,Apr2025,0.199093631022374
NRU,1987,2024,USD,WEO_est,Apr2025,0.207173895148177
NRU,1988,2024,USD,WEO_est,Apr2025,0.215582098786698
NRU,1989,2024,USD,WEO_est,Apr2025,0.224331551443955
NRU,1990,2024,USD,WEO_est,Apr2025,0.233436102795548
NRU,1991,2024,USD,WEO_est,Apr2025,0.242910164609581
NRU,1992,2024,USD,WEO_est,Apr2025,0.252768733559318
NRU,1993,2024,USD,WEO_est,Apr2025,0.263027414961711
NRU,1994,2024,USD,WEO_est,Apr2025,0.273702447479346
NRU,1995,2024,USD,WEO_est,Apr2025,0.284810728824938
NRU,1996,2024,USD,WEO_est,Apr2025,0.296369842509038
NRU,1997,2024,USD,WEO_est,Apr2025,0.308398085673314
NRU,1998,2024,USD,WEO_est,Apr2025,0.320914498053439
NRU,1999,2024,USD,WEO_est,Apr2025,0.333938892117456
NRU,2000,2024,USD,WEO_est,Apr2025,0.34749188442731
NRU,2001,2024,USD,WEO_est,Apr2025,0.361594928273198
NRU,2002,2024,USD,WEO_est,Apr2025,0.376270347632394
NRU,2003,2024,USD,WEO_est,Apr2025,0.391541372506293
NRU,2004,2024,USD,WEO,Apr2025,0.407432175691628
NRU,2005,2024,USD,WEO,Apr2025,0.396110072057791
NRU,2006,2024,USD,WEO,Apr2025,0.342064067366941
NRU,2007,2024,USD,WEO,Apr2025,0.378953693626728
NRU,2008,2024,USD,WEO,Apr2025,0.45330518837897
NRU,2009,2024,USD,WEO,Apr2025,0.627268312047232
NRU,2010,2024,USD,WEO,Apr2025,0.668376116730633
NRU,2011,2024,USD,WEO,Apr2025,0.806293143134117
NRU,2012,2024,USD,WEO,Apr2025,0.942078237392064
NRU,2013,2024,USD,WEO,Apr2025,0.800930215518993
NRU,2014,2024,USD,WEO,Apr2025,0.749786505034791
NRU,2015,2024,USD,WEO,Apr2025,0.572028268879288
NRU,2016,2024,USD,WEO,Apr2025,0.721202700996683
NRU,2017,2024,USD,WEO,Apr2025,0.836386113360483
NRU,2018,2024,USD,WEO,Apr2025,1.01760256471547
NRU,2019,2024,USD,WEO,Apr2025,0.89503333455603
NRU,2020,2024,USD,WEO,Apr2025,0.877638538718627
NRU,2021,2024,USD,WEO,Apr2025,1.1526440088015
NRU,2022,2024,USD,WEO,Apr2025,0.966921750260869
NRU,2023,2024,USD,WEO,Apr2025,0.960715527950311
NRU,2024,2024,USD,WEO,Apr2025,1
NRU,2025,2024,USD,WEO,Apr2025,1.02957161170115
NRU,2026,2024,USD,WEO,Apr2025,1.04301038085661
NRU,2027,2024,USD,WEO,Apr2025,1.06690781921294
NRU,2028,2024,USD,WEO,Apr2025,1.08866064875461
NRU,2029,2024,USD,WEO,Apr2025,1.12095882982831
NRU,2030,2024,USD,WEO,Apr2025,1.14623744726408
NZL,1960,2024,USD,OECD,Apr2026,0.08561452
NZL,1961,2024,USD,OECD,Apr2026,0.08342802
NZL,1962,2024,USD,OECD,Apr2026,0.08825169
NZL,1963,2024,USD,OECD,Apr2026,0.09173975
NZL,1964,2024,USD,OECD,Apr2026,0.09501673
NZL,1965,2024,USD,OECD,Apr2026,0.09908708
NZL,1966,2024,USD,OECD,Apr2026,0.09351816
NZL,1967,2024,USD,OECD,Apr2026,0.09897999
NZL,1968,2024,USD,OECD,Apr2026,0.08868501
NZL,1969,2024,USD,OECD,Apr2026,0.08754463
NZL,1970,2024,USD,OECD,Apr2026,0.09448103
NZL,1971,2024,USD,OECD,Apr2026,0.10997346
NZL,1972,2024,USD,OECD,Apr2026,0.12599494
NZL,1973,2024,USD,OECD,Apr2026,0.15620543
NZL,1974,2024,USD,OECD,Apr2026,0.16735597
NZL,1975,2024,USD,OECD,Apr2026,0.16448046
NZL,1976,2024,USD,OECD,Apr2026,0.16529053
NZL,1977,2024,USD,OECD,Apr2026,0.18771522
NZL,1978,2024,USD,OECD,Apr2026,0.22631302
NZL,1979,2024,USD,OECD,Apr2026,0.25390853
NZL,1980,2024,USD,OECD,Apr2026,0.27786289
NZL,1981,2024,USD,OECD,Apr2026,0.28791533
NZL,1982,2024,USD,OECD,Apr2026,0.27934286
NZL,1983,2024,USD,OECD,Apr2026,0.26796381
NZL,1984,2024,USD,OECD,Apr2026,0.24461052
NZL,1985,2024,USD,OECD,Apr2026,0.24248726
NZL,1986,2024,USD,OECD,Apr2026,0.31928456
NZL,1987,2024,USD,OECD,Apr2026,0.3947567
NZL,1988,2024,USD,OECD,Apr2026,0.46570662
NZL,1989,2024,USD,OECD,Apr2026,0.44605808
NZL,1990,2024,USD,OECD,Apr2026,0.45831196
NZL,1991,2024,USD,OECD,Apr2026,0.44646986
NZL,1992,2024,USD,OECD,Apr2026,0.42228187
NZL,1993,2024,USD,OECD,Apr2026,0.43390916
NZL,1994,2024,USD,OECD,Apr2026,0.47762436
NZL,1995,2024,USD,OECD,Apr2026,0.54115773
NZL,1996,2024,USD,OECD,Apr2026,0.58027075
NZL,1997,2024,USD,OECD,Apr2026,0.55895407
NZL,1998,2024,USD,OECD,Apr2026,0.45687494
NZL,1999,2024,USD,OECD,Apr2026,0.45307801
NZL,2000,2024,USD,OECD,Apr2026,0.39824811
NZL,2001,2024,USD,OECD,Apr2026,0.38440876
NZL,2002,2024,USD,OECD,Apr2026,0.42619387
NZL,2003,2024,USD,OECD,Apr2026,0.54147898
NZL,2004,2024,USD,OECD,Apr2026,0.63940993
NZL,2005,2024,USD,OECD,Apr2026,0.69677706
NZL,2006,2024,USD,OECD,Apr2026,0.65864836
NZL,2007,2024,USD,OECD,Apr2026,0.77903831
NZL,2008,2024,USD,OECD,Apr2026,0.76211096
NZL,2009,2024,USD,OECD,Apr2026,0.69540643
NZL,2010,2024,USD,OECD,Apr2026,0.82443896
NZL,2011,2024,USD,OECD,Apr2026,0.92957602
NZL,2012,2024,USD,OECD,Apr2026,0.95040166
NZL,2013,2024,USD,OECD,Apr2026,0.99398934
NZL,2014,2024,USD,OECD,Apr2026,1.02907045
NZL,2015,2024,USD,OECD,Apr2026,0.86832779
NZL,2016,2024,USD,OECD,Apr2026,0.8829155
NZL,2017,2024,USD,OECD,Apr2026,0.93010371
NZL,2018,2024,USD,OECD,Apr2026,0.918643
NZL,2019,2024,USD,OECD,Apr2026,0.89603576
NZL,2020,2024,USD,OECD,Apr2026,0.90207861
NZL,2021,2024,USD,OECD,Apr2026,1.01279617
NZL,2022,2024,USD,OECD,Apr2026,0.96041747
NZL,2023,2024,USD,OECD,Apr2026,0.97582995
NZL,2024,2024,USD,OECD,Apr2026,1
NZL,2025,2024,USD,OECD,Apr2026,0.99785507
NZL,2026,2024,USD,WEO,Apr2025,0.965661431946714
NZL,2027,2024,USD,WEO,Apr2025,0.981118973092103
NZL,2028,2024,USD,WEO,Apr2025,0.999525529457171
NZL,2029,2024,USD,WEO,Apr2025,1.02007412968562
NZL,2030,2024,USD,WEO,Apr2025,1.04038115119367
OMN,1980,2024,USD,WEO,Apr2025,0.495101651925301
OMN,1981,2024,USD,WEO,Apr2025,0.51472094606088
OMN,1982,2024,USD,WEO,Apr2025,0.484373965584321
OMN,1983,2024,USD,WEO,Apr2025,0.437911238940689
OMN,1984,2024,USD,WEO,Apr2025,0.423680216269211
OMN,1985,2024,USD,WEO,Apr2025,0.410996544885636
OMN,1986,2024,USD,WEO,Apr2025,0.318522707059637
OMN,1987,2024,USD,WEO,Apr2025,0.347839927967482
OMN,1988,2024,USD,WEO,Apr2025,0.321248131801607
OMN,1989,2024,USD,WEO,Apr2025,0.348611496399818
OMN,1990,2024,USD,WEO,Apr2025,0.401067725367017
OMN,1991,2024,USD,WEO,Apr2025,0.367055932973685
OMN,1992,2024,USD,WEO,Apr2025,0.371481228482382
OMN,1993,2024,USD,WEO,Apr2025,0.351130920945707
OMN,1994,2024,USD,WEO,Apr2025,0.349628273732739
OMN,1995,2024,USD,WEO,Apr2025,0.356331603405709
OMN,1996,2024,USD,WEO,Apr2025,0.383342714524494
OMN,1997,2024,USD,WEO,Apr2025,0.374273652821733
OMN,1998,2024,USD,WEO,Apr2025,0.322064027555315
OMN,1999,2024,USD,WEO,Apr2025,0.356912454450554
OMN,2000,2024,USD,WEO,Apr2025,0.419514573948565
OMN,2001,2024,USD,WEO,Apr2025,0.400060876612996
OMN,2002,2024,USD,WEO,Apr2025,0.418838234674165
OMN,2003,2024,USD,WEO,Apr2025,0.459205765123796
OMN,2004,2024,USD,WEO,Apr2025,0.516587573769701
OMN,2005,2024,USD,WEO,Apr2025,0.628857484330371
OMN,2006,2024,USD,WEO,Apr2025,0.720445755979128
OMN,2007,2024,USD,WEO,Apr2025,0.778496370302634
OMN,2008,2024,USD,WEO,Apr2025,1.03268711460849
OMN,2009,2024,USD,WEO,Apr2025,0.774074915261274
OMN,2010,2024,USD,WEO,Apr2025,0.88535647790287
OMN,2011,2024,USD,WEO,Apr2025,1.02598200405762
OMN,2012,2024,USD,WEO,Apr2025,1.06299373747696
OMN,2013,2024,USD,WEO,Apr2025,1.03939574166677
OMN,2014,2024,USD,WEO,Apr2025,1.05766289366118
OMN,2015,2024,USD,WEO,Apr2025,0.85516130477948
OMN,2016,2024,USD,WEO,Apr2025,0.77703521207155
OMN,2017,2024,USD,WEO,Apr2025,0.833743503345636
OMN,2018,2024,USD,WEO,Apr2025,0.93155052442023
OMN,2019,2024,USD,WEO,Apr2025,0.906716521912895
OMN,2020,2024,USD,WEO,Apr2025,0.808935982000616
OMN,2021,2024,USD,WEO,Apr2025,0.907158850919711
OMN,2022,2024,USD,WEO,Apr2025,1.0568033675747
OMN,2023,2024,USD,WEO,Apr2025,1.00678584891017
OMN,2024,2024,USD,WEO,Apr2025,1
OMN,2025,2024,USD,WEO,Apr2025,0.953545186673889
OMN,2026,2024,USD,WEO,Apr2025,0.946354501036787
OMN,2027,2024,USD,WEO,Apr2025,0.956812849739167
OMN,2028,2024,USD,WEO,Apr2025,0.970118082753924
OMN,2029,2024,USD,WEO,Apr2025,0.986227500069909
OMN,2030,2024,USD,WEO,Apr2025,1.00201769224943
PAK,1980,2024,USD,WEO,Apr2025,0.724240495231476
PAK,1981,2024,USD,WEO,Apr2025,0.806666256152549
PAK,1982,2024,USD,WEO,Apr2025,0.819744253249147
PAK,1983,2024,USD,WEO,Apr2025,0.716704150581487
PAK,1984,2024,USD,WEO,Apr2025,0.748358835188843
PAK,1985,2024,USD,WEO,Apr2025,0.688343916013888
PAK,1986,2024,USD,WEO,Apr2025,0.662766238937155
PAK,1987,2024,USD,WEO,Apr2025,0.654696985050813
PAK,1988,2024,USD,WEO,Apr2025,0.708378094376247
PAK,1989,2024,USD,WEO,Apr2025,0.704667751389369
PAK,1990,2024,USD,WEO,Apr2025,0.676173323377449
PAK,1991,2024,USD,WEO,Apr2025,0.73071536000555
PAK,1992,2024,USD,WEO,Apr2025,0.726748836160478
PAK,1993,2024,USD,WEO,Apr2025,0.753371343667441
PAK,1994,2024,USD,WEO,Apr2025,0.727619802330877
PAK,1995,2024,USD,WEO,Apr2025,0.809363967145894
PAK,1996,2024,USD,WEO,Apr2025,0.792872405106963
PAK,1997,2024,USD,WEO,Apr2025,0.768667537119859
PAK,1998,2024,USD,WEO,Apr2025,0.739311451186984
PAK,1999,2024,USD,WEO,Apr2025,0.672025255522552
PAK,2000,2024,USD,WEO,Apr2025,0.669741658566623
PAK,2001,2024,USD,WEO,Apr2025,0.629091373640227
PAK,2002,2024,USD,WEO,Apr2025,0.621784402556948
PAK,2003,2024,USD,WEO,Apr2025,0.677587702639939
PAK,2004,2024,USD,WEO,Apr2025,0.739363022996323
PAK,2005,2024,USD,WEO,Apr2025,0.751949031642281
PAK,2006,2024,USD,WEO,Apr2025,0.793298936777863
PAK,2007,2024,USD,WEO,Apr2025,0.858559013467666
PAK,2008,2024,USD,WEO,Apr2025,0.902654897804473
PAK,2009,2024,USD,WEO,Apr2025,0.826329480130779
PAK,2010,2024,USD,WEO,Apr2025,0.849657011818638
PAK,2011,2024,USD,WEO,Apr2025,0.965010960641899
PAK,2012,2024,USD,WEO,Apr2025,1.01427721765068
PAK,2013,2024,USD,WEO,Apr2025,1.01012375608738
PAK,2014,2024,USD,WEO,Apr2025,1.02350881079757
PAK,2015,2024,USD,WEO,Apr2025,1.08947906327523
PAK,2016,2024,USD,WEO,Apr2025,1.0946442127576
PAK,2017,2024,USD,WEO,Apr2025,1.13185033091203
PAK,2018,2024,USD,WEO,Apr2025,1.12007168931826
PAK,2019,2024,USD,WEO,Apr2025,0.97916345439254
PAK,2020,2024,USD,WEO,Apr2025,0.924875615676769
PAK,2021,2024,USD,WEO,Apr2025,1.01434465276094
PAK,2022,2024,USD,WEO,Apr2025,1.02759322900356
PAK,2023,2024,USD,WEO,Apr2025,0.927923161858914
PAK,2024,2024,USD,WEO,Apr2025,1
PAK,2025,2024,USD,WEO_est,Apr2025,1.00800446446508
PAK,2026,2024,USD,WEO_est,Apr2025,1.01607300038153
PAK,2027,2024,USD,WEO_est,Apr2025,1.02420612060701
PAK,2028,2024,USD,WEO_est,Apr2025,1.03240434210433
PAK,2029,2024,USD,WEO_est,Apr2025,1.04066818597429
PAK,2030,2024,USD,WEO_est,Apr2025,1.04899817748886
PAN,1980,2024,USD,WEO,Apr2025,0.338770655822839
PAN,1981,2024,USD,WEO,Apr2025,0.351128443417716
PAN,1982,2024,USD,WEO,Apr2025,0.368267692445101
PAN,1983,2024,USD,WEO,Apr2025,0.395878128810902
PAN,1984,2024,USD,WEO,Apr2025,0.40230523801343
PAN,1985,2024,USD,WEO,Apr2025,0.405554109792474
PAN,1986,2024,USD,WEO,Apr2025,0.406908062928259
PAN,1987,2024,USD,WEO,Apr2025,0.41625643513087
PAN,1988,2024,USD,WEO,Apr2025,0.415427046980541
PAN,1989,2024,USD,WEO,Apr2025,0.41016552986657
PAN,1990,2024,USD,WEO,Apr2025,0.412468745326056
PAN,1991,2024,USD,WEO,Apr2025,0.414529214842929
PAN,1992,2024,USD,WEO,Apr2025,0.435499468175612
PAN,1993,2024,USD,WEO,Apr2025,0.450956086059224
PAN,1994,2024,USD,WEO,Apr2025,0.467547156961276
PAN,1995,2024,USD,WEO,Apr2025,0.469716092441436
PAN,1996,2024,USD,WEO,Apr2025,0.515843008758737
PAN,1997,2024,USD,WEO,Apr2025,0.523510196168179
PAN,1998,2024,USD,WEO,Apr2025,0.528780941981847
PAN,1999,2024,USD,WEO,Apr2025,0.533425523739233
PAN,2000,2024,USD,WEO,Apr2025,0.526652292820873
PAN,2001,2024,USD,WEO,Apr2025,0.532136718727007
PAN,2002,2024,USD,WEO,Apr2025,0.540958069993398
PAN,2003,2024,USD,WEO,Apr2025,0.546975939328268
PAN,2004,2024,USD,WEO,Apr2025,0.557777880364431
PAN,2005,2024,USD,WEO,Apr2025,0.567573563173808
PAN,2006,2024,USD,WEO,Apr2025,0.579466436615515
PAN,2007,2024,USD,WEO,Apr2025,0.597012998373956
PAN,2008,2024,USD,WEO,Apr2025,0.641937379561839
PAN,2009,2024,USD,WEO,Apr2025,0.683473135401564
PAN,2010,2024,USD,WEO,Apr2025,0.701193097790379
PAN,2011,2024,USD,WEO,Apr2025,0.742167323327817
PAN,2012,2024,USD,WEO,Apr2025,0.787985845581508
PAN,2013,2024,USD,WEO,Apr2025,0.83137445791375
PAN,2014,2024,USD,WEO,Apr2025,0.866271174729287
PAN,2015,2024,USD,WEO,Apr2025,0.887739350973024
PAN,2016,2024,USD,WEO,Apr2025,0.905516379063184
PAN,2017,2024,USD,WEO,Apr2025,0.921169015488502
PAN,2018,2024,USD,WEO,Apr2025,0.927375324705632
PAN,2019,2024,USD,WEO,Apr2025,0.930302931804481
PAN,2020,2024,USD,WEO,Apr2025,0.92517333791439
PAN,2021,2024,USD,WEO,Apr2025,0.943077393394902
PAN,2022,2024,USD,WEO,Apr2025,0.966182768265327
PAN,2023,2024,USD,WEO,Apr2025,0.978470007298604
PAN,2024,2024,USD,WEO,Apr2025,1
PAN,2025,2024,USD,WEO,Apr2025,1.00525771441404
PAN,2026,2024,USD,WEO,Apr2025,1.02536455569477
PAN,2027,2024,USD,WEO,Apr2025,1.04586435266913
PAN,2028,2024,USD,WEO,Apr2025,1.06677979925367
PAN,2029,2024,USD,WEO,Apr2025,1.08811983443998
PAN,2030,2024,USD,WEO,Apr2025,1.10988142358178
PER,1980,2024,USD,WEO,Apr2025,0.244617262249577
PER,1981,2024,USD,WEO,Apr2025,0.280293562995597
PER,1982,2024,USD,WEO,Apr2025,0.279602590181769
PER,1983,2024,USD,WEO,Apr2025,0.239778729677186
PER,1984,2024,USD,WEO,Apr2025,0.238088978446855
PER,1985,2024,USD,WEO,Apr2025,0.20180078346509
PER,1986,2024,USD,WEO,Apr2025,0.270082909153646
PER,1987,2024,USD,WEO,Apr2025,0.413961323455897
PER,1988,2024,USD,WEO,Apr2025,0.361595671808152
PER,1989,2024,USD,WEO,Apr2025,0.515436416656267
PER,1990,2024,USD,WEO,Apr2025,0.377976359747213
PER,1991,2024,USD,WEO,Apr2025,0.443683592629653
PER,1992,2024,USD,WEO,Apr2025,0.464327785251222
PER,1993,2024,USD,WEO,Apr2025,0.428134404173879
PER,1994,2024,USD,WEO,Apr2025,0.479988280439849
PER,1995,2024,USD,WEO,Apr2025,0.531179091372926
PER,1996,2024,USD,WEO,Apr2025,0.537151536216571
PER,1997,2024,USD,WEO,Apr2025,0.531579298370135
PER,1998,2024,USD,WEO,Apr2025,0.511264700429132
PER,1999,2024,USD,WEO,Apr2025,0.455161742795149
PER,2000,2024,USD,WEO,Apr2025,0.458637164754509
PER,2001,2024,USD,WEO,Apr2025,0.461430536687807
PER,2002,2024,USD,WEO,Apr2025,0.462601793946346
PER,2003,2024,USD,WEO,Apr2025,0.481828303902893
PER,2004,2024,USD,WEO,Apr2025,0.518578390279941
PER,2005,2024,USD,WEO,Apr2025,0.547723465549392
PER,2006,2024,USD,WEO,Apr2025,0.600135180157033
PER,2007,2024,USD,WEO,Apr2025,0.646157585375278
PER,2008,2024,USD,WEO,Apr2025,0.702910488961927
PER,2009,2024,USD,WEO,Apr2025,0.698637369427507
PER,2010,2024,USD,WEO,Apr2025,0.789543362421164
PER,2011,2024,USD,WEO,Apr2025,0.852724124504255
PER,2012,2024,USD,WEO,Apr2025,0.906097919097384
PER,2013,2024,USD,WEO,Apr2025,0.899248901064917
PER,2014,2024,USD,WEO,Apr2025,0.881541247302082
PER,2015,2024,USD,WEO,Apr2025,0.80796322586093
PER,2016,2024,USD,WEO,Apr2025,0.791336879252552
PER,2017,2024,USD,WEO,Apr2025,0.85142206635099
PER,2018,2024,USD,WEO,Apr2025,0.860530987731007
PER,2019,2024,USD,WEO,Apr2025,0.861726069581556
PER,2020,2024,USD,WEO,Apr2025,0.856673045730433
PER,2021,2024,USD,WEO,Apr2025,0.828202516488091
PER,2022,2024,USD,WEO,Apr2025,0.87019630665362
PER,2023,2024,USD,WEO,Apr2025,0.956160013353167
PER,2024,2024,USD,WEO,Apr2025,1
PER,2025,2024,USD,WEO,Apr2025,1.02022813621499
PER,2026,2024,USD,WEO,Apr2025,1.04608077611502
PER,2027,2024,USD,WEO,Apr2025,1.06704453744504
PER,2028,2024,USD,WEO,Apr2025,1.086800222704
PER,2029,2024,USD,WEO,Apr2025,1.10830984766794
PER,2030,2024,USD,WEO,Apr2025,1.13081984279246
PHL,1980,2024,USD,WEO,Apr2025,0.4030667268764
PHL,1981,2024,USD,WEO,Apr2025,0.428118887788047
PHL,1982,2024,USD,WEO,Apr2025,0.430469989179539
PHL,1983,2024,USD,WEO,Apr2025,0.377864210755366
PHL,1984,2024,USD,WEO,Apr2025,0.385241135023297
PHL,1985,2024,USD,WEO,Apr2025,0.405329598129337
PHL,1986,2024,USD,WEO,Apr2025,0.382478527173737
PHL,1987,2024,USD,WEO,Apr2025,0.407525664765873
PHL,1988,2024,USD,WEO,Apr2025,0.435699253178232
PHL,1989,2024,USD,WEO,Apr2025,0.461025416550455
PHL,1990,2024,USD,WEO,Apr2025,0.464505795844672
PHL,1991,2024,USD,WEO,Apr2025,0.478326259043251
PHL,1992,2024,USD,WEO,Apr2025,0.55579183000673
PHL,1993,2024,USD,WEO,Apr2025,0.558461773297466
PHL,1994,2024,USD,WEO,Apr2025,0.630983635568263
PHL,1995,2024,USD,WEO,Apr2025,0.697767991058706
PHL,1996,2024,USD,WEO,Apr2025,0.737061273430051
PHL,1997,2024,USD,WEO,Apr2025,0.696694446575435
PHL,1998,2024,USD,WEO,Apr2025,0.554335509780055
PHL,1999,2024,USD,WEO,Apr2025,0.616660387830171
PHL,2000,2024,USD,WEO,Apr2025,0.577156798428509
PHL,2001,2024,USD,WEO,Apr2025,0.528309495469884
PHL,2002,2024,USD,WEO,Apr2025,0.544143835429705
PHL,2003,2024,USD,WEO,Apr2025,0.534582794058876
PHL,2004,2024,USD,WEO,Apr2025,0.547523723709669
PHL,2005,2024,USD,WEO,Apr2025,0.589937501481691
PHL,2006,2024,USD,WEO,Apr2025,0.665667764430461
PHL,2007,2024,USD,WEO,Apr2025,0.763604248481631
PHL,2008,2024,USD,WEO,Apr2025,0.84923387469356
PHL,2009,2024,USD,WEO,Apr2025,0.814566819880692
PHL,2010,2024,USD,WEO,Apr2025,0.897801229997264
PHL,2011,2024,USD,WEO,Apr2025,0.971685109403483
PHL,2012,2024,USD,WEO,Apr2025,1.01650677693598
PHL,2013,2024,USD,WEO,Apr2025,1.03214246409835
PHL,2014,2024,USD,WEO,Apr2025,1.01696018413454
PHL,2015,2024,USD,WEO,Apr2025,0.985065178885229
PHL,2016,2024,USD,WEO,Apr2025,0.955884595504167
PHL,2017,2024,USD,WEO,Apr2025,0.92157251564123
PHL,2018,2024,USD,WEO,Apr2025,0.915061328273165
PHL,2019,2024,USD,WEO,Apr2025,0.936834280553798
PHL,2020,2024,USD,WEO,Apr2025,0.993969183461176
PHL,2021,2024,USD,WEO,Apr2025,1.02427995623081
PHL,2022,2024,USD,WEO,Apr2025,0.976903483469249
PHL,2023,2024,USD,WEO,Apr2025,1.00068275345145
PHL,2024,2024,USD,WEO,Apr2025,1
PHL,2025,2024,USD,WEO,Apr2025,1.02177029930787
PHL,2026,2024,USD,WEO,Apr2025,1.04631350911066
PHL,2027,2024,USD,WEO,Apr2025,1.07259707304851
PHL,2028,2024,USD,WEO,Apr2025,1.09954786420087
PHL,2029,2024,USD,WEO,Apr2025,1.12717589441977
PHL,2030,2024,USD,WEO,Apr2025,1.1554967733838
PLW,1980,2024,USD,WEO_est,Apr2025,0.305151112604845
PLW,1981,2024,USD,WEO_est,Apr2025,0.313346427653774
PLW,1982,2024,USD,WEO_est,Apr2025,0.321761840831062
PLW,1983,2024,USD,WEO_est,Apr2025,0.330403263219544
PLW,1984,2024,USD,WEO_est,Apr2025,0.33927676465352
PLW,1985,2024,USD,WEO_est,Apr2025,0.348388577982274
PLW,1986,2024,USD,WEO_est,Apr2025,0.357745103448102
PLW,1987,2024,USD,WEO_est,Apr2025,0.367352913181916
PLW,1988,2024,USD,WEO_est,Apr2025,0.37721875581958
PLW,1989,2024,USD,WEO_est,Apr2025,0.387349561242235
PLW,1990,2024,USD,WEO_est,Apr2025,0.397752445443923
PLW,1991,2024,USD,WEO_est,Apr2025,0.408434715529944
PLW,1992,2024,USD,WEO_est,Apr2025,0.419403874849452
PLW,1993,2024,USD,WEO_est,Apr2025,0.43066762826589
PLW,1994,2024,USD,WEO_est,Apr2025,0.44223388756898
PLW,1995,2024,USD,WEO_est,Apr2025,0.454110777032049
PLW,1996,2024,USD,WEO_est,Apr2025,0.466306639118618
PLW,1997,2024,USD,WEO_est,Apr2025,0.478830040342237
PLW,1998,2024,USD,WEO_est,Apr2025,0.491689777283709
PLW,1999,2024,USD,WEO_est,Apr2025,0.504894882769907
PLW,2000,2024,USD,WEO,Apr2025,0.518454632218534
PLW,2001,2024,USD,WEO,Apr2025,0.511953785098323
PLW,2002,2024,USD,WEO,Apr2025,0.501201476010067
PLW,2003,2024,USD,WEO,Apr2025,0.486965251105239
PLW,2004,2024,USD,WEO,Apr2025,0.504024349947062
PLW,2005,2024,USD,WEO,Apr2025,0.548914006164056
PLW,2006,2024,USD,WEO,Apr2025,0.56237629354278
PLW,2007,2024,USD,WEO,Apr2025,0.573166265462825
PLW,2008,2024,USD,WEO,Apr2025,0.616154264831729
PLW,2009,2024,USD,WEO,Apr2025,0.607334871302507
PLW,2010,2024,USD,WEO,Apr2025,0.626292752933814
PLW,2011,2024,USD,WEO,Apr2025,0.634878920571408
PLW,2012,2024,USD,WEO,Apr2025,0.685859150210836
PLW,2013,2024,USD,WEO,Apr2025,0.731126904877046
PLW,2014,2024,USD,WEO,Apr2025,0.760558597938359
PLW,2015,2024,USD,WEO,Apr2025,0.809176373435574
PLW,2016,2024,USD,WEO,Apr2025,0.852164915375495
PLW,2017,2024,USD,WEO,Apr2025,0.844493507235303
PLW,2018,2024,USD,WEO,Apr2025,0.842189767309309
PLW,2019,2024,USD,WEO,Apr2025,0.822169417211226
PLW,2020,2024,USD,WEO,Apr2025,0.803277569362929
PLW,2021,2024,USD,WEO,Apr2025,0.831046312843898
PLW,2022,2024,USD,WEO,Apr2025,0.880185959223529
PLW,2023,2024,USD,WEO,Apr2025,0.962850490196078
PLW,2024,2024,USD,WEO,Apr2025,1
PLW,2025,2024,USD,WEO,Apr2025,1.02915169529099
PLW,2026,2024,USD,WEO,Apr2025,1.05103334359652
PLW,2027,2024,USD,WEO,Apr2025,1.07579738528893
PLW,2028,2024,USD,WEO,Apr2025,1.09959436905943
PLW,2029,2024,USD,WEO,Apr2025,1.12306597536734
PLW,2030,2024,USD,WEO,Apr2025,1.14816541550449
PNG,1980,2024,USD,WEO,Apr2025,0.572182468458785
PNG,1981,2024,USD,WEO,Apr2025,0.555163592874318
PNG,1982,2024,USD,WEO,Apr2025,0.522305495536369
PNG,1983,2024,USD,WEO,Apr2025,0.504149235624224
PNG,1984,2024,USD,WEO,Apr2025,0.470287487147755
PNG,1985,2024,USD,WEO,Apr2025,0.420528946846716
PNG,1986,2024,USD,WEO,Apr2025,0.432928332715392
PNG,1987,2024,USD,WEO,Apr2025,0.463004344089596
PNG,1988,2024,USD,WEO,Apr2025,0.625366257245661
PNG,1989,2024,USD,WEO,Apr2025,0.615368111435127
PNG,1990,2024,USD,WEO,Apr2025,0.576928922461045
PNG,1991,2024,USD,WEO,Apr2025,0.619417015771244
PNG,1992,2024,USD,WEO,Apr2025,0.6287758256284
PNG,1993,2024,USD,WEO,Apr2025,0.630562539040492
PNG,1994,2024,USD,WEO,Apr2025,0.627218944109941
PNG,1995,2024,USD,WEO,Apr2025,0.5749685776978
PNG,1996,2024,USD,WEO,Apr2025,0.574005676385376
PNG,1997,2024,USD,WEO,Apr2025,0.585813412734308
PNG,1998,2024,USD,WEO,Apr2025,0.427712528562495
PNG,1999,2024,USD,WEO,Apr2025,0.383200491371858
PNG,2000,2024,USD,WEO,Apr2025,0.400517967781521
PNG,2001,2024,USD,WEO,Apr2025,0.351515147926411
PNG,2002,2024,USD,WEO,Apr2025,0.340885630742411
PNG,2003,2024,USD,WEO,Apr2025,0.391061825896876
PNG,2004,2024,USD,WEO,Apr2025,0.444855340506233
PNG,2005,2024,USD,WEO,Apr2025,0.498747598958848
PNG,2006,2024,USD,WEO,Apr2025,0.553744948790774
PNG,2007,2024,USD,WEO,Apr2025,0.586759417718128
PNG,2008,2024,USD,WEO,Apr2025,0.719580893356149
PNG,2009,2024,USD,WEO,Apr2025,0.670762930101492
PNG,2010,2024,USD,WEO,Apr2025,0.747046936896135
PNG,2011,2024,USD,WEO,Apr2025,0.932454118845057
PNG,2012,2024,USD,WEO,Apr2025,1.05493667870615
PNG,2013,2024,USD,WEO,Apr2025,1.01444964781184
PNG,2014,2024,USD,WEO,Apr2025,0.975385892864359
PNG,2015,2024,USD,WEO,Apr2025,0.856530839386077
PNG,2016,2024,USD,WEO,Apr2025,0.775907777149605
PNG,2017,2024,USD,WEO,Apr2025,0.821039855711768
PNG,2018,2024,USD,WEO,Apr2025,0.872824792092452
PNG,2019,2024,USD,WEO,Apr2025,0.857609236010245
PNG,2020,2024,USD,WEO,Apr2025,0.853346232334192
PNG,2021,2024,USD,WEO,Apr2025,0.939193364175419
PNG,2022,2024,USD,WEO,Apr2025,1.07698431128477
PNG,2023,2024,USD,WEO,Apr2025,1.00712370506097
PNG,2024,2024,USD,WEO,Apr2025,1
PNG,2025,2024,USD,WEO,Apr2025,0.991976341882364
PNG,2026,2024,USD,WEO,Apr2025,0.990218415221101
PNG,2027,2024,USD,WEO,Apr2025,0.999684587407656
PNG,2028,2024,USD,WEO,Apr2025,1.00338508808395
PNG,2029,2024,USD,WEO,Apr2025,1.00351689153898
PNG,2030,2024,USD,WEO,Apr2025,1.00983587476577
POL,1960,2024,USD,OECD,Apr2026,0
POL,1961,2024,USD,OECD,Apr2026,0
POL,1962,2024,USD,OECD,Apr2026,0
POL,1963,2024,USD,OECD,Apr2026,0
POL,1964,2024,USD,OECD,Apr2026,0
POL,1965,2024,USD,OECD,Apr2026,0
POL,1966,2024,USD,OECD,Apr2026,0
POL,1967,2024,USD,OECD,Apr2026,0
POL,1968,2024,USD,OECD,Apr2026,0
POL,1969,2024,USD,OECD,Apr2026,0
POL,1970,2024,USD,OECD,Apr2026,0
POL,1971,2024,USD,OECD,Apr2026,0
POL,1972,2024,USD,OECD,Apr2026,0
POL,1973,2024,USD,OECD,Apr2026,0
POL,1974,2024,USD,OECD,Apr2026,0
POL,1975,2024,USD,OECD,Apr2026,0.24204872
POL,1976,2024,USD,OECD,Apr2026,0.24997783
POL,1977,2024,USD,OECD,Apr2026,0.27134711
POL,1978,2024,USD,OECD,Apr2026,0.31056562
POL,1979,2024,USD,OECD,Apr2026,0.35485973
POL,1980,2024,USD,OECD,Apr2026,0.38599127
POL,1981,2024,USD,OECD,Apr2026,0.37568561
POL,1982,2024,USD,OECD,Apr2026,0.36695295
POL,1983,2024,USD,OECD,Apr2026,0.36887866
POL,1984,2024,USD,OECD,Apr2026,0.36258462
POL,1985,2024,USD,OECD,Apr2026,0.36270162
POL,1986,2024,USD,OECD,Apr2026,0.44206557
POL,1987,2024,USD,OECD,Apr2026,0.51320688
POL,1988,2024,USD,OECD,Apr2026,0.55160135
POL,1989,2024,USD,OECD,Apr2026,0.55608109
POL,1990,2024,USD,OECD,Apr2026,0.12477165
POL,1991,2024,USD,OECD,Apr2026,0.19371547
POL,1992,2024,USD,OECD,Apr2026,0.26853898
POL,1993,2024,USD,OECD,Apr2026,0.35082683
POL,1994,2024,USD,OECD,Apr2026,0.38415896
POL,1995,2024,USD,OECD,Apr2026,0.46078339
POL,1996,2024,USD,OECD,Apr2026,0.48753909
POL,1997,2024,USD,OECD,Apr2026,0.45676034
POL,1998,2024,USD,OECD,Apr2026,0.4761185
POL,1999,2024,USD,OECD,Apr2026,0.4445777
POL,2000,2024,USD,OECD,Apr2026,0.43527209
POL,2001,2024,USD,OECD,Apr2026,0.47869102
POL,2002,2024,USD,OECD,Apr2026,0.49085865
POL,2003,2024,USD,OECD,Apr2026,0.51841464
POL,2004,2024,USD,OECD,Apr2026,0.57945128
POL,2005,2024,USD,OECD,Apr2026,0.67236887
POL,2006,2024,USD,OECD,Apr2026,0.71189325
POL,2007,2024,USD,OECD,Apr2026,0.82925949
POL,2008,2024,USD,OECD,Apr2026,0.97601027
POL,2009,2024,USD,OECD,Apr2026,0.79761495
POL,2010,2024,USD,OECD,Apr2026,0.83482231
POL,2011,2024,USD,OECD,Apr2026,0.87539274
POL,2012,2024,USD,OECD,Apr2026,0.81481736
POL,2013,2024,USD,OECD,Apr2026,0.84117279
POL,2014,2024,USD,OECD,Apr2026,0.84728209
POL,2015,2024,USD,OECD,Apr2026,0.71787308
POL,2016,2024,USD,OECD,Apr2026,0.68717009
POL,2017,2024,USD,OECD,Apr2026,0.72895866
POL,2018,2024,USD,OECD,Apr2026,0.77238315
POL,2019,2024,USD,OECD,Apr2026,0.74875037
POL,2020,2024,USD,OECD,Apr2026,0.76864751
POL,2021,2024,USD,OECD,Apr2026,0.81882003
POL,2022,2024,USD,OECD,Apr2026,0.78198257
POL,2023,2024,USD,OECD,Apr2026,0.91311363
POL,2024,2024,USD,OECD,Apr2026,1
POL,2025,2024,USD,OECD,Apr2026,1.08694596
POL,2026,2024,USD,WEO,Apr2025,1.07605668813133
POL,2027,2024,USD,WEO,Apr2025,1.10606533993166
POL,2028,2024,USD,WEO,Apr2025,1.13771145764504
POL,2029,2024,USD,WEO,Apr2025,1.1704556910552
POL,2030,2024,USD,WEO,Apr2025,1.20427821140361
PRI,1980,2024,USD,WEO,Apr2025,0.249304410329427
PRI,1981,2024,USD,WEO,Apr2025,0.272637034987502
PRI,1982,2024,USD,WEO,Apr2025,0.295451488000657
PRI,1983,2024,USD,WEO,Apr2025,0.303074296507767
PRI,1984,2024,USD,WEO,Apr2025,0.313236023230014
PRI,1985,2024,USD,WEO,Apr2025,0.324944376099338
PRI,1986,2024,USD,WEO,Apr2025,0.325296917021846
PRI,1987,2024,USD,WEO,Apr2025,0.336993669356734
PRI,1988,2024,USD,WEO,Apr2025,0.346879015836345
PRI,1989,2024,USD,WEO,Apr2025,0.356927675811547
PRI,1990,2024,USD,WEO,Apr2025,0.372358135757446
PRI,1991,2024,USD,WEO,Apr2025,0.383988071326018
PRI,1992,2024,USD,WEO,Apr2025,0.393876747080095
PRI,1993,2024,USD,WEO,Apr2025,0.40131588362873
PRI,1994,2024,USD,WEO,Apr2025,0.414068358879918
PRI,1995,2024,USD,WEO,Apr2025,0.425548052281814
PRI,1996,2024,USD,WEO,Apr2025,0.442197366032057
PRI,1997,2024,USD,WEO,Apr2025,0.44808692075974
PRI,1998,2024,USD,WEO,Apr2025,0.472165486616384
PRI,1999,2024,USD,WEO,Apr2025,0.483604789744046
PRI,2000,2024,USD,WEO,Apr2025,0.499541362939857
PRI,2001,2024,USD,WEO,Apr2025,0.515257837385188
PRI,2002,2024,USD,WEO,Apr2025,0.525140009469178
PRI,2003,2024,USD,WEO,Apr2025,0.536384159866968
PRI,2004,2024,USD,WEO,Apr2025,0.557059617530308
PRI,2005,2024,USD,WEO,Apr2025,0.593776601130901
PRI,2006,2024,USD,WEO,Apr2025,0.626390911111409
PRI,2007,2024,USD,WEO,Apr2025,0.650079010061925
PRI,2008,2024,USD,WEO,Apr2025,0.692734122022076
PRI,2009,2024,USD,WEO,Apr2025,0.727252179343832
PRI,2010,2024,USD,WEO,Apr2025,0.745383297376323
PRI,2011,2024,USD,WEO,Apr2025,0.763055942716206
PRI,2012,2024,USD,WEO,Apr2025,0.772055448845412
PRI,2013,2024,USD,WEO,Apr2025,0.781181081571608
PRI,2014,2024,USD,WEO,Apr2025,0.790558224449129
PRI,2015,2024,USD,WEO,Apr2025,0.806191827331207
PRI,2016,2024,USD,WEO,Apr2025,0.824102978474415
PRI,2017,2024,USD,WEO,Apr2025,0.841338041520104
PRI,2018,2024,USD,WEO,Apr2025,0.858552934560976
PRI,2019,2024,USD,WEO,Apr2025,0.879261436821001
PRI,2020,2024,USD,WEO,Apr2025,0.900213415558921
PRI,2021,2024,USD,WEO,Apr2025,0.925411564942524
PRI,2022,2024,USD,WEO,Apr2025,0.9534757812065
PRI,2023,2024,USD,WEO,Apr2025,0.984319628362182
PRI,2024,2024,USD,WEO,Apr2025,1
PRI,2025,2024,USD,WEO,Apr2025,1.02093009179488
PRI,2026,2024,USD,WEO,Apr2025,1.04074424405394
PRI,2027,2024,USD,WEO,Apr2025,1.06101238263185
PRI,2028,2024,USD,WEO,Apr2025,1.08065796138306
PRI,2029,2024,USD,WEO,Apr2025,1.09799544654718
PRI,2030,2024,USD,WEO,Apr2025,1.11477152263131
PRK,1960,2024,USD,OECD,Apr2026,0.11053475
PRK,1961,2024,USD,OECD,Apr2026,0.11319964
PRK,1962,2024,USD,OECD,Apr2026,0.11711019
PRK,1963,2024,USD,OECD,Apr2026,0.12028961
PRK,1964,2024,USD,OECD,Apr2026,0.12294403
PRK,1965,2024,USD,OECD,Apr2026,0.12633537
PRK,1966,2024,USD,OECD,Apr2026,0.12954192
PRK,1967,2024,USD,OECD,Apr2026,0.13233152
PRK,1968,2024,USD,OECD,Apr2026,0.13672161
PRK,1969,2024,USD,OECD,Apr2026,0.1417826
PRK,1970,2024,USD,OECD,Apr2026,0.14235056
PRK,1971,2024,USD,OECD,Apr2026,0.15186995
PRK,1972,2024,USD,OECD,Apr2026,0.16753833
PRK,1973,2024,USD,OECD,Apr2026,0.19417575
PRK,1974,2024,USD,OECD,Apr2026,0.21353572
PRK,1975,2024,USD,OECD,Apr2026,0.24204872
PRK,1976,2024,USD,OECD,Apr2026,0.24997783
PRK,1977,2024,USD,OECD,Apr2026,0.27134711
PRK,1978,2024,USD,OECD,Apr2026,0.31056562
PRK,1979,2024,USD,OECD,Apr2026,0.35485973
PRK,1980,2024,USD,OECD,Apr2026,0.38599127
PRK,1981,2024,USD,OECD,Apr2026,0.37568561
PRK,1982,2024,USD,OECD,Apr2026,0.36695295
PRK,1983,2024,USD,OECD,Apr2026,0.36887866
PRK,1984,2024,USD,OECD,Apr2026,0.36258462
PRK,1985,2024,USD,OECD,Apr2026,0.36270162
PRK,1986,2024,USD,OECD,Apr2026,0.44206557
PRK,1987,2024,USD,OECD,Apr2026,0.51320688
PRK,1988,2024,USD,OECD,Apr2026,0.55160135
PRK,1989,2024,USD,OECD,Apr2026,0.55608109
PRK,1990,2024,USD,OECD,Apr2026,0.60988323
PRK,1991,2024,USD,OECD,Apr2026,0.63572072
PRK,1992,2024,USD,OECD,Apr2026,0.66863429
PRK,1993,2024,USD,OECD,Apr2026,0.65256434
PRK,1994,2024,USD,OECD,Apr2026,0.68600421
PRK,1995,2024,USD,OECD,Apr2026,0.76942941
PRK,1996,2024,USD,OECD,Apr2026,0.71780542
PRK,1997,2024,USD,OECD,Apr2026,0.67694103
PRK,1998,2024,USD,OECD,Apr2026,0.66636733
PRK,1999,2024,USD,OECD,Apr2026,0.67662909
PRK,2000,2024,USD,OECD,Apr2026,0.651094
PRK,2001,2024,USD,OECD,Apr2026,0.61256716
PRK,2002,2024,USD,OECD,Apr2026,0.63311269
PRK,2003,2024,USD,OECD,Apr2026,0.71089846
PRK,2004,2024,USD,OECD,Apr2026,0.76724772
PRK,2005,2024,USD,OECD,Apr2026,0.78969407
PRK,2006,2024,USD,OECD,Apr2026,0.81473753
PRK,2007,2024,USD,OECD,Apr2026,0.87438292
PRK,2008,2024,USD,OECD,Apr2026,0.91574213
PRK,2009,2024,USD,OECD,Apr2026,0.88346628
PRK,2010,2024,USD,OECD,Apr2026,0.89193215
PRK,2011,2024,USD,OECD,Apr2026,0.94556494
PRK,2012,2024,USD,OECD,Apr2026,0.92337488
PRK,2013,2024,USD,OECD,Apr2026,0.93462087
PRK,2014,2024,USD,OECD,Apr2026,0.9340638
PRK,2015,2024,USD,OECD,Apr2026,0.8438034
PRK,2016,2024,USD,OECD,Apr2026,0.83457093
PRK,2017,2024,USD,OECD,Apr2026,0.85219247
PRK,2018,2024,USD,OECD,Apr2026,0.88742997
PRK,2019,2024,USD,OECD,Apr2026,0.87370206
PRK,2020,2024,USD,OECD,Apr2026,0.90077616
PRK,2021,2024,USD,OECD,Apr2026,0.95776544
PRK,2022,2024,USD,OECD,Apr2026,0.93027251
PRK,2023,2024,USD,OECD,Apr2026,0.97668439
PRK,2024,2024,USD,OECD,Apr2026,1
PRK,2025,2024,USD,OECD,Apr2026,1.05193723
PRK,2026,2024,USD,WEO,Apr2025,1.04507247758326
PRK,2027,2024,USD,WEO,Apr2025,1.06671061378565
PRK,2028,2024,USD,WEO,Apr2025,1.09099965043634
PRK,2029,2024,USD,WEO,Apr2025,1.11394811494906
PRK,2030,2024,USD,WEO,Apr2025,1.13875922517087
PRT,1960,2024,USD,OECD,Apr2026,0.07047734
PRT,1961,2024,USD,OECD,Apr2026,0.07185086
PRT,1962,2024,USD,OECD,Apr2026,0.07183876
PRT,1963,2024,USD,OECD,Apr2026,0.07337295
PRT,1964,2024,USD,OECD,Apr2026,0.07448155
PRT,1965,2024,USD,OECD,Apr2026,0.07745912
PRT,1966,2024,USD,OECD,Apr2026,0.08152649
PRT,1967,2024,USD,OECD,Apr2026,0.08463314
PRT,1968,2024,USD,OECD,Apr2026,0.08625052
PRT,1969,2024,USD,OECD,Apr2026,0.0930249
PRT,1970,2024,USD,OECD,Apr2026,0.09475872
PRT,1971,2024,USD,OECD,Apr2026,0.10084625
PRT,1972,2024,USD,OECD,Apr2026,0.11354873
PRT,1973,2024,USD,OECD,Apr2026,0.13774606
PRT,1974,2024,USD,OECD,Apr2026,0.15808746
PRT,1975,2024,USD,OECD,Apr2026,0.18207414
PRT,1976,2024,USD,OECD,Apr2026,0.17891255
PRT,1977,2024,USD,OECD,Apr2026,0.17830665
PRT,1978,2024,USD,OECD,Apr2026,0.18988787
PRT,1979,2024,USD,OECD,Apr2026,0.20372905
PRT,1980,2024,USD,OECD,Apr2026,0.2409175
PRT,1981,2024,USD,OECD,Apr2026,0.23021654
PRT,1982,2024,USD,OECD,Apr2026,0.21533953
PRT,1983,2024,USD,OECD,Apr2026,0.1922868
PRT,1984,2024,USD,OECD,Apr2026,0.18144337
PRT,1985,2024,USD,OECD,Apr2026,0.1902676
PRT,1986,2024,USD,OECD,Apr2026,0.26282516
PRT,1987,2024,USD,OECD,Apr2026,0.30452986
PRT,1988,2024,USD,OECD,Apr2026,0.33111806
PRT,1989,2024,USD,OECD,Apr2026,0.33529253
PRT,1990,2024,USD,OECD,Apr2026,0.41878575
PRT,1991,2024,USD,OECD,Apr2026,0.45450398
PRT,1992,2024,USD,OECD,Apr2026,0.54245023
PRT,1993,2024,USD,OECD,Apr2026,0.48870392
PRT,1994,2024,USD,OECD,Apr2026,0.50727988
PRT,1995,2024,USD,OECD,Apr2026,0.58101514
PRT,1996,2024,USD,OECD,Apr2026,0.57840129
PRT,1997,2024,USD,OECD,Apr2026,0.52901652
PRT,1998,2024,USD,OECD,Apr2026,0.53404139
PRT,1999,2024,USD,OECD,Apr2026,0.52852431
PRT,2000,2024,USD,OECD,Apr2026,0.47278566
PRT,2001,2024,USD,OECD,Apr2026,0.47650828
PRT,2002,2024,USD,OECD,Apr2026,0.5224546
PRT,2003,2024,USD,OECD,Apr2026,0.64780919
PRT,2004,2024,USD,OECD,Apr2026,0.72945052
PRT,2005,2024,USD,OECD,Apr2026,0.75404345
PRT,2006,2024,USD,OECD,Apr2026,0.78577141
PRT,2007,2024,USD,OECD,Apr2026,0.88240126
PRT,2008,2024,USD,OECD,Apr2026,0.94590422
PRT,2009,2024,USD,OECD,Apr2026,0.92326544
PRT,2010,2024,USD,OECD,Apr2026,0.88500986
PRT,2011,2024,USD,OECD,Apr2026,0.92664386
PRT,2012,2024,USD,OECD,Apr2026,0.85338529
PRT,2013,2024,USD,OECD,Apr2026,0.90153237
PRT,2014,2024,USD,OECD,Apr2026,0.90746118
PRT,2015,2024,USD,OECD,Apr2026,0.77357262
PRT,2016,2024,USD,OECD,Apr2026,0.78547569
PRT,2017,2024,USD,OECD,Apr2026,0.81297371
PRT,2018,2024,USD,OECD,Apr2026,0.86692798
PRT,2019,2024,USD,OECD,Apr2026,0.83736975
PRT,2020,2024,USD,OECD,Apr2026,0.87037535
PRT,2021,2024,USD,OECD,Apr2026,0.92145283
PRT,2022,2024,USD,OECD,Apr2026,0.86306799
PRT,2023,2024,USD,OECD,Apr2026,0.95387309
PRT,2024,2024,USD,OECD,Apr2026,1
PRT,2025,2024,USD,OECD,Apr2026,1.08124845
PRT,2026,2024,USD,WEO,Apr2025,1.0512112076252
PRT,2027,2024,USD,WEO,Apr2025,1.07185921704292
PRT,2028,2024,USD,WEO,Apr2025,1.09366951885394
PRT,2029,2024,USD,WEO,Apr2025,1.11647820163765
PRT,2030,2024,USD,WEO,Apr2025,1.13863665934942
PRY,1980,2024,USD,WEO,Apr2025,0.353864580899691
PRY,1981,2024,USD,WEO,Apr2025,0.413190551527803
PRY,1982,2024,USD,WEO,Apr2025,0.439118244097907
PRY,1983,2024,USD,WEO,Apr2025,0.502495437710706
PRY,1984,2024,USD,WEO,Apr2025,0.397086443217434
PRY,1985,2024,USD,WEO,Apr2025,0.326697713668563
PRY,1986,2024,USD,WEO,Apr2025,0.389091282991752
PRY,1987,2024,USD,WEO,Apr2025,0.313240256037513
PRY,1988,2024,USD,WEO,Apr2025,0.391836008073336
PRY,1989,2024,USD,WEO,Apr2025,0.26830537150122
PRY,1990,2024,USD,WEO,Apr2025,0.312334379625183
PRY,1991,2024,USD,WEO,Apr2025,0.429808671512319
PRY,1992,2024,USD,WEO,Apr2025,0.433170393286389
PRY,1993,2024,USD,WEO,Apr2025,0.418042720738948
PRY,1994,2024,USD,WEO,Apr2025,0.430992661016389
PRY,1995,2024,USD,WEO,Apr2025,0.464514473036485
PRY,1996,2024,USD,WEO,Apr2025,0.493954103275307
PRY,1997,2024,USD,WEO,Apr2025,0.482417482994503
PRY,1998,2024,USD,WEO,Apr2025,0.447982967420498
PRY,1999,2024,USD,WEO,Apr2025,0.433439737472069
PRY,2000,2024,USD,WEO,Apr2025,0.444661113137364
PRY,2001,2024,USD,WEO,Apr2025,0.430173101800798
PRY,2002,2024,USD,WEO,Apr2025,0.36442747616342
PRY,2003,2024,USD,WEO,Apr2025,0.373362786008361
PRY,2004,2024,USD,WEO,Apr2025,0.448985722261061
PRY,2005,2024,USD,WEO,Apr2025,0.490494596234805
PRY,2006,2024,USD,WEO,Apr2025,0.585324294416907
PRY,2007,2024,USD,WEO,Apr2025,0.738199019039382
PRY,2008,2024,USD,WEO,Apr2025,0.955555311005505
PRY,2009,2024,USD,WEO,Apr2025,0.870092960808822
PRY,2010,2024,USD,WEO,Apr2025,0.950452140785388
PRY,2011,2024,USD,WEO,Apr2025,1.13338358620669
PRY,2012,2024,USD,WEO,Apr2025,1.12654426747837
PRY,2013,2024,USD,WEO,Apr2025,1.2075817718419
PRY,2014,2024,USD,WEO,Apr2025,1.19803118314245
PRY,2015,2024,USD,WEO,Apr2025,1.04353725329792
PRY,2016,2024,USD,WEO,Apr2025,0.997477890029553
PRY,2017,2024,USD,WEO,Apr2025,1.02835928438089
PRY,2018,2024,USD,WEO,Apr2025,1.02781084911109
PRY,2019,2024,USD,WEO,Apr2025,0.97295357174344
PRY,2020,2024,USD,WEO,Apr2025,0.916511862772788
PRY,2021,2024,USD,WEO,Apr2025,0.993495155703856
PRY,2022,2024,USD,WEO,Apr2025,1.04144762756144
PRY,2023,2024,USD,WEO,Apr2025,1.01940757916752
PRY,2024,2024,USD,WEO,Apr2025,1
PRY,2025,2024,USD,WEO,Apr2025,0.995716611759351
PRY,2026,2024,USD,WEO,Apr2025,1.0175480406446
PRY,2027,2024,USD,WEO,Apr2025,1.03745941061577
PRY,2028,2024,USD,WEO,Apr2025,1.057862986927
PRY,2029,2024,USD,WEO,Apr2025,1.07892562596455
PRY,2030,2024,USD,WEO,Apr2025,1.09969587667415
PSE,1980,2024,USD,WEO,Apr2025,
PSE,1981,2024,USD,WEO,Apr2025,
PSE,1982,2024,USD,WEO,Apr2025,
PSE,1983,2024,USD,WEO,Apr2025,
PSE,1984,2024,USD,WEO,Apr2025,
PSE,1985,2024,USD,WEO,Apr2025,
PSE,1986,2024,USD,WEO,Apr2025,
PSE,1987,2024,USD,WEO,Apr2025,
PSE,1988,2024,USD,WEO,Apr2025,
PSE,1989,2024,USD,WEO,Apr2025,
PSE,1990,2024,USD,WEO,Apr2025,
PSE,1991,2024,USD,WEO,Apr2025,
PSE,1992,2024,USD,WEO,Apr2025,
PSE,1993,2024,USD,WEO,Apr2025,
PSE,1994,2024,USD,WEO,Apr2025,
PSE,1995,2024,USD,WEO,Apr2025,
PSE,1996,2024,USD,WEO,Apr2025,
PSE,1997,2024,USD,WEO,Apr2025,
PSE,1998,2024,USD,WEO,Apr2025,
PSE,1999,2024,USD,WEO,Apr2025,
PSE,2000,2024,USD,WEO,Apr2025,
PSE,2001,2024,USD,WEO,Apr2025,
PSE,2002,2024,USD,WEO,Apr2025,
PSE,2003,2024,USD,WEO,Apr2025,
PSE,2004,2024,USD,WEO,Apr2025,
PSE,2005,2024,USD,WEO,Apr2025,
PSE,2006,2024,USD,WEO,Apr2025,
PSE,2007,2024,USD,WEO,Apr2025,
PSE,2008,2024,USD,WEO,Apr2025,
PSE,2009,2024,USD,WEO,Apr2025,
PSE,2010,2024,USD,WEO,Apr2025,
PSE,2011,2024,USD,WEO,Apr2025,
PSE,2012,2024,USD,WEO,Apr2025,
PSE,2013,2024,USD,WEO,Apr2025,
PSE,2014,2024,USD,WEO,Apr2025,
PSE,2015,2024,USD,WEO,Apr2025,
PSE,2016,2024,USD,WEO,Apr2025,
PSE,2017,2024,USD,WEO,Apr2025,
PSE,2018,2024,USD,WEO,Apr2025,
PSE,2019,2024,USD,WEO,Apr2025,
PSE,2020,2024,USD,WEO,Apr2025,
PSE,2021,2024,USD,WEO,Apr2025,
PSE,2022,2024,USD,WEO,Apr2025,
PSE,2023,2024,USD,WEO,Apr2025,
PSE,2024,2024,USD,WEO,Apr2025,
PSE,2025,2024,USD,WEO,Apr2025,
PSE,2026,2024,USD,WEO,Apr2025,
PSE,2027,2024,USD,WEO,Apr2025,
PSE,2028,2024,USD,WEO,Apr2025,
PSE,2029,2024,USD,WEO,Apr2025,
PSE,2030,2024,USD,WEO,Apr2025,
QAT,1973,2024,USD,OECD,Apr2026,0.194834043907925
QAT,1974,2024,USD,OECD,Apr2026,0.214382613667024
QAT,1975,2024,USD,OECD,Apr2026,0.243034944307665
QAT,1976,2024,USD,OECD,Apr2026,0.251171410846491
QAT,1977,2024,USD,OECD,Apr2026,0.272676315407586
QAT,1978,2024,USD,OECD,Apr2026,0.31195136238975
QAT,1979,2024,USD,OECD,Apr2026,0.356473286582785
QAT,1980,2024,USD,OECD,Apr2026,0.386780592294244
QAT,1981,2024,USD,OECD,Apr2026,0.376976104666421
QAT,1982,2024,USD,OECD,Apr2026,0.367909269575313
QAT,1983,2024,USD,OECD,Apr2026,0.369344846560245
QAT,1984,2024,USD,OECD,Apr2026,0.362814276827015
QAT,1985,2024,USD,OECD,Apr2026,0.363283471129271
QAT,1986,2024,USD,OECD,Apr2026,0.442559353933769
QAT,1987,2024,USD,OECD,Apr2026,0.513256008332809
QAT,1988,2024,USD,OECD,Apr2026,0.551735977210081
QAT,1989,2024,USD,OECD,Apr2026,0.556110668618831
QAT,1990,2024,USD,OECD,Apr2026,0.609854428121692
QAT,1991,2024,USD,WEO,Apr2025,0.241728984785007
QAT,1992,2024,USD,OECD,Apr2026,0.668782222604531
QAT,1993,2024,USD,OECD,Apr2026,0.653008865350983
QAT,1994,2024,USD,OECD,Apr2026,0.686090970042173
QAT,1995,2024,USD,WEO,Apr2025,0.265534205238205
QAT,1996,2024,USD,WEO,Apr2025,0.288178891483382
QAT,1997,2024,USD,WEO,Apr2025,0.289972633534339
QAT,1998,2024,USD,WEO,Apr2025,0.223777041447911
QAT,1999,2024,USD,WEO,Apr2025,0.286233619714098
QAT,2000,2024,USD,WEO,Apr2025,0.429640153613602
QAT,2001,2024,USD,WEO,Apr2025,0.397794223076345
QAT,2002,2024,USD,WEO,Apr2025,0.411266914965192
QAT,2003,2024,USD,WEO,Apr2025,0.485137059688743
QAT,2004,2024,USD,WEO,Apr2025,0.525896556392593
QAT,2005,2024,USD,WEO,Apr2025,0.710484189295462
QAT,2006,2024,USD,WEO,Apr2025,0.728607328559334
QAT,2007,2024,USD,WEO,Apr2025,0.798980058427052
QAT,2008,2024,USD,WEO,Apr2025,1.00786028312091
QAT,2009,2024,USD,WEO,Apr2025,0.698086655142149
QAT,2010,2024,USD,WEO,Apr2025,0.804699685759161
QAT,2011,2024,USD,WEO,Apr2025,1.01330121622936
QAT,2012,2024,USD,WEO,Apr2025,1.07744751730978
QAT,2013,2024,USD,WEO,Apr2025,1.08571628066728
QAT,2014,2024,USD,WEO,Apr2025,1.06962125425933
QAT,2015,2024,USD,WEO,Apr2025,0.800828796252903
QAT,2016,2024,USD,WEO,Apr2025,0.72894108845907
QAT,2017,2024,USD,WEO,Apr2025,0.785711382241269
QAT,2018,2024,USD,WEO,Apr2025,0.88325254138033
QAT,2019,2024,USD,OECD,Apr2026,0.879948570716341
QAT,2020,2024,USD,OECD,Apr2026,0.906773099273934
QAT,2021,2024,USD,OECD,Apr2026,0.962011135940073
QAT,2022,2024,USD,OECD,Apr2026,0.933808741603418
QAT,2023,2024,USD,OECD,Apr2026,0.978695904559471
QAT,2024,2024,USD,OECD,Apr2026,1
QAT,2025,2024,USD,WEO,Apr2025,0.982305167709524
QAT,2026,2024,USD,WEO,Apr2025,0.985567574605491
QAT,2027,2024,USD,WEO,Apr2025,0.991729124678215
QAT,2028,2024,USD,WEO,Apr2025,1.00548076107029
QAT,2029,2024,USD,WEO,Apr2025,1.02474637310952
QAT,2030,2024,USD,WEO,Apr2025,1.03906852873625
ROU,1960,2024,USD,OECD,Apr2026,0
ROU,1961,2024,USD,OECD,Apr2026,0
ROU,1962,2024,USD,OECD,Apr2026,0
ROU,1963,2024,USD,OECD,Apr2026,0
ROU,1964,2024,USD,OECD,Apr2026,0
ROU,1965,2024,USD,OECD,Apr2026,0
ROU,1966,2024,USD,OECD,Apr2026,0
ROU,1967,2024,USD,OECD,Apr2026,0
ROU,1968,2024,USD,OECD,Apr2026,0
ROU,1969,2024,USD,OECD,Apr2026,0
ROU,1970,2024,USD,OECD,Apr2026,0
ROU,1971,2024,USD,OECD,Apr2026,0
ROU,1972,2024,USD,OECD,Apr2026,0
ROU,1973,2024,USD,OECD,Apr2026,0
ROU,1974,2024,USD,OECD,Apr2026,0
ROU,1975,2024,USD,OECD,Apr2026,0
ROU,1976,2024,USD,OECD,Apr2026,0
ROU,1977,2024,USD,OECD,Apr2026,0
ROU,1978,2024,USD,OECD,Apr2026,0
ROU,1979,2024,USD,OECD,Apr2026,0
ROU,1980,2024,USD,OECD,Apr2026,0
ROU,1981,2024,USD,OECD,Apr2026,0
ROU,1982,2024,USD,OECD,Apr2026,0
ROU,1983,2024,USD,OECD,Apr2026,0
ROU,1984,2024,USD,OECD,Apr2026,0
ROU,1985,2024,USD,OECD,Apr2026,0
ROU,1986,2024,USD,OECD,Apr2026,0
ROU,1987,2024,USD,OECD,Apr2026,0
ROU,1988,2024,USD,OECD,Apr2026,0
ROU,1989,2024,USD,OECD,Apr2026,0
ROU,1990,2024,USD,OECD,Apr2026,0
ROU,1991,2024,USD,OECD,Apr2026,0
ROU,1992,2024,USD,OECD,Apr2026,0
ROU,1993,2024,USD,OECD,Apr2026,0
ROU,1994,2024,USD,OECD,Apr2026,0
ROU,1995,2024,USD,OECD,Apr2026,0
ROU,1996,2024,USD,OECD,Apr2026,0
ROU,1997,2024,USD,OECD,Apr2026,0
ROU,1998,2024,USD,OECD,Apr2026,0
ROU,1999,2024,USD,OECD,Apr2026,0
ROU,2000,2024,USD,OECD,Apr2026,0
ROU,2001,2024,USD,OECD,Apr2026,0
ROU,2002,2024,USD,OECD,Apr2026,0
ROU,2003,2024,USD,OECD,Apr2026,0
ROU,2004,2024,USD,OECD,Apr2026,0
ROU,2005,2024,USD,OECD,Apr2026,0
ROU,2006,2024,USD,OECD,Apr2026,0
ROU,2007,2024,USD,OECD,Apr2026,0
ROU,2008,2024,USD,OECD,Apr2026,0
ROU,2009,2024,USD,OECD,Apr2026,0.88346628
ROU,2010,2024,USD,OECD,Apr2026,0.89193215
ROU,2011,2024,USD,OECD,Apr2026,0.94556494
ROU,2012,2024,USD,OECD,Apr2026,0.92337488
ROU,2013,2024,USD,OECD,Apr2026,0.71107796
ROU,2014,2024,USD,OECD,Apr2026,0.70799342
ROU,2015,2024,USD,OECD,Apr2026,0.62064884
ROU,2016,2024,USD,OECD,Apr2026,0.62837425
ROU,2017,2024,USD,OECD,Apr2026,0.65870531
ROU,2018,2024,USD,OECD,Apr2026,0.71905
ROU,2019,2024,USD,OECD,Apr2026,0.71541081
ROU,2020,2024,USD,OECD,Apr2026,0.74377516
ROU,2021,2024,USD,OECD,Apr2026,0.80125685
ROU,2022,2024,USD,OECD,Apr2026,0.79684162
ROU,2023,2024,USD,OECD,Apr2026,0.91756546
ROU,2024,2024,USD,OECD,Apr2026,1
ROU,2025,2024,USD,OECD,Apr2026,1.09501036
ROU,2026,2024,USD,WEO,Apr2025,1.05815785894483
ROU,2027,2024,USD,WEO,Apr2025,1.07815619804014
ROU,2028,2024,USD,WEO,Apr2025,1.09955136417055
ROU,2029,2024,USD,WEO,Apr2025,1.12307528172141
ROU,2030,2024,USD,WEO,Apr2025,1.14712047351276
RUS,1980,2024,USD,WEO_est,Apr2025,0.0225469420798232
RUS,1981,2024,USD,WEO_est,Apr2025,0.0243376034634188
RUS,1982,2024,USD,WEO_est,Apr2025,0.02627047784332
RUS,1983,2024,USD,WEO_est,Apr2025,0.0283568596700039
RUS,1984,2024,USD,WEO_est,Apr2025,0.0306089403908107
RUS,1985,2024,USD,WEO_est,Apr2025,0.0330398796887678
RUS,1986,2024,USD,WEO_est,Apr2025,0.0356638823791489
RUS,1987,2024,USD,WEO_est,Apr2025,0.0384962814130998
RUS,1988,2024,USD,WEO_est,Apr2025,0.0415536274733514
RUS,1989,2024,USD,WEO_est,Apr2025,0.0448537856855568
RUS,1990,2024,USD,WEO_est,Apr2025,0.0484160400103717
RUS,1991,2024,USD,WEO_est,Apr2025,0.0522612059262755
RUS,1992,2024,USD,WEO,Apr2025,0.0564117520615789
RUS,1993,2024,USD,WEO,Apr2025,0.169327055581119
RUS,1994,2024,USD,WEO,Apr2025,0.290374072186542
RUS,1995,2024,USD,WEO,Apr2025,0.346087318535844
RUS,1996,2024,USD,WEO,Apr2025,0.441154589993268
RUS,1997,2024,USD,WEO,Apr2025,0.457330740956509
RUS,1998,2024,USD,WEO,Apr2025,0.320384667274594
RUS,1999,2024,USD,WEO,Apr2025,0.219562544435069
RUS,2000,2024,USD,WEO,Apr2025,0.264789085491669
RUS,2001,2024,USD,WEO,Apr2025,0.297452105374763
RUS,2002,2024,USD,WEO,Apr2025,0.319927645815422
RUS,2003,2024,USD,WEO,Apr2025,0.371654675675267
RUS,2004,2024,USD,WEO,Apr2025,0.475975305423695
RUS,2005,2024,USD,WEO,Apr2025,0.577633924940089
RUS,2006,2024,USD,WEO,Apr2025,0.692847683572829
RUS,2007,2024,USD,WEO,Apr2025,0.838327814753527
RUS,2008,2024,USD,WEO,Apr2025,1.01701161758538
RUS,2009,2024,USD,WEO,Apr2025,0.811100875409517
RUS,2010,2024,USD,WEO,Apr2025,0.969038228546156
RUS,2011,2024,USD,WEO,Apr2025,1.16775079874634
RUS,2012,2024,USD,WEO,Apr2025,1.20203717185966
RUS,2013,2024,USD,WEO,Apr2025,1.23356117436139
RUS,2014,2024,USD,WEO,Apr2025,1.09634223572219
RUS,2015,2024,USD,WEO,Apr2025,0.740589943370859
RUS,2016,2024,USD,WEO,Apr2025,0.697719860911926
RUS,2017,2024,USD,WEO,Apr2025,0.842766999433156
RUS,2018,2024,USD,WEO,Apr2025,0.860288398932436
RUS,2019,2024,USD,WEO,Apr2025,0.863540417548554
RUS,2020,2024,USD,WEO,Apr2025,0.778478748647218
RUS,2021,2024,USD,WEO,Apr2025,0.90375197369325
RUS,2022,2024,USD,WEO,Apr2025,1.15084536426383
RUS,2023,2024,USD,WEO,Apr2025,0.992137368736423
RUS,2024,2024,USD,WEO,Apr2025,1
RUS,2025,2024,USD,WEO,Apr2025,0.946970574202918
RUS,2026,2024,USD,WEO,Apr2025,0.942806772423292
RUS,2027,2024,USD,WEO,Apr2025,0.963016988558484
RUS,2028,2024,USD,WEO,Apr2025,0.984839504140934
RUS,2029,2024,USD,WEO,Apr2025,1.00659038251025
RUS,2030,2024,USD,WEO,Apr2025,1.02942741390264
RWA,1980,2024,USD,WEO,Apr2025,0.750279916598108
RWA,1981,2024,USD,WEO,Apr2025,0.831243004890828
RWA,1982,2024,USD,WEO,Apr2025,0.909095686766275
RWA,1983,2024,USD,WEO,Apr2025,0.91615520319537
RWA,1984,2024,USD,WEO,Apr2025,0.776944225681156
RWA,1985,2024,USD,WEO,Apr2025,0.884215405051133
RWA,1986,2024,USD,WEO,Apr2025,0.949020554200783
RWA,1987,2024,USD,WEO,Apr2025,1.05695006387927
RWA,1988,2024,USD,WEO,Apr2025,1.12777038520005
RWA,1989,2024,USD,WEO,Apr2025,1.24896463454033
RWA,1990,2024,USD,WEO,Apr2025,1.18901206225274
RWA,1991,2024,USD,WEO,Apr2025,0.916475927173367
RWA,1992,2024,USD,WEO,Apr2025,0.912603772644731
RWA,1993,2024,USD,WEO,Apr2025,0.982181084448807
RWA,1994,2024,USD,WEO,Apr2025,1.07427965505413
RWA,1995,2024,USD,WEO,Apr2025,0.894223556702507
RWA,1996,2024,USD,WEO,Apr2025,0.868352220599361
RWA,1997,2024,USD,WEO,Apr2025,1.01714974781697
RWA,1998,2024,USD,WEO,Apr2025,1.00278254511298
RWA,1999,2024,USD,WEO,Apr2025,0.903276640875204
RWA,2000,2024,USD,WEO,Apr2025,0.801408943790872
RWA,2001,2024,USD,WEO,Apr2025,0.70915780944998
RWA,2002,2024,USD,WEO,Apr2025,0.625334174818245
RWA,2003,2024,USD,WEO,Apr2025,0.66660876651745
RWA,2004,2024,USD,WEO,Apr2025,0.692686372139415
RWA,2005,2024,USD,WEO,Apr2025,0.780804864744727
RWA,2006,2024,USD,WEO,Apr2025,0.80555472019906
RWA,2007,2024,USD,WEO,Apr2025,0.917903922515243
RWA,2008,2024,USD,WEO,Apr2025,1.05187867066916
RWA,2009,2024,USD,WEO,Apr2025,1.08390883373627
RWA,2010,2024,USD,WEO,Apr2025,1.08980560028937
RWA,2011,2024,USD,WEO,Apr2025,1.13482994283361
RWA,2012,2024,USD,WEO,Apr2025,1.16126019606947
RWA,2013,2024,USD,WEO,Apr2025,1.13300614329456
RWA,2014,2024,USD,WEO,Apr2025,1.1245035400313
RWA,2015,2024,USD,WEO,Apr2025,1.07127321975789
RWA,2016,2024,USD,WEO,Apr2025,1.02855639835019
RWA,2017,2024,USD,WEO,Apr2025,1.05316393856348
RWA,2018,2024,USD,WEO,Apr2025,1.01080304956413
RWA,2019,2024,USD,WEO,Apr2025,0.991776535949199
RWA,2020,2024,USD,WEO,Apr2025,1.00901980471794
RWA,2021,2024,USD,WEO,Apr2025,0.989964979195277
RWA,2022,2024,USD,WEO,Apr2025,1.1012110038886
RWA,2023,2024,USD,WEO,Apr2025,1.09502274998246
RWA,2024,2024,USD,WEO,Apr2025,1
RWA,2025,2024,USD,WEO,Apr2025,0.967695214652301
RWA,2026,2024,USD,WEO,Apr2025,0.943112839510541
RWA,2027,2024,USD,WEO,Apr2025,0.925570657972744
RWA,2028,2024,USD,WEO,Apr2025,0.9142738313256
RWA,2029,2024,USD,WEO,Apr2025,0.913818698047426
RWA,2030,2024,USD,WEO,Apr2025,0.925522492659568
SAU,1980,2024,USD,WEO,Apr2025,0.345232764797819
SAU,1981,2024,USD,WEO,Apr2025,0.375475373014963
SAU,1982,2024,USD,WEO,Apr2025,0.372161759436955
SAU,1983,2024,USD,WEO,Apr2025,0.352479676932027
SAU,1984,2024,USD,WEO,Apr2025,0.340047517054046
SAU,1985,2024,USD,WEO,Apr2025,0.318269138443468
SAU,1986,2024,USD,WEO,Apr2025,0.263510602001244
SAU,1987,2024,USD,WEO,Apr2025,0.267950684609646
SAU,1988,2024,USD,WEO,Apr2025,0.258868034489694
SAU,1989,2024,USD,WEO,Apr2025,0.278503807103865
SAU,1990,2024,USD,WEO,Apr2025,0.314005948123858
SAU,1991,2024,USD,WEO,Apr2025,0.326146794369298
SAU,1992,2024,USD,WEO,Apr2025,0.323333791399668
SAU,1993,2024,USD,WEO,Apr2025,0.312428011567525
SAU,1994,2024,USD,WEO,Apr2025,0.314617624616202
SAU,1995,2024,USD,WEO,Apr2025,0.33259054225027
SAU,1996,2024,USD,WEO,Apr2025,0.356357675638207
SAU,1997,2024,USD,WEO,Apr2025,0.363142807859117
SAU,1998,2024,USD,WEO,Apr2025,0.312816683370744
SAU,1999,2024,USD,WEO,Apr2025,0.346855317717226
SAU,2000,2024,USD,WEO,Apr2025,0.38816371144055
SAU,2001,2024,USD,WEO,Apr2025,0.375853870052022
SAU,2002,2024,USD,WEO,Apr2025,0.389696004322027
SAU,2003,2024,USD,WEO,Apr2025,0.407789726906045
SAU,2004,2024,USD,WEO,Apr2025,0.450071895182414
SAU,2005,2024,USD,WEO,Apr2025,0.538864645827895
SAU,2006,2024,USD,WEO,Apr2025,0.598167246316852
SAU,2007,2024,USD,WEO,Apr2025,0.646295869516475
SAU,2008,2024,USD,WEO,Apr2025,0.760709465096813
SAU,2009,2024,USD,WEO,Apr2025,0.634746570407179
SAU,2010,2024,USD,WEO,Apr2025,0.743863607493295
SAU,2011,2024,USD,WEO,Apr2025,0.858507543269934
SAU,2012,2024,USD,WEO,Apr2025,0.89295189777668
SAU,2013,2024,USD,WEO,Apr2025,0.884978729117813
SAU,2014,2024,USD,WEO,Apr2025,0.866899329966689
SAU,2015,2024,USD,WEO,Apr2025,0.724408624225125
SAU,2016,2024,USD,WEO,Apr2025,0.707311962271914
SAU,2017,2024,USD,WEO,Apr2025,0.752489876017238
SAU,2018,2024,USD,WEO,Apr2025,0.863361804249428
SAU,2019,2024,USD,WEO,Apr2025,0.845895944320319
SAU,2020,2024,USD,WEO,Apr2025,0.768207368092409
SAU,2021,2024,USD,WEO,Apr2025,0.870386473516019
SAU,2022,2024,USD,WEO,Apr2025,1.02691454596888
SAU,2023,2024,USD,WEO,Apr2025,0.99646903047658
SAU,2024,2024,USD,WEO,Apr2025,1
SAU,2025,2024,USD,WEO,Apr2025,0.969538047592251
SAU,2026,2024,USD,WEO,Apr2025,0.967953152671414
SAU,2027,2024,USD,WEO,Apr2025,0.983400487606431
SAU,2028,2024,USD,WEO,Apr2025,1.00287396970211
SAU,2029,2024,USD,WEO,Apr2025,1.02248235777922
SAU,2030,2024,USD,WEO,Apr2025,1.04080492859032
SDN,1980,2024,USD,WEO,Apr2025,0.623711045309428
SDN,1981,2024,USD,WEO,Apr2025,0.42119086652331
SDN,1982,2024,USD,WEO,Apr2025,0.294112252904952
SDN,1983,2024,USD,WEO,Apr2025,0.407868579683082
SDN,1984,2024,USD,WEO,Apr2025,0.532631918352071
SDN,1985,2024,USD,WEO,Apr2025,0.372000905367534
SDN,1986,2024,USD,WEO,Apr2025,0.451429016691413
SDN,1987,2024,USD,WEO,Apr2025,0.685550631147171
SDN,1988,2024,USD,WEO,Apr2025,0.524760309746297
SDN,1989,2024,USD,WEO,Apr2025,0.912962423899032
SDN,1990,2024,USD,WEO,Apr2025,0.12060569181304
SDN,1991,2024,USD,WEO,Apr2025,0.126895829748474
SDN,1992,2024,USD,WEO,Apr2025,0.14743845432057
SDN,1993,2024,USD,WEO,Apr2025,0.242826193035307
SDN,1994,2024,USD,WEO,Apr2025,0.266555271525919
SDN,1995,2024,USD,WEO,Apr2025,0.274970138220452
SDN,1996,2024,USD,WEO,Apr2025,0.326272133190447
SDN,1997,2024,USD,WEO,Apr2025,0.376092345891142
SDN,1998,2024,USD,WEO,Apr2025,0.370627817358973
SDN,1999,2024,USD,WEO,Apr2025,0.348734080843614
SDN,2000,2024,USD,WEO,Apr2025,0.394430581498322
SDN,2001,2024,USD,WEO,Apr2025,0.425709451240504
SDN,2002,2024,USD,WEO,Apr2025,0.463737970416846
SDN,2003,2024,USD,WEO,Apr2025,0.513710518977093
SDN,2004,2024,USD,WEO,Apr2025,0.609676501587153
SDN,2005,2024,USD,WEO,Apr2025,0.761972015254575
SDN,2006,2024,USD,WEO,Apr2025,0.920201802163614
SDN,2007,2024,USD,WEO,Apr2025,1.14285249430085
SDN,2008,2024,USD,WEO,Apr2025,1.2003656054641
SDN,2009,2024,USD,WEO,Apr2025,1.0437196378776
SDN,2010,2024,USD,WEO,Apr2025,1.20486772690053
SDN,2011,2024,USD,WEO,Apr2025,1.2587446072351
SDN,2012,2024,USD,WEO,Apr2025,1.11722007619193
SDN,2013,2024,USD,WEO,Apr2025,1.1840914363377
SDN,2014,2024,USD,WEO,Apr2025,1.29892790296643
SDN,2015,2024,USD,WEO,Apr2025,1.3158264974307
SDN,2016,2024,USD,WEO,Apr2025,1.2636527584074
SDN,2017,2024,USD,WEO,Apr2025,0.945154629451613
SDN,2018,2024,USD,WEO,Apr2025,0.664372599867763
SDN,2019,2024,USD,WEO,Apr2025,0.63868541260713
SDN,2020,2024,USD,WEO,Apr2025,0.741744203022171
SDN,2021,2024,USD,WEO,Apr2025,0.736064118000263
SDN,2022,2024,USD,WEO,Apr2025,0.720028515605253
SDN,2023,2024,USD,WEO,Apr2025,1.00297691050584
SDN,2024,2024,USD,WEO,Apr2025,1
SDN,2025,2024,USD,WEO,Apr2025,1.11870753509178
SDN,2026,2024,USD,WEO,Apr2025,1.18650703480302
SDN,2027,2024,USD,WEO,Apr2025,1.20707947130858
SDN,2028,2024,USD,WEO,Apr2025,1.2302584454224
SDN,2029,2024,USD,WEO,Apr2025,1.2527632048113
SDN,2030,2024,USD,WEO,Apr2025,1.26994112493462
SEN,1980,2024,USD,WEO,Apr2025,0.624274064541617
SEN,1981,2024,USD,WEO,Apr2025,0.53881709761095
SEN,1982,2024,USD,WEO,Apr2025,0.488962757158914
SEN,1983,2024,USD,WEO,Apr2025,0.460798510717398
SEN,1984,2024,USD,WEO,Apr2025,0.433169401695256
SEN,1985,2024,USD,WEO,Apr2025,0.459212231230263
SEN,1986,2024,USD,WEO,Apr2025,0.629898631718539
SEN,1987,2024,USD,WEO,Apr2025,0.714223369816294
SEN,1988,2024,USD,WEO,Apr2025,0.710648452373702
SEN,1989,2024,USD,WEO,Apr2025,0.67349580423138
SEN,1990,2024,USD,WEO,Apr2025,0.788993517657204
SEN,1991,2024,USD,WEO,Apr2025,0.755960210744076
SEN,1992,2024,USD,WEO,Apr2025,0.798211113910484
SEN,1993,2024,USD,WEO,Apr2025,0.743268892494997
SEN,1994,2024,USD,WEO,Apr2025,0.504079750045281
SEN,1995,2024,USD,WEO,Apr2025,0.603273036143921
SEN,1996,2024,USD,WEO,Apr2025,0.619101673488266
SEN,1997,2024,USD,WEO,Apr2025,0.56130019100958
SEN,1998,2024,USD,WEO,Apr2025,0.579231705991427
SEN,1999,2024,USD,WEO,Apr2025,0.562147624813674
SEN,2000,2024,USD,WEO,Apr2025,0.493308812898035
SEN,2001,2024,USD,WEO,Apr2025,0.511597580553089
SEN,2002,2024,USD,WEO,Apr2025,0.549973109435279
SEN,2003,2024,USD,WEO,Apr2025,0.652218544177233
SEN,2004,2024,USD,WEO,Apr2025,0.716057126447937
SEN,2005,2024,USD,WEO,Apr2025,0.750741649655985
SEN,2006,2024,USD,WEO,Apr2025,0.779197466238146
SEN,2007,2024,USD,WEO,Apr2025,0.906557925712531
SEN,2008,2024,USD,WEO,Apr2025,1.05257186102177
SEN,2009,2024,USD,WEO,Apr2025,0.980371180516825
SEN,2010,2024,USD,WEO,Apr2025,0.948569896739705
SEN,2011,2024,USD,WEO,Apr2025,1.0333808352002
SEN,2012,2024,USD,WEO,Apr2025,0.985852484695054
SEN,2013,2024,USD,WEO,Apr2025,1.03056066523052
SEN,2014,2024,USD,WEO,Apr2025,1.01545758943109
SEN,2015,2024,USD,WEO,Apr2025,0.857046322200513
SEN,2016,2024,USD,WEO,Apr2025,0.862852792495209
SEN,2017,2024,USD,WEO,Apr2025,0.885814915951512
SEN,2018,2024,USD,WEO,Apr2025,0.918986691269319
SEN,2019,2024,USD,WEO,Apr2025,0.88901432518788
SEN,2020,2024,USD,WEO,Apr2025,0.919557738699712
SEN,2021,2024,USD,WEO,Apr2025,0.970409846112841
SEN,2022,2024,USD,WEO,Apr2025,0.938719739374316
SEN,2023,2024,USD,WEO,Apr2025,0.993264129575581
SEN,2024,2024,USD,WEO,Apr2025,1
SEN,2025,2024,USD,WEO,Apr2025,0.973598639074621
SEN,2026,2024,USD,WEO,Apr2025,0.990727693886346
SEN,2027,2024,USD,WEO,Apr2025,1.00972635388595
SEN,2028,2024,USD,WEO,Apr2025,1.02934083306181
SEN,2029,2024,USD,WEO,Apr2025,1.04993815053466
SEN,2030,2024,USD,WEO,Apr2025,1.07094615658575
SGP,1980,2024,USD,WEO,Apr2025,0.267829932437129
SGP,1981,2024,USD,WEO,Apr2025,0.287398106343782
SGP,1982,2024,USD,WEO,Apr2025,0.296581036324096
SGP,1983,2024,USD,WEO,Apr2025,0.309893327233981
SGP,1984,2024,USD,WEO,Apr2025,0.309394716369066
SGP,1985,2024,USD,WEO,Apr2025,0.295579026579708
SGP,1986,2024,USD,WEO,Apr2025,0.294912640375753
SGP,1987,2024,USD,WEO,Apr2025,0.306550704871336
SGP,1988,2024,USD,WEO,Apr2025,0.338214398232424
SGP,1989,2024,USD,WEO,Apr2025,0.363511792956504
SGP,1990,2024,USD,WEO,Apr2025,0.409511505171993
SGP,1991,2024,USD,WEO,Apr2025,0.448711760430733
SGP,1992,2024,USD,WEO,Apr2025,0.482465403199499
SGP,1993,2024,USD,WEO,Apr2025,0.503213601450663
SGP,1994,2024,USD,WEO,Apr2025,0.55075103522719
SGP,1995,2024,USD,WEO,Apr2025,0.612375745892555
SGP,1996,2024,USD,WEO,Apr2025,0.624831037654016
SGP,1997,2024,USD,WEO,Apr2025,0.599809658909257
SGP,1998,2024,USD,WEO,Apr2025,0.525072334927912
SGP,1999,2024,USD,WEO,Apr2025,0.499911210829159
SGP,2000,2024,USD,WEO,Apr2025,0.510492144099128
SGP,2001,2024,USD,WEO,Apr2025,0.482273421786734
SGP,2002,2024,USD,WEO,Apr2025,0.478249411147607
SGP,2003,2024,USD,WEO,Apr2025,0.482695292336931
SGP,2004,2024,USD,WEO,Apr2025,0.517236417066799
SGP,2005,2024,USD,WEO,Apr2025,0.535246872786386
SGP,2006,2024,USD,WEO,Apr2025,0.571004359440969
SGP,2007,2024,USD,WEO,Apr2025,0.637627374336083
SGP,2008,2024,USD,WEO,Apr2025,0.669814571892693
SGP,2009,2024,USD,WEO,Apr2025,0.670799852113239
SGP,2010,2024,USD,WEO,Apr2025,0.723498926446858
SGP,2011,2024,USD,WEO,Apr2025,0.793501822733489
SGP,2012,2024,USD,WEO,Apr2025,0.802603791511768
SGP,2013,2024,USD,WEO,Apr2025,0.798102875069542
SGP,2014,2024,USD,WEO,Apr2025,0.786074014904726
SGP,2015,2024,USD,WEO,Apr2025,0.746705762167724
SGP,2016,2024,USD,WEO,Apr2025,0.746946913438694
SGP,2017,2024,USD,WEO,Apr2025,0.768679295227753
SGP,2018,2024,USD,WEO,Apr2025,0.815351829006915
SGP,2019,2024,USD,WEO,Apr2025,0.802771706241092
SGP,2020,2024,USD,WEO,Apr2025,0.774714589754495
SGP,2021,2024,USD,WEO,Apr2025,0.882576456430468
SGP,2022,2024,USD,WEO,Apr2025,0.988386024688541
SGP,2023,2024,USD,WEO,Apr2025,0.963886075482246
SGP,2024,2024,USD,WEO,Apr2025,1
SGP,2025,2024,USD,WEO,Apr2025,1.01141398404839
SGP,2026,2024,USD,WEO,Apr2025,1.02997617553413
SGP,2027,2024,USD,WEO,Apr2025,1.05032758626927
SGP,2028,2024,USD,WEO,Apr2025,1.07107040153054
SGP,2029,2024,USD,WEO,Apr2025,1.0922296388177
SGP,2030,2024,USD,WEO,Apr2025,1.11385130103357
SHN,1960,2024,USD,OECD,Apr2026,0.08137597
SHN,1961,2024,USD,OECD,Apr2026,0.08428802
SHN,1962,2024,USD,OECD,Apr2026,0.08749926
SHN,1963,2024,USD,OECD,Apr2026,0.08856923
SHN,1964,2024,USD,OECD,Apr2026,0.09147499
SHN,1965,2024,USD,OECD,Apr2026,0.0970345
SHN,1966,2024,USD,OECD,Apr2026,0.10209355
SHN,1967,2024,USD,OECD,Apr2026,0.1031757
SHN,1968,2024,USD,OECD,Apr2026,0.09385197
SHN,1969,2024,USD,OECD,Apr2026,0.09992328
SHN,1970,2024,USD,OECD,Apr2026,0.10983385
SHN,1971,2024,USD,OECD,Apr2026,0.12130161
SHN,1972,2024,USD,OECD,Apr2026,0.13335304
SHN,1973,2024,USD,OECD,Apr2026,0.14230029
SHN,1974,2024,USD,OECD,Apr2026,0.15788868
SHN,1975,2024,USD,OECD,Apr2026,0.18842552
SHN,1976,2024,USD,OECD,Apr2026,0.17669364
SHN,1977,2024,USD,OECD,Apr2026,0.1953099
SHN,1978,2024,USD,OECD,Apr2026,0.24013278
SHN,1979,2024,USD,OECD,Apr2026,0.30350072
SHN,1980,2024,USD,OECD,Apr2026,0.40002763
SHN,1981,2024,USD,OECD,Apr2026,0.38862287
SHN,1982,2024,USD,OECD,Apr2026,0.36479866
SHN,1983,2024,USD,OECD,Apr2026,0.33414441
SHN,1984,2024,USD,OECD,Apr2026,0.30867143
SHN,1985,2024,USD,OECD,Apr2026,0.31381014
SHN,1986,2024,USD,OECD,Apr2026,0.37451214
SHN,1987,2024,USD,OECD,Apr2026,0.44081327
SHN,1988,2024,USD,OECD,Apr2026,0.50898973
SHN,1989,2024,USD,OECD,Apr2026,0.50559867
SHN,1990,2024,USD,OECD,Apr2026,0.59588616
SHN,1991,2024,USD,OECD,Apr2026,0.63152503
SHN,1992,2024,USD,OECD,Apr2026,0.64895144
SHN,1993,2024,USD,OECD,Apr2026,0.57177137
SHN,1994,2024,USD,OECD,Apr2026,0.59363611
SHN,1995,2024,USD,OECD,Apr2026,0.62812745
SHN,1996,2024,USD,OECD,Apr2026,0.64679154
SHN,1997,2024,USD,OECD,Apr2026,0.67913789
SHN,1998,2024,USD,OECD,Apr2026,0.69602704
SHN,1999,2024,USD,OECD,Apr2026,0.68917735
SHN,2000,2024,USD,OECD,Apr2026,0.65112997
SHN,2001,2024,USD,OECD,Apr2026,0.63013288
SHN,2002,2024,USD,OECD,Apr2026,0.67012591
SHN,2003,2024,USD,OECD,Apr2026,0.74671798
SHN,2004,2024,USD,OECD,Apr2026,0.86086967
SHN,2005,2024,USD,OECD,Apr2026,0.87844202
SHN,2006,2024,USD,OECD,Apr2026,0.91662284
SHN,2007,2024,USD,OECD,Apr2026,1.01665377
SHN,2008,2024,USD,OECD,Apr2026,0.94953957
SHN,2009,2024,USD,OECD,Apr2026,0.83621654
SHN,2010,2024,USD,OECD,Apr2026,0.83777175
SHN,2011,2024,USD,OECD,Apr2026,0.89113213
SHN,2012,2024,USD,OECD,Apr2026,0.89445744
SHN,2013,2024,USD,OECD,Apr2026,0.90160831
SHN,2014,2024,USD,OECD,Apr2026,0.96455779
SHN,2015,2024,USD,OECD,Apr2026,0.90113506
SHN,2016,2024,USD,OECD,Apr2026,0.80975455
SHN,2017,2024,USD,OECD,Apr2026,0.78455282
SHN,2018,2024,USD,OECD,Apr2026,0.82865484
SHN,2019,2024,USD,OECD,Apr2026,0.81231926
SHN,2020,2024,USD,OECD,Apr2026,0.85591443
SHN,2021,2024,USD,OECD,Apr2026,0.92449304
SHN,2022,2024,USD,OECD,Apr2026,0.87558303
SHN,2023,2024,USD,OECD,Apr2026,0.93889269
SHN,2024,2024,USD,OECD,Apr2026,1
SHN,2025,2024,USD,OECD,Apr2026,1.07046002
SHN,2026,2024,USD,WEO,Apr2025,1.08167712531183
SHN,2027,2024,USD,WEO,Apr2025,1.11766828513853
SHN,2028,2024,USD,WEO,Apr2025,1.15822606266156
SHN,2029,2024,USD,WEO,Apr2025,1.20440783810333
SHN,2030,2024,USD,WEO,Apr2025,1.25151271975263
SLB,1980,2024,USD,WEO,Apr2025,0.298215638915111
SLB,1981,2024,USD,WEO,Apr2025,0.321926182624893
SLB,1982,2024,USD,WEO,Apr2025,0.32570606052313
SLB,1983,2024,USD,WEO,Apr2025,0.294014790983787
SLB,1984,2024,USD,WEO,Apr2025,0.295137448431861
SLB,1985,2024,USD,WEO,Apr2025,0.277894969565976
SLB,1986,2024,USD,WEO,Apr2025,0.248260784271352
SLB,1987,2024,USD,WEO,Apr2025,0.239808568812586
SLB,1988,2024,USD,WEO,Apr2025,0.268937048895358
SLB,1989,2024,USD,WEO,Apr2025,0.253541869343995
SLB,1990,2024,USD,WEO,Apr2025,0.308312511503902
SLB,1991,2024,USD,WEO,Apr2025,0.308447795624791
SLB,1992,2024,USD,WEO,Apr2025,0.322905310726617
SLB,1993,2024,USD,WEO,Apr2025,0.347420998458364
SLB,1994,2024,USD,WEO,Apr2025,0.430297596905537
SLB,1995,2024,USD,WEO,Apr2025,0.454875756059713
SLB,1996,2024,USD,WEO,Apr2025,0.487757994679086
SLB,1997,2024,USD,WEO,Apr2025,0.507670367819163
SLB,1998,2024,USD,WEO,Apr2025,0.43557358184847
SLB,1999,2024,USD,WEO,Apr2025,0.466371166362085
SLB,2000,2024,USD,WEO,Apr2025,0.46823491971777
SLB,2001,2024,USD,WEO,Apr2025,0.496601011753527
SLB,2002,2024,USD,WEO,Apr2025,0.431155149218911
SLB,2003,2024,USD,WEO,Apr2025,0.412941750847359
SLB,2004,2024,USD,WEO,Apr2025,0.436482745863716
SLB,2005,2024,USD,WEO,Apr2025,0.495727385522729
SLB,2006,2024,USD,WEO,Apr2025,0.534128147141351
SLB,2007,2024,USD,WEO,Apr2025,0.588265270111015
SLB,2008,2024,USD,WEO,Apr2025,0.626828016655558
SLB,2009,2024,USD,WEO,Apr2025,0.643476834427549
SLB,2010,2024,USD,WEO,Apr2025,0.681780707352515
SLB,2011,2024,USD,WEO,Apr2025,0.787924240507427
SLB,2012,2024,USD,WEO,Apr2025,0.877236956519897
SLB,2013,2024,USD,WEO,Apr2025,0.904630192822628
SLB,2014,2024,USD,WEO,Apr2025,0.928787025697184
SLB,2015,2024,USD,WEO,Apr2025,0.894314826560551
SLB,2016,2024,USD,WEO,Apr2025,0.893231496746426
SLB,2017,2024,USD,WEO,Apr2025,0.923751862386004
SLB,2018,2024,USD,WEO,Apr2025,0.987756332054755
SLB,2019,2024,USD,WEO,Apr2025,0.973181837036576
SLB,2020,2024,USD,WEO,Apr2025,0.955619082561307
SLB,2021,2024,USD,WEO,Apr2025,0.923843805466429
SLB,2022,2024,USD,WEO,Apr2025,0.927636279943725
SLB,2023,2024,USD,WEO,Apr2025,0.958416629150253
SLB,2024,2024,USD,WEO,Apr2025,1
SLB,2025,2024,USD,WEO,Apr2025,1.03986008896173
SLB,2026,2024,USD,WEO,Apr2025,1.07626367409875
SLB,2027,2024,USD,WEO,Apr2025,1.10291307655885
SLB,2028,2024,USD,WEO,Apr2025,1.12876113873741
SLB,2029,2024,USD,WEO,Apr2025,1.15689797084926
SLB,2030,2024,USD,WEO,Apr2025,1.18009075898906
SLE,1980,2024,USD,WEO,Apr2025,0.713652520312004
SLE,1981,2024,USD,WEO,Apr2025,0.750939188649332
SLE,1982,2024,USD,WEO,Apr2025,0.829555480396384
SLE,1983,2024,USD,WEO,Apr2025,0.732835782796225
SLE,1984,2024,USD,WEO,Apr2025,0.83357408721225
SLE,1985,2024,USD,WEO,Apr2025,0.760684055923958
SLE,1986,2024,USD,WEO,Apr2025,0.568809316652956
SLE,1987,2024,USD,WEO,Apr2025,0.484136783545552
SLE,1988,2024,USD,WEO,Apr2025,0.777526055862565
SLE,1989,2024,USD,WEO,Apr2025,0.68059066542319
SLE,1990,2024,USD,WEO,Apr2025,0.368207095933543
SLE,1991,2024,USD,WEO,Apr2025,0.480551831865027
SLE,1992,2024,USD,WEO,Apr2025,0.463758355195309
SLE,1993,2024,USD,WEO,Apr2025,0.52394012447128
SLE,1994,2024,USD,WEO,Apr2025,0.600324144110755
SLE,1995,2024,USD,WEO,Apr2025,0.638230332037144
SLE,1996,2024,USD,WEO,Apr2025,0.916415456114684
SLE,1997,2024,USD,WEO,Apr2025,1.00333033387074
SLE,1998,2024,USD,WEO,Apr2025,0.800623192568658
SLE,1999,2024,USD,WEO,Apr2025,0.867493036989417
SLE,2000,2024,USD,WEO,Apr2025,0.805046149927654
SLE,2001,2024,USD,WEO,Apr2025,0.784950950806616
SLE,2002,2024,USD,WEO,Apr2025,0.715849692236277
SLE,2003,2024,USD,WEO,Apr2025,0.723334277904273
SLE,2004,2024,USD,WEO,Apr2025,0.707542788019907
SLE,2005,2024,USD,WEO,Apr2025,0.776079201116358
SLE,2006,2024,USD,WEO,Apr2025,0.85201720760876
SLE,2007,2024,USD,WEO,Apr2025,0.901575753011941
SLE,2008,2024,USD,WEO,Apr2025,0.98767396141346
SLE,2009,2024,USD,WEO,Apr2025,0.942344963649212
SLE,2010,2024,USD,WEO,Apr2025,0.941572993352326
SLE,2011,2024,USD,WEO,Apr2025,1.01071890410499
SLE,2012,2024,USD,WEO,Apr2025,1.1336988832147
SLE,2013,2024,USD,WEO,Apr2025,1.21452291677731
SLE,2014,2024,USD,WEO,Apr2025,1.18311669670637
SLE,2015,2024,USD,WEO,Apr2025,1.26362204402711
SLE,2016,2024,USD,WEO,Apr2025,1.07985031649436
SLE,2017,2024,USD,WEO,Apr2025,1.0019137817287
SLE,2018,2024,USD,WEO,Apr2025,1.0632683330844
SLE,2019,2024,USD,WEO,Apr2025,1.02815405680448
SLE,2020,2024,USD,WEO,Apr2025,1.06723429687771
SLE,2021,2024,USD,WEO,Apr2025,1.08065194593764
SLE,2022,2024,USD,WEO,Apr2025,1.01953591627715
SLE,2023,2024,USD,WEO,Apr2025,0.866650146347837
SLE,2024,2024,USD,WEO,Apr2025,1
SLE,2025,2024,USD,WEO,Apr2025,1.04699971612774
SLE,2026,2024,USD,WEO,Apr2025,1.03904495418663
SLE,2027,2024,USD,WEO,Apr2025,1.03932631353035
SLE,2028,2024,USD,WEO,Apr2025,1.04298778783559
SLE,2029,2024,USD,WEO,Apr2025,1.04650808844017
SLE,2030,2024,USD,WEO,Apr2025,1.04866543560784
SLV,1980,2024,USD,WEO,Apr2025,0.256513660843226
SLV,1981,2024,USD,WEO,Apr2025,0.239887879747521
SLV,1982,2024,USD,WEO,Apr2025,0.252841276868921
SLV,1983,2024,USD,WEO,Apr2025,0.238417624713019
SLV,1984,2024,USD,WEO,Apr2025,0.172071085435792
SLV,1985,2024,USD,WEO,Apr2025,0.166285053931764
SLV,1986,2024,USD,WEO,Apr2025,0.167114823762694
SLV,1987,2024,USD,WEO,Apr2025,0.16574096451365
SLV,1988,2024,USD,WEO,Apr2025,0.189891385139781
SLV,1989,2024,USD,WEO,Apr2025,0.214960594682792
SLV,1990,2024,USD,WEO,Apr2025,0.311952060492406
SLV,1991,2024,USD,WEO,Apr2025,0.335033547337619
SLV,1992,2024,USD,WEO,Apr2025,0.346493344099356
SLV,1993,2024,USD,WEO,Apr2025,0.376283860714659
SLV,1994,2024,USD,WEO,Apr2025,0.4131714458259
SLV,1995,2024,USD,WEO,Apr2025,0.458357463539848
SLV,1996,2024,USD,WEO,Apr2025,0.488483671235654
SLV,1997,2024,USD,WEO,Apr2025,0.505054469852835
SLV,1998,2024,USD,WEO,Apr2025,0.526420919330532
SLV,1999,2024,USD,WEO,Apr2025,0.531618537375267
SLV,2000,2024,USD,WEO,Apr2025,0.549039760451124
SLV,2001,2024,USD,WEO,Apr2025,0.56726567213187
SLV,2002,2024,USD,WEO,Apr2025,0.575781320088994
SLV,2003,2024,USD,WEO,Apr2025,0.592873130832435
SLV,2004,2024,USD,WEO,Apr2025,0.608991361321797
SLV,2005,2024,USD,WEO,Apr2025,0.634963149107279
SLV,2006,2024,USD,WEO,Apr2025,0.662446948496713
SLV,2007,2024,USD,WEO,Apr2025,0.691478306701416
SLV,2008,2024,USD,WEO,Apr2025,0.715874830597501
SLV,2009,2024,USD,WEO,Apr2025,0.715454922941361
SLV,2010,2024,USD,WEO,Apr2025,0.734404451116891
SLV,2011,2024,USD,WEO,Apr2025,0.777820713002291
SLV,2012,2024,USD,WEO,Apr2025,0.797609901749006
SLV,2013,2024,USD,WEO,Apr2025,0.802259461375818
SLV,2014,2024,USD,WEO,Apr2025,0.810355990882404
SLV,2015,2024,USD,WEO,Apr2025,0.821001110263601
SLV,2016,2024,USD,WEO,Apr2025,0.826355195071562
SLV,2017,2024,USD,WEO,Apr2025,0.834496792193122
SLV,2018,2024,USD,WEO,Apr2025,0.848809119551346
SLV,2019,2024,USD,WEO,Apr2025,0.856035120559249
SLV,2020,2024,USD,WEO,Apr2025,0.861626385699205
SLV,2021,2024,USD,WEO,Apr2025,0.897276108071589
SLV,2022,2024,USD,WEO,Apr2025,0.961401626299346
SLV,2023,2024,USD,WEO,Apr2025,0.987645131165634
SLV,2024,2024,USD,WEO,Apr2025,1
SLV,2025,2024,USD,WEO,Apr2025,1.0148011959073
SLV,2026,2024,USD,WEO,Apr2025,1.03642515377642
SLV,2027,2024,USD,WEO,Apr2025,1.05499364319652
SLV,2028,2024,USD,WEO,Apr2025,1.07409471131649
SLV,2029,2024,USD,WEO,Apr2025,1.09337271999018
SLV,2030,2024,USD,WEO,Apr2025,1.11507209401854
SMR,1980,2024,USD,WEO_est,Apr2025,0.41035918076668
SMR,1981,2024,USD,WEO_est,Apr2025,0.417216080201712
SMR,1982,2024,USD,WEO_est,Apr2025,0.424187555043037
SMR,1983,2024,USD,WEO_est,Apr2025,0.43127551978916
SMR,1984,2024,USD,WEO_est,Apr2025,0.438481920928914
SMR,1985,2024,USD,WEO_est,Apr2025,0.445808737475998
SMR,1986,2024,USD,WEO_est,Apr2025,0.453257981512455
SMR,1987,2024,USD,WEO_est,Apr2025,0.460831698741225
SMR,1988,2024,USD,WEO_est,Apr2025,0.468531969047935
SMR,1989,2024,USD,WEO_est,Apr2025,0.476360907072075
SMR,1990,2024,USD,WEO_est,Apr2025,0.484320662787717
SMR,1991,2024,USD,WEO_est,Apr2025,0.49241342209394
SMR,1992,2024,USD,WEO_est,Apr2025,0.500641407415116
SMR,1993,2024,USD,WEO_est,Apr2025,0.509006878311234
SMR,1994,2024,USD,WEO_est,Apr2025,0.517512132098414
SMR,1995,2024,USD,WEO_est,Apr2025,0.526159504479795
SMR,1996,2024,USD,WEO_est,Apr2025,0.534951370186963
SMR,1997,2024,USD,WEO_est,Apr2025,0.543890143632098
SMR,1998,2024,USD,WEO_est,Apr2025,0.552978279571016
SMR,1999,2024,USD,WEO_est,Apr2025,0.56221827377729
SMR,2000,2024,USD,WEO,Apr2025,0.571612663727639
SMR,2001,2024,USD,WEO,Apr2025,0.56955307384235
SMR,2002,2024,USD,WEO,Apr2025,0.614899790914297
SMR,2003,2024,USD,WEO,Apr2025,0.753692654016612
SMR,2004,2024,USD,WEO,Apr2025,0.845028556507912
SMR,2005,2024,USD,WEO,Apr2025,0.86063275247977
SMR,2006,2024,USD,WEO,Apr2025,0.885477641777042
SMR,2007,2024,USD,WEO,Apr2025,0.947519940241478
SMR,2008,2024,USD,WEO,Apr2025,1.04422341531253
SMR,2009,2024,USD,WEO,Apr2025,0.997353018205384
SMR,2010,2024,USD,WEO,Apr2025,0.967395537265984
SMR,2011,2024,USD,WEO,Apr2025,1.01862738176735
SMR,2012,2024,USD,WEO,Apr2025,0.972846862152948
SMR,2013,2024,USD,WEO,Apr2025,1.02480331535853
SMR,2014,2024,USD,WEO,Apr2025,1.02915280776257
SMR,2015,2024,USD,WEO,Apr2025,0.849905084250894
SMR,2016,2024,USD,WEO,Apr2025,0.858770899296671
SMR,2017,2024,USD,WEO,Apr2025,0.891490248370171
SMR,2018,2024,USD,WEO,Apr2025,0.95206052280401
SMR,2019,2024,USD,WEO,Apr2025,0.910641612007495
SMR,2020,2024,USD,WEO,Apr2025,0.933235615190814
SMR,2021,2024,USD,WEO,Apr2025,0.981910722192507
SMR,2022,2024,USD,WEO,Apr2025,0.898274702239457
SMR,2023,2024,USD,WEO,Apr2025,0.977673717886573
SMR,2024,2024,USD,WEO,Apr2025,1
SMR,2025,2024,USD,WEO,Apr2025,0.982420103377279
SMR,2026,2024,USD,WEO,Apr2025,1.00155530547416
SMR,2027,2024,USD,WEO,Apr2025,1.02121707262645
SMR,2028,2024,USD,WEO,Apr2025,1.04159743120582
SMR,2029,2024,USD,WEO,Apr2025,1.06312542434134
SMR,2030,2024,USD,WEO,Apr2025,1.0843936008805
SOM,1980,2024,USD,WEO_est,Apr2025,0.18054365245384
SOM,1981,2024,USD,WEO_est,Apr2025,0.187679695323337
SOM,1982,2024,USD,WEO_est,Apr2025,0.19509779246139
SOM,1983,2024,USD,WEO_est,Apr2025,0.202809092148897
SOM,1984,2024,USD,WEO_est,Apr2025,0.210825183305956
SOM,1985,2024,USD,WEO_est,Apr2025,0.219158112908261
SOM,1986,2024,USD,WEO_est,Apr2025,0.227820404091892
SOM,1987,2024,USD,WEO_est,Apr2025,0.236825074973697
SOM,1988,2024,USD,WEO_est,Apr2025,0.24618565821556
SOM,1989,2024,USD,WEO_est,Apr2025,0.255916221361948
SOM,1990,2024,USD,WEO_est,Apr2025,0.266031387981309
SOM,1991,2024,USD,WEO_est,Apr2025,0.276546359643089
SOM,1992,2024,USD,WEO_est,Apr2025,0.287476938763399
SOM,1993,2024,USD,WEO_est,Apr2025,0.29883955235366
SOM,1994,2024,USD,WEO_est,Apr2025,0.310651276707925
SOM,1995,2024,USD,WEO_est,Apr2025,0.322929863065973
SOM,1996,2024,USD,WEO_est,Apr2025,0.33569376429074
SOM,1997,2024,USD,WEO_est,Apr2025,0.348962162600196
SOM,1998,2024,USD,WEO_est,Apr2025,0.362754998395318
SOM,1999,2024,USD,WEO_est,Apr2025,0.377093000227508
SOM,2000,2024,USD,WEO_est,Apr2025,0.391997715950475
SOM,2001,2024,USD,WEO_est,Apr2025,0.407491545103415
SOM,2002,2024,USD,WEO_est,Apr2025,0.423597772574132
SOM,2003,2024,USD,WEO_est,Apr2025,0.440340603592715
SOM,2004,2024,USD,WEO_est,Apr2025,0.457745200108348
SOM,2005,2024,USD,WEO_est,Apr2025,0.475837718603923
SOM,2006,2024,USD,WEO_est,Apr2025,0.494645349405285
SOM,2007,2024,USD,WEO_est,Apr2025,0.514196357544195
SOM,2008,2024,USD,WEO_est,Apr2025,0.534520125236403
SOM,2009,2024,USD,WEO_est,Apr2025,0.55564719603869
SOM,2010,2024,USD,WEO_est,Apr2025,0.577609320751226
SOM,2011,2024,USD,WEO,Apr2025,0.600439505134228
SOM,2012,2024,USD,WEO,Apr2025,0.612340869169863
SOM,2013,2024,USD,WEO,Apr2025,0.656275350546858
SOM,2014,2024,USD,WEO,Apr2025,0.701198477146702
SOM,2015,2024,USD,WEO,Apr2025,0.711846596110004
SOM,2016,2024,USD,WEO,Apr2025,0.779009729977257
SOM,2017,2024,USD,WEO,Apr2025,0.794300397654104
SOM,2018,2024,USD,WEO,Apr2025,0.747356570630031
SOM,2019,2024,USD,WEO,Apr2025,0.799024660666843
SOM,2020,2024,USD,WEO,Apr2025,0.819072922914104
SOM,2021,2024,USD,WEO,Apr2025,0.87024171924796
SOM,2022,2024,USD,WEO,Apr2025,0.911363509081918
SOM,2023,2024,USD,WEO,Apr2025,0.94014834349761
SOM,2024,2024,USD,WEO,Apr2025,1
SOM,2025,2024,USD,WEO,Apr2025,1.02968771791913
SOM,2026,2024,USD,WEO,Apr2025,1.07667390729869
SOM,2027,2024,USD,WEO,Apr2025,1.13832463964168
SOM,2028,2024,USD,WEO,Apr2025,1.19017896183621
SOM,2029,2024,USD,WEO,Apr2025,1.22460172257803
SOM,2030,2024,USD,WEO,Apr2025,1.25410963702574
SRB,1980,2024,USD,WEO_est,Apr2025,0.0817604224315847
SRB,1981,2024,USD,WEO_est,Apr2025,0.0864326431634225
SRB,1982,2024,USD,WEO_est,Apr2025,0.0913718591714317
SRB,1983,2024,USD,WEO_est,Apr2025,0.0965933279705265
SRB,1984,2024,USD,WEO_est,Apr2025,0.102113178970303
SRB,1985,2024,USD,WEO_est,Apr2025,0.107948463299688
SRB,1986,2024,USD,WEO_est,Apr2025,0.114117206478832
SRB,1987,2024,USD,WEO_est,Apr2025,0.120638464100953
SRB,1988,2024,USD,WEO_est,Apr2025,0.127532380696128
SRB,1989,2024,USD,WEO_est,Apr2025,0.134820251958873
SRB,1990,2024,USD,WEO_est,Apr2025,0.142524590531744
SRB,1991,2024,USD,WEO_est,Apr2025,0.150669195548142
SRB,1992,2024,USD,WEO_est,Apr2025,0.159279226149175
SRB,1993,2024,USD,WEO_est,Apr2025,0.168381279201652
SRB,1994,2024,USD,WEO_est,Apr2025,0.178003471457296
SRB,1995,2024,USD,WEO_est,Apr2025,0.18817552640696
SRB,1996,2024,USD,WEO_est,Apr2025,0.198928866098164
SRB,1997,2024,USD,WEO_est,Apr2025,0.210296708199549
SRB,1998,2024,USD,WEO_est,Apr2025,0.222314168612126
SRB,1999,2024,USD,WEO_est,Apr2025,0.235018369944257
SRB,2000,2024,USD,WEO,Apr2025,0.248448556185468
SRB,2001,2024,USD,WEO,Apr2025,0.304478992520633
SRB,2002,2024,USD,WEO,Apr2025,0.376797515424083
SRB,2003,2024,USD,WEO,Apr2025,0.473097791277549
SRB,2004,2024,USD,WEO,Apr2025,0.501458251021892
SRB,2005,2024,USD,WEO,Apr2025,0.498761547660208
SRB,2006,2024,USD,WEO,Apr2025,0.570062254644684
SRB,2007,2024,USD,WEO,Apr2025,0.71372991768747
SRB,2008,2024,USD,WEO,Apr2025,0.814018343219199
SRB,2009,2024,USD,WEO,Apr2025,0.729114627652187
SRB,2010,2024,USD,WEO,Apr2025,0.658223464010567
SRB,2011,2024,USD,WEO,Apr2025,0.78323391146007
SRB,2012,2024,USD,WEO,Apr2025,0.692164464657592
SRB,2013,2024,USD,WEO,Apr2025,0.770692397052019
SRB,2014,2024,USD,WEO,Apr2025,0.763976087489665
SRB,2015,2024,USD,WEO,Apr2025,0.634162660179574
SRB,2016,2024,USD,WEO,Apr2025,0.629680176153306
SRB,2017,2024,USD,WEO,Apr2025,0.669746113391383
SRB,2018,2024,USD,WEO,Apr2025,0.734864863151886
SRB,2019,2024,USD,WEO,Apr2025,0.715854743396992
SRB,2020,2024,USD,WEO,Apr2025,0.749675859822936
SRB,2021,2024,USD,WEO,Apr2025,0.818217934427639
SRB,2022,2024,USD,WEO,Apr2025,0.80896557025784
SRB,2023,2024,USD,WEO,Apr2025,0.948621163751488
SRB,2024,2024,USD,WEO,Apr2025,1
SRB,2025,2024,USD,WEO,Apr2025,1.00423582000842
SRB,2026,2024,USD,WEO,Apr2025,1.04043665870447
SRB,2027,2024,USD,WEO,Apr2025,1.07727724882117
SRB,2028,2024,USD,WEO,Apr2025,1.11080767922684
SRB,2029,2024,USD,WEO,Apr2025,1.14553032138253
SRB,2030,2024,USD,WEO,Apr2025,1.18065413426136
SSD,1980,2024,USD,WEO_est,Apr2025,1.99516079758607
SSD,1981,2024,USD,WEO_est,Apr2025,1.95966588729073
SSD,1982,2024,USD,WEO_est,Apr2025,1.92480244923482
SSD,1983,2024,USD,WEO_est,Apr2025,1.8905592492108
SSD,1984,2024,USD,WEO_est,Apr2025,1.85692525287328
SSD,1985,2024,USD,WEO_est,Apr2025,1.82388962218345
SSD,1986,2024,USD,WEO_est,Apr2025,1.79144171191661
SSD,1987,2024,USD,WEO_est,Apr2025,1.75957106623194
SSD,1988,2024,USD,WEO_est,Apr2025,1.72826741530328
SSD,1989,2024,USD,WEO_est,Apr2025,1.69752067200983
SSD,1990,2024,USD,WEO_est,Apr2025,1.66732092868569
SSD,1991,2024,USD,WEO_est,Apr2025,1.63765845392735
SSD,1992,2024,USD,WEO_est,Apr2025,1.6085236894578
SSD,1993,2024,USD,WEO_est,Apr2025,1.57990724704658
SSD,1994,2024,USD,WEO_est,Apr2025,1.55179990548458
SSD,1995,2024,USD,WEO_est,Apr2025,1.52419260761258
SSD,1996,2024,USD,WEO_est,Apr2025,1.49707645740279
SSD,1997,2024,USD,WEO_est,Apr2025,1.47044271709221
SSD,1998,2024,USD,WEO_est,Apr2025,1.44428280436699
SSD,1999,2024,USD,WEO_est,Apr2025,1.41858828959699
SSD,2000,2024,USD,WEO_est,Apr2025,1.39335089311938
SSD,2001,2024,USD,WEO_est,Apr2025,1.3685624825707
SSD,2002,2024,USD,WEO_est,Apr2025,1.34421507026629
SSD,2003,2024,USD,WEO_est,Apr2025,1.32030081062643
SSD,2004,2024,USD,WEO_est,Apr2025,1.29681199764818
SSD,2005,2024,USD,WEO_est,Apr2025,1.27374106242224
SSD,2006,2024,USD,WEO_est,Apr2025,1.25108057069402
SSD,2007,2024,USD,WEO_est,Apr2025,1.22882322046804
SSD,2008,2024,USD,WEO_est,Apr2025,1.20696183965496
SSD,2009,2024,USD,WEO_est,Apr2025,1.18548938376054
SSD,2010,2024,USD,WEO_est,Apr2025,1.16439893361559
SSD,2011,2024,USD,WEO,Apr2025,1.14368369314641
SSD,2012,2024,USD,WEO,Apr2025,1.49580438197785
SSD,2013,2024,USD,WEO,Apr2025,1.55914918679306
SSD,2014,2024,USD,WEO,Apr2025,1.55898737996743
SSD,2015,2024,USD,WEO,Apr2025,1.57783379232993
SSD,2016,2024,USD,WEO,Apr2025,0.287239520850813
SSD,2017,2024,USD,WEO,Apr2025,0.164112153918483
SSD,2018,2024,USD,WEO,Apr2025,0.346124354921019
SSD,2019,2024,USD,WEO,Apr2025,0.516504250707579
SSD,2020,2024,USD,WEO,Apr2025,0.740735021618231
SSD,2021,2024,USD,WEO,Apr2025,0.770303299201466
SSD,2022,2024,USD,WEO,Apr2025,1.09925085572152
SSD,2023,2024,USD,WEO,Apr2025,0.9592773335792
SSD,2024,2024,USD,WEO,Apr2025,1
SSD,2025,2024,USD,WEO,Apr2025,0.770468318587486
SSD,2026,2024,USD,WEO,Apr2025,0.759876835369633
SSD,2027,2024,USD,WEO,Apr2025,0.763757726414632
SSD,2028,2024,USD,WEO,Apr2025,0.767920322782492
SSD,2029,2024,USD,WEO,Apr2025,0.804175654827275
SSD,2030,2024,USD,WEO,Apr2025,0.813175707974757
STP,1980,2024,USD,WEO,Apr2025,0.199702197916911
STP,1981,2024,USD,WEO,Apr2025,0.271074325093322
STP,1982,2024,USD,WEO,Apr2025,0.253550773764593
STP,1983,2024,USD,WEO,Apr2025,0.247487143367502
STP,1984,2024,USD,WEO,Apr2025,0.273764363851182
STP,1985,2024,USD,WEO,Apr2025,0.263152653822925
STP,1986,2024,USD,WEO,Apr2025,0.393923760166171
STP,1987,2024,USD,WEO,Apr2025,0.405814113697508
STP,1988,2024,USD,WEO,Apr2025,0.340052029752184
STP,1989,2024,USD,WEO,Apr2025,0.32641829587886
STP,1990,2024,USD,WEO,Apr2025,0.404364508323428
STP,1991,2024,USD,WEO,Apr2025,0.359609151580602
STP,1992,2024,USD,WEO,Apr2025,0.317430565226174
STP,1993,2024,USD,WEO,Apr2025,0.415365168394783
STP,1994,2024,USD,WEO,Apr2025,0.422424782563997
STP,1995,2024,USD,WEO,Apr2025,0.326293652604395
STP,1996,2024,USD,WEO,Apr2025,0.420385910896151
STP,1997,2024,USD,WEO,Apr2025,0.284634814551057
STP,1998,2024,USD,WEO,Apr2025,0.217973684366401
STP,1999,2024,USD,WEO,Apr2025,0.22722281831713
STP,2000,2024,USD,WEO,Apr2025,0.223309279688777
STP,2001,2024,USD,WEO,Apr2025,0.203914723741781
STP,2002,2024,USD,WEO,Apr2025,0.221311344607329
STP,2003,2024,USD,WEO,Apr2025,0.249194086240225
STP,2004,2024,USD,WEO,Apr2025,0.25999716859309
STP,2005,2024,USD,WEO,Apr2025,0.291796549635548
STP,2006,2024,USD,WEO,Apr2025,0.2845334587157
STP,2007,2024,USD,WEO,Apr2025,0.300429669048679
STP,2008,2024,USD,WEO,Apr2025,0.36004899468254
STP,2009,2024,USD,WEO,Apr2025,0.372641381225912
STP,2010,2024,USD,WEO,Apr2025,0.349047796926128
STP,2011,2024,USD,WEO,Apr2025,0.408498500827912
STP,2012,2024,USD,WEO,Apr2025,0.402041402622775
STP,2013,2024,USD,WEO,Apr2025,0.445374889244394
STP,2014,2024,USD,WEO,Apr2025,0.465580878413921
STP,2015,2024,USD,WEO,Apr2025,0.407227643925738
STP,2016,2024,USD,WEO,Apr2025,0.434472718777031
STP,2017,2024,USD,WEO,Apr2025,0.461310756616209
STP,2018,2024,USD,WEO,Apr2025,0.526274363181375
STP,2019,2024,USD,WEO,Apr2025,0.554618571929503
STP,2020,2024,USD,WEO,Apr2025,0.618529858858251
STP,2021,2024,USD,WEO,Apr2025,0.674582708653266
STP,2022,2024,USD,WEO,Apr2025,0.694871427135678
STP,2023,2024,USD,WEO,Apr2025,0.867030150753769
STP,2024,2024,USD,WEO,Apr2025,1
STP,2025,2024,USD,WEO,Apr2025,1.0525354042942
STP,2026,2024,USD,WEO,Apr2025,1.11792445587722
STP,2027,2024,USD,WEO,Apr2025,1.16812527617076
STP,2028,2024,USD,WEO,Apr2025,1.21925860843051
STP,2029,2024,USD,WEO,Apr2025,1.27393785601478
STP,2030,2024,USD,WEO,Apr2025,1.32956819812259
SUR,1980,2024,USD,WEO,Apr2025,0.434913932088022
SUR,1981,2024,USD,WEO,Apr2025,0.477312089953583
SUR,1982,2024,USD,WEO,Apr2025,0.524397565282611
SUR,1983,2024,USD,WEO,Apr2025,0.53377109732937
SUR,1984,2024,USD,WEO,Apr2025,0.537870078388175
SUR,1985,2024,USD,WEO,Apr2025,0.54862460769872
SUR,1986,2024,USD,WEO,Apr2025,0.573341646746721
SUR,1987,2024,USD,WEO,Apr2025,0.691530494979598
SUR,1988,2024,USD,WEO,Apr2025,0.739586135762317
SUR,1989,2024,USD,WEO,Apr2025,0.844356106521342
SUR,1990,2024,USD,WEO,Apr2025,0.227199202303181
SUR,1991,2024,USD,WEO,Apr2025,0.2909766351517
SUR,1992,2024,USD,WEO,Apr2025,0.259391146751575
SUR,1993,2024,USD,WEO,Apr2025,0.20903414654515
SUR,1994,2024,USD,WEO,Apr2025,0.252803465471415
SUR,1995,2024,USD,WEO,Apr2025,0.43125626605288
SUR,1996,2024,USD,WEO,Apr2025,0.481943960519729
SUR,1997,2024,USD,WEO,Apr2025,0.482535266973964
SUR,1998,2024,USD,WEO,Apr2025,0.56714904769404
SUR,1999,2024,USD,WEO,Apr2025,0.471390470394637
SUR,2000,2024,USD,WEO,Apr2025,0.488817630615886
SUR,2001,2024,USD,WEO,Apr2025,0.401323558237022
SUR,2002,2024,USD,WEO,Apr2025,0.488591305415366
SUR,2003,2024,USD,WEO,Apr2025,0.539708954050366
SUR,2004,2024,USD,WEO,Apr2025,0.581801272509213
SUR,2005,2024,USD,WEO,Apr2025,0.663488236217723
SUR,2006,2024,USD,WEO,Apr2025,0.737149641694699
SUR,2007,2024,USD,WEO,Apr2025,0.784195410001401
SUR,2008,2024,USD,WEO,Apr2025,0.905989147678622
SUR,2009,2024,USD,WEO,Apr2025,0.96477458088833
SUR,2010,2024,USD,WEO,Apr2025,1.03390862648557
SUR,2011,2024,USD,WEO,Apr2025,0.988908748456002
SUR,2012,2024,USD,WEO,Apr2025,1.08434784131064
SUR,2013,2024,USD,WEO,Apr2025,1.08863899146432
SUR,2014,2024,USD,WEO,Apr2025,1.10598245974241
SUR,2015,2024,USD,WEO,Apr2025,1.04591164461626
SUR,2016,2024,USD,WEO,Apr2025,0.711764224118293
SUR,2017,2024,USD,WEO,Apr2025,0.758889707302102
SUR,2018,2024,USD,WEO,Apr2025,0.804439981852504
SUR,2019,2024,USD,WEO,Apr2025,0.799132342230648
SUR,2020,2024,USD,WEO,Apr2025,0.689616831861974
SUR,2021,2024,USD,WEO,Apr2025,0.748577557713823
SUR,2022,2024,USD,WEO,Apr2025,0.860643473177658
SUR,2023,2024,USD,WEO,Apr2025,0.796329755495738
SUR,2024,2024,USD,WEO,Apr2025,1
SUR,2025,2024,USD,WEO,Apr2025,0.979406562044832
SUR,2026,2024,USD,WEO,Apr2025,0.981809621251261
SUR,2027,2024,USD,WEO,Apr2025,1.00095916329484
SUR,2028,2024,USD,WEO,Apr2025,1.17240958065467
SUR,2029,2024,USD,WEO,Apr2025,1.24303140018641
SUR,2030,2024,USD,WEO,Apr2025,1.27679496627458
SVK,1960,2024,USD,OECD,Apr2026,0
SVK,1961,2024,USD,OECD,Apr2026,0
SVK,1962,2024,USD,OECD,Apr2026,0
SVK,1963,2024,USD,OECD,Apr2026,0
SVK,1964,2024,USD,OECD,Apr2026,0
SVK,1965,2024,USD,OECD,Apr2026,0
SVK,1966,2024,USD,OECD,Apr2026,0
SVK,1967,2024,USD,OECD,Apr2026,0
SVK,1968,2024,USD,OECD,Apr2026,0
SVK,1969,2024,USD,OECD,Apr2026,0
SVK,1970,2024,USD,OECD,Apr2026,0
SVK,1971,2024,USD,OECD,Apr2026,0
SVK,1972,2024,USD,OECD,Apr2026,0
SVK,1973,2024,USD,OECD,Apr2026,0
SVK,1974,2024,USD,OECD,Apr2026,0
SVK,1975,2024,USD,OECD,Apr2026,0
SVK,1976,2024,USD,OECD,Apr2026,0
SVK,1977,2024,USD,OECD,Apr2026,0
SVK,1978,2024,USD,OECD,Apr2026,0
SVK,1979,2024,USD,OECD,Apr2026,0
SVK,1980,2024,USD,OECD,Apr2026,0
SVK,1981,2024,USD,OECD,Apr2026,0
SVK,1982,2024,USD,OECD,Apr2026,0
SVK,1983,2024,USD,OECD,Apr2026,0
SVK,1984,2024,USD,OECD,Apr2026,0
SVK,1985,2024,USD,OECD,Apr2026,0
SVK,1986,2024,USD,OECD,Apr2026,0
SVK,1987,2024,USD,OECD,Apr2026,0
SVK,1988,2024,USD,OECD,Apr2026,0
SVK,1989,2024,USD,OECD,Apr2026,0
SVK,1990,2024,USD,OECD,Apr2026,0
SVK,1991,2024,USD,OECD,Apr2026,0
SVK,1992,2024,USD,OECD,Apr2026,0
SVK,1993,2024,USD,OECD,Apr2026,0.28798439
SVK,1994,2024,USD,OECD,Apr2026,0.31371823
SVK,1995,2024,USD,OECD,Apr2026,0.37147009
SVK,1996,2024,USD,OECD,Apr2026,0.37725532
SVK,1997,2024,USD,OECD,Apr2026,0.36028052
SVK,1998,2024,USD,OECD,Apr2026,0.36094085
SVK,1999,2024,USD,OECD,Apr2026,0.32988226
SVK,2000,2024,USD,OECD,Apr2026,0.32372166
SVK,2001,2024,USD,OECD,Apr2026,0.32643411
SVK,2002,2024,USD,OECD,Apr2026,0.36221385
SVK,2003,2024,USD,OECD,Apr2026,0.47072694
SVK,2004,2024,USD,OECD,Apr2026,0.56851843
SVK,2005,2024,USD,OECD,Apr2026,0.605948
SVK,2006,2024,USD,OECD,Apr2026,0.65266426
SVK,2007,2024,USD,OECD,Apr2026,0.79342497
SVK,2008,2024,USD,OECD,Apr2026,0.93048053
SVK,2009,2024,USD,OECD,Apr2026,0.92169055
SVK,2010,2024,USD,OECD,Apr2026,0.88076853
SVK,2011,2024,USD,OECD,Apr2026,0.93958759
SVK,2012,2024,USD,OECD,Apr2026,0.88020423
SVK,2013,2024,USD,OECD,Apr2026,0.91404165
SVK,2014,2024,USD,OECD,Apr2026,0.91222403
SVK,2015,2024,USD,OECD,Apr2026,0.76124962
SVK,2016,2024,USD,OECD,Apr2026,0.75592597
SVK,2017,2024,USD,OECD,Apr2026,0.77968994
SVK,2018,2024,USD,OECD,Apr2026,0.83352731
SVK,2019,2024,USD,OECD,Apr2026,0.80958933
SVK,2020,2024,USD,OECD,Apr2026,0.84401067
SVK,2021,2024,USD,OECD,Apr2026,0.89550554
SVK,2022,2024,USD,OECD,Apr2026,0.85474234
SVK,2023,2024,USD,OECD,Apr2026,0.96696777
SVK,2024,2024,USD,OECD,Apr2026,1
SVK,2025,2024,USD,OECD,Apr2026,1.08079664
SVK,2026,2024,USD,WEO,Apr2025,1.06995943342801
SVK,2027,2024,USD,WEO,Apr2025,1.0932930612868
SVK,2028,2024,USD,WEO,Apr2025,1.11622454727306
SVK,2029,2024,USD,WEO,Apr2025,1.13847152170269
SVK,2030,2024,USD,WEO,Apr2025,1.16169792011473
SVN,1960,2024,USD,OECD,Apr2026,0
SVN,1961,2024,USD,OECD,Apr2026,0
SVN,1962,2024,USD,OECD,Apr2026,0
SVN,1963,2024,USD,OECD,Apr2026,0
SVN,1964,2024,USD,OECD,Apr2026,0
SVN,1965,2024,USD,OECD,Apr2026,0
SVN,1966,2024,USD,OECD,Apr2026,0
SVN,1967,2024,USD,OECD,Apr2026,0
SVN,1968,2024,USD,OECD,Apr2026,0
SVN,1969,2024,USD,OECD,Apr2026,0
SVN,1970,2024,USD,OECD,Apr2026,0
SVN,1971,2024,USD,OECD,Apr2026,0
SVN,1972,2024,USD,OECD,Apr2026,0
SVN,1973,2024,USD,OECD,Apr2026,0
SVN,1974,2024,USD,OECD,Apr2026,0
SVN,1975,2024,USD,OECD,Apr2026,0
SVN,1976,2024,USD,OECD,Apr2026,0
SVN,1977,2024,USD,OECD,Apr2026,0
SVN,1978,2024,USD,OECD,Apr2026,0
SVN,1979,2024,USD,OECD,Apr2026,0
SVN,1980,2024,USD,OECD,Apr2026,0
SVN,1981,2024,USD,OECD,Apr2026,0
SVN,1982,2024,USD,OECD,Apr2026,0
SVN,1983,2024,USD,OECD,Apr2026,0
SVN,1984,2024,USD,OECD,Apr2026,0
SVN,1985,2024,USD,OECD,Apr2026,0
SVN,1986,2024,USD,OECD,Apr2026,0
SVN,1987,2024,USD,OECD,Apr2026,0
SVN,1988,2024,USD,OECD,Apr2026,0
SVN,1989,2024,USD,OECD,Apr2026,0
SVN,1990,2024,USD,OECD,Apr2026,0
SVN,1991,2024,USD,OECD,Apr2026,0
SVN,1992,2024,USD,OECD,Apr2026,0
SVN,1993,2024,USD,OECD,Apr2026,0
SVN,1994,2024,USD,OECD,Apr2026,0
SVN,1995,2024,USD,OECD,Apr2026,0
SVN,1996,2024,USD,OECD,Apr2026,0
SVN,1997,2024,USD,OECD,Apr2026,0
SVN,1998,2024,USD,OECD,Apr2026,0
SVN,1999,2024,USD,OECD,Apr2026,0
SVN,2000,2024,USD,OECD,Apr2026,0
SVN,2001,2024,USD,OECD,Apr2026,0
SVN,2002,2024,USD,OECD,Apr2026,0
SVN,2003,2024,USD,OECD,Apr2026,0
SVN,2004,2024,USD,OECD,Apr2026,0
SVN,2005,2024,USD,OECD,Apr2026,0.71703459
SVN,2006,2024,USD,OECD,Apr2026,0.73989563
SVN,2007,2024,USD,OECD,Apr2026,0.84102452
SVN,2008,2024,USD,OECD,Apr2026,0.92607211
SVN,2009,2024,USD,OECD,Apr2026,0.91852373
SVN,2010,2024,USD,OECD,Apr2026,0.86933801
SVN,2011,2024,USD,OECD,Apr2026,0.92506426
SVN,2012,2024,USD,OECD,Apr2026,0.86050792
SVN,2013,2024,USD,OECD,Apr2026,0.89890992
SVN,2014,2024,USD,OECD,Apr2026,0.9039869
SVN,2015,2024,USD,OECD,Apr2026,0.76233327
SVN,2016,2024,USD,OECD,Apr2026,0.76670228
SVN,2017,2024,USD,OECD,Apr2026,0.79163158
SVN,2018,2024,USD,OECD,Apr2026,0.84689281
SVN,2019,2024,USD,OECD,Apr2026,0.82206798
SVN,2020,2024,USD,OECD,Apr2026,0.84682473
SVN,2021,2024,USD,OECD,Apr2026,0.90235214
SVN,2022,2024,USD,OECD,Apr2026,0.85441153
SVN,2023,2024,USD,OECD,Apr2026,0.96628198
SVN,2024,2024,USD,OECD,Apr2026,1
SVN,2025,2024,USD,OECD,Apr2026,1.07947523
SVN,2026,2024,USD,WEO,Apr2025,1.0460862281874
SVN,2027,2024,USD,WEO,Apr2025,1.06600874955858
SVN,2028,2024,USD,WEO,Apr2025,1.08603931737493
SVN,2029,2024,USD,WEO,Apr2025,1.10916358168193
SVN,2030,2024,USD,WEO,Apr2025,1.13327821190317
SWE,1960,2024,USD,OECD,Apr2026,0.12021404
SWE,1961,2024,USD,OECD,Apr2026,0.12376913
SWE,1962,2024,USD,OECD,Apr2026,0.12903715
SWE,1963,2024,USD,OECD,Apr2026,0.13175515
SWE,1964,2024,USD,OECD,Apr2026,0.13855177
SWE,1965,2024,USD,OECD,Apr2026,0.14665892
SWE,1966,2024,USD,OECD,Apr2026,0.15531665
SWE,1967,2024,USD,OECD,Apr2026,0.16396726
SWE,1968,2024,USD,OECD,Apr2026,0.16769041
SWE,1969,2024,USD,OECD,Apr2026,0.17335869
SWE,1970,2024,USD,OECD,Apr2026,0.1817607
SWE,1971,2024,USD,OECD,Apr2026,0.19766103
SWE,1972,2024,USD,OECD,Apr2026,0.22679288
SWE,1973,2024,USD,OECD,Apr2026,0.26550806
SWE,1974,2024,USD,OECD,Apr2026,0.28542834
SWE,1975,2024,USD,OECD,Apr2026,0.34911286
SWE,1976,2024,USD,OECD,Apr2026,0.37224831
SWE,1977,2024,USD,OECD,Apr2026,0.40004885
SWE,1978,2024,USD,OECD,Apr2026,0.43474713
SWE,1979,2024,USD,OECD,Apr2026,0.49446985
SWE,1980,2024,USD,OECD,Apr2026,0.55991492
SWE,1981,2024,USD,OECD,Apr2026,0.5090324
SWE,1982,2024,USD,OECD,Apr2026,0.4431297
SWE,1983,2024,USD,OECD,Apr2026,0.39922443
SWE,1984,2024,USD,OECD,Apr2026,0.39823837
SWE,1985,2024,USD,OECD,Apr2026,0.40753214
SWE,1986,2024,USD,OECD,Apr2026,0.52323642
SWE,1987,2024,USD,OECD,Apr2026,0.61563209
SWE,1988,2024,USD,OECD,Apr2026,0.67872757
SWE,1989,2024,USD,OECD,Apr2026,0.6964467
SWE,1990,2024,USD,OECD,Apr2026,0.83041966
SWE,1991,2024,USD,OECD,Apr2026,0.88000417
SWE,1992,2024,USD,OECD,Apr2026,0.92290607
SWE,1993,2024,USD,OECD,Apr2026,0.70554773
SWE,1994,2024,USD,OECD,Apr2026,0.73015357
SWE,1995,2024,USD,OECD,Apr2026,0.81878785
SWE,1996,2024,USD,OECD,Apr2026,0.88025802
SWE,1997,2024,USD,OECD,Apr2026,0.78421371
SWE,1998,2024,USD,OECD,Apr2026,0.76001619
SWE,1999,2024,USD,OECD,Apr2026,0.73857447
SWE,2000,2024,USD,OECD,Apr2026,0.67639825
SWE,2001,2024,USD,OECD,Apr2026,0.6145905
SWE,2002,2024,USD,OECD,Apr2026,0.6643432
SWE,2003,2024,USD,OECD,Apr2026,0.81422039
SWE,2004,2024,USD,OECD,Apr2026,0.89984113
SWE,2005,2024,USD,OECD,Apr2026,0.89121626
SWE,2006,2024,USD,OECD,Apr2026,0.91882897
SWE,2007,2024,USD,OECD,Apr2026,1.0314785
SWE,2008,2024,USD,OECD,Apr2026,1.07858754
SWE,2009,2024,USD,OECD,Apr2026,0.96627765
SWE,2010,2024,USD,OECD,Apr2026,1.03472817
SWE,2011,2024,USD,OECD,Apr2026,1.16127177
SWE,2012,2024,USD,OECD,Apr2026,1.12343529
SWE,2013,2024,USD,OECD,Apr2026,1.17953152
SWE,2014,2024,USD,OECD,Apr2026,1.14019558
SWE,2015,2024,USD,OECD,Apr2026,0.94928315
SWE,2016,2024,USD,OECD,Apr2026,0.95096417
SWE,2017,2024,USD,OECD,Apr2026,0.97309886
SWE,2018,2024,USD,OECD,Apr2026,0.98190225
SWE,2019,2024,USD,OECD,Apr2026,0.92424337
SWE,2020,2024,USD,OECD,Apr2026,0.96635279
SWE,2021,2024,USD,OECD,Apr2026,1.06563077
SWE,2022,2024,USD,OECD,Apr2026,0.95860777
SWE,2023,2024,USD,OECD,Apr2026,0.9674694
SWE,2024,2024,USD,OECD,Apr2026,1
SWE,2025,2024,USD,OECD,Apr2026,1.08625049
SWE,2026,2024,USD,WEO,Apr2025,1.02289221024053
SWE,2027,2024,USD,WEO,Apr2025,1.04730556549188
SWE,2028,2024,USD,WEO,Apr2025,1.07083029745007
SWE,2029,2024,USD,WEO,Apr2025,1.09471562963321
SWE,2030,2024,USD,WEO,Apr2025,1.11913083297162
SWZ,1980,2024,USD,WEO,Apr2025,0.778965958935473
SWZ,1981,2024,USD,WEO,Apr2025,0.771194980819721
SWZ,1982,2024,USD,WEO,Apr2025,0.680228079718911
SWZ,1983,2024,USD,WEO,Apr2025,0.70312819880162
SWZ,1984,2024,USD,WEO,Apr2025,0.587022496184934
SWZ,1985,2024,USD,WEO,Apr2025,0.455800744947329
SWZ,1986,2024,USD,WEO,Apr2025,0.491095858429185
SWZ,1987,2024,USD,WEO,Apr2025,0.584167941147935
SWZ,1988,2024,USD,WEO,Apr2025,0.644344913698075
SWZ,1989,2024,USD,WEO,Apr2025,0.600883655896895
SWZ,1990,2024,USD,WEO,Apr2025,0.672552929489267
SWZ,1991,2024,USD,WEO,Apr2025,0.686566799743835
SWZ,1992,2024,USD,WEO,Apr2025,0.737566578371942
SWZ,1993,2024,USD,WEO,Apr2025,0.75149176597533
SWZ,1994,2024,USD,WEO,Apr2025,0.794659799148308
SWZ,1995,2024,USD,WEO,Apr2025,0.90351701644493
SWZ,1996,2024,USD,WEO,Apr2025,0.824151891818518
SWZ,1997,2024,USD,WEO,Apr2025,0.854822005565574
SWZ,1998,2024,USD,WEO,Apr2025,0.76501271429599
SWZ,1999,2024,USD,WEO,Apr2025,0.729438341335247
SWZ,2000,2024,USD,WEO,Apr2025,0.70666322362586
SWZ,2001,2024,USD,WEO,Apr2025,0.620872462159256
SWZ,2002,2024,USD,WEO,Apr2025,0.553212837100721
SWZ,2003,2024,USD,WEO,Apr2025,0.81514253640328
SWZ,2004,2024,USD,WEO,Apr2025,0.992777606678072
SWZ,2005,2024,USD,WEO,Apr2025,1.07265722542465
SWZ,2006,2024,USD,WEO,Apr2025,1.04896836612305
SWZ,2007,2024,USD,WEO,Apr2025,1.05688522953748
SWZ,2008,2024,USD,WEO,Apr2025,0.997745855765355
SWZ,2009,2024,USD,WEO,Apr2025,1.07113667983034
SWZ,2010,2024,USD,WEO,Apr2025,1.27362113480379
SWZ,2011,2024,USD,WEO,Apr2025,1.35453335091875
SWZ,2012,2024,USD,WEO,Apr2025,1.30141699748847
SWZ,2013,2024,USD,WEO,Apr2025,1.17944981750953
SWZ,2014,2024,USD,WEO,Apr2025,1.12445710705345
SWZ,2015,2024,USD,WEO,Apr2025,1.00925023136116
SWZ,2016,2024,USD,WEO,Apr2025,0.938141233312598
SWZ,2017,2024,USD,WEO,Apr2025,1.06218855084209
SWZ,2018,2024,USD,WEO,Apr2025,1.09870535460267
SWZ,2019,2024,USD,WEO,Apr2025,1.03047277947025
SWZ,2020,2024,USD,WEO,Apr2025,0.9278003943633
SWZ,2021,2024,USD,WEO,Apr2025,1.0206705305398
SWZ,2022,2024,USD,WEO,Apr2025,1.00327071295984
SWZ,2023,2024,USD,WEO,Apr2025,0.968544477784189
SWZ,2024,2024,USD,WEO,Apr2025,1
SWZ,2025,2024,USD,WEO,Apr2025,1.00322085308222
SWZ,2026,2024,USD,WEO,Apr2025,1.02164024197511
SWZ,2027,2024,USD,WEO,Apr2025,1.04258632120309
SWZ,2028,2024,USD,WEO,Apr2025,1.05852028120424
SWZ,2029,2024,USD,WEO,Apr2025,1.07661345701328
SWZ,2030,2024,USD,WEO,Apr2025,1.08361145080635
SYC,1980,2024,USD,WEO,Apr2025,0.342026885009998
SYC,1981,2024,USD,WEO,Apr2025,0.372766018054247
SYC,1982,2024,USD,WEO,Apr2025,0.365818773500683
SYC,1983,2024,USD,WEO,Apr2025,0.365599115583076
SYC,1984,2024,USD,WEO,Apr2025,0.360043900482271
SYC,1985,2024,USD,WEO,Apr2025,0.365353546826764
SYC,1986,2024,USD,WEO,Apr2025,0.4462653617304
SYC,1987,2024,USD,WEO,Apr2025,0.509397978687401
SYC,1988,2024,USD,WEO,Apr2025,0.551620781388936
SYC,1989,2024,USD,WEO,Apr2025,0.537157610199478
SYC,1990,2024,USD,WEO,Apr2025,0.604785863586381
SYC,1991,2024,USD,WEO,Apr2025,0.596516926807397
SYC,1992,2024,USD,WEO,Apr2025,0.645885465092673
SYC,1993,2024,USD,WEO,Apr2025,0.657403874436808
SYC,1994,2024,USD,WEO,Apr2025,0.690883849921076
SYC,1995,2024,USD,WEO,Apr2025,0.718672864098642
SYC,1996,2024,USD,WEO,Apr2025,0.646920227901096
SYC,1997,2024,USD,WEO,Apr2025,0.645388925176355
SYC,1998,2024,USD,WEO,Apr2025,0.68019380446936
SYC,1999,2024,USD,WEO,Apr2025,0.684167289951211
SYC,2000,2024,USD,WEO,Apr2025,0.647829640571094
SYC,2001,2024,USD,WEO,Apr2025,0.670428748147204
SYC,2002,2024,USD,WEO,Apr2025,0.743329500310349
SYC,2003,2024,USD,WEO,Apr2025,0.798879045541556
SYC,2004,2024,USD,WEO,Apr2025,0.977227060763437
SYC,2005,2024,USD,WEO,Apr2025,0.981970931345655
SYC,2006,2024,USD,WEO,Apr2025,0.992283313817043
SYC,2007,2024,USD,WEO,Apr2025,0.914581985098378
SYC,2008,2024,USD,WEO,Apr2025,0.901638004852681
SYC,2009,2024,USD,WEO,Apr2025,0.773689728286481
SYC,2010,2024,USD,WEO,Apr2025,0.833366622406745
SYC,2011,2024,USD,WEO,Apr2025,0.827566503068734
SYC,2012,2024,USD,WEO,Apr2025,0.830003581509385
SYC,2013,2024,USD,WEO,Apr2025,0.977278407213003
SYC,2014,2024,USD,WEO,Apr2025,0.975421901044917
SYC,2015,2024,USD,WEO,Apr2025,0.923988005480937
SYC,2016,2024,USD,WEO,Apr2025,0.902389497030631
SYC,2017,2024,USD,WEO,Apr2025,0.901267212194508
SYC,2018,2024,USD,WEO,Apr2025,0.911166080498129
SYC,2019,2024,USD,WEO,Apr2025,0.907294885996365
SYC,2020,2024,USD,WEO,Apr2025,0.762046078750419
SYC,2021,2024,USD,WEO,Apr2025,0.815890844302136
SYC,2022,2024,USD,WEO,Apr2025,0.980394012269372
SYC,2023,2024,USD,WEO,Apr2025,1.03902675276753
SYC,2024,2024,USD,WEO,Apr2025,1
SYC,2025,2024,USD,WEO,Apr2025,0.979307264239306
SYC,2026,2024,USD,WEO,Apr2025,0.983249699479172
SYC,2027,2024,USD,WEO,Apr2025,0.993458710835439
SYC,2028,2024,USD,WEO,Apr2025,1.00395220577289
SYC,2029,2024,USD,WEO,Apr2025,1.01463834733593
SYC,2030,2024,USD,WEO,Apr2025,1.03417647765818
SYR,1960,2024,USD,OECD,Apr2026,0.11053475
SYR,1961,2024,USD,OECD,Apr2026,0.11319964
SYR,1962,2024,USD,OECD,Apr2026,0.11711019
SYR,1963,2024,USD,OECD,Apr2026,0.12028961
SYR,1964,2024,USD,OECD,Apr2026,0.12294403
SYR,1965,2024,USD,OECD,Apr2026,0.12633537
SYR,1966,2024,USD,OECD,Apr2026,0.12954192
SYR,1967,2024,USD,OECD,Apr2026,0.13233152
SYR,1968,2024,USD,OECD,Apr2026,0.13672161
SYR,1969,2024,USD,OECD,Apr2026,0.1417826
SYR,1970,2024,USD,OECD,Apr2026,0.14235056
SYR,1971,2024,USD,OECD,Apr2026,0.15186995
SYR,1972,2024,USD,OECD,Apr2026,0.16753833
SYR,1973,2024,USD,OECD,Apr2026,0.19417575
SYR,1974,2024,USD,OECD,Apr2026,0.21353572
SYR,1975,2024,USD,OECD,Apr2026,0.24204872
SYR,1976,2024,USD,OECD,Apr2026,0.24997783
SYR,1977,2024,USD,OECD,Apr2026,0.27134711
SYR,1978,2024,USD,OECD,Apr2026,0.31056562
SYR,1979,2024,USD,OECD,Apr2026,0.35485973
SYR,1980,2024,USD,OECD,Apr2026,0.38599127
SYR,1981,2024,USD,OECD,Apr2026,0.37568561
SYR,1982,2024,USD,OECD,Apr2026,0.36695295
SYR,1983,2024,USD,OECD,Apr2026,0.36887866
SYR,1984,2024,USD,OECD,Apr2026,0.36258462
SYR,1985,2024,USD,OECD,Apr2026,0.36270162
SYR,1986,2024,USD,OECD,Apr2026,0.44206557
SYR,1987,2024,USD,OECD,Apr2026,0.51320688
SYR,1988,2024,USD,OECD,Apr2026,0.55160135
SYR,1989,2024,USD,OECD,Apr2026,0.55608109
SYR,1990,2024,USD,OECD,Apr2026,0.60988323
SYR,1991,2024,USD,OECD,Apr2026,0.63572072
SYR,1992,2024,USD,OECD,Apr2026,0.66863429
SYR,1993,2024,USD,OECD,Apr2026,0.65256434
SYR,1994,2024,USD,OECD,Apr2026,0.68600421
SYR,1995,2024,USD,OECD,Apr2026,0.76942941
SYR,1996,2024,USD,OECD,Apr2026,0.71780542
SYR,1997,2024,USD,OECD,Apr2026,0.67694103
SYR,1998,2024,USD,OECD,Apr2026,0.66636733
SYR,1999,2024,USD,OECD,Apr2026,0.67662909
SYR,2000,2024,USD,OECD,Apr2026,0.651094
SYR,2001,2024,USD,OECD,Apr2026,0.61256716
SYR,2002,2024,USD,OECD,Apr2026,0.63311269
SYR,2003,2024,USD,OECD,Apr2026,0.71089846
SYR,2004,2024,USD,OECD,Apr2026,0.76724772
SYR,2005,2024,USD,OECD,Apr2026,0.78969407
SYR,2006,2024,USD,OECD,Apr2026,0.81473753
SYR,2007,2024,USD,OECD,Apr2026,0.87438292
SYR,2008,2024,USD,OECD,Apr2026,0.91574213
SYR,2009,2024,USD,OECD,Apr2026,0.88346628
SYR,2010,2024,USD,OECD,Apr2026,0.89193215
SYR,2011,2024,USD,OECD,Apr2026,0.94556494
SYR,2012,2024,USD,OECD,Apr2026,0.92337488
SYR,2013,2024,USD,OECD,Apr2026,0.93462087
SYR,2014,2024,USD,OECD,Apr2026,0.9340638
SYR,2015,2024,USD,OECD,Apr2026,0.8438034
SYR,2016,2024,USD,OECD,Apr2026,0.83457093
SYR,2017,2024,USD,OECD,Apr2026,0.85219247
SYR,2018,2024,USD,OECD,Apr2026,0.88742997
SYR,2019,2024,USD,OECD,Apr2026,0.87370206
SYR,2020,2024,USD,OECD,Apr2026,0.90077616
SYR,2021,2024,USD,OECD,Apr2026,0.95776544
SYR,2022,2024,USD,OECD,Apr2026,0.93027251
SYR,2023,2024,USD,OECD,Apr2026,0.97668439
SYR,2024,2024,USD,OECD,Apr2026,1
SYR,2025,2024,USD,OECD,Apr2026,1.05193723
SYR,2026,2024,USD,WEO,Apr2025,1.04507247758326
SYR,2027,2024,USD,WEO,Apr2025,1.06671061378565
SYR,2028,2024,USD,WEO,Apr2025,1.09099965043634
SYR,2029,2024,USD,WEO,Apr2025,1.11394811494906
SYR,2030,2024,USD,WEO,Apr2025,1.13875922517087
TCD,1980,2024,USD,WEO,Apr2025,0.34967671714896
TCD,1981,2024,USD,WEO,Apr2025,0.463650366259953
TCD,1982,2024,USD,WEO,Apr2025,0.425239018883775
TCD,1983,2024,USD,WEO,Apr2025,0.368001941067916
TCD,1984,2024,USD,WEO,Apr2025,0.375464738176184
TCD,1985,2024,USD,WEO,Apr2025,0.376958472340412
TCD,1986,2024,USD,WEO,Apr2025,0.438042688183332
TCD,1987,2024,USD,WEO,Apr2025,0.479159440532648
TCD,1988,2024,USD,WEO,Apr2025,0.520889905813539
TCD,1989,2024,USD,WEO,Apr2025,0.48268257945576
TCD,1990,2024,USD,WEO,Apr2025,0.563579332564122
TCD,1991,2024,USD,WEO,Apr2025,0.505738651586113
TCD,1992,2024,USD,WEO,Apr2025,0.514758448628713
TCD,1993,2024,USD,WEO,Apr2025,0.459469530176961
TCD,1994,2024,USD,WEO,Apr2025,0.352832956201313
TCD,1995,2024,USD,WEO,Apr2025,0.435863139106008
TCD,1996,2024,USD,WEO,Apr2025,0.474485133210359
TCD,1997,2024,USD,WEO,Apr2025,0.431590447158203
TCD,1998,2024,USD,WEO,Apr2025,0.455668955572019
TCD,1999,2024,USD,WEO,Apr2025,0.404161895394303
TCD,2000,2024,USD,WEO,Apr2025,0.368529453118732
TCD,2001,2024,USD,WEO,Apr2025,0.406616284286227
TCD,2002,2024,USD,WEO,Apr2025,0.436860212270269
TCD,2003,2024,USD,WEO,Apr2025,0.523468550913906
TCD,2004,2024,USD,WEO,Apr2025,0.631638638604221
TCD,2005,2024,USD,WEO,Apr2025,0.77818948376152
TCD,2006,2024,USD,WEO,Apr2025,0.877086017734028
TCD,2007,2024,USD,WEO,Apr2025,0.940622148512118
TCD,2008,2024,USD,WEO,Apr2025,1.12356731970559
TCD,2009,2024,USD,WEO,Apr2025,1.04691055486013
TCD,2010,2024,USD,WEO,Apr2025,1.05205389756738
TCD,2011,2024,USD,WEO,Apr2025,1.19302997766157
TCD,2012,2024,USD,WEO,Apr2025,1.17412866631038
TCD,2013,2024,USD,WEO,Apr2025,1.13964677457201
TCD,2014,2024,USD,WEO,Apr2025,1.13429836745931
TCD,2015,2024,USD,WEO,Apr2025,0.880885057174926
TCD,2016,2024,USD,WEO,Apr2025,0.821781488788888
TCD,2017,2024,USD,WEO,Apr2025,0.855972566282318
TCD,2018,2024,USD,WEO,Apr2025,0.930220397360231
TCD,2019,2024,USD,WEO,Apr2025,0.858017671522256
TCD,2020,2024,USD,WEO,Apr2025,0.86431569387841
TCD,2021,2024,USD,WEO,Apr2025,0.972832878449932
TCD,2022,2024,USD,WEO,Apr2025,0.989006761914981
TCD,2023,2024,USD,WEO,Apr2025,0.97604027937939
TCD,2024,2024,USD,WEO,Apr2025,1
TCD,2025,2024,USD,WEO,Apr2025,0.968353235142837
TCD,2026,2024,USD,WEO,Apr2025,0.985520929827938
TCD,2027,2024,USD,WEO,Apr2025,1.00655953429923
TCD,2028,2024,USD,WEO,Apr2025,1.02693821242415
TCD,2029,2024,USD,WEO,Apr2025,1.05047996435014
TCD,2030,2024,USD,WEO,Apr2025,1.07628662329031
TGO,1980,2024,USD,WEO,Apr2025,0.681736202928595
TGO,1981,2024,USD,WEO,Apr2025,0.586218929538823
TGO,1982,2024,USD,WEO,Apr2025,0.51320953519059
TGO,1983,2024,USD,WEO,Apr2025,0.515526598558861
TGO,1984,2024,USD,WEO,Apr2025,0.447355321823506
TGO,1985,2024,USD,WEO,Apr2025,0.452147970300644
TGO,1986,2024,USD,WEO,Apr2025,0.613569535326088
TGO,1987,2024,USD,WEO,Apr2025,0.738563757115076
TGO,1988,2024,USD,WEO,Apr2025,0.74642181864681
TGO,1989,2024,USD,WEO,Apr2025,0.703875856012223
TGO,1990,2024,USD,WEO,Apr2025,0.800387538212151
TGO,1991,2024,USD,WEO,Apr2025,0.79584333088356
TGO,1992,2024,USD,WEO,Apr2025,0.862121932728768
TGO,1993,2024,USD,WEO,Apr2025,0.784968027725928
TGO,1994,2024,USD,WEO,Apr2025,0.534133665162346
TGO,1995,2024,USD,WEO,Apr2025,0.589053352336921
TGO,1996,2024,USD,WEO,Apr2025,0.669674253997596
TGO,1997,2024,USD,WEO,Apr2025,0.65726231634392
TGO,1998,2024,USD,WEO,Apr2025,0.63661851701109
TGO,1999,2024,USD,WEO,Apr2025,0.623215595090249
TGO,2000,2024,USD,WEO,Apr2025,0.534789231286841
TGO,2001,2024,USD,WEO,Apr2025,0.526752359831941
TGO,2002,2024,USD,WEO,Apr2025,0.583673880368534
TGO,2003,2024,USD,WEO,Apr2025,0.67836243814688
TGO,2004,2024,USD,WEO,Apr2025,0.731644082389933
TGO,2005,2024,USD,WEO,Apr2025,0.775543255105623
TGO,2006,2024,USD,WEO,Apr2025,0.778334761435638
TGO,2007,2024,USD,WEO,Apr2025,0.910947728673469
TGO,2008,2024,USD,WEO,Apr2025,1.06609953701254
TGO,2009,2024,USD,WEO,Apr2025,1.04165711572864
TGO,2010,2024,USD,WEO,Apr2025,0.990935174637388
TGO,2011,2024,USD,WEO,Apr2025,1.06868809868898
TGO,2012,2024,USD,WEO,Apr2025,1.00458081566358
TGO,2013,2024,USD,WEO,Apr2025,1.05531624281346
TGO,2014,2024,USD,WEO,Apr2025,1.06092041430311
TGO,2015,2024,USD,WEO,Apr2025,0.905403840107175
TGO,2016,2024,USD,WEO,Apr2025,0.902867503941514
TGO,2017,2024,USD,WEO,Apr2025,0.913273888729627
TGO,2018,2024,USD,WEO,Apr2025,0.959931392985211
TGO,2019,2024,USD,WEO,Apr2025,0.909687874707555
TGO,2020,2024,USD,WEO,Apr2025,0.943979634078809
TGO,2021,2024,USD,WEO,Apr2025,1.00351485592085
TGO,2022,2024,USD,WEO,Apr2025,0.926336680851064
TGO,2023,2024,USD,WEO,Apr2025,0.978139627659574
TGO,2024,2024,USD,WEO,Apr2025,1
TGO,2025,2024,USD,WEO,Apr2025,0.973661877917197
TGO,2026,2024,USD,WEO,Apr2025,0.99076406789399
TGO,2027,2024,USD,WEO,Apr2025,1.00980815954593
TGO,2028,2024,USD,WEO,Apr2025,1.02938576472328
TGO,2029,2024,USD,WEO,Apr2025,1.05013718756004
TGO,2030,2024,USD,WEO,Apr2025,1.07113017957441
THA,1980,2024,USD,WEO,Apr2025,0.449876043407136
THA,1981,2024,USD,WEO,Apr2025,0.457524021508703
THA,1982,2024,USD,WEO,Apr2025,0.455991626296185
THA,1983,2024,USD,WEO,Apr2025,0.47264417905024
THA,1984,2024,USD,WEO,Apr2025,0.466489554903759
THA,1985,2024,USD,WEO,Apr2025,0.414880606796537
THA,1986,2024,USD,WEO,Apr2025,0.435533854007866
THA,1987,2024,USD,WEO,Apr2025,0.466316812801193
THA,1988,2024,USD,WEO,Apr2025,0.502296423579537
THA,1989,2024,USD,WEO,Apr2025,0.524539171605804
THA,1990,2024,USD,WEO,Apr2025,0.556995082397114
THA,1991,2024,USD,WEO,Apr2025,0.588045489525113
THA,1992,2024,USD,WEO,Apr2025,0.614546126395937
THA,1993,2024,USD,WEO,Apr2025,0.630621879921755
THA,1994,2024,USD,WEO,Apr2025,0.66454475333573
THA,1995,2024,USD,WEO,Apr2025,0.709314008349002
THA,1996,2024,USD,WEO,Apr2025,0.72592520008628
THA,1997,2024,USD,WEO,Apr2025,0.612488702934643
THA,1998,2024,USD,WEO,Apr2025,0.501929394048742
THA,1999,2024,USD,WEO,Apr2025,0.534846026941592
THA,2000,2024,USD,WEO,Apr2025,0.510915154540566
THA,2001,2024,USD,WEO,Apr2025,0.470083578033473
THA,2002,2024,USD,WEO,Apr2025,0.494409984096913
THA,2003,2024,USD,WEO,Apr2025,0.523002165029668
THA,2004,2024,USD,WEO,Apr2025,0.558668765774877
THA,2005,2024,USD,WEO,Apr2025,0.587142681546216
THA,2006,2024,USD,WEO,Apr2025,0.655200345523004
THA,2007,2024,USD,WEO,Apr2025,0.736837351617863
THA,2008,2024,USD,WEO,Apr2025,0.802679667044902
THA,2009,2024,USD,WEO,Apr2025,0.781435699732959
THA,2010,2024,USD,WEO,Apr2025,0.880068644008174
THA,2011,2024,USD,WEO,Apr2025,0.94876270300138
THA,2012,2024,USD,WEO,Apr2025,0.948477795190336
THA,2013,2024,USD,WEO,Apr2025,0.976575277008571
THA,2014,2024,USD,WEO,Apr2025,0.937161909300209
THA,2015,2024,USD,WEO,Apr2025,0.895203155737187
THA,2016,2024,USD,WEO,Apr2025,0.891505459745669
THA,2017,2024,USD,WEO,Apr2025,0.944752295329313
THA,2018,2024,USD,WEO,Apr2025,1.00657665711292
THA,2019,2024,USD,WEO,Apr2025,1.05813398984873
THA,2020,2024,USD,WEO,Apr2025,1.03617819843995
THA,2021,2024,USD,WEO,Apr2025,1.03212240126891
THA,2022,2024,USD,WEO,Apr2025,0.984741971499665
THA,2023,2024,USD,WEO,Apr2025,1.00483922600402
THA,2024,2024,USD,WEO,Apr2025,1
THA,2025,2024,USD,WEO,Apr2025,1.01929065943562
THA,2026,2024,USD,WEO,Apr2025,1.02258275451951
THA,2027,2024,USD,WEO,Apr2025,1.03428862532362
THA,2028,2024,USD,WEO,Apr2025,1.04813047629202
THA,2029,2024,USD,WEO,Apr2025,1.0631391608722
THA,2030,2024,USD,WEO,Apr2025,1.07935558746094
TJK,1980,2024,USD,WEO_est,Apr2025,0.0379424644280498
TJK,1981,2024,USD,WEO_est,Apr2025,0.0406722367891391
TJK,1982,2024,USD,WEO_est,Apr2025,0.0435984027492128
TJK,1983,2024,USD,WEO_est,Apr2025,0.0467350918548486
TJK,1984,2024,USD,WEO_est,Apr2025,0.0500974502035071
TJK,1985,2024,USD,WEO_est,Apr2025,0.0537017135793325
TJK,1986,2024,USD,WEO_est,Apr2025,0.0575652858507114
TJK,1987,2024,USD,WEO_est,Apr2025,0.0617068230081477
TJK,1988,2024,USD,WEO_est,Apr2025,0.0661463232482465
TJK,1989,2024,USD,WEO_est,Apr2025,0.070905223538794
TJK,1990,2024,USD,WEO_est,Apr2025,0.0760065031312172
TJK,1991,2024,USD,WEO_est,Apr2025,0.0814747945202513
TJK,1992,2024,USD,WEO,Apr2025,0.0873365023866067
TJK,1993,2024,USD,WEO,Apr2025,0.228889491454158
TJK,1994,2024,USD,WEO,Apr2025,0.356068594505182
TJK,1995,2024,USD,WEO,Apr2025,0.27930160186509
TJK,1996,2024,USD,WEO,Apr2025,0.53997501031722
TJK,1997,2024,USD,WEO,Apr2025,0.565773473166814
TJK,1998,2024,USD,WEO,Apr2025,0.632677702278944
TJK,1999,2024,USD,WEO,Apr2025,0.502416129182459
TJK,2000,2024,USD,WEO,Apr2025,0.422940453848357
TJK,2001,2024,USD,WEO,Apr2025,0.409353931039714
TJK,2002,2024,USD,WEO,Apr2025,0.430231145876717
TJK,2003,2024,USD,WEO,Apr2025,0.500896533633938
TJK,2004,2024,USD,WEO,Apr2025,0.603756484200854
TJK,2005,2024,USD,WEO,Apr2025,0.630809219345878
TJK,2006,2024,USD,WEO,Apr2025,0.717092457277168
TJK,2007,2024,USD,WEO,Apr2025,0.878422629826518
TJK,2008,2024,USD,WEO,Apr2025,1.1261974799461
TJK,2009,2024,USD,WEO,Apr2025,1.05057290644265
TJK,2010,2024,USD,WEO,Apr2025,1.11825804110164
TJK,2011,2024,USD,WEO,Apr2025,1.20379364167949
TJK,2012,2024,USD,WEO,Apr2025,1.30332402734235
TJK,2013,2024,USD,WEO,Apr2025,1.35961923270379
TJK,2014,2024,USD,WEO,Apr2025,1.38450161192225
TJK,2015,2024,USD,WEO,Apr2025,1.11039728034783
TJK,2016,2024,USD,WEO,Apr2025,0.924633361413937
TJK,2017,2024,USD,WEO,Apr2025,0.930117288508734
TJK,2018,2024,USD,WEO,Apr2025,0.890462894769242
TJK,2019,2024,USD,WEO,Apr2025,0.886682876262414
TJK,2020,2024,USD,WEO,Apr2025,0.832306292434396
TJK,2021,2024,USD,WEO,Apr2025,0.835617710547697
TJK,2022,2024,USD,WEO,Apr2025,0.908735732488556
TJK,2023,2024,USD,WEO,Apr2025,0.948363761075015
TJK,2024,2024,USD,WEO,Apr2025,1
TJK,2025,2024,USD,WEO,Apr2025,1.02666766065295
TJK,2026,2024,USD,WEO,Apr2025,1.06043316055477
TJK,2027,2024,USD,WEO,Apr2025,1.1004426690946
TJK,2028,2024,USD,WEO,Apr2025,1.14191348976956
TJK,2029,2024,USD,WEO,Apr2025,1.18503086964698
TJK,2030,2024,USD,WEO,Apr2025,1.22391601728874
TKL,1960,2024,USD,OECD,Apr2026,0.08561452
TKL,1961,2024,USD,OECD,Apr2026,0.08342802
TKL,1962,2024,USD,OECD,Apr2026,0.08825169
TKL,1963,2024,USD,OECD,Apr2026,0.09173975
TKL,1964,2024,USD,OECD,Apr2026,0.09501673
TKL,1965,2024,USD,OECD,Apr2026,0.09908708
TKL,1966,2024,USD,OECD,Apr2026,0.09351816
TKL,1967,2024,USD,OECD,Apr2026,0.09897999
TKL,1968,2024,USD,OECD,Apr2026,0.08868501
TKL,1969,2024,USD,OECD,Apr2026,0.08754463
TKL,1970,2024,USD,OECD,Apr2026,0.09448103
TKL,1971,2024,USD,OECD,Apr2026,0.10997346
TKL,1972,2024,USD,OECD,Apr2026,0.12599494
TKL,1973,2024,USD,OECD,Apr2026,0.15620543
TKL,1974,2024,USD,OECD,Apr2026,0.16735597
TKL,1975,2024,USD,OECD,Apr2026,0.16448046
TKL,1976,2024,USD,OECD,Apr2026,0.16529053
TKL,1977,2024,USD,OECD,Apr2026,0.18771522
TKL,1978,2024,USD,OECD,Apr2026,0.22631302
TKL,1979,2024,USD,OECD,Apr2026,0.25390853
TKL,1980,2024,USD,OECD,Apr2026,0.27786289
TKL,1981,2024,USD,OECD,Apr2026,0.28791533
TKL,1982,2024,USD,OECD,Apr2026,0.27934286
TKL,1983,2024,USD,OECD,Apr2026,0.26796381
TKL,1984,2024,USD,OECD,Apr2026,0.24461052
TKL,1985,2024,USD,OECD,Apr2026,0.24248726
TKL,1986,2024,USD,OECD,Apr2026,0.31928456
TKL,1987,2024,USD,OECD,Apr2026,0.3947567
TKL,1988,2024,USD,OECD,Apr2026,0.46570662
TKL,1989,2024,USD,OECD,Apr2026,0.44605808
TKL,1990,2024,USD,OECD,Apr2026,0.45831196
TKL,1991,2024,USD,OECD,Apr2026,0.44646986
TKL,1992,2024,USD,OECD,Apr2026,0.42228187
TKL,1993,2024,USD,OECD,Apr2026,0.43390916
TKL,1994,2024,USD,OECD,Apr2026,0.47762436
TKL,1995,2024,USD,OECD,Apr2026,0.54115773
TKL,1996,2024,USD,OECD,Apr2026,0.58027075
TKL,1997,2024,USD,OECD,Apr2026,0.55895407
TKL,1998,2024,USD,OECD,Apr2026,0.45687494
TKL,1999,2024,USD,OECD,Apr2026,0.45307801
TKL,2000,2024,USD,OECD,Apr2026,0.39824811
TKL,2001,2024,USD,OECD,Apr2026,0.38440876
TKL,2002,2024,USD,OECD,Apr2026,0.42619387
TKL,2003,2024,USD,OECD,Apr2026,0.54147898
TKL,2004,2024,USD,OECD,Apr2026,0.63940993
TKL,2005,2024,USD,OECD,Apr2026,0.69677706
TKL,2006,2024,USD,OECD,Apr2026,0.65864836
TKL,2007,2024,USD,OECD,Apr2026,0.77903831
TKL,2008,2024,USD,OECD,Apr2026,0.76211096
TKL,2009,2024,USD,OECD,Apr2026,0.69540643
TKL,2010,2024,USD,OECD,Apr2026,0.82443896
TKL,2011,2024,USD,OECD,Apr2026,0.92957602
TKL,2012,2024,USD,OECD,Apr2026,0.95040166
TKL,2013,2024,USD,OECD,Apr2026,0.99398934
TKL,2014,2024,USD,OECD,Apr2026,1.02907045
TKL,2015,2024,USD,OECD,Apr2026,0.86832779
TKL,2016,2024,USD,OECD,Apr2026,0.8829155
TKL,2017,2024,USD,OECD,Apr2026,0.93010371
TKL,2018,2024,USD,OECD,Apr2026,0.918643
TKL,2019,2024,USD,OECD,Apr2026,0.89603576
TKL,2020,2024,USD,OECD,Apr2026,0.90207861
TKL,2021,2024,USD,OECD,Apr2026,1.01279617
TKL,2022,2024,USD,OECD,Apr2026,0.96041747
TKL,2023,2024,USD,OECD,Apr2026,0.97582995
TKL,2024,2024,USD,OECD,Apr2026,1
TKL,2025,2024,USD,OECD,Apr2026,0.99785507
TKL,2026,2024,USD,WEO,Apr2025,0.965661431946714
TKL,2027,2024,USD,WEO,Apr2025,0.981118973092103
TKL,2028,2024,USD,WEO,Apr2025,0.999525529457171
TKL,2029,2024,USD,WEO,Apr2025,1.02007412968562
TKL,2030,2024,USD,WEO,Apr2025,1.04038115119367
TKM,1980,2024,USD,WEO_est,Apr2025,0.0329034712159256
TKM,1981,2024,USD,WEO_est,Apr2025,0.0355040669513929
TKM,1982,2024,USD,WEO_est,Apr2025,0.0383102062945527
TKM,1983,2024,USD,WEO_est,Apr2025,0.0413381348210196
TKM,1984,2024,USD,WEO_est,Apr2025,0.0446053821099829
TKM,1985,2024,USD,WEO_est,Apr2025,0.0481308632281563
TKM,1986,2024,USD,WEO_est,Apr2025,0.0519349882347276
TKM,1987,2024,USD,WEO_est,Apr2025,0.0560397803412639
TKM,1988,2024,USD,WEO_est,Apr2025,0.0604690034106364
TKM,1989,2024,USD,WEO_est,Apr2025,0.0652482995330936
TKM,1990,2024,USD,WEO_est,Apr2025,0.0704053374759512
TKM,1991,2024,USD,WEO_est,Apr2025,0.0759699728663191
TKM,1992,2024,USD,WEO,Apr2025,0.0819744210342099
TKM,1993,2024,USD,WEO,Apr2025,0.513930575359091
TKM,1994,2024,USD,WEO,Apr2025,0.52628189983827
TKM,1995,2024,USD,WEO,Apr2025,0.733487066200534
TKM,1996,2024,USD,WEO,Apr2025,0.318440500627982
TKM,1997,2024,USD,WEO,Apr2025,0.404546401944473
TKM,1998,2024,USD,WEO,Apr2025,0.404701235525692
TKM,1999,2024,USD,WEO,Apr2025,0.468222109082825
TKM,2000,2024,USD,WEO,Apr2025,0.514092771509392
TKM,2001,2024,USD,WEO,Apr2025,0.589532254239671
TKM,2002,2024,USD,WEO,Apr2025,0.638961155182797
TKM,2003,2024,USD,WEO,Apr2025,0.716552608497407
TKM,2004,2024,USD,WEO,Apr2025,0.776339294643458
TKM,2005,2024,USD,WEO,Apr2025,0.830834039699454
TKM,2006,2024,USD,WEO,Apr2025,0.932670184862714
TKM,2007,2024,USD,WEO,Apr2025,1.01915361925577
TKM,2008,2024,USD,WEO,Apr2025,0.736103548960338
TKM,2009,2024,USD,WEO,Apr2025,0.651600125506534
TKM,2010,2024,USD,WEO,Apr2025,0.571380276164985
TKM,2011,2024,USD,WEO,Apr2025,0.640571092614274
TKM,2012,2024,USD,WEO,Apr2025,0.676050801988617
TKM,2013,2024,USD,WEO,Apr2025,0.696487098131438
TKM,2014,2024,USD,WEO,Apr2025,0.742843989567996
TKM,2015,2024,USD,WEO,Apr2025,0.581467542473951
TKM,2016,2024,USD,WEO,Apr2025,0.557309646414223
TKM,2017,2024,USD,WEO,Apr2025,0.584135769731886
TKM,2018,2024,USD,WEO,Apr2025,0.61663556474565
TKM,2019,2024,USD,WEO,Apr2025,0.688610180284622
TKM,2020,2024,USD,WEO,Apr2025,0.694874069759592
TKM,2021,2024,USD,WEO,Apr2025,0.811015673498157
TKM,2022,2024,USD,WEO,Apr2025,0.985298608313601
TKM,2023,2024,USD,WEO,Apr2025,0.965147096164334
TKM,2024,2024,USD,WEO,Apr2025,1
TKM,2025,2024,USD,WEO,Apr2025,1.05544589277887
TKM,2026,2024,USD,WEO,Apr2025,1.12347588185805
TKM,2027,2024,USD,WEO,Apr2025,1.20047285586011
TKM,2028,2024,USD,WEO,Apr2025,1.28478586861577
TKM,2029,2024,USD,WEO,Apr2025,1.37630953241242
TKM,2030,2024,USD,WEO,Apr2025,1.47591400666315
TLS,1980,2024,USD,WEO_est,Apr2025,0.173612588164923
TLS,1981,2024,USD,WEO_est,Apr2025,0.180308193203288
TLS,1982,2024,USD,WEO_est,Apr2025,0.187262023335258
TLS,1983,2024,USD,WEO_est,Apr2025,0.194484037361954
TLS,1984,2024,USD,WEO_est,Apr2025,0.201984578159176
TLS,1985,2024,USD,WEO_est,Apr2025,0.209774387489764
TLS,1986,2024,USD,WEO_est,Apr2025,0.217864621387217
TLS,1987,2024,USD,WEO_est,Apr2025,0.226266866132605
TLS,1988,2024,USD,WEO_est,Apr2025,0.234993154847646
TLS,1989,2024,USD,WEO_est,Apr2025,0.244055984727727
TLS,1990,2024,USD,WEO_est,Apr2025,0.253468334939532
TLS,1991,2024,USD,WEO_est,Apr2025,0.26324368520892
TLS,1992,2024,USD,WEO_est,Apr2025,0.273396035125669
TLS,1993,2024,USD,WEO_est,Apr2025,0.283939924192732
TLS,1994,2024,USD,WEO_est,Apr2025,0.294890452648721
TLS,1995,2024,USD,WEO_est,Apr2025,0.306263303093442
TLS,1996,2024,USD,WEO_est,Apr2025,0.318074762947441
TLS,1997,2024,USD,WEO_est,Apr2025,0.330341747777739
TLS,1998,2024,USD,WEO_est,Apr2025,0.343081825523149
TLS,1999,2024,USD,WEO_est,Apr2025,0.356313241653886
TLS,2000,2024,USD,WEO,Apr2025,0.370054945301479
TLS,2001,2024,USD,WEO,Apr2025,0.413389655586481
TLS,2002,2024,USD,WEO,Apr2025,0.43657824920377
TLS,2003,2024,USD,WEO,Apr2025,0.465309091416946
TLS,2004,2024,USD,WEO,Apr2025,0.417109743302043
TLS,2005,2024,USD,WEO,Apr2025,0.424294201295988
TLS,2006,2024,USD,WEO,Apr2025,0.434858955955049
TLS,2007,2024,USD,WEO,Apr2025,0.471700709898242
TLS,2008,2024,USD,WEO,Apr2025,0.505349224222516
TLS,2009,2024,USD,WEO,Apr2025,0.514742661808617
TLS,2010,2024,USD,WEO,Apr2025,0.571201004526009
TLS,2011,2024,USD,WEO,Apr2025,0.636887230899616
TLS,2012,2024,USD,WEO,Apr2025,0.676194993842814
TLS,2013,2024,USD,WEO,Apr2025,0.789542534527396
TLS,2014,2024,USD,WEO,Apr2025,0.783484103019947
TLS,2015,2024,USD,WEO,Apr2025,0.839497939903728
TLS,2016,2024,USD,WEO,Apr2025,0.84059532685177
TLS,2017,2024,USD,WEO,Apr2025,0.839104949404726
TLS,2018,2024,USD,WEO,Apr2025,0.827617212935674
TLS,2019,2024,USD,WEO,Apr2025,1.05323777946175
TLS,2020,2024,USD,WEO,Apr2025,1.22457814991732
TLS,2021,2024,USD,WEO,Apr2025,1.99303365293347
TLS,2022,2024,USD,WEO,Apr2025,1.69722457258065
TLS,2023,2024,USD,WEO,Apr2025,1.07458064516129
TLS,2024,2024,USD,WEO,Apr2025,1
TLS,2025,2024,USD,WEO,Apr2025,1.01511391833973
TLS,2026,2024,USD,WEO,Apr2025,1.04456258388358
TLS,2027,2024,USD,WEO,Apr2025,1.05363338489779
TLS,2028,2024,USD,WEO,Apr2025,1.08533315578953
TLS,2029,2024,USD,WEO,Apr2025,1.11780203729032
TLS,2030,2024,USD,WEO,Apr2025,1.15157893942044
TON,1980,2024,USD,WEO,Apr2025,0.472897508992226
TON,1981,2024,USD,WEO,Apr2025,0.461562925752235
TON,1982,2024,USD,WEO,Apr2025,0.409186990915102
TON,1983,2024,USD,WEO,Apr2025,0.376963919270451
TON,1984,2024,USD,WEO,Apr2025,0.275188383435984
TON,1985,2024,USD,WEO,Apr2025,0.244508945252698
TON,1986,2024,USD,WEO,Apr2025,0.266130576053875
TON,1987,2024,USD,WEO,Apr2025,0.284942603007536
TON,1988,2024,USD,WEO,Apr2025,0.346498882794403
TON,1989,2024,USD,WEO,Apr2025,0.414254889334039
TON,1990,2024,USD,WEO,Apr2025,0.409891255344847
TON,1991,2024,USD,WEO,Apr2025,0.454252060075537
TON,1992,2024,USD,WEO,Apr2025,0.497341993956412
TON,1993,2024,USD,WEO,Apr2025,0.511824098784309
TON,1994,2024,USD,WEO,Apr2025,0.518347127131309
TON,1995,2024,USD,WEO,Apr2025,0.526001593802866
TON,1996,2024,USD,WEO,Apr2025,0.553455259585334
TON,1997,2024,USD,WEO,Apr2025,0.567217907857017
TON,1998,2024,USD,WEO,Apr2025,0.529458244528416
TON,1999,2024,USD,WEO,Apr2025,0.480953875306445
TON,2000,2024,USD,WEO,Apr2025,0.477615227228896
TON,2001,2024,USD,WEO,Apr2025,0.419725971886469
TON,2002,2024,USD,WEO,Apr2025,0.40610921855535
TON,2003,2024,USD,WEO,Apr2025,0.448022670955526
TON,2004,2024,USD,WEO,Apr2025,0.522185962778203
TON,2005,2024,USD,WEO,Apr2025,0.594736972680329
TON,2006,2024,USD,WEO,Apr2025,0.6777054843677
TON,2007,2024,USD,WEO,Apr2025,0.711745485865621
TON,2008,2024,USD,WEO,Apr2025,0.781732097086624
TON,2009,2024,USD,WEO,Apr2025,0.747895942280521
TON,2010,2024,USD,WEO,Apr2025,0.872728562772194
TON,2011,2024,USD,WEO,Apr2025,0.923882583420077
TON,2012,2024,USD,WEO,Apr2025,0.928526192925187
TON,2013,2024,USD,WEO,Apr2025,0.994042712399835
TON,2014,2024,USD,WEO,Apr2025,0.950918617772206
TON,2015,2024,USD,WEO,Apr2025,0.934044527600235
TON,2016,2024,USD,WEO,Apr2025,0.842213958674595
TON,2017,2024,USD,WEO,Apr2025,0.891682117666692
TON,2018,2024,USD,WEO,Apr2025,0.92601833860794
TON,2019,2024,USD,WEO,Apr2025,0.953028159845498
TON,2020,2024,USD,WEO,Apr2025,0.95339204096682
TON,2021,2024,USD,WEO,Apr2025,0.98204919978004
TON,2022,2024,USD,WEO,Apr2025,0.995604892018553
TON,2023,2024,USD,WEO,Apr2025,0.969598812615955
TON,2024,2024,USD,WEO,Apr2025,1
TON,2025,2024,USD,WEO,Apr2025,1.02584895548077
TON,2026,2024,USD,WEO,Apr2025,1.04297262474407
TON,2027,2024,USD,WEO,Apr2025,1.06934088995476
TON,2028,2024,USD,WEO,Apr2025,1.09227264207226
TON,2029,2024,USD,WEO,Apr2025,1.11631213728238
TON,2030,2024,USD,WEO,Apr2025,1.13960945323902
TTO,1980,2024,USD,WEO,Apr2025,0.54281915758412
TTO,1981,2024,USD,WEO,Apr2025,0.58207250455886
TTO,1982,2024,USD,WEO,Apr2025,0.652771888727687
TTO,1983,2024,USD,WEO,Apr2025,0.69415394002166
TTO,1984,2024,USD,WEO,Apr2025,0.735857898923178
TTO,1985,2024,USD,WEO,Apr2025,0.729733534132877
TTO,1986,2024,USD,WEO,Apr2025,0.490412278751688
TTO,1987,2024,USD,WEO,Apr2025,0.514170400848539
TTO,1988,2024,USD,WEO,Apr2025,0.501591786020447
TTO,1989,2024,USD,WEO,Apr2025,0.486217300827279
TTO,1990,2024,USD,WEO,Apr2025,0.56156245327479
TTO,1991,2024,USD,WEO,Apr2025,0.570392110467092
TTO,1992,2024,USD,WEO,Apr2025,0.530959195125116
TTO,1993,2024,USD,WEO,Apr2025,0.449809517103098
TTO,1994,2024,USD,WEO,Apr2025,0.469391158041871
TTO,1995,2024,USD,WEO,Apr2025,0.487118348119666
TTO,1996,2024,USD,WEO,Apr2025,0.491418224876444
TTO,1997,2024,USD,WEO,Apr2025,0.45531932252021
TTO,1998,2024,USD,WEO,Apr2025,0.443541362284926
TTO,1999,2024,USD,WEO,Apr2025,0.462549780743571
TTO,2000,2024,USD,WEO,Apr2025,0.51821575776808
TTO,2001,2024,USD,WEO,Apr2025,0.539798724145767
TTO,2002,2024,USD,WEO,Apr2025,0.514339310596066
TTO,2003,2024,USD,WEO,Apr2025,0.566004532120366
TTO,2004,2024,USD,WEO,Apr2025,0.619730355040221
TTO,2005,2024,USD,WEO,Apr2025,0.702433571890189
TTO,2006,2024,USD,WEO,Apr2025,0.707643206938873
TTO,2007,2024,USD,WEO,Apr2025,0.800537610202964
TTO,2008,2024,USD,WEO,Apr2025,0.996103205897768
TTO,2009,2024,USD,WEO,Apr2025,0.724620886865542
TTO,2010,2024,USD,WEO,Apr2025,0.808092948839127
TTO,2011,2024,USD,WEO,Apr2025,0.927093448851341
TTO,2012,2024,USD,WEO,Apr2025,0.932727169745515
TTO,2013,2024,USD,WEO,Apr2025,0.949547564889776
TTO,2014,2024,USD,WEO,Apr2025,0.944984267793976
TTO,2015,2024,USD,WEO,Apr2025,0.865455840694949
TTO,2016,2024,USD,WEO,Apr2025,0.822626581323661
TTO,2017,2024,USD,WEO,Apr2025,0.872471008059858
TTO,2018,2024,USD,WEO,Apr2025,0.882674146264572
TTO,2019,2024,USD,WEO,Apr2025,0.867458101511076
TTO,2020,2024,USD,WEO,Apr2025,0.847396062900173
TTO,2021,2024,USD,WEO,Apr2025,0.984996440498977
TTO,2022,2024,USD,WEO,Apr2025,1.14909422402362
TTO,2023,2024,USD,WEO,Apr2025,1.01287917371885
TTO,2024,2024,USD,WEO,Apr2025,1
TTO,2025,2024,USD,WEO,Apr2025,1.01296865182022
TTO,2026,2024,USD,WEO,Apr2025,1.01783164280802
TTO,2027,2024,USD,WEO,Apr2025,1.01897609790798
TTO,2028,2024,USD,WEO,Apr2025,1.02468272440712
TTO,2029,2024,USD,WEO,Apr2025,1.02983612458503
TTO,2030,2024,USD,WEO,Apr2025,1.03809546986213
TUN,1980,2024,USD,WEO,Apr2025,0.723827776425223
TUN,1981,2024,USD,WEO,Apr2025,0.661354119397835
TUN,1982,2024,USD,WEO,Apr2025,0.641283729922445
TUN,1983,2024,USD,WEO,Apr2025,0.633437285408795
TUN,1984,2024,USD,WEO,Apr2025,0.589467064618769
TUN,1985,2024,USD,WEO,Apr2025,0.569616397128173
TUN,1986,2024,USD,WEO,Apr2025,0.619592017118542
TUN,1987,2024,USD,WEO,Apr2025,0.624802960530589
TUN,1988,2024,USD,WEO,Apr2025,0.648366742230967
TUN,1989,2024,USD,WEO,Apr2025,0.631837439285809
TUN,1990,2024,USD,WEO,Apr2025,0.753430582597627
TUN,1991,2024,USD,WEO,Apr2025,0.762602932318949
TUN,1992,2024,USD,WEO,Apr2025,0.844071510151954
TUN,1993,2024,USD,WEO,Apr2025,0.773487792328779
TUN,1994,2024,USD,WEO,Apr2025,0.79826927697392
TUN,1995,2024,USD,WEO,Apr2025,0.896174953533355
TUN,1996,2024,USD,WEO,Apr2025,0.908166675313298
TUN,1997,2024,USD,WEO,Apr2025,0.837364721519221
TUN,1998,2024,USD,WEO,Apr2025,0.838389409340231
TUN,1999,2024,USD,WEO,Apr2025,0.832162269162688
TUN,2000,2024,USD,WEO,Apr2025,0.746732955713287
TUN,2001,2024,USD,WEO,Apr2025,0.739290509909428
TUN,2002,2024,USD,WEO,Apr2025,0.765195645808044
TUN,2003,2024,USD,WEO,Apr2025,0.867008611923824
TUN,2004,2024,USD,WEO,Apr2025,0.927011237395815
TUN,2005,2024,USD,WEO,Apr2025,0.927022254531291
TUN,2006,2024,USD,WEO,Apr2025,0.938285467737605
TUN,2007,2024,USD,WEO,Apr2025,0.995356260797525
TUN,2008,2024,USD,WEO,Apr2025,1.10039397037344
TUN,2009,2024,USD,WEO,Apr2025,1.03507017962536
TUN,2010,2024,USD,WEO,Apr2025,1.01349378884934
TUN,2011,2024,USD,WEO,Apr2025,1.07748454638375
TUN,2012,2024,USD,WEO,Apr2025,1.01646151856351
TUN,2013,2024,USD,WEO,Apr2025,1.02108320320265
TUN,2014,2024,USD,WEO,Apr2025,1.02286873407974
TUN,2015,2024,USD,WEO,Apr2025,0.922502707702992
TUN,2016,2024,USD,WEO,Apr2025,0.884033472409192
TUN,2017,2024,USD,WEO,Apr2025,0.821822569950997
TUN,2018,2024,USD,WEO,Apr2025,0.810819163177049
TUN,2019,2024,USD,WEO,Apr2025,0.783816294363462
TUN,2020,2024,USD,WEO,Apr2025,0.873203300416692
TUN,2021,2024,USD,WEO,Apr2025,0.918455766103092
TUN,2022,2024,USD,WEO,Apr2025,0.852171874477711
TUN,2023,2024,USD,WEO,Apr2025,0.927194115862277
TUN,2024,2024,USD,WEO,Apr2025,1
TUN,2025,2024,USD,WEO,Apr2025,1.04587730359651
TUN,2026,2024,USD,WEO,Apr2025,1.0602835391851
TUN,2027,2024,USD,WEO,Apr2025,1.05943118168113
TUN,2028,2024,USD,WEO,Apr2025,1.06957997547393
TUN,2029,2024,USD,WEO,Apr2025,1.07593597112935
TUN,2030,2024,USD,WEO,Apr2025,1.09288798603249
TUR,1960,2024,USD,OECD,Apr2026,0
TUR,1961,2024,USD,OECD,Apr2026,0
TUR,1962,2024,USD,OECD,Apr2026,0
TUR,1963,2024,USD,OECD,Apr2026,0
TUR,1964,2024,USD,OECD,Apr2026,0
TUR,1965,2024,USD,OECD,Apr2026,0
TUR,1966,2024,USD,OECD,Apr2026,0
TUR,1967,2024,USD,OECD,Apr2026,0
TUR,1968,2024,USD,OECD,Apr2026,0
TUR,1969,2024,USD,OECD,Apr2026,0
TUR,1970,2024,USD,OECD,Apr2026,0
TUR,1971,2024,USD,OECD,Apr2026,0
TUR,1972,2024,USD,OECD,Apr2026,0
TUR,1973,2024,USD,OECD,Apr2026,0
TUR,1974,2024,USD,OECD,Apr2026,0
TUR,1975,2024,USD,OECD,Apr2026,0
TUR,1976,2024,USD,OECD,Apr2026,0
TUR,1977,2024,USD,OECD,Apr2026,0
TUR,1978,2024,USD,OECD,Apr2026,0
TUR,1979,2024,USD,OECD,Apr2026,0
TUR,1980,2024,USD,OECD,Apr2026,0
TUR,1981,2024,USD,OECD,Apr2026,0
TUR,1982,2024,USD,OECD,Apr2026,0
TUR,1983,2024,USD,OECD,Apr2026,0
TUR,1984,2024,USD,OECD,Apr2026,0
TUR,1985,2024,USD,OECD,Apr2026,0.42529979
TUR,1986,2024,USD,OECD,Apr2026,0.41316017
TUR,1987,2024,USD,OECD,Apr2026,0.42936623
TUR,1988,2024,USD,OECD,Apr2026,0.46744109
TUR,1989,2024,USD,OECD,Apr2026,0.54682021
TUR,1990,2024,USD,OECD,Apr2026,0.69897509
TUR,1991,2024,USD,OECD,Apr2026,0.6872941
TUR,1992,2024,USD,OECD,Apr2026,0.68493056
TUR,1993,2024,USD,OECD,Apr2026,0.72080601
TUR,1994,2024,USD,OECD,Apr2026,0.54931243
TUR,1995,2024,USD,OECD,Apr2026,0.67054015
TUR,1996,2024,USD,OECD,Apr2026,0.6662702
TUR,1997,2024,USD,OECD,Apr2026,0.65424612
TUR,1998,2024,USD,OECD,Apr2026,0.67112943
TUR,1999,2024,USD,OECD,Apr2026,0.64282041
TUR,2000,2024,USD,OECD,Apr2026,0.64444062
TUR,2001,2024,USD,OECD,Apr2026,0.4998056
TUR,2002,2024,USD,OECD,Apr2026,0.55854888
TUR,2003,2024,USD,OECD,Apr2026,0.69362529
TUR,2004,2024,USD,OECD,Apr2026,0.81830703
TUR,2005,2024,USD,OECD,Apr2026,0.93478693
TUR,2006,2024,USD,OECD,Apr2026,0.95775715
TUR,2007,2024,USD,OECD,Apr2026,1.11945144
TUR,2008,2024,USD,OECD,Apr2026,1.24554652
TUR,2009,2024,USD,OECD,Apr2026,1.11318624
TUR,2010,2024,USD,OECD,Apr2026,1.22728627
TUR,2011,2024,USD,OECD,Apr2026,1.19224139
TUR,2012,2024,USD,OECD,Apr2026,1.19358828
TUR,2013,2024,USD,OECD,Apr2026,1.19205109
TUR,2014,2024,USD,OECD,Apr2026,1.11656916
TUR,2015,2024,USD,OECD,Apr2026,0.96834135
TUR,2016,2024,USD,OECD,Apr2026,0.94329254
TUR,2017,2024,USD,OECD,Apr2026,0.86842257
TUR,2018,2024,USD,OECD,Apr2026,0.76424807
TUR,2019,2024,USD,OECD,Apr2026,0.74385328
TUR,2020,2024,USD,OECD,Apr2026,0.6904512
TUR,2021,2024,USD,OECD,Apr2026,0.70692088
TUR,2022,2024,USD,OECD,Apr2026,0.73949846
TUR,2023,2024,USD,OECD,Apr2026,0.86657951
TUR,2024,2024,USD,OECD,Apr2026,1
TUR,2025,2024,USD,OECD,Apr2026,1.1171094
TUR,2026,2024,USD,WEO,Apr2025,0.999949270263098
TUR,2027,2024,USD,WEO,Apr2025,1.01840990821487
TUR,2028,2024,USD,WEO,Apr2025,1.05533481830637
TUR,2029,2024,USD,WEO,Apr2025,1.07826136409569
TUR,2030,2024,USD,WEO,Apr2025,1.0931078761001
TUV,1980,2024,USD,WEO_est,Apr2025,0.189870461388084
TUV,1981,2024,USD,WEO_est,Apr2025,0.196551933745364
TUV,1982,2024,USD,WEO_est,Apr2025,0.203468524680514
TUV,1983,2024,USD,WEO_est,Apr2025,0.210628507930624
TUV,1984,2024,USD,WEO_est,Apr2025,0.218040448382579
TUV,1985,2024,USD,WEO_est,Apr2025,0.22571321231851
TUV,1986,2024,USD,WEO_est,Apr2025,0.233655978021789
TUV,1987,2024,USD,WEO_est,Apr2025,0.241878246756234
TUV,1988,2024,USD,WEO_est,Apr2025,0.250389854131674
TUV,1989,2024,USD,WEO_est,Apr2025,0.259200981869468
TUV,1990,2024,USD,WEO_est,Apr2025,0.268322169982035
TUV,1991,2024,USD,WEO_est,Apr2025,0.277764329380995
TUV,1992,2024,USD,WEO_est,Apr2025,0.28753875492897
TUV,1993,2024,USD,WEO_est,Apr2025,0.297657138950684
TUV,1994,2024,USD,WEO_est,Apr2025,0.308131585219507
TUV,1995,2024,USD,WEO_est,Apr2025,0.318974623436184
TUV,1996,2024,USD,WEO_est,Apr2025,0.330199224217064
TUV,1997,2024,USD,WEO_est,Apr2025,0.341818814609759
TUV,1998,2024,USD,WEO_est,Apr2025,0.353847294154796
TUV,1999,2024,USD,WEO_est,Apr2025,0.366299051512468
TUV,2000,2024,USD,WEO,Apr2025,0.379188981674781
TUV,2001,2024,USD,WEO,Apr2025,0.351467020437753
TUV,2002,2024,USD,WEO,Apr2025,0.394011449689456
TUV,2003,2024,USD,WEO,Apr2025,0.48462909386151
TUV,2004,2024,USD,WEO,Apr2025,0.56804820810985
TUV,2005,2024,USD,WEO,Apr2025,0.590155430537796
TUV,2006,2024,USD,WEO,Apr2025,0.607905511594465
TUV,2007,2024,USD,WEO,Apr2025,0.68710770607235
TUV,2008,2024,USD,WEO,Apr2025,0.711385745406765
TUV,2009,2024,USD,WEO,Apr2025,0.659528000880397
TUV,2010,2024,USD,WEO,Apr2025,0.796970079748665
TUV,2011,2024,USD,WEO,Apr2025,0.898460136801796
TUV,2012,2024,USD,WEO,Apr2025,0.901724843157021
TUV,2013,2024,USD,WEO,Apr2025,0.868671878191822
TUV,2014,2024,USD,WEO,Apr2025,0.854428554193418
TUV,2015,2024,USD,WEO,Apr2025,0.741103598735061
TUV,2016,2024,USD,WEO,Apr2025,0.783123927627348
TUV,2017,2024,USD,WEO,Apr2025,0.832108293750924
TUV,2018,2024,USD,WEO,Apr2025,0.87314043717019
TUV,2019,2024,USD,WEO,Apr2025,0.866294783282738
TUV,2020,2024,USD,WEO,Apr2025,0.866117562304605
TUV,2021,2024,USD,WEO,Apr2025,1.03842110066525
TUV,2022,2024,USD,WEO,Apr2025,1.04642021123077
TUV,2023,2024,USD,WEO,Apr2025,1.00137046153846
TUV,2024,2024,USD,WEO,Apr2025,1
TUV,2025,2024,USD,WEO,Apr2025,0.972734258727858
TUV,2026,2024,USD,WEO,Apr2025,0.979901433315865
TUV,2027,2024,USD,WEO,Apr2025,1.00150416428351
TUV,2028,2024,USD,WEO,Apr2025,1.02421795114808
TUV,2029,2024,USD,WEO,Apr2025,1.04679680733664
TUV,2030,2024,USD,WEO,Apr2025,1.07017096682832
TWN,1980,2024,USD,WEO,Apr2025,0.543185323501814
TWN,1981,2024,USD,WEO,Apr2025,0.574613609463699
TWN,1982,2024,USD,WEO,Apr2025,0.554574600763655
TWN,1983,2024,USD,WEO,Apr2025,0.556042665125675
TWN,1984,2024,USD,WEO,Apr2025,0.56986328922075
TWN,1985,2024,USD,WEO,Apr2025,0.566388465845795
TWN,1986,2024,USD,WEO,Apr2025,0.624301962021498
TWN,1987,2024,USD,WEO,Apr2025,0.743782390497529
TWN,1988,2024,USD,WEO,Apr2025,0.829035025359073
TWN,1989,2024,USD,WEO,Apr2025,0.92067858007153
TWN,1990,2024,USD,WEO,Apr2025,0.951850547901309
TWN,1991,2024,USD,WEO,Apr2025,0.986474714799753
TWN,1992,2024,USD,WEO,Apr2025,1.08487141794802
TWN,1993,2024,USD,WEO,Apr2025,1.07683686756565
TWN,1994,2024,USD,WEO,Apr2025,1.08604717008692
TWN,1995,2024,USD,WEO,Apr2025,1.11055584556693
TWN,1996,2024,USD,WEO,Apr2025,1.09630370094057
TWN,1997,2024,USD,WEO,Apr2025,1.07188612642763
TWN,1998,2024,USD,WEO,Apr2025,0.949538946236341
TWN,1999,2024,USD,WEO,Apr2025,0.965487373777323
TWN,2000,2024,USD,WEO,Apr2025,0.98840154465402
TWN,2001,2024,USD,WEO,Apr2025,0.907254793485287
TWN,2002,2024,USD,WEO,Apr2025,0.88354718920492
TWN,2003,2024,USD,WEO,Apr2025,0.875144587497802
TWN,2004,2024,USD,WEO,Apr2025,0.894425807681708
TWN,2005,2024,USD,WEO,Apr2025,0.915125566043125
TWN,2006,2024,USD,WEO,Apr2025,0.893861488275176
TWN,2007,2024,USD,WEO,Apr2025,0.880841056559767
TWN,2008,2024,USD,WEO,Apr2025,0.893174116567825
TWN,2009,2024,USD,WEO,Apr2025,0.853099410329559
TWN,2010,2024,USD,WEO,Apr2025,0.879653630096223
TWN,2011,2024,USD,WEO,Apr2025,0.924294404108995
TWN,2012,2024,USD,WEO,Apr2025,0.925951475293152
TWN,2013,2024,USD,WEO,Apr2025,0.935115907061845
TWN,2014,2024,USD,WEO,Apr2025,0.931946132572753
TWN,2015,2024,USD,WEO,Apr2025,0.917095343779645
TWN,2016,2024,USD,WEO,Apr2025,0.912046667676649
TWN,2017,2024,USD,WEO,Apr2025,0.958572345817914
TWN,2018,2024,USD,WEO,Apr2025,0.961428960109314
TWN,2019,2024,USD,WEO,Apr2025,0.937239072059794
TWN,2020,2024,USD,WEO,Apr2025,0.999821062410707
TWN,2021,2024,USD,WEO,Apr2025,1.07542079293168
TWN,2022,2024,USD,WEO,Apr2025,1.03202385111724
TWN,2023,2024,USD,WEO,Apr2025,1.0095238256303
TWN,2024,2024,USD,WEO,Apr2025,1
TWN,2025,2024,USD,WEO,Apr2025,1.00014554914868
TWN,2026,2024,USD,WEO,Apr2025,1.02850692964303
TWN,2027,2024,USD,WEO,Apr2025,1.0524896366342
TWN,2028,2024,USD,WEO,Apr2025,1.06555498542533
TWN,2029,2024,USD,WEO,Apr2025,1.06594357238769
TWN,2030,2024,USD,WEO,Apr2025,1.06549015879082
TZA,1980,2024,USD,WEO,Apr2025,1.15363797149495
TZA,1981,2024,USD,WEO,Apr2025,1.37298075238558
TZA,1982,2024,USD,WEO,Apr2025,1.56701838905983
TZA,1983,2024,USD,WEO,Apr2025,1.56739061102264
TZA,1984,2024,USD,WEO,Apr2025,1.3791732559171
TZA,1985,2024,USD,WEO,Apr2025,1.18974869968479
TZA,1986,2024,USD,WEO,Apr2025,1.41101978399781
TZA,1987,2024,USD,WEO,Apr2025,0.656467232016275
TZA,1988,2024,USD,WEO,Apr2025,0.600901601995223
TZA,1989,2024,USD,WEO,Apr2025,0.49912399249411
TZA,1990,2024,USD,WEO,Apr2025,0.374235553600713
TZA,1991,2024,USD,WEO,Apr2025,0.426681926417099
TZA,1992,2024,USD,WEO,Apr2025,0.393828733470953
TZA,1993,2024,USD,WEO,Apr2025,0.360027176058599
TZA,1994,2024,USD,WEO,Apr2025,0.375590106598081
TZA,1995,2024,USD,WEO,Apr2025,0.422484467103775
TZA,1996,2024,USD,WEO,Apr2025,0.499547500016919
TZA,1997,2024,USD,WEO,Apr2025,0.571350966975165
TZA,1998,2024,USD,WEO,Apr2025,0.677137791275654
TZA,1999,2024,USD,WEO,Apr2025,0.662529161101044
TZA,2000,2024,USD,WEO,Apr2025,0.663114744656322
TZA,2001,2024,USD,WEO,Apr2025,0.637780902679395
TZA,2002,2024,USD,WEO,Apr2025,0.619356411062157
TZA,2003,2024,USD,WEO,Apr2025,0.62520042645772
TZA,2004,2024,USD,WEO,Apr2025,0.637839003193424
TZA,2005,2024,USD,WEO,Apr2025,0.655003528164077
TZA,2006,2024,USD,WEO,Apr2025,0.68792846905009
TZA,2007,2024,USD,WEO,Apr2025,0.732752569131136
TZA,2008,2024,USD,WEO,Apr2025,0.884077040416928
TZA,2009,2024,USD,WEO,Apr2025,0.884890454094498
TZA,2010,2024,USD,WEO,Apr2025,0.904645846882555
TZA,2011,2024,USD,WEO,Apr2025,0.904394992988984
TZA,2012,2024,USD,WEO,Apr2025,0.992344213394194
TZA,2013,2024,USD,WEO,Apr2025,1.07057887972643
TZA,2014,2024,USD,WEO,Apr2025,1.09758984869903
TZA,2015,2024,USD,WEO,Apr2025,0.980978824416478
TZA,2016,2024,USD,WEO,Apr2025,0.963430467453987
TZA,2017,2024,USD,WEO,Apr2025,0.97934856360037
TZA,2018,2024,USD,WEO,Apr2025,0.928172094308486
TZA,2019,2024,USD,WEO,Apr2025,0.931885701701868
TZA,2020,2024,USD,WEO,Apr2025,0.960837674862384
TZA,2021,2024,USD,WEO,Apr2025,0.982892363677842
TZA,2022,2024,USD,WEO,Apr2025,1.02487617370794
TZA,2023,2024,USD,WEO,Apr2025,1.04077461525988
TZA,2024,2024,USD,WEO,Apr2025,1
TZA,2025,2024,USD,WEO,Apr2025,1.01152631750482
TZA,2026,2024,USD,WEO,Apr2025,1.03515307938283
TZA,2027,2024,USD,WEO,Apr2025,1.06430880527036
TZA,2028,2024,USD,WEO,Apr2025,1.09621726379526
TZA,2029,2024,USD,WEO,Apr2025,1.12870686475219
TZA,2030,2024,USD,WEO,Apr2025,1.16216322339306
UGA,1980,2024,USD,WEO,Apr2025,1.42462371016769
UGA,1981,2024,USD,WEO,Apr2025,2.22079682781669
UGA,1982,2024,USD,WEO,Apr2025,1.42414718257549
UGA,1983,2024,USD,WEO,Apr2025,1.55280691312999
UGA,1984,2024,USD,WEO,Apr2025,1.23137072463422
UGA,1985,2024,USD,WEO,Apr2025,1.16170772262318
UGA,1986,2024,USD,WEO,Apr2025,1.14657187589892
UGA,1987,2024,USD,WEO,Apr2025,1.77774990108504
UGA,1988,2024,USD,WEO,Apr2025,1.70045072509947
UGA,1989,2024,USD,WEO,Apr2025,1.29574467076406
UGA,1990,2024,USD,WEO,Apr2025,0.992427551848456
UGA,1991,2024,USD,WEO,Apr2025,0.509920485685267
UGA,1992,2024,USD,WEO,Apr2025,0.450587069161954
UGA,1993,2024,USD,WEO,Apr2025,0.499518735674937
UGA,1994,2024,USD,WEO,Apr2025,0.67137759038368
UGA,1995,2024,USD,WEO,Apr2025,0.736475003226037
UGA,1996,2024,USD,WEO,Apr2025,0.71309850535586
UGA,1997,2024,USD,WEO,Apr2025,0.742937921659512
UGA,1998,2024,USD,WEO,Apr2025,0.685649822844496
UGA,1999,2024,USD,WEO,Apr2025,0.603727762417341
UGA,2000,2024,USD,WEO,Apr2025,0.575862405056811
UGA,2001,2024,USD,WEO,Apr2025,0.534848476333072
UGA,2002,2024,USD,WEO,Apr2025,0.537213109903197
UGA,2003,2024,USD,WEO,Apr2025,0.524065185342237
UGA,2004,2024,USD,WEO,Apr2025,0.610281712393588
UGA,2005,2024,USD,WEO,Apr2025,0.64301279232963
UGA,2006,2024,USD,WEO,Apr2025,0.67872018459023
UGA,2007,2024,USD,WEO,Apr2025,0.781220562131924
UGA,2008,2024,USD,WEO,Apr2025,0.905680354672516
UGA,2009,2024,USD,WEO,Apr2025,0.901157591369346
UGA,2010,2024,USD,WEO,Apr2025,0.858443468499096
UGA,2011,2024,USD,WEO,Apr2025,0.888258345148415
UGA,2012,2024,USD,WEO,Apr2025,0.976520526580206
UGA,2013,2024,USD,WEO,Apr2025,0.981792897467802
UGA,2014,2024,USD,WEO,Apr2025,0.998034843395428
UGA,2015,2024,USD,WEO,Apr2025,0.800904713889468
UGA,2016,2024,USD,WEO,Apr2025,0.802489313343576
UGA,2017,2024,USD,WEO,Apr2025,0.785158499761596
UGA,2018,2024,USD,WEO,Apr2025,0.803479038621055
UGA,2019,2024,USD,WEO,Apr2025,0.828998751553723
UGA,2020,2024,USD,WEO,Apr2025,0.838510363509933
UGA,2021,2024,USD,WEO,Apr2025,0.897791707244204
UGA,2022,2024,USD,WEO,Apr2025,0.93380146474508
UGA,2023,2024,USD,WEO,Apr2025,0.977843633110729
UGA,2024,2024,USD,WEO,Apr2025,1
UGA,2025,2024,USD,WEO,Apr2025,1.07293996927647
UGA,2026,2024,USD,WEO,Apr2025,1.10765456464059
UGA,2027,2024,USD,WEO,Apr2025,1.12868049138565
UGA,2028,2024,USD,WEO,Apr2025,1.1525638041142
UGA,2029,2024,USD,WEO,Apr2025,1.19606046226981
UGA,2030,2024,USD,WEO,Apr2025,1.25303662240104
UKR,1980,2024,USD,WEO_est,Apr2025,0.0297358851071362
UKR,1981,2024,USD,WEO_est,Apr2025,0.0320061320872091
UKR,1982,2024,USD,WEO_est,Apr2025,0.0344497057172862
UKR,1983,2024,USD,WEO_est,Apr2025,0.0370798389750415
UKR,1984,2024,USD,WEO_est,Apr2025,0.0399107751369005
UKR,1985,2024,USD,WEO_est,Apr2025,0.0429578449113655
UKR,1986,2024,USD,WEO_est,Apr2025,0.0462375494612415
UKR,1987,2024,USD,WEO_est,Apr2025,0.0497676497643653
UKR,1988,2024,USD,WEO_est,Apr2025,0.0535672627967603
UKR,1989,2024,USD,WEO_est,Apr2025,0.0576569650590928
UKR,1990,2024,USD,WEO_est,Apr2025,0.0620589040070665
UKR,1991,2024,USD,WEO_est,Apr2025,0.0667969179891983
UKR,1992,2024,USD,WEO,Apr2025,0.0718966653414896
UKR,1993,2024,USD,WEO,Apr2025,0.132246318432463
UKR,1994,2024,USD,WEO,Apr2025,0.186153749961988
UKR,1995,2024,USD,WEO,Apr2025,0.21348715618983
UKR,1996,2024,USD,WEO,Apr2025,0.285597753645284
UKR,1997,2024,USD,WEO,Apr2025,0.331385451493058
UKR,1998,2024,USD,WEO,Apr2025,0.282105543558506
UKR,1999,2024,USD,WEO,Apr2025,0.213143571181712
UKR,2000,2024,USD,WEO,Apr2025,0.199235139328989
UKR,2001,2024,USD,WEO,Apr2025,0.214453395223417
UKR,2002,2024,USD,WEO,Apr2025,0.227735182825357
UKR,2003,2024,USD,WEO,Apr2025,0.246081216370866
UKR,2004,2024,USD,WEO,Apr2025,0.284480997136026
UKR,2005,2024,USD,WEO,Apr2025,0.366482462353763
UKR,2006,2024,USD,WEO,Apr2025,0.426823642360105
UKR,2007,2024,USD,WEO,Apr2025,0.524397195555996
UKR,2008,2024,USD,WEO,Apr2025,0.649401760445436
UKR,2009,2024,USD,WEO,Apr2025,0.493919112689888
UKR,2010,2024,USD,WEO,Apr2025,0.551188479574149
UKR,2011,2024,USD,WEO,Apr2025,0.62655384253226
UKR,2012,2024,USD,WEO,Apr2025,0.673827650971349
UKR,2013,2024,USD,WEO,Apr2025,0.702878615607825
UKR,2014,2024,USD,WEO,Apr2025,0.547341771936977
UKR,2015,2024,USD,WEO,Apr2025,0.413486440632689
UKR,2016,2024,USD,WEO,Apr2025,0.414408021050624
UKR,2017,2024,USD,WEO,Apr2025,0.486020206587843
UKR,2018,2024,USD,WEO,Apr2025,0.548598286465589
UKR,2019,2024,USD,WEO,Apr2025,0.624983312949002
UKR,2020,2024,USD,WEO,Apr2025,0.660585093192308
UKR,2021,2024,USD,WEO,Apr2025,0.81505922184371
UKR,2022,2024,USD,WEO,Apr2025,0.927401440383492
UKR,2023,2024,USD,WEO,Apr2025,0.971712733187695
UKR,2024,2024,USD,WEO,Apr2025,1
UKR,2025,2024,USD,WEO,Apr2025,1.05924528760387
UKR,2026,2024,USD,WEO,Apr2025,1.08588703188024
UKR,2027,2024,USD,WEO,Apr2025,1.10390815946692
UKR,2028,2024,USD,WEO,Apr2025,1.12718582098456
UKR,2029,2024,USD,WEO,Apr2025,1.15197546313087
UKR,2030,2024,USD,WEO,Apr2025,1.17732679125689
URY,1980,2024,USD,WEO,Apr2025,0.361842706165471
URY,1981,2024,USD,WEO,Apr2025,0.39634402862132
URY,1982,2024,USD,WEO,Apr2025,0.357578987756481
URY,1983,2024,USD,WEO,Apr2025,0.208491309437445
URY,1984,2024,USD,WEO,Apr2025,0.201203016963383
URY,1985,2024,USD,WEO,Apr2025,0.196020148401448
URY,1986,2024,USD,WEO,Apr2025,0.226375058702455
URY,1987,2024,USD,WEO,Apr2025,0.267428375614858
URY,1988,2024,USD,WEO,Apr2025,0.275298138532804
URY,1989,2024,USD,WEO,Apr2025,0.286983943522774
URY,1990,2024,USD,WEO,Apr2025,0.332902049679757
URY,1991,2024,USD,WEO,Apr2025,0.387469485846972
URY,1992,2024,USD,WEO,Apr2025,0.412516152079927
URY,1993,2024,USD,WEO,Apr2025,0.467853953433798
URY,1994,2024,USD,WEO,Apr2025,0.507948054800849
URY,1995,2024,USD,WEO,Apr2025,0.569965427867544
URY,1996,2024,USD,WEO,Apr2025,0.573797708373469
URY,1997,2024,USD,WEO,Apr2025,0.575245757330304
URY,1998,2024,USD,WEO,Apr2025,0.582969632550822
URY,1999,2024,USD,WEO,Apr2025,0.561750670689311
URY,2000,2024,USD,WEO,Apr2025,0.544666611199261
URY,2001,2024,USD,WEO,Apr2025,0.518880695540529
URY,2002,2024,USD,WEO,Apr2025,0.366564111441869
URY,2003,2024,USD,WEO,Apr2025,0.321946922607969
URY,2004,2024,USD,WEO,Apr2025,0.348544400570453
URY,2005,2024,USD,WEO,Apr2025,0.411663335160315
URY,2006,2024,USD,WEO,Apr2025,0.44606742822459
URY,2007,2024,USD,WEO,Apr2025,0.500532365619952
URY,2008,2024,USD,WEO,Apr2025,0.60470059801344
URY,2009,2024,USD,WEO,Apr2025,0.604830139453061
URY,2010,2024,USD,WEO,Apr2025,0.713662455454165
URY,2011,2024,USD,WEO,Apr2025,0.808085005180346
URY,2012,2024,USD,WEO,Apr2025,0.833900707640277
URY,2013,2024,USD,WEO,Apr2025,0.895512447876213
URY,2014,2024,USD,WEO,Apr2025,0.863125065571031
URY,2015,2024,USD,WEO,Apr2025,0.800429744811751
URY,2016,2024,USD,WEO,Apr2025,0.778501315102749
URY,2017,2024,USD,WEO,Apr2025,0.864687430786343
URY,2018,2024,USD,WEO,Apr2025,0.867269708099961
URY,2019,2024,USD,WEO,Apr2025,0.818006674795734
URY,2020,2024,USD,WEO,Apr2025,0.7599196196035
URY,2021,2024,USD,WEO,Apr2025,0.814280919982571
URY,2022,2024,USD,WEO,Apr2025,0.905798857723595
URY,2023,2024,USD,WEO,Apr2025,0.993331934635195
URY,2024,2024,USD,WEO,Apr2025,1
URY,2025,2024,USD,WEO,Apr2025,0.957574092710671
URY,2026,2024,USD,WEO,Apr2025,0.99690521307247
URY,2027,2024,USD,WEO,Apr2025,1.03715096540692
URY,2028,2024,USD,WEO,Apr2025,1.07506106068462
URY,2029,2024,USD,WEO,Apr2025,1.10689472223418
URY,2030,2024,USD,WEO,Apr2025,1.13823832893288
USA,1960,2024,USD,OECD,Apr2026,0.12354045
USA,1961,2024,USD,OECD,Apr2026,0.12485372
USA,1962,2024,USD,OECD,Apr2026,0.12637089
USA,1963,2024,USD,OECD,Apr2026,0.12781766
USA,1964,2024,USD,OECD,Apr2026,0.12976572
USA,1965,2024,USD,OECD,Apr2026,0.13214216
USA,1966,2024,USD,OECD,Apr2026,0.13584414
USA,1967,2024,USD,OECD,Apr2026,0.1397832
USA,1968,2024,USD,OECD,Apr2026,0.14573688
USA,1969,2024,USD,OECD,Apr2026,0.15288792
USA,1970,2024,USD,OECD,Apr2026,0.16095854
USA,1971,2024,USD,OECD,Apr2026,0.1691176
USA,1972,2024,USD,OECD,Apr2026,0.17643416
USA,1973,2024,USD,OECD,Apr2026,0.18610235
USA,1974,2024,USD,OECD,Apr2026,0.20284906
USA,1975,2024,USD,OECD,Apr2026,0.22163873
USA,1976,2024,USD,OECD,Apr2026,0.23383655
USA,1977,2024,USD,OECD,Apr2026,0.24836537
USA,1978,2024,USD,OECD,Apr2026,0.26583533
USA,1979,2024,USD,OECD,Apr2026,0.28789023
USA,1980,2024,USD,OECD,Apr2026,0.31389662
USA,1981,2024,USD,OECD,Apr2026,0.34359791
USA,1982,2024,USD,OECD,Apr2026,0.36482677
USA,1983,2024,USD,OECD,Apr2026,0.37911654
USA,1984,2024,USD,OECD,Apr2026,0.39279483
USA,1985,2024,USD,OECD,Apr2026,0.40521713
USA,1986,2024,USD,OECD,Apr2026,0.41337774
USA,1987,2024,USD,OECD,Apr2026,0.42361871
USA,1988,2024,USD,OECD,Apr2026,0.43856174
USA,1989,2024,USD,OECD,Apr2026,0.45575663
USA,1990,2024,USD,OECD,Apr2026,0.47281722
USA,1991,2024,USD,OECD,Apr2026,0.48880698
USA,1992,2024,USD,OECD,Apr2026,0.49994614
USA,1993,2024,USD,OECD,Apr2026,0.51179646
USA,1994,2024,USD,OECD,Apr2026,0.52272442
USA,1995,2024,USD,OECD,Apr2026,0.53368426
USA,1996,2024,USD,OECD,Apr2026,0.54345474
USA,1997,2024,USD,OECD,Apr2026,0.55282636
USA,1998,2024,USD,OECD,Apr2026,0.55903937
USA,1999,2024,USD,OECD,Apr2026,0.56695032
USA,2000,2024,USD,OECD,Apr2026,0.57979286
USA,2001,2024,USD,OECD,Apr2026,0.592848
USA,2002,2024,USD,OECD,Apr2026,0.60206086
USA,2003,2024,USD,OECD,Apr2026,0.61394736
USA,2004,2024,USD,OECD,Apr2026,0.63045696
USA,2005,2024,USD,OECD,Apr2026,0.65022466
USA,2006,2024,USD,OECD,Apr2026,0.67027657
USA,2007,2024,USD,OECD,Apr2026,0.688436
USA,2008,2024,USD,OECD,Apr2026,0.70170023
USA,2009,2024,USD,OECD,Apr2026,0.70602818
USA,2010,2024,USD,OECD,Apr2026,0.71460843
USA,2011,2024,USD,OECD,Apr2026,0.72935156
USA,2012,2024,USD,OECD,Apr2026,0.74293333
USA,2013,2024,USD,OECD,Apr2026,0.75557719
USA,2014,2024,USD,OECD,Apr2026,0.76873644
USA,2015,2024,USD,OECD,Apr2026,0.77587065
USA,2016,2024,USD,OECD,Apr2026,0.78324392
USA,2017,2024,USD,OECD,Apr2026,0.79727028
USA,2018,2024,USD,OECD,Apr2026,0.81553488
USA,2019,2024,USD,OECD,Apr2026,0.82899495
USA,2020,2024,USD,OECD,Apr2026,0.8401428
USA,2021,2024,USD,OECD,Apr2026,0.87847828
USA,2022,2024,USD,OECD,Apr2026,0.94096006
USA,2023,2024,USD,OECD,Apr2026,0.97577761
USA,2024,2024,USD,OECD,Apr2026,1
USA,2025,2024,USD,OECD,Apr2026,1.02688043
USA,2026,2024,USD,WEO,Apr2025,1.04899925108319
USA,2027,2024,USD,WEO,Apr2025,1.06829859008353
USA,2028,2024,USD,WEO,Apr2025,1.09057228634273
USA,2029,2024,USD,WEO,Apr2025,1.11053457911908
USA,2030,2024,USD,WEO,Apr2025,1.13131490428214
UVK,1980,2024,USD,WEO_est,Apr2025,0.299977013283362
UVK,1981,2024,USD,WEO_est,Apr2025,0.307710769549878
UVK,1982,2024,USD,WEO_est,Apr2025,0.315643911047066
UVK,1983,2024,USD,WEO_est,Apr2025,0.323781578158052
UVK,1984,2024,USD,WEO_est,Apr2025,0.332129043791016
UVK,1985,2024,USD,WEO_est,Apr2025,0.340691716795845
UVK,1986,2024,USD,WEO_est,Apr2025,0.349475145468865
UVK,1987,2024,USD,WEO_est,Apr2025,0.358485021147934
UVK,1988,2024,USD,WEO_est,Apr2025,0.367727181900218
UVK,1989,2024,USD,WEO_est,Apr2025,0.377207616305045
UVK,1990,2024,USD,WEO_est,Apr2025,0.386932467334284
UVK,1991,2024,USD,WEO_est,Apr2025,0.39690803633276
UVK,1992,2024,USD,WEO_est,Apr2025,0.407140787101297
UVK,1993,2024,USD,WEO_est,Apr2025,0.417637350085023
UVK,1994,2024,USD,WEO_est,Apr2025,0.428404526669651
UVK,1995,2024,USD,WEO_est,Apr2025,0.439449293588526
UVK,1996,2024,USD,WEO_est,Apr2025,0.450778807443296
UVK,1997,2024,USD,WEO_est,Apr2025,0.462400409341118
UVK,1998,2024,USD,WEO_est,Apr2025,0.474321629651434
UVK,1999,2024,USD,WEO_est,Apr2025,0.486550192885363
UVK,2000,2024,USD,WEO,Apr2025,0.499094022700907
UVK,2001,2024,USD,WEO,Apr2025,0.540232662430541
UVK,2002,2024,USD,WEO,Apr2025,0.590421682471583
UVK,2003,2024,USD,WEO,Apr2025,0.714895412531672
UVK,2004,2024,USD,WEO,Apr2025,0.777673242221581
UVK,2005,2024,USD,WEO,Apr2025,0.767780942363094
UVK,2006,2024,USD,WEO,Apr2025,0.778123985547024
UVK,2007,2024,USD,WEO,Apr2025,0.869882245484803
UVK,2008,2024,USD,WEO,Apr2025,0.912995169112801
UVK,2009,2024,USD,WEO,Apr2025,0.840489083349506
UVK,2010,2024,USD,WEO,Apr2025,0.851550272365134
UVK,2011,2024,USD,WEO,Apr2025,0.949496096301436
UVK,2012,2024,USD,WEO,Apr2025,0.908041463565053
UVK,2013,2024,USD,WEO,Apr2025,0.941403953037925
UVK,2014,2024,USD,WEO,Apr2025,0.957017684386331
UVK,2015,2024,USD,WEO,Apr2025,0.803961565510827
UVK,2016,2024,USD,WEO,Apr2025,0.808096620471531
UVK,2017,2024,USD,WEO,Apr2025,0.828248011123042
UVK,2018,2024,USD,WEO,Apr2025,0.879523887777104
UVK,2019,2024,USD,WEO,Apr2025,0.841502183825292
UVK,2020,2024,USD,WEO,Apr2025,0.869627685118088
UVK,2021,2024,USD,WEO,Apr2025,0.956966821832382
UVK,2022,2024,USD,WEO,Apr2025,0.913517304025424
UVK,2023,2024,USD,WEO,Apr2025,0.980326634382567
UVK,2024,2024,USD,WEO,Apr2025,1
UVK,2025,2024,USD,WEO,Apr2025,0.972144616212413
UVK,2026,2024,USD,WEO,Apr2025,0.990057011895343
UVK,2027,2024,USD,WEO,Apr2025,1.01011088094998
UVK,2028,2024,USD,WEO,Apr2025,1.02972206713466
UVK,2029,2024,USD,WEO,Apr2025,1.04983820006446
UVK,2030,2024,USD,WEO,Apr2025,1.07108504739117
UZB,1980,2024,USD,WEO_est,Apr2025,0.103859204500047
UZB,1981,2024,USD,WEO_est,Apr2025,0.1093863662771
UZB,1982,2024,USD,WEO_est,Apr2025,0.115207671625316
UZB,1983,2024,USD,WEO_est,Apr2025,0.121338774228075
UZB,1984,2024,USD,WEO_est,Apr2025,0.127796160823865
UZB,1985,2024,USD,WEO_est,Apr2025,0.134597195539661
UZB,1986,2024,USD,WEO_est,Apr2025,0.141760166583648
UZB,1987,2024,USD,WEO_est,Apr2025,0.149304335422815
UZB,1988,2024,USD,WEO_est,Apr2025,0.157249988577678
UZB,1989,2024,USD,WEO_est,Apr2025,0.165618492173411
UZB,1990,2024,USD,WEO_est,Apr2025,0.174432349394064
UZB,1991,2024,USD,WEO_est,Apr2025,0.183715260994375
UZB,1992,2024,USD,WEO,Apr2025,0.19349218903188
UZB,1993,2024,USD,WEO,Apr2025,0.305168021727817
UZB,1994,2024,USD,WEO,Apr2025,0.381555941222061
UZB,1995,2024,USD,WEO,Apr2025,0.600303283288605
UZB,1996,2024,USD,WEO,Apr2025,0.808250422500222
UZB,1997,2024,USD,WEO,Apr2025,0.811439481350488
UZB,1998,2024,USD,WEO,Apr2025,0.790858957599516
UZB,1999,2024,USD,WEO,Apr2025,0.864437115867462
UZB,2000,2024,USD,WEO,Apr2025,0.670341831457918
UZB,2001,2024,USD,WEO,Apr2025,0.545523837414679
UZB,2002,2024,USD,WEO,Apr2025,0.435505608968343
UZB,2003,2024,USD,WEO,Apr2025,0.438355524050593
UZB,2004,2024,USD,WEO,Apr2025,0.48363004702068
UZB,2005,2024,USD,WEO,Apr2025,0.538933940453032
UZB,2006,2024,USD,WEO,Apr2025,0.596492040858336
UZB,2007,2024,USD,WEO,Apr2025,0.713671714593116
UZB,2008,2024,USD,WEO,Apr2025,0.839603589601854
UZB,2009,2024,USD,WEO,Apr2025,0.908537230130261
UZB,2010,2024,USD,WEO,Apr2025,1.00665923568583
UZB,2011,2024,USD,WEO,Apr2025,1.13260429536554
UZB,2012,2024,USD,WEO,Apr2025,1.18583097812084
UZB,2013,2024,USD,WEO,Apr2025,1.19802641297988
UZB,2014,2024,USD,WEO,Apr2025,1.23822621740695
UZB,2015,2024,USD,WEO,Apr2025,1.22362170456404
UZB,2016,2024,USD,WEO,Apr2025,1.1550471692823
UZB,2017,2024,USD,WEO,Apr2025,0.900333815248247
UZB,2018,2024,USD,WEO,Apr2025,0.718232958410475
UZB,2019,2024,USD,WEO,Apr2025,0.771157792510032
UZB,2020,2024,USD,WEO,Apr2025,0.749688105112123
UZB,2021,2024,USD,WEO,Apr2025,0.807739048360235
UZB,2022,2024,USD,WEO,Apr2025,0.88797804074205
UZB,2023,2024,USD,WEO,Apr2025,0.951213861797811
UZB,2024,2024,USD,WEO,Apr2025,1
UZB,2025,2024,USD,WEO,Apr2025,1.08822140039152
UZB,2026,2024,USD,WEO,Apr2025,1.15031325106443
UZB,2027,2024,USD,WEO,Apr2025,1.20563112970197
UZB,2028,2024,USD,WEO,Apr2025,1.2629983377426
UZB,2029,2024,USD,WEO,Apr2025,1.32477416591804
UZB,2030,2024,USD,WEO,Apr2025,1.3878904388993
VCT,1980,2024,USD,WEO,Apr2025,0.282259528404531
VCT,1981,2024,USD,WEO,Apr2025,0.333473618527635
VCT,1982,2024,USD,WEO,Apr2025,0.356905478795238
VCT,1983,2024,USD,WEO,Apr2025,0.37488916777989
VCT,1984,2024,USD,WEO,Apr2025,0.389028709324096
VCT,1985,2024,USD,WEO,Apr2025,0.393994190502308
VCT,1986,2024,USD,WEO,Apr2025,0.411123546111388
VCT,1987,2024,USD,WEO,Apr2025,0.447187850250886
VCT,1988,2024,USD,WEO,Apr2025,0.448013875834456
VCT,1989,2024,USD,WEO,Apr2025,0.474528222057108
VCT,1990,2024,USD,WEO,Apr2025,0.508649616683089
VCT,1991,2024,USD,WEO,Apr2025,0.53400568227503
VCT,1992,2024,USD,WEO,Apr2025,0.547624182999249
VCT,1993,2024,USD,WEO,Apr2025,0.541052755838531
VCT,1994,2024,USD,WEO,Apr2025,0.553209752932198
VCT,1995,2024,USD,WEO,Apr2025,0.561052910653514
VCT,1996,2024,USD,WEO,Apr2025,0.581533143475548
VCT,1997,2024,USD,WEO,Apr2025,0.588520212375595
VCT,1998,2024,USD,WEO,Apr2025,0.60761173494057
VCT,1999,2024,USD,WEO,Apr2025,0.618002843559826
VCT,2000,2024,USD,WEO,Apr2025,0.616702727334722
VCT,2001,2024,USD,WEO,Apr2025,0.655103471803073
VCT,2002,2024,USD,WEO,Apr2025,0.660852126952661
VCT,2003,2024,USD,WEO,Apr2025,0.647884039212197
VCT,2004,2024,USD,WEO,Apr2025,0.6750030297898
VCT,2005,2024,USD,WEO,Apr2025,0.697535022565083
VCT,2006,2024,USD,WEO,Apr2025,0.725920900593032
VCT,2007,2024,USD,WEO,Apr2025,0.780578401591326
VCT,2008,2024,USD,WEO,Apr2025,0.796239551274839
VCT,2009,2024,USD,WEO,Apr2025,0.786730415667373
VCT,2010,2024,USD,WEO,Apr2025,0.828261082885414
VCT,2011,2024,USD,WEO,Apr2025,0.825275737608499
VCT,2012,2024,USD,WEO,Apr2025,0.832538843121341
VCT,2013,2024,USD,WEO,Apr2025,0.851915630778558
VCT,2014,2024,USD,WEO,Apr2025,0.848633674875768
VCT,2015,2024,USD,WEO,Apr2025,0.841833682973905
VCT,2016,2024,USD,WEO,Apr2025,0.838017060899153
VCT,2017,2024,USD,WEO,Apr2025,0.856069725380291
VCT,2018,2024,USD,WEO,Apr2025,0.868965208392529
VCT,2019,2024,USD,WEO,Apr2025,0.888137301442
VCT,2020,2024,USD,WEO,Apr2025,0.885033742145757
VCT,2021,2024,USD,WEO,Apr2025,0.89006332158568
VCT,2022,2024,USD,WEO,Apr2025,0.925577005163511
VCT,2023,2024,USD,WEO,Apr2025,0.965927710843374
VCT,2024,2024,USD,WEO,Apr2025,1
VCT,2025,2024,USD,WEO,Apr2025,1.02086610872471
VCT,2026,2024,USD,WEO,Apr2025,1.04082144356988
VCT,2027,2024,USD,WEO,Apr2025,1.06168094635396
VCT,2028,2024,USD,WEO,Apr2025,1.08299628227325
VCT,2029,2024,USD,WEO,Apr2025,1.10393190470108
VCT,2030,2024,USD,WEO,Apr2025,1.12589035687167
VEN,1980,2024,USD,WEO,Apr2025,0.350534746039957
VEN,1981,2024,USD,WEO,Apr2025,0.398459232750522
VEN,1982,2024,USD,WEO,Apr2025,0.396270737473745
VEN,1983,2024,USD,WEO,Apr2025,0.437806059024947
VEN,1984,2024,USD,WEO,Apr2025,0.301987189620996
VEN,1985,2024,USD,WEO,Apr2025,0.309948294694245
VEN,1986,2024,USD,WEO,Apr2025,0.297122811395107
VEN,1987,2024,USD,WEO,Apr2025,0.218204649305094
VEN,1988,2024,USD,WEO,Apr2025,0.264001056627454
VEN,1989,2024,USD,WEO,Apr2025,0.226913367132743
VEN,1990,2024,USD,WEO,Apr2025,0.230871425593586
VEN,1991,2024,USD,WEO,Apr2025,0.232099951393217
VEN,1992,2024,USD,WEO,Apr2025,0.247608485837494
VEN,1993,2024,USD,WEO,Apr2025,0.244742223862219
VEN,1994,2024,USD,WEO,Apr2025,0.244316150972112
VEN,1995,2024,USD,WEO,Apr2025,0.311830652145976
VEN,1996,2024,USD,WEO,Apr2025,0.284641326012734
VEN,1997,2024,USD,WEO,Apr2025,0.325060064043331
VEN,1998,2024,USD,WEO,Apr2025,0.347377664447852
VEN,1999,2024,USD,WEO,Apr2025,0.392286016682523
VEN,2000,2024,USD,WEO,Apr2025,0.456237244781758
VEN,2001,2024,USD,WEO,Apr2025,0.461985057090947
VEN,2002,2024,USD,WEO,Apr2025,0.392171675582089
VEN,2003,2024,USD,WEO,Apr2025,0.373486028626718
VEN,2004,2024,USD,WEO,Apr2025,0.423542248231601
VEN,2005,2024,USD,WEO,Apr2025,0.490367821329424
VEN,2006,2024,USD,WEO,Apr2025,0.55571332863039
VEN,2007,2024,USD,WEO,Apr2025,0.666508298412719
VEN,2008,2024,USD,WEO,Apr2025,0.834032605483094
VEN,2009,2024,USD,WEO,Apr2025,0.754496213731443
VEN,2010,2024,USD,WEO,Apr2025,0.907482458942373
VEN,2011,2024,USD,WEO,Apr2025,0.866181416062973
VEN,2012,2024,USD,WEO,Apr2025,0.965433888962506
VEN,2013,2024,USD,WEO,Apr2025,0.662032493763538
VEN,2014,2024,USD,WEO,Apr2025,0.571158403977924
VEN,2015,2024,USD,WEO,Apr2025,0.355882277910988
VEN,2016,2024,USD,WEO,Apr2025,0.386119783007702
VEN,2017,2024,USD,WEO,Apr2025,0.469908384352647
VEN,2018,2024,USD,WEO,Apr2025,0.514901533511539
VEN,2019,2024,USD,WEO,Apr2025,0.509389794035936
VEN,2020,2024,USD,WEO,Apr2025,0.426942157264648
VEN,2021,2024,USD,WEO,Apr2025,0.558912126193269
VEN,2022,2024,USD,WEO,Apr2025,0.813650099941406
VEN,2023,2024,USD,WEO,Apr2025,0.8997978515625
VEN,2024,2024,USD,WEO,Apr2025,1
VEN,2025,2024,USD,WEO,Apr2025,0.943445276331019
VEN,2026,2024,USD,WEO,Apr2025,0.929433890226714
VEN,2027,2024,USD,WEO_est,Apr2025,0.94934649813659
VEN,2028,2024,USD,WEO_est,Apr2025,0.969685722676161
VEN,2029,2024,USD,WEO_est,Apr2025,0.990460703871161
VEN,2030,2024,USD,WEO_est,Apr2025,1.01168077756733
VNM,1980,2024,USD,WEO,Apr2025,1.25010665357546
VNM,1981,2024,USD,WEO,Apr2025,0.588749104478671
VNM,1982,2024,USD,WEO,Apr2025,0.722124217614378
VNM,1983,2024,USD,WEO,Apr2025,1.01578713721947
VNM,1984,2024,USD,WEO,Apr2025,1.62831721438347
VNM,1985,2024,USD,WEO,Apr2025,0.479990188129655
VNM,1986,2024,USD,WEO,Apr2025,1.04874724372687
VNM,1987,2024,USD,WEO,Apr2025,1.26940237013027
VNM,1988,2024,USD,WEO,Apr2025,0.667442841267735
VNM,1989,2024,USD,WEO,Apr2025,0.167710290647374
VNM,1990,2024,USD,WEO,Apr2025,0.164167889043846
VNM,1991,2024,USD,WEO,Apr2025,0.183232752188137
VNM,1992,2024,USD,WEO,Apr2025,0.217622862053772
VNM,1993,2024,USD,WEO,Apr2025,0.268990622930794
VNM,1994,2024,USD,WEO,Apr2025,0.305874251582605
VNM,1995,2024,USD,WEO,Apr2025,0.356014110269875
VNM,1996,2024,USD,WEO,Apr2025,0.386575500302674
VNM,1997,2024,USD,WEO,Apr2025,0.389290994355238
VNM,1998,2024,USD,WEO,Apr2025,0.372749900603105
VNM,1999,2024,USD,WEO,Apr2025,0.374942836768495
VNM,2000,2024,USD,WEO,Apr2025,0.381374179479883
VNM,2001,2024,USD,WEO,Apr2025,0.372204611051945
VNM,2002,2024,USD,WEO,Apr2025,0.375084659933136
VNM,2003,2024,USD,WEO,Apr2025,0.393893089621188
VNM,2004,2024,USD,WEO,Apr2025,0.457411011626813
VNM,2005,2024,USD,WEO,Apr2025,0.495119218893121
VNM,2006,2024,USD,WEO,Apr2025,0.53303380745447
VNM,2007,2024,USD,WEO,Apr2025,0.580931349376589
VNM,2008,2024,USD,WEO,Apr2025,0.696879344654483
VNM,2009,2024,USD,WEO,Apr2025,0.683797565736309
VNM,2010,2024,USD,WEO,Apr2025,0.713194020394387
VNM,2011,2024,USD,WEO,Apr2025,0.801717533630133
VNM,2012,2024,USD,WEO,Apr2025,0.865707921586524
VNM,2013,2024,USD,WEO,Apr2025,0.893944416066187
VNM,2014,2024,USD,WEO,Apr2025,0.919605486734491
VNM,2015,2024,USD,WEO,Apr2025,0.873968863871646
VNM,2016,2024,USD,WEO,Apr2025,0.872271736548545
VNM,2017,2024,USD,WEO,Apr2025,0.896294249501134
VNM,2018,2024,USD,WEO,Apr2025,0.916509565714603
VNM,2019,2024,USD,WEO,Apr2025,0.930366316605052
VNM,2020,2024,USD,WEO,Apr2025,0.943955321714452
VNM,2021,2024,USD,WEO,Apr2025,0.983614050945548
VNM,2022,2024,USD,WEO,Apr2025,1.00662023891493
VNM,2023,2024,USD,WEO,Apr2025,1.00922928335133
VNM,2024,2024,USD,WEO,Apr2025,1
VNM,2025,2024,USD,WEO,Apr2025,1.01619807469712
VNM,2026,2024,USD,WEO,Apr2025,1.03242941639581
VNM,2027,2024,USD,WEO,Apr2025,1.0465170294178
VNM,2028,2024,USD,WEO,Apr2025,1.05894883836746
VNM,2029,2024,USD,WEO,Apr2025,1.06962816732748
VNM,2030,2024,USD,WEO,Apr2025,1.08000266705902
VUT,1980,2024,USD,WEO,Apr2025,0.297695283360013
VUT,1981,2024,USD,WEO,Apr2025,0.268716878729482
VUT,1982,2024,USD,WEO,Apr2025,0.26349958690869
VUT,1983,2024,USD,WEO,Apr2025,0.262531585830678
VUT,1984,2024,USD,WEO,Apr2025,0.294875565077936
VUT,1985,2024,USD,WEO,Apr2025,0.267623688202534
VUT,1986,2024,USD,WEO,Apr2025,0.259901132156036
VUT,1987,2024,USD,WEO,Apr2025,0.290647731036904
VUT,1988,2024,USD,WEO,Apr2025,0.336072994844124
VUT,1989,2024,USD,WEO,Apr2025,0.322619067455372
VUT,1990,2024,USD,WEO,Apr2025,0.31696733358741
VUT,1991,2024,USD,WEO,Apr2025,0.365483064820337
VUT,1992,2024,USD,WEO,Apr2025,0.370457044436683
VUT,1993,2024,USD,WEO,Apr2025,0.351914259791175
VUT,1994,2024,USD,WEO,Apr2025,0.377469250685901
VUT,1995,2024,USD,WEO,Apr2025,0.397669419855196
VUT,1996,2024,USD,WEO,Apr2025,0.407351078075912
VUT,1997,2024,USD,WEO,Apr2025,0.406150078903033
VUT,1998,2024,USD,WEO,Apr2025,0.385254464901529
VUT,1999,2024,USD,WEO,Apr2025,0.392753506916842
VUT,2000,2024,USD,WEO,Apr2025,0.376318621248423
VUT,2001,2024,USD,WEO,Apr2025,0.36807287230704
VUT,2002,2024,USD,WEO,Apr2025,0.395807918746581
VUT,2003,2024,USD,WEO,Apr2025,0.456309386357177
VUT,2004,2024,USD,WEO,Apr2025,0.508466873439673
VUT,2005,2024,USD,WEO,Apr2025,0.515923623399148
VUT,2006,2024,USD,WEO,Apr2025,0.530562388557081
VUT,2007,2024,USD,WEO,Apr2025,0.612948061753198
VUT,2008,2024,USD,WEO,Apr2025,0.653413475530253
VUT,2009,2024,USD,WEO,Apr2025,0.642871108494889
VUT,2010,2024,USD,WEO,Apr2025,0.701593987190538
VUT,2011,2024,USD,WEO,Apr2025,0.769943888404576
VUT,2012,2024,USD,WEO,Apr2025,0.760217137370735
VUT,2013,2024,USD,WEO,Apr2025,0.776217372905089
VUT,2014,2024,USD,WEO,Apr2025,0.776777404356294
VUT,2015,2024,USD,WEO,Apr2025,0.746181550633206
VUT,2016,2024,USD,WEO,Apr2025,0.743504487258331
VUT,2017,2024,USD,WEO,Apr2025,0.785244026403055
VUT,2018,2024,USD,WEO,Apr2025,0.804738113461917
VUT,2019,2024,USD,WEO,Apr2025,0.781177921738486
VUT,2020,2024,USD,WEO,Apr2025,0.891174593999859
VUT,2021,2024,USD,WEO,Apr2025,0.827094241793217
VUT,2022,2024,USD,WEO,Apr2025,0.915234141155556
VUT,2023,2024,USD,WEO,Apr2025,0.968379900497512
VUT,2024,2024,USD,WEO,Apr2025,1
VUT,2025,2024,USD,WEO,Apr2025,1.03634110440295
VUT,2026,2024,USD,WEO,Apr2025,1.06956493177917
VUT,2027,2024,USD,WEO,Apr2025,1.09402786368014
VUT,2028,2024,USD,WEO,Apr2025,1.11827681353145
VUT,2029,2024,USD,WEO,Apr2025,1.14318660287723
VUT,2030,2024,USD,WEO,Apr2025,1.16866775784105
WLF,1960,2024,USD,OECD,Apr2026,0.10448638
WLF,1961,2024,USD,OECD,Apr2026,0.10773814
WLF,1962,2024,USD,OECD,Apr2026,0.11345702
WLF,1963,2024,USD,OECD,Apr2026,0.11952484
WLF,1964,2024,USD,OECD,Apr2026,0.12439325
WLF,1965,2024,USD,OECD,Apr2026,0.1281064
WLF,1966,2024,USD,OECD,Apr2026,0.1315922
WLF,1967,2024,USD,OECD,Apr2026,0.13540033
WLF,1968,2024,USD,OECD,Apr2026,0.14054507
WLF,1969,2024,USD,OECD,Apr2026,0.14368561
WLF,1970,2024,USD,OECD,Apr2026,0.14253771
WLF,1971,2024,USD,OECD,Apr2026,0.15148785
WLF,1972,2024,USD,OECD,Apr2026,0.17664664
WLF,1973,2024,USD,OECD,Apr2026,0.2158833
WLF,1974,2024,USD,OECD,Apr2026,0.22354448
WLF,1975,2024,USD,OECD,Apr2026,0.28530734
WLF,1976,2024,USD,OECD,Apr2026,0.2834514
WLF,1977,2024,USD,OECD,Apr2026,0.29987474
WLF,1978,2024,USD,OECD,Apr2026,0.35683361
WLF,1979,2024,USD,OECD,Apr2026,0.41759312
WLF,1980,2024,USD,OECD,Apr2026,0.46954925
WLF,1981,2024,USD,OECD,Apr2026,0.40702797
WLF,1982,2024,USD,OECD,Apr2026,0.37710254
WLF,1983,2024,USD,OECD,Apr2026,0.35642144
WLF,1984,2024,USD,OECD,Apr2026,0.33280797
WLF,1985,2024,USD,OECD,Apr2026,0.34147546
WLF,1986,2024,USD,OECD,Apr2026,0.46616517
WLF,1987,2024,USD,OECD,Apr2026,0.55066893
WLF,1988,2024,USD,OECD,Apr2026,0.5731586
WLF,1989,2024,USD,OECD,Apr2026,0.55212459
WLF,1990,2024,USD,OECD,Apr2026,0.66418616
WLF,1991,2024,USD,OECD,Apr2026,0.65685426
WLF,1992,2024,USD,OECD,Apr2026,0.71412907
WLF,1993,2024,USD,OECD,Apr2026,0.6782322
WLF,1994,2024,USD,OECD,Apr2026,0.69811963
WLF,1995,2024,USD,OECD,Apr2026,0.78554762
WLF,1996,2024,USD,OECD,Apr2026,0.77641242
WLF,1997,2024,USD,OECD,Apr2026,0.68646105
WLF,1998,2024,USD,OECD,Apr2026,0.68540518
WLF,1999,2024,USD,OECD,Apr2026,0.65827455
WLF,2000,2024,USD,OECD,Apr2026,0.57742176
WLF,2001,2024,USD,OECD,Apr2026,0.5717908
WLF,2002,2024,USD,OECD,Apr2026,0.6141338
WLF,2003,2024,USD,OECD,Apr2026,0.7495051
WLF,2004,2024,USD,OECD,Apr2026,0.83764624
WLF,2005,2024,USD,OECD,Apr2026,0.85442695
WLF,2006,2024,USD,OECD,Apr2026,0.88003771
WLF,2007,2024,USD,OECD,Apr2026,0.98274576
WLF,2008,2024,USD,OECD,Apr2026,1.0592888
WLF,2009,2024,USD,OECD,Apr2026,1.02380349
WLF,2010,2024,USD,OECD,Apr2026,0.98434424
WLF,2011,2024,USD,OECD,Apr2026,1.04221673
WLF,2012,2024,USD,OECD,Apr2026,0.97387794
WLF,2013,2024,USD,OECD,Apr2026,1.01341263
WLF,2014,2024,USD,OECD,Apr2026,1.01847919
WLF,2015,2024,USD,OECD,Apr2026,0.86119045
WLF,2016,2024,USD,OECD,Apr2026,0.86304537
WLF,2017,2024,USD,OECD,Apr2026,0.8848175
WLF,2018,2024,USD,OECD,Apr2026,0.93674958
WLF,2019,2024,USD,OECD,Apr2026,0.89923523
WLF,2020,2024,USD,OECD,Apr2026,0.9427656
WLF,2021,2024,USD,OECD,Apr2026,0.99025008
WLF,2022,2024,USD,OECD,Apr2026,0.90719306
WLF,2023,2024,USD,OECD,Apr2026,0.97931301
WLF,2024,2024,USD,OECD,Apr2026,1
WLF,2025,2024,USD,OECD,Apr2026,1.05537736
WLF,2026,2024,USD,WEO,Apr2025,1.03214223725013
WLF,2027,2024,USD,WEO,Apr2025,1.05087032666026
WLF,2028,2024,USD,WEO,Apr2025,1.07071471968022
WLF,2029,2024,USD,WEO,Apr2025,1.09129536520855
WLF,2030,2024,USD,WEO,Apr2025,1.11288211488839
WSM,1980,2024,USD,WEO,Apr2025,0.286899502621672
WSM,1981,2024,USD,WEO,Apr2025,0.295596293331839
WSM,1982,2024,USD,WEO,Apr2025,0.30615268899315
WSM,1983,2024,USD,WEO,Apr2025,0.282198989460347
WSM,1984,2024,USD,WEO,Apr2025,0.271822236792035
WSM,1985,2024,USD,WEO,Apr2025,0.245287539821493
WSM,1986,2024,USD,WEO,Apr2025,0.247324878508204
WSM,1987,2024,USD,WEO,Apr2025,0.272437266945332
WSM,1988,2024,USD,WEO,Apr2025,0.294734486116936
WSM,1989,2024,USD,WEO,Apr2025,0.284581934769994
WSM,1990,2024,USD,WEO,Apr2025,0.392634048194285
WSM,1991,2024,USD,WEO,Apr2025,0.389198180123911
WSM,1992,2024,USD,WEO,Apr2025,0.409844131328187
WSM,1993,2024,USD,WEO,Apr2025,0.413502606077442
WSM,1994,2024,USD,WEO,Apr2025,0.31014825271341
WSM,1995,2024,USD,WEO,Apr2025,0.445809900140731
WSM,1996,2024,USD,WEO,Apr2025,0.443056970804463
WSM,1997,2024,USD,WEO,Apr2025,0.477006659105867
WSM,1998,2024,USD,WEO,Apr2025,0.481927033009319
WSM,1999,2024,USD,WEO,Apr2025,0.444311424324584
WSM,2000,2024,USD,WEO,Apr2025,0.437302228030099
WSM,2001,2024,USD,WEO,Apr2025,0.410214685488582
WSM,2002,2024,USD,WEO,Apr2025,0.41102541534243
WSM,2003,2024,USD,WEO,Apr2025,0.462303877571903
WSM,2004,2024,USD,WEO,Apr2025,0.548117679812083
WSM,2005,2024,USD,WEO,Apr2025,0.597609832477045
WSM,2006,2024,USD,WEO,Apr2025,0.621254188999493
WSM,2007,2024,USD,WEO,Apr2025,0.680553709266977
WSM,2008,2024,USD,WEO,Apr2025,0.791397920133661
WSM,2009,2024,USD,WEO,Apr2025,0.718888203699611
WSM,2010,2024,USD,WEO,Apr2025,0.771468379910548
WSM,2011,2024,USD,WEO,Apr2025,0.812792774709445
WSM,2012,2024,USD,WEO,Apr2025,0.877211756251925
WSM,2013,2024,USD,WEO,Apr2025,0.904614186351052
WSM,2014,2024,USD,WEO,Apr2025,0.897556710325621
WSM,2015,2024,USD,WEO,Apr2025,0.893561168909545
WSM,2016,2024,USD,WEO,Apr2025,0.847578851307322
WSM,2017,2024,USD,WEO,Apr2025,0.876430098276736
WSM,2018,2024,USD,WEO,Apr2025,0.874834372482283
WSM,2019,2024,USD,WEO,Apr2025,0.870925851858129
WSM,2020,2024,USD,WEO,Apr2025,0.855464362233722
WSM,2021,2024,USD,WEO,Apr2025,0.893650592033446
WSM,2022,2024,USD,WEO,Apr2025,0.932044982258427
WSM,2023,2024,USD,WEO,Apr2025,0.960975730337078
WSM,2024,2024,USD,WEO,Apr2025,1
WSM,2025,2024,USD,WEO,Apr2025,1.03068135821199
WSM,2026,2024,USD,WEO,Apr2025,1.05425367337799
WSM,2027,2024,USD,WEO,Apr2025,1.07759704072444
WSM,2028,2024,USD,WEO,Apr2025,1.10105673985804
WSM,2029,2024,USD,WEO,Apr2025,1.13589978015761
WSM,2030,2024,USD,WEO,Apr2025,1.16336531502943
YEM,1980,2024,USD,WEO_est,Apr2025,0.881234545394269
YEM,1981,2024,USD,WEO_est,Apr2025,0.885289889390088
YEM,1982,2024,USD,WEO_est,Apr2025,0.889363895630834
YEM,1983,2024,USD,WEO_est,Apr2025,0.893456649998096
YEM,1984,2024,USD,WEO_est,Apr2025,0.897568238768681
YEM,1985,2024,USD,WEO_est,Apr2025,0.90169874861643
YEM,1986,2024,USD,WEO_est,Apr2025,0.905848266614052
YEM,1987,2024,USD,WEO_est,Apr2025,0.910016880234949
YEM,1988,2024,USD,WEO_est,Apr2025,0.914204677355072
YEM,1989,2024,USD,WEO_est,Apr2025,0.918411746254763
YEM,1990,2024,USD,WEO,Apr2025,0.922638175620622
YEM,1991,2024,USD,WEO,Apr2025,1.00675625303007
YEM,1992,2024,USD,WEO,Apr2025,1.139370704732
YEM,1993,2024,USD,WEO,Apr2025,1.3259917214774
YEM,1994,2024,USD,WEO,Apr2025,1.60154771836692
YEM,1995,2024,USD,WEO,Apr2025,0.692171774779262
YEM,1996,2024,USD,WEO,Apr2025,0.33582165062648
YEM,1997,2024,USD,WEO,Apr2025,0.335929446740726
YEM,1998,2024,USD,WEO,Apr2025,0.292980641501296
YEM,1999,2024,USD,WEO,Apr2025,0.341133222737584
YEM,2000,2024,USD,WEO,Apr2025,0.407068123963052
YEM,2001,2024,USD,WEO,Apr2025,0.39920042924801
YEM,2002,2024,USD,WEO,Apr2025,0.416831242807927
YEM,2003,2024,USD,WEO,Apr2025,0.442544246742723
YEM,2004,2024,USD,WEO,Apr2025,0.50116231533862
YEM,2005,2024,USD,WEO,Apr2025,0.572639647956218
YEM,2006,2024,USD,WEO,Apr2025,0.632370170228974
YEM,2007,2024,USD,WEO,Apr2025,0.695021173942312
YEM,2008,2024,USD,WEO,Apr2025,0.833468106074199
YEM,2009,2024,USD,WEO,Apr2025,0.749338818339393
YEM,2010,2024,USD,WEO,Apr2025,0.855694669474526
YEM,2011,2024,USD,WEO,Apr2025,1.03804285679006
YEM,2012,2024,USD,WEO,Apr2025,1.09664893376466
YEM,2013,2024,USD,WEO,Apr2025,1.19435641291048
YEM,2014,2024,USD,WEO,Apr2025,1.27993567805312
YEM,2015,2024,USD,WEO,Apr2025,1.74528600819808
YEM,2016,2024,USD,WEO,Apr2025,1.42100727494234
YEM,2017,2024,USD,WEO,Apr2025,1.28298867422124
YEM,2018,2024,USD,WEO,Apr2025,1.02501128386688
YEM,2019,2024,USD,WEO,Apr2025,1.01703198767193
YEM,2020,2024,USD,WEO,Apr2025,1.02680645385582
YEM,2021,2024,USD,WEO,Apr2025,0.994808838437778
YEM,2022,2024,USD,WEO,Apr2025,1.18932884142192
YEM,2023,2024,USD,WEO,Apr2025,1.00103764200827
YEM,2024,2024,USD,WEO,Apr2025,1
YEM,2025,2024,USD,WEO,Apr2025,0.924872511790783
YEM,2026,2024,USD,WEO,Apr2025,0.918707049382431
YEM,2027,2024,USD,WEO,Apr2025,0.940764522653689
YEM,2028,2024,USD,WEO,Apr2025,1.03197499030659
YEM,2029,2024,USD,WEO,Apr2025,1.06833842009137
YEM,2030,2024,USD,WEO,Apr2025,1.10864128340576
ZAF,1980,2024,USD,WEO,Apr2025,0.512224174485637
ZAF,1981,2024,USD,WEO,Apr2025,0.50648575708435
ZAF,1982,2024,USD,WEO,Apr2025,0.468844596719277
ZAF,1983,2024,USD,WEO,Apr2025,0.53498916312722
ZAF,1984,2024,USD,WEO,Apr2025,0.448889223038716
ZAF,1985,2024,USD,WEO,Apr2025,0.345363413553616
ZAF,1986,2024,USD,WEO,Apr2025,0.393057910599058
ZAF,1987,2024,USD,WEO,Apr2025,0.506304987609697
ZAF,1988,2024,USD,WEO,Apr2025,0.523532660062213
ZAF,1989,2024,USD,WEO,Apr2025,0.53124528022023
ZAF,1990,2024,USD,WEO,Apr2025,0.62149378272945
ZAF,1991,2024,USD,WEO,Apr2025,0.673721456305463
ZAF,1992,2024,USD,WEO,Apr2025,0.748216247388852
ZAF,1993,2024,USD,WEO,Apr2025,0.740433489607033
ZAF,1994,2024,USD,WEO,Apr2025,0.748334731746533
ZAF,1995,2024,USD,WEO,Apr2025,0.811699024282008
ZAF,1996,2024,USD,WEO,Apr2025,0.740187801387494
ZAF,1997,2024,USD,WEO,Apr2025,0.746447031197032
ZAF,1998,2024,USD,WEO,Apr2025,0.671894099621878
ZAF,1999,2024,USD,WEO,Apr2025,0.649884895671573
ZAF,2000,2024,USD,WEO,Apr2025,0.625456874383971
ZAF,2001,2024,USD,WEO,Apr2025,0.543530169693642
ZAF,2002,2024,USD,WEO,Apr2025,0.500383527329617
ZAF,2003,2024,USD,WEO,Apr2025,0.740117449224467
ZAF,2004,2024,USD,WEO,Apr2025,0.92047271298812
ZAF,2005,2024,USD,WEO,Apr2025,0.985460278136073
ZAF,2006,2024,USD,WEO,Apr2025,0.982630897216757
ZAF,2007,2024,USD,WEO,Apr2025,1.02035202800872
ZAF,2008,2024,USD,WEO,Apr2025,0.940766940971925
ZAF,2009,2024,USD,WEO,Apr2025,0.999818980709181
ZAF,2010,2024,USD,WEO,Apr2025,1.22267258729548
ZAF,2011,2024,USD,WEO,Apr2025,1.30266658588094
ZAF,2012,2024,USD,WEO,Apr2025,1.20476899927393
ZAF,2013,2024,USD,WEO,Apr2025,1.08483778051412
ZAF,2014,2024,USD,WEO,Apr2025,1.01719202074275
ZAF,2015,2024,USD,WEO,Apr2025,0.912976263647136
ZAF,2016,2024,USD,WEO,Apr2025,0.846327368077195
ZAF,2017,2024,USD,WEO,Apr2025,0.986187357708227
ZAF,2018,2024,USD,WEO,Apr2025,1.03161616475127
ZAF,2019,2024,USD,WEO,Apr2025,0.988686814554703
ZAF,2020,2024,USD,WEO,Apr2025,0.914632646742554
ZAF,2021,2024,USD,WEO,Apr2025,1.08527362078309
ZAF,2022,2024,USD,WEO,Apr2025,1.02943293569675
ZAF,2023,2024,USD,WEO,Apr2025,0.956541835273657
ZAF,2024,2024,USD,WEO,Apr2025,1
ZAF,2025,2024,USD,WEO,Apr2025,1.01541448499187
ZAF,2026,2024,USD,WEO,Apr2025,1.03645862839548
ZAF,2027,2024,USD,WEO,Apr2025,1.05595586419789
ZAF,2028,2024,USD,WEO,Apr2025,1.07650750756201
ZAF,2029,2024,USD,WEO,Apr2025,1.09597168614926
ZAF,2030,2024,USD,WEO,Apr2025,1.11732729120314
ZMB,1980,2024,USD,WEO,Apr2025,0.681733162877231
ZMB,1981,2024,USD,WEO,Apr2025,0.660268451372146
ZMB,1982,2024,USD,WEO,Apr2025,0.656343295136806
ZMB,1983,2024,USD,WEO,Apr2025,0.573107940630702
ZMB,1984,2024,USD,WEO,Apr2025,0.479366963166315
ZMB,1985,2024,USD,WEO,Apr2025,0.449069423846948
ZMB,1986,2024,USD,WEO,Apr2025,0.304200617886004
ZMB,1987,2024,USD,WEO,Apr2025,0.371380003495926
ZMB,1988,2024,USD,WEO,Apr2025,0.572509299727194
ZMB,1989,2024,USD,WEO,Apr2025,0.633427960436023
ZMB,1990,2024,USD,WEO,Apr2025,0.596247972987228
ZMB,1991,2024,USD,WEO,Apr2025,0.542204723685663
ZMB,1992,2024,USD,WEO,Apr2025,0.520359584842072
ZMB,1993,2024,USD,WEO,Apr2025,0.511394373170528
ZMB,1994,2024,USD,WEO,Apr2025,0.607856259866429
ZMB,1995,2024,USD,WEO,Apr2025,0.613674804848029
ZMB,1996,2024,USD,WEO,Apr2025,0.547329224545781
ZMB,1997,2024,USD,WEO,Apr2025,0.63035066065146
ZMB,1998,2024,USD,WEO,Apr2025,0.520293398141942
ZMB,1999,2024,USD,WEO,Apr2025,0.478485046975696
ZMB,2000,2024,USD,WEO,Apr2025,0.487047555346553
ZMB,2001,2024,USD,WEO,Apr2025,0.497004970303039
ZMB,2002,2024,USD,WEO,Apr2025,0.515391162944725
ZMB,2003,2024,USD,WEO,Apr2025,0.563276151032992
ZMB,2004,2024,USD,WEO,Apr2025,0.667874123762329
ZMB,2005,2024,USD,WEO,Apr2025,0.833847578905318
ZMB,2006,2024,USD,WEO,Apr2025,1.18406353354341
ZMB,2007,2024,USD,WEO,Apr2025,1.20393947479989
ZMB,2008,2024,USD,WEO,Apr2025,1.42330475964688
ZMB,2009,2024,USD,WEO,Apr2025,1.11532636922962
ZMB,2010,2024,USD,WEO,Apr2025,1.33647456765508
ZMB,2011,2024,USD,WEO,Apr2025,1.46538252189228
ZMB,2012,2024,USD,WEO,Apr2025,1.4807631991385
ZMB,2013,2024,USD,WEO,Apr2025,1.5498703182314
ZMB,2014,2024,USD,WEO,Apr2025,1.43297243576075
ZMB,2015,2024,USD,WEO,Apr2025,1.08969497552073
ZMB,2016,2024,USD,WEO,Apr2025,1.03619613449901
ZMB,2017,2024,USD,WEO,Apr2025,1.2355307001424
ZMB,2018,2024,USD,WEO,Apr2025,1.20664765061453
ZMB,2019,2024,USD,WEO,Apr2025,1.05417399370856
ZMB,2020,2024,USD,WEO,Apr2025,0.843940422255429
ZMB,2021,2024,USD,WEO,Apr2025,0.968080641538742
ZMB,2022,2024,USD,WEO,Apr2025,1.21446167879335
ZMB,2023,2024,USD,WEO,Apr2025,1.08991029932386
ZMB,2024,2024,USD,WEO,Apr2025,1
ZMB,2025,2024,USD,WEO,Apr2025,1.034043235669
ZMB,2026,2024,USD,WEO,Apr2025,1.14642575113521
ZMB,2027,2024,USD,WEO,Apr2025,1.26387742485192
ZMB,2028,2024,USD,WEO,Apr2025,1.30691156992114
ZMB,2029,2024,USD,WEO,Apr2025,1.3443724200496
ZMB,2030,2024,USD,WEO,Apr2025,1.38076351353589
ZWE,1980,2024,USD,WEO_est,Apr2025,0.223431489901309
ZWE,1981,2024,USD,WEO_est,Apr2025,0.229710920087765
ZWE,1982,2024,USD,WEO_est,Apr2025,0.236166830516481
ZWE,1983,2024,USD,WEO_est,Apr2025,0.242804181076331
ZWE,1984,2024,USD,WEO_est,Apr2025,0.249628071051382
ZWE,1985,2024,USD,WEO_est,Apr2025,0.256643743038527
ZWE,1986,2024,USD,WEO_est,Apr2025,0.263856586975221
ZWE,1987,2024,USD,WEO_est,Apr2025,0.271272144280411
ZWE,1988,2024,USD,WEO_est,Apr2025,0.278896112111854
ZWE,1989,2024,USD,WEO_est,Apr2025,0.28673434774307
ZWE,1990,2024,USD,WEO_est,Apr2025,0.294792873063322
ZWE,1991,2024,USD,WEO_est,Apr2025,0.303077879204056
ZWE,1992,2024,USD,WEO_est,Apr2025,0.311595731295368
ZWE,1993,2024,USD,WEO_est,Apr2025,0.320352973356149
ZWE,1994,2024,USD,WEO_est,Apr2025,0.329356333321666
ZWE,1995,2024,USD,WEO_est,Apr2025,0.338612728212439
ZWE,1996,2024,USD,WEO_est,Apr2025,0.348129269448388
ZWE,1997,2024,USD,WEO_est,Apr2025,0.357913268312328
ZWE,1998,2024,USD,WEO,Apr2025,0.36797224156702
ZWE,1999,2024,USD,WEO,Apr2025,0.361926394319632
ZWE,2000,2024,USD,WEO,Apr2025,0.364171284851374
ZWE,2001,2024,USD,WEO,Apr2025,0.362702910683994
ZWE,2002,2024,USD,WEO,Apr2025,0.375186792262045
ZWE,2003,2024,USD,WEO,Apr2025,0.399405819931762
ZWE,2004,2024,USD,WEO,Apr2025,0.421316367614088
ZWE,2005,2024,USD,WEO,Apr2025,0.434856806151406
ZWE,2006,2024,USD,WEO,Apr2025,0.405826349026507
ZWE,2007,2024,USD,WEO,Apr2025,0.401691537903563
ZWE,2008,2024,USD,WEO,Apr2025,0.413630029130759
ZWE,2009,2024,USD,WEO,Apr2025,0.555063204752933
ZWE,2010,2024,USD,WEO,Apr2025,0.576459333029643
ZWE,2011,2024,USD,WEO,Apr2025,0.591152962656321
ZWE,2012,2024,USD,WEO,Apr2025,0.615045998653993
ZWE,2013,2024,USD,WEO,Apr2025,0.672155515456766
ZWE,2014,2024,USD,WEO,Apr2025,0.670320354981882
ZWE,2015,2024,USD,WEO,Apr2025,0.673942718603326
ZWE,2016,2024,USD,WEO,Apr2025,0.688534290480968
ZWE,2017,2024,USD,WEO,Apr2025,0.701969669222363
ZWE,2018,2024,USD,WEO,Apr2025,1.11985377103607
ZWE,2019,2024,USD,WEO,Apr2025,0.842964081704154
ZWE,2020,2024,USD,WEO,Apr2025,0.944128186508636
ZWE,2021,2024,USD,WEO,Apr2025,1.16634722146435
ZWE,2022,2024,USD,WEO,Apr2025,0.995057415008764
ZWE,2023,2024,USD,WEO,Apr2025,1.01795278446514
ZWE,2024,2024,USD,WEO,Apr2025,1
ZWE,2025,2024,USD,WEO,Apr2025,1.02213968481458
ZWE,2026,2024,USD,WEO,Apr2025,1.0105684495966
ZWE,2027,2024,USD,WEO,Apr2025,1.01058022097329
ZWE,2028,2024,USD,WEO,Apr2025,1.01057576957081
ZWE,2029,2024,USD,WEO,Apr2025,1.01058847685178
ZWE,2030,2024,USD,WEO,Apr2025,1.01058207453911
