COUNTRY,INDICATOR,TYPE_OF_TRANSFORMATION,FREQUENCY,TIME_PERIOD,OBS_VALUE
ABW,ECU_XDC,EOP_RT,A,1986,0.521916309675911
ABW,ECU_XDC,EOP_RT,A,1987,0.428616861958796
ABW,ECU_XDC,EOP_RT,A,1988,0.476427782600286
ABW,ECU_XDC,EOP_RT,A,1989,0.466716138577356
ABW,ECU_XDC,EOP_RT,A,1990,0.409784506621503
ABW,ECU_XDC,EOP_RT,A,1991,0.416630037942498
ABW,ECU_XDC,EOP_RT,A,1992,0.461358673612268
ABW,ECU_XDC,EOP_RT,A,1993,0.498816234253681
ABW,ECU_XDC,EOP_RT,A,1994,0.454179716006874
ABW,ECU_XDC,EOP_RT,A,1995,0.425081581657152
ABW,ECU_XDC,EOP_RT,A,1996,0.445860875088464
ABW,ECU_XDC,EOP_RT,A,1997,0.505935662489105
ABW,ECU_XDC,EOP_RT,A,1998,0.478816556997724
ABW,ECU_XDC,PA_RT,A,1986,0.569368082563306
ABW,ECU_XDC,PA_RT,A,1987,0.483973968330839
ABW,ECU_XDC,PA_RT,A,1988,0.47188705351915
ABW,ECU_XDC,PA_RT,A,1989,0.506762513476189
ABW,ECU_XDC,PA_RT,A,1990,0.438852488513036
ABW,ECU_XDC,PA_RT,A,1991,0.450347009258648
ABW,ECU_XDC,PA_RT,A,1992,0.430795518132669
ABW,ECU_XDC,PA_RT,A,1993,0.476563254558485
ABW,ECU_XDC,PA_RT,A,1994,0.47003096289799
ABW,ECU_XDC,PA_RT,A,1995,0.427064871823097
ABW,ECU_XDC,PA_RT,A,1996,0.440593693098815
ABW,ECU_XDC,PA_RT,A,1997,0.492620558403221
ABW,ECU_XDC,PA_RT,A,1998,0.498793966069441
AFG,ECU_XDC,EOP_RT,A,1979,0.0193960727468708
AFG,ECU_XDC,EOP_RT,A,1980,0.0196787565516049
AFG,ECU_XDC,EOP_RT,A,1981,0.0215186666168873
AFG,ECU_XDC,EOP_RT,A,1982,0.0241315046365378
AFG,ECU_XDC,EOP_RT,A,1983,0.0282234191937026
AFG,ECU_XDC,EOP_RT,A,1984,0.0329412568946905
AFG,ECU_XDC,EOP_RT,A,1985,0.0263003232488412
AFG,ECU_XDC,EOP_RT,A,1986,0.0218161967606933
AFG,ECU_XDC,EOP_RT,A,1987,0.0179162628607074
AFG,ECU_XDC,EOP_RT,A,1988,0.0199147680476259
AFG,ECU_XDC,EOP_RT,A,1989,0.019508819559437
AFG,ECU_XDC,EOP_RT,A,1990,0.0171290669791286
AFG,ECU_XDC,EOP_RT,A,1991,0.0174152114345932
AFG,ECU_XDC,EOP_RT,A,1992,0.0192848765485557
AFG,ECU_XDC,EOP_RT,A,1993,0.0208506094026144
AFG,ECU_XDC,EOP_RT,A,1994,0.0192126123514665
AFG,ECU_XDC,EOP_RT,A,1995,0.0160188638140274
AFG,ECU_XDC,EOP_RT,A,1996,0.0168019150822811
AFG,ECU_XDC,EOP_RT,A,1997,0.0190657860180105
AFG,ECU_XDC,EOP_RT,A,1998,0.0180438239373879
AFG,ECU_XDC,EOP_RT,A,2003,
AFG,ECU_XDC,PA_RT,A,1978,0.0224723215534712
AFG,ECU_XDC,PA_RT,A,1979,0.021557233066252
AFG,ECU_XDC,PA_RT,A,1980,0.0209169125110454
AFG,ECU_XDC,PA_RT,A,1981,0.0232030432631289
AFG,ECU_XDC,PA_RT,A,1982,0.0259481723827712
AFG,ECU_XDC,PA_RT,A,1983,0.0285661831715169
AFG,ECU_XDC,PA_RT,A,1984,0.0322697488883543
AFG,ECU_XDC,PA_RT,A,1985,0.0334044100276079
AFG,ECU_XDC,PA_RT,A,1986,0.0259486131180206
AFG,ECU_XDC,PA_RT,A,1987,0.0220568269420226
AFG,ECU_XDC,PA_RT,A,1988,0.0215059729587312
AFG,ECU_XDC,PA_RT,A,1989,0.023095401389043
AFG,ECU_XDC,PA_RT,A,1990,0.0200004422254196
AFG,ECU_XDC,PA_RT,A,1991,0.020524298200033
AFG,ECU_XDC,PA_RT,A,1992,0.0196332505725924
AFG,ECU_XDC,PA_RT,A,1993,0.0217190880513186
AFG,ECU_XDC,PA_RT,A,1994,0.0216741044998974
AFG,ECU_XDC,PA_RT,A,1995,0.0209052724359782
AFG,ECU_XDC,PA_RT,A,1996,0.0166034254873027
AFG,ECU_XDC,PA_RT,A,1997,0.0185640168324582
AFG,ECU_XDC,PA_RT,A,1998,0.0187966568266168
AFG,ECU_XDC,PA_RT,A,2003,
AGO,ECU_XDC,EOP_RT,A,1976,
AGO,ECU_XDC,EOP_RT,A,1979,23181007.1344957
AGO,ECU_XDC,EOP_RT,A,1980,25522826.9621039
AGO,ECU_XDC,EOP_RT,A,1981,30800492.2263623
AGO,ECU_XDC,EOP_RT,A,1982,34540347.4202633
AGO,ECU_XDC,EOP_RT,A,1983,40397261.5475534
AGO,ECU_XDC,EOP_RT,A,1984,47150083.4589482
AGO,ECU_XDC,EOP_RT,A,1985,37644660.6194936
AGO,ECU_XDC,EOP_RT,A,1986,31226358.5239615
AGO,ECU_XDC,EOP_RT,A,1987,25644233.6689032
AGO,ECU_XDC,EOP_RT,A,1988,28504770.7351598
AGO,ECU_XDC,EOP_RT,A,1989,27923721.106139
AGO,ECU_XDC,EOP_RT,A,1990,24517490.0345107
AGO,ECU_XDC,EOP_RT,A,1991,4143154.26620595
AGO,ECU_XDC,EOP_RT,A,1992,1501512.77411993
AGO,ECU_XDC,EOP_RT,A,1993,137366.316817552
AGO,ECU_XDC,EOP_RT,A,1994,1596.39182120854
AGO,ECU_XDC,EOP_RT,A,1995,133.678150240039
AGO,ECU_XDC,EOP_RT,A,1996,3.95106273655827
AGO,ECU_XDC,EOP_RT,A,1997,3.45162985888762
AGO,ECU_XDC,EOP_RT,A,1998,1.23055511417936
AGO,ECU_XDC,EOP_RT,A,1999,
AGO,ECU_XDC,PA_RT,A,1976,
AGO,ECU_XDC,PA_RT,A,1978,26236710.1575597
AGO,ECU_XDC,PA_RT,A,1979,24387647.9924145
AGO,ECU_XDC,PA_RT,A,1980,24029111.3856742
AGO,ECU_XDC,PA_RT,A,1981,29906672.5996706
AGO,ECU_XDC,PA_RT,A,1982,34064829.1089468
AGO,ECU_XDC,PA_RT,A,1983,37501760.5740397
AGO,ECU_XDC,PA_RT,A,1984,42363811.4104826
AGO,ECU_XDC,PA_RT,A,1985,43853397.5453004
AGO,ECU_XDC,PA_RT,A,1986,34065407.707344
AGO,ECU_XDC,PA_RT,A,1987,28956260.5559263
AGO,ECU_XDC,PA_RT,A,1988,28233097.9944942
AGO,ECU_XDC,PA_RT,A,1989,30319703.8278755
AGO,ECU_XDC,PA_RT,A,1990,26256633.2789068
AGO,ECU_XDC,PA_RT,A,1991,14630590.3972833
AGO,ECU_XDC,PA_RT,A,1992,3067115.58816365
AGO,ECU_XDC,PA_RT,A,1993,320674.729274991
AGO,ECU_XDC,PA_RT,A,1994,14136.8633720474
AGO,ECU_XDC,PA_RT,A,1995,277.957202262663
AGO,ECU_XDC,PA_RT,A,1996,6.16002377567777
AGO,ECU_XDC,PA_RT,A,1997,3.84994096539186
AGO,ECU_XDC,PA_RT,A,1998,2.27288122907331
AGO,ECU_XDC,PA_RT,A,1999,
AIA,ECU_XDC,EOP_RT,A,1976,
AIA,ECU_XDC,EOP_RT,A,1979,0.256862730166609
AIA,ECU_XDC,EOP_RT,A,1980,0.282811828537861
AIA,ECU_XDC,EOP_RT,A,1981,0.341292269047522
AIA,ECU_XDC,EOP_RT,A,1982,0.38273263485905
AIA,ECU_XDC,EOP_RT,A,1983,0.447631581844334
AIA,ECU_XDC,EOP_RT,A,1984,0.522457850712894
AIA,ECU_XDC,EOP_RT,A,1985,0.417130724597782
AIA,ECU_XDC,EOP_RT,A,1986,0.346011183081437
AIA,ECU_XDC,EOP_RT,A,1987,0.284157104780091
AIA,ECU_XDC,EOP_RT,A,1988,0.31585397439056
AIA,ECU_XDC,EOP_RT,A,1989,0.309415514093877
AIA,ECU_XDC,EOP_RT,A,1990,0.271671950686108
AIA,ECU_XDC,EOP_RT,A,1991,0.27621028441373
AIA,ECU_XDC,EOP_RT,A,1992,0.305863713246652
AIA,ECU_XDC,EOP_RT,A,1993,0.330696688634848
AIA,ECU_XDC,EOP_RT,A,1994,0.301104330241594
AIA,ECU_XDC,EOP_RT,A,1995,0.281813344876408
AIA,ECU_XDC,EOP_RT,A,1996,0.295589246817908
AIA,ECU_XDC,EOP_RT,A,1997,0.335416605872407
AIA,ECU_XDC,EOP_RT,A,1998,0.317437643342936
AIA,ECU_XDC,PA_RT,A,1976,
AIA,ECU_XDC,PA_RT,A,1978,0.290722183145879
AIA,ECU_XDC,PA_RT,A,1979,0.270233204680392
AIA,ECU_XDC,PA_RT,A,1980,0.266260353495038
AIA,ECU_XDC,PA_RT,A,1981,0.331388085495165
AIA,ECU_XDC,PA_RT,A,1982,0.377463539733878
AIA,ECU_XDC,PA_RT,A,1983,0.415547286242267
AIA,ECU_XDC,PA_RT,A,1984,0.469422411029192
AIA,ECU_XDC,PA_RT,A,1985,0.48592812880011
AIA,ECU_XDC,PA_RT,A,1986,0.377469951032711
AIA,ECU_XDC,PA_RT,A,1987,0.320856816041556
AIA,ECU_XDC,PA_RT,A,1988,0.312843639184918
AIA,ECU_XDC,PA_RT,A,1989,0.335964777452733
AIA,ECU_XDC,PA_RT,A,1990,0.290942946088272
AIA,ECU_XDC,PA_RT,A,1991,0.298563387619622
AIA,ECU_XDC,PA_RT,A,1992,0.285601473132399
AIA,ECU_XDC,PA_RT,A,1993,0.315943787281366
AIA,ECU_XDC,PA_RT,A,1994,0.311613119847186
AIA,ECU_XDC,PA_RT,A,1995,0.283128192801239
AIA,ECU_XDC,PA_RT,A,1996,0.292097300239585
AIA,ECU_XDC,PA_RT,A,1997,0.326589185015469
AIA,ECU_XDC,PA_RT,A,1998,0.330681925653444
ALB,ECU_XDC,EOP_RT,A,1992,0.00802557848169057
ALB,ECU_XDC,EOP_RT,A,1993,0.00904641397481346
ALB,ECU_XDC,EOP_RT,A,1994,0.00850488222253692
ALB,ECU_XDC,EOP_RT,A,1995,0.0080740240998122
ALB,ECU_XDC,EOP_RT,A,1996,0.00774319361995102
ALB,ECU_XDC,EOP_RT,A,1997,0.00607231350312122
ALB,ECU_XDC,EOP_RT,A,1998,0.00609675371337265
ALB,ECU_XDC,PA_RT,A,1992,0.0102771995796152
ALB,ECU_XDC,PA_RT,A,1993,0.0083580965159553
ALB,ECU_XDC,PA_RT,A,1994,0.00889162740255119
ALB,ECU_XDC,PA_RT,A,1995,0.00824667461973995
ALB,ECU_XDC,PA_RT,A,1996,0.0075470898245058
ALB,ECU_XDC,PA_RT,A,1997,0.00592072470799279
ALB,ECU_XDC,PA_RT,A,1998,0.00592724850142265
ANT,ECU_XDC,EOP_RT,A,1971,
ANT,ECU_XDC,EOP_RT,A,1972,
ANT,ECU_XDC,EOP_RT,A,1974,
ANT,ECU_XDC,EOP_RT,A,1979,0.385294095463965
ANT,ECU_XDC,EOP_RT,A,1980,0.424217743042467
ANT,ECU_XDC,EOP_RT,A,1981,0.511938403855693
ANT,ECU_XDC,EOP_RT,A,1982,0.574098952607519
ANT,ECU_XDC,EOP_RT,A,1983,0.671447373139527
ANT,ECU_XDC,EOP_RT,A,1984,0.783686776069341
ANT,ECU_XDC,EOP_RT,A,1985,0.625696086896673
ANT,ECU_XDC,EOP_RT,A,1986,0.519016774622156
ANT,ECU_XDC,EOP_RT,A,1987,0.426235657170136
ANT,ECU_XDC,EOP_RT,A,1988,0.47378096158584
ANT,ECU_XDC,EOP_RT,A,1989,0.466716138577356
ANT,ECU_XDC,EOP_RT,A,1990,0.409784506621503
ANT,ECU_XDC,EOP_RT,A,1991,0.416630037942498
ANT,ECU_XDC,EOP_RT,A,1992,0.461358673612268
ANT,ECU_XDC,EOP_RT,A,1993,0.498816234253681
ANT,ECU_XDC,EOP_RT,A,1994,0.454179716006874
ANT,ECU_XDC,EOP_RT,A,1995,0.425081581657152
ANT,ECU_XDC,EOP_RT,A,1996,0.445860875088464
ANT,ECU_XDC,EOP_RT,A,1997,0.505935662489105
ANT,ECU_XDC,EOP_RT,A,1998,0.478816556997724
ANT,ECU_XDC,EOP_RT,A,1999,
ANT,ECU_XDC,PA_RT,A,1971,
ANT,ECU_XDC,PA_RT,A,1972,
ANT,ECU_XDC,PA_RT,A,1974,
ANT,ECU_XDC,PA_RT,A,1978,0.436083274961086
ANT,ECU_XDC,PA_RT,A,1979,0.405349807245782
ANT,ECU_XDC,PA_RT,A,1980,0.39939053046444
ANT,ECU_XDC,PA_RT,A,1981,0.497082128518904
ANT,ECU_XDC,PA_RT,A,1982,0.566195309915369
ANT,ECU_XDC,PA_RT,A,1983,0.623320929709689
ANT,ECU_XDC,PA_RT,A,1984,0.704133616706784
ANT,ECU_XDC,PA_RT,A,1985,0.728892193200165
ANT,ECU_XDC,PA_RT,A,1986,0.566204926549066
ANT,ECU_XDC,PA_RT,A,1987,0.481285224062335
ANT,ECU_XDC,PA_RT,A,1988,0.469265458777377
ANT,ECU_XDC,PA_RT,A,1989,0.5058205757188
ANT,ECU_XDC,PA_RT,A,1990,0.438852488513036
ANT,ECU_XDC,PA_RT,A,1991,0.450347009258648
ANT,ECU_XDC,PA_RT,A,1992,0.430795518132669
ANT,ECU_XDC,PA_RT,A,1993,0.476563254558485
ANT,ECU_XDC,PA_RT,A,1994,0.47003096289799
ANT,ECU_XDC,PA_RT,A,1995,0.427064871823097
ANT,ECU_XDC,PA_RT,A,1996,0.440593693098815
ANT,ECU_XDC,PA_RT,A,1997,0.492620558403221
ANT,ECU_XDC,PA_RT,A,1998,0.498793966069441
ANT,ECU_XDC,PA_RT,A,1999,
ARE,ECU_XDC,EOP_RT,A,1979,0.184155435909187
ARE,ECU_XDC,EOP_RT,A,1980,0.208006520637491
ARE,ECU_XDC,EOP_RT,A,1981,0.251018558071187
ARE,ECU_XDC,EOP_RT,A,1982,0.281497715718042
ARE,ECU_XDC,EOP_RT,A,1983,0.329230528822918
ARE,ECU_XDC,EOP_RT,A,1984,0.384264831633019
ARE,ECU_XDC,EOP_RT,A,1985,0.30679731855462
ARE,ECU_XDC,EOP_RT,A,1986,0.254489292922877
ARE,ECU_XDC,EOP_RT,A,1987,0.208995963744551
ARE,ECU_XDC,EOP_RT,A,1988,0.232308834337922
ARE,ECU_XDC,EOP_RT,A,1989,0.227573382744066
ARE,ECU_XDC,EOP_RT,A,1990,0.19981320262939
ARE,ECU_XDC,EOP_RT,A,1991,0.203151121742596
ARE,ECU_XDC,EOP_RT,A,1992,0.224961053055287
ARE,ECU_XDC,EOP_RT,A,1993,0.243225567778286
ARE,ECU_XDC,EOP_RT,A,1994,0.221460553432935
ARE,ECU_XDC,EOP_RT,A,1995,0.207272141423672
ARE,ECU_XDC,EOP_RT,A,1996,0.217404240372746
ARE,ECU_XDC,EOP_RT,A,1997,0.246596279334377
ARE,ECU_XDC,EOP_RT,A,1998,0.23337825378514
ARE,ECU_XDC,PA_RT,A,1978,0.202765989374118
ARE,ECU_XDC,PA_RT,A,1979,0.191218983136437
ARE,ECU_XDC,PA_RT,A,1980,0.193912105937914
ARE,ECU_XDC,PA_RT,A,1981,0.24373408637447
ARE,ECU_XDC,PA_RT,A,1982,0.27762232567668
ARE,ECU_XDC,PA_RT,A,1983,0.305632708569805
ARE,ECU_XDC,PA_RT,A,1984,0.345257561951152
ARE,ECU_XDC,PA_RT,A,1985,0.357397425159438
ARE,ECU_XDC,PA_RT,A,1986,0.277627041075543
ARE,ECU_XDC,PA_RT,A,1987,0.235988396434814
ARE,ECU_XDC,PA_RT,A,1988,0.230094749604816
ARE,ECU_XDC,PA_RT,A,1989,0.247100217685203
ARE,ECU_XDC,PA_RT,A,1990,0.21398691213248
ARE,ECU_XDC,PA_RT,A,1991,0.219591704323884
ARE,ECU_XDC,PA_RT,A,1992,0.210058288601874
ARE,ECU_XDC,PA_RT,A,1993,0.232374891217567
ARE,ECU_XDC,PA_RT,A,1994,0.229189709503515
ARE,ECU_XDC,PA_RT,A,1995,0.208239204729868
ARE,ECU_XDC,PA_RT,A,1996,0.2148359331645
ARE,ECU_XDC,PA_RT,A,1997,0.240196342958021
ARE,ECU_XDC,PA_RT,A,1998,0.243115370800354
ARG,ECU_XDC,EOP_RT,A,1975,
ARG,ECU_XDC,EOP_RT,A,1979,42850131.0750598
ARG,ECU_XDC,EOP_RT,A,1980,38323309.262345
ARG,ECU_XDC,EOP_RT,A,1981,12713702.0754458
ARG,ECU_XDC,EOP_RT,A,1982,2128701.44014715
ARG,ECU_XDC,EOP_RT,A,1983,519584.399222587
ARG,ECU_XDC,EOP_RT,A,1984,78923.3332545284
ARG,ECU_XDC,EOP_RT,A,1985,14069.3685998003
ARG,ECU_XDC,EOP_RT,A,1986,7432.22111630772
ARG,ECU_XDC,EOP_RT,A,1987,2045.93115441665
ARG,ECU_XDC,EOP_RT,A,1988,637.85021006321
ARG,ECU_XDC,EOP_RT,A,1989,4.65416093623101
ARG,ECU_XDC,EOP_RT,A,1990,1.31336484664725
ARG,ECU_XDC,EOP_RT,A,1991,0.746888100067172
ARG,ECU_XDC,EOP_RT,A,1992,0.833752676189762
ARG,ECU_XDC,EOP_RT,A,1993,0.894222392903444
ARG,ECU_XDC,EOP_RT,A,1994,0.813388385845227
ARG,ECU_XDC,EOP_RT,A,1995,0.760896031166301
ARG,ECU_XDC,EOP_RT,A,1996,0.798490211514108
ARG,ECU_XDC,EOP_RT,A,1997,0.906077874792895
ARG,ECU_XDC,EOP_RT,A,1998,0.857510392222038
ARG,ECU_XDC,PA_RT,A,1975,
ARG,ECU_XDC,PA_RT,A,1978,98642776.5622725
ARG,ECU_XDC,PA_RT,A,1979,55402287.0210703
ARG,ECU_XDC,PA_RT,A,1980,39131246.4142734
ARG,ECU_XDC,PA_RT,A,1981,20322745.6878499
ARG,ECU_XDC,PA_RT,A,1982,3931527.61798646
ARG,ECU_XDC,PA_RT,A,1983,1065510.16269385
ARG,ECU_XDC,PA_RT,A,1984,187355.071617044
ARG,ECU_XDC,PA_RT,A,1985,21801.0356734495
ARG,ECU_XDC,PA_RT,A,1986,10807.3663251498
ARG,ECU_XDC,PA_RT,A,1987,4040.07870474585
ARG,ECU_XDC,PA_RT,A,1988,965.058866726935
ARG,ECU_XDC,PA_RT,A,1989,21.4273571682462
ARG,ECU_XDC,PA_RT,A,1990,1.61108191567387
ARG,ECU_XDC,PA_RT,A,1991,0.845385572635626
ARG,ECU_XDC,PA_RT,A,1992,0.778408584460386
ARG,ECU_XDC,PA_RT,A,1993,0.853948429629256
ARG,ECU_XDC,PA_RT,A,1994,0.842190595928364
ARG,ECU_XDC,PA_RT,A,1995,0.764637279883315
ARG,ECU_XDC,PA_RT,A,1996,0.788928974175663
ARG,ECU_XDC,PA_RT,A,1997,0.882231915499515
ARG,ECU_XDC,PA_RT,A,1998,0.893287843185892
ARM,ECU_XDC,EOP_RT,A,1992,0.398952669452154
ARM,ECU_XDC,EOP_RT,A,1993,0.0119050807908545
ARM,ECU_XDC,EOP_RT,A,1994,0.00200483759131046
ARM,ECU_XDC,EOP_RT,A,1995,0.0018927761969311
ARM,ECU_XDC,EOP_RT,A,1996,0.00183439668652941
ARM,ECU_XDC,EOP_RT,A,1997,0.0018296190469423
ARM,ECU_XDC,EOP_RT,A,1998,0.00164182448714811
ARM,ECU_XDC,PA_RT,A,1993,0.0936900851905204
ARM,ECU_XDC,PA_RT,A,1994,0.00291478605438775
ARM,ECU_XDC,PA_RT,A,1995,0.00188329742896798
ARM,ECU_XDC,PA_RT,A,1996,0.00190479145362694
ARM,ECU_XDC,PA_RT,A,1997,0.0017964685216272
ARM,ECU_XDC,PA_RT,A,1998,0.00176830000943584
ATG,ECU_XDC,EOP_RT,A,1976,
ATG,ECU_XDC,EOP_RT,A,1979,0.256862730166609
ATG,ECU_XDC,EOP_RT,A,1980,0.282811828537861
ATG,ECU_XDC,EOP_RT,A,1981,0.341292269047522
ATG,ECU_XDC,EOP_RT,A,1982,0.38273263485905
ATG,ECU_XDC,EOP_RT,A,1983,0.447631581844334
ATG,ECU_XDC,EOP_RT,A,1984,0.522457850712894
ATG,ECU_XDC,EOP_RT,A,1985,0.417130724597782
ATG,ECU_XDC,EOP_RT,A,1986,0.346011183081437
ATG,ECU_XDC,EOP_RT,A,1987,0.284157104780091
ATG,ECU_XDC,EOP_RT,A,1988,0.31585397439056
ATG,ECU_XDC,EOP_RT,A,1989,0.309415514093877
ATG,ECU_XDC,EOP_RT,A,1990,0.271671950686108
ATG,ECU_XDC,EOP_RT,A,1991,0.27621028441373
ATG,ECU_XDC,EOP_RT,A,1992,0.305863713246652
ATG,ECU_XDC,EOP_RT,A,1993,0.330696688634848
ATG,ECU_XDC,EOP_RT,A,1994,0.301104330241594
ATG,ECU_XDC,EOP_RT,A,1995,0.281813344876408
ATG,ECU_XDC,EOP_RT,A,1996,0.295589246817908
ATG,ECU_XDC,EOP_RT,A,1997,0.335416605872407
ATG,ECU_XDC,EOP_RT,A,1998,0.317437643342936
ATG,ECU_XDC,PA_RT,A,1976,
ATG,ECU_XDC,PA_RT,A,1978,0.290722183145879
ATG,ECU_XDC,PA_RT,A,1979,0.270233204680392
ATG,ECU_XDC,PA_RT,A,1980,0.266260353495038
ATG,ECU_XDC,PA_RT,A,1981,0.331388085495165
ATG,ECU_XDC,PA_RT,A,1982,0.377463539733878
ATG,ECU_XDC,PA_RT,A,1983,0.415547286242267
ATG,ECU_XDC,PA_RT,A,1984,0.469422411029192
ATG,ECU_XDC,PA_RT,A,1985,0.48592812880011
ATG,ECU_XDC,PA_RT,A,1986,0.377469951032711
ATG,ECU_XDC,PA_RT,A,1987,0.320856816041556
ATG,ECU_XDC,PA_RT,A,1988,0.312843639184918
ATG,ECU_XDC,PA_RT,A,1989,0.335964777452733
ATG,ECU_XDC,PA_RT,A,1990,0.290942946088272
ATG,ECU_XDC,PA_RT,A,1991,0.298563387619622
ATG,ECU_XDC,PA_RT,A,1992,0.285601473132399
ATG,ECU_XDC,PA_RT,A,1993,0.315943787281366
ATG,ECU_XDC,PA_RT,A,1994,0.311613119847186
ATG,ECU_XDC,PA_RT,A,1995,0.283128192801239
ATG,ECU_XDC,PA_RT,A,1996,0.292097300239585
ATG,ECU_XDC,PA_RT,A,1997,0.326589185015469
ATG,ECU_XDC,PA_RT,A,1998,0.330681925653444
AUS,ECU_XDC,EOP_RT,A,1966,
AUS,ECU_XDC,EOP_RT,A,1971,
AUS,ECU_XDC,EOP_RT,A,1973,
AUS,ECU_XDC,EOP_RT,A,1974,
AUS,ECU_XDC,EOP_RT,A,1975,
AUS,ECU_XDC,EOP_RT,A,1979,0.766696719444272
AUS,ECU_XDC,EOP_RT,A,1980,0.901572999313968
AUS,ECU_XDC,EOP_RT,A,1981,1.039347584777
AUS,ECU_XDC,EOP_RT,A,1982,1.01333057767214
AUS,ECU_XDC,EOP_RT,A,1983,1.0901619544237
AUS,ECU_XDC,EOP_RT,A,1984,1.16772464381436
AUS,ECU_XDC,EOP_RT,A,1985,0.7668656380223
AUS,ECU_XDC,EOP_RT,A,1986,0.621076233183856
AUS,ECU_XDC,EOP_RT,A,1987,0.554319472149762
AUS,ECU_XDC,EOP_RT,A,1988,0.729575302746031
AUS,ECU_XDC,EOP_RT,A,1989,0.662238930659983
AUS,ECU_XDC,EOP_RT,A,1990,0.567226582557031
AUS,ECU_XDC,EOP_RT,A,1991,0.566634350063391
AUS,ECU_XDC,EOP_RT,A,1992,0.568667932942441
AUS,ECU_XDC,EOP_RT,A,1993,0.60456976526157
AUS,ECU_XDC,EOP_RT,A,1994,0.631524161815876
AUS,ECU_XDC,EOP_RT,A,1995,0.566867543218895
AUS,ECU_XDC,EOP_RT,A,1996,0.635679526572441
AUS,ECU_XDC,EOP_RT,A,1997,0.591101339419132
AUS,ECU_XDC,EOP_RT,A,1998,0.526162425541034
AUS,ECU_XDC,PA_RT,A,1966,
AUS,ECU_XDC,PA_RT,A,1971,
AUS,ECU_XDC,PA_RT,A,1973,
AUS,ECU_XDC,PA_RT,A,1974,
AUS,ECU_XDC,PA_RT,A,1975,
AUS,ECU_XDC,PA_RT,A,1978,0.898462295674583
AUS,ECU_XDC,PA_RT,A,1979,0.815555872596498
AUS,ECU_XDC,PA_RT,A,1980,0.818568282161991
AUS,ECU_XDC,PA_RT,A,1981,1.0281921827118
AUS,ECU_XDC,PA_RT,A,1982,1.03376608170667
AUS,ECU_XDC,PA_RT,A,1983,1.01077703787465
AUS,ECU_XDC,PA_RT,A,1984,1.11225905424702
AUS,ECU_XDC,PA_RT,A,1985,0.916272455884289
AUS,ECU_XDC,PA_RT,A,1986,0.681274376702341
AUS,ECU_XDC,PA_RT,A,1987,0.606585586769316
AUS,ECU_XDC,PA_RT,A,1988,0.659951813579836
AUS,ECU_XDC,PA_RT,A,1989,0.717307678434267
AUS,ECU_XDC,PA_RT,A,1990,0.613201566236988
AUS,ECU_XDC,PA_RT,A,1991,0.627939617208864
AUS,ECU_XDC,PA_RT,A,1992,0.566316543398365
AUS,ECU_XDC,PA_RT,A,1993,0.580083931060064
AUS,ECU_XDC,PA_RT,A,1994,0.615137935275054
AUS,ECU_XDC,PA_RT,A,1995,0.566662493722979
AUS,ECU_XDC,PA_RT,A,1996,0.617172971533377
AUS,ECU_XDC,PA_RT,A,1997,0.654448484868237
AUS,ECU_XDC,PA_RT,A,1998,0.560890380305434
AUT,ECU_XDC,EOP_RT,A,1971,
AUT,ECU_XDC,EOP_RT,A,1972,
AUT,ECU_XDC,EOP_RT,A,1979,0.0557903122440378
AUT,ECU_XDC,EOP_RT,A,1980,0.0552966860056647
AUT,ECU_XDC,EOP_RT,A,1981,0.058010017401845
AUT,ECU_XDC,EOP_RT,A,1982,0.0619271357452726
AUT,ECU_XDC,EOP_RT,A,1983,0.0624892855096526
AUT,ECU_XDC,EOP_RT,A,1984,0.063974430699538
AUT,ECU_XDC,EOP_RT,A,1985,0.0651766757184034
AUT,ECU_XDC,EOP_RT,A,1986,0.0681422461210708
AUT,ECU_XDC,EOP_RT,A,1987,0.0681977051472218
AUT,ECU_XDC,EOP_RT,A,1988,0.0678715265304028
AUT,ECU_XDC,EOP_RT,A,1989,0.0707085812994894
AUT,ECU_XDC,EOP_RT,A,1990,0.0687004089962059
AUT,ECU_XDC,EOP_RT,A,1991,0.0697696480416382
AUT,ECU_XDC,EOP_RT,A,1992,0.0727348974604509
AUT,ECU_XDC,EOP_RT,A,1993,0.0735305162903804
AUT,ECU_XDC,EOP_RT,A,1994,0.0741162997221537
AUT,ECU_XDC,EOP_RT,A,1995,0.0754258555874605
AUT,ECU_XDC,EOP_RT,A,1996,0.0728584048209194
AUT,ECU_XDC,EOP_RT,A,1997,0.0716872346913242
AUT,ECU_XDC,EOP_RT,A,1998,0.0729617465758004
AUT,ECU_XDC,PA_RT,A,1971,
AUT,ECU_XDC,PA_RT,A,1972,
AUT,ECU_XDC,PA_RT,A,1978,0.0540537055808623
AUT,ECU_XDC,PA_RT,A,1979,0.0545823566612228
AUT,ECU_XDC,PA_RT,A,1980,0.0555652306761121
AUT,ECU_XDC,PA_RT,A,1981,0.0561786396684709
AUT,ECU_XDC,PA_RT,A,1982,0.0597418736070608
AUT,ECU_XDC,PA_RT,A,1983,0.0624593248973559
AUT,ECU_XDC,PA_RT,A,1984,0.0633432570951216
AUT,ECU_XDC,PA_RT,A,1985,0.0634140964146484
AUT,ECU_XDC,PA_RT,A,1986,0.066755745531031
AUT,ECU_XDC,PA_RT,A,1987,0.0685238998071744
AUT,ECU_XDC,PA_RT,A,1988,0.0684078902194161
AUT,ECU_XDC,PA_RT,A,1989,0.0685607854823927
AUT,ECU_XDC,PA_RT,A,1990,0.0690903667105941
AUT,ECU_XDC,PA_RT,A,1991,0.0690413583435685
AUT,ECU_XDC,PA_RT,A,1992,0.0701702236220711
AUT,ECU_XDC,PA_RT,A,1993,0.0733351824268308
AUT,ECU_XDC,PA_RT,A,1994,0.0736620837498304
AUT,ECU_XDC,PA_RT,A,1995,0.0758266564011058
AUT,ECU_XDC,PA_RT,A,1996,0.0744966161707315
AUT,ECU_XDC,PA_RT,A,1997,0.0722527989033675
AUT,ECU_XDC,PA_RT,A,1998,0.0721250917790882
AZE,ECU_XDC,EOP_RT,A,1992,84.9621425685143
AZE,ECU_XDC,EOP_RT,A,1993,37.833943191275
AZE,ECU_XDC,EOP_RT,A,1994,0.972001066059665
AZE,ECU_XDC,EOP_RT,A,1995,0.856864899962051
AZE,ECU_XDC,EOP_RT,A,1996,0.973756669605114
AZE,ECU_XDC,EOP_RT,A,1997,1.16464099261252
AZE,ECU_XDC,EOP_RT,A,1998,1.10164734836237
AZE,ECU_XDC,EOP_RT,A,2006,
AZE,ECU_XDC,PA_RT,A,1992,71.1368982894352
AZE,ECU_XDC,PA_RT,A,1993,42.6630770522475
AZE,ECU_XDC,PA_RT,A,1994,2.67909192500247
AZE,ECU_XDC,PA_RT,A,1995,0.866023291452778
AZE,ECU_XDC,PA_RT,A,1996,0.916780137289342
AZE,ECU_XDC,PA_RT,A,1997,1.10628334791803
AZE,ECU_XDC,PA_RT,A,1998,1.15384021814539
AZE,ECU_XDC,PA_RT,A,2006,
BDI,ECU_XDC,EOP_RT,A,1979,0.00770588190499826
BDI,ECU_XDC,EOP_RT,A,1980,0.00848435485613582
BDI,ECU_XDC,EOP_RT,A,1981,0.0102387680714257
BDI,ECU_XDC,EOP_RT,A,1982,0.0114819790457715
BDI,ECU_XDC,EOP_RT,A,1983,0.0102938869856035
BDI,ECU_XDC,EOP_RT,A,1984,0.0112896054175655
BDI,ECU_XDC,EOP_RT,A,1985,0.0100589733972587
BDI,ECU_XDC,EOP_RT,A,1986,0.00752410255965756
BDI,ECU_XDC,EOP_RT,A,1987,0.00670240397402154
BDI,ECU_XDC,EOP_RT,A,1988,0.00568764659766914
BDI,ECU_XDC,EOP_RT,A,1989,0.00476213810667199
BDI,ECU_XDC,EOP_RT,A,1990,0.00443613103630173
BDI,ECU_XDC,EOP_RT,A,1991,0.00390250009375756
BDI,ECU_XDC,EOP_RT,A,1992,0.0034911520852503
BDI,ECU_XDC,EOP_RT,A,1993,0.00337726401132494
BDI,ECU_XDC,EOP_RT,A,1994,0.00329222358326842
BDI,ECU_XDC,EOP_RT,A,1995,0.00273782394633816
BDI,ECU_XDC,EOP_RT,A,1996,0.00247585223021049
BDI,ECU_XDC,EOP_RT,A,1997,0.00221760330049341
BDI,ECU_XDC,EOP_RT,A,1998,0.00169665380676603
BDI,ECU_XDC,PA_RT,A,1978,0.00872166549437636
BDI,ECU_XDC,PA_RT,A,1979,0.00810699614041175
BDI,ECU_XDC,PA_RT,A,1980,0.00798781060485113
BDI,ECU_XDC,PA_RT,A,1981,0.00994164256485494
BDI,ECU_XDC,PA_RT,A,1982,0.0113239061920163
BDI,ECU_XDC,PA_RT,A,1983,0.0120709821534128
BDI,ECU_XDC,PA_RT,A,1984,0.0105876646298385
BDI,ECU_XDC,PA_RT,A,1985,0.0108708078105956
BDI,ECU_XDC,PA_RT,A,1986,0.00892668124041746
BDI,ECU_XDC,PA_RT,A,1987,0.00701105962757874
BDI,ECU_XDC,PA_RT,A,1988,0.00601643809109497
BDI,ECU_XDC,PA_RT,A,1989,0.0057170476835444
BDI,ECU_XDC,PA_RT,A,1990,0.00458698457385047
BDI,ECU_XDC,PA_RT,A,1991,0.00444113092199565
BDI,ECU_XDC,PA_RT,A,1992,0.00370194001736645
BDI,ECU_XDC,PA_RT,A,1993,0.00351366762360857
BDI,ECU_XDC,PA_RT,A,1994,0.00332995764542582
BDI,ECU_XDC,PA_RT,A,1995,0.00306075341306405
BDI,ECU_XDC,PA_RT,A,1996,0.00260502524876755
BDI,ECU_XDC,PA_RT,A,1997,0.00250259320007786
BDI,ECU_XDC,PA_RT,A,1998,0.00199399135172432
BEL,ECU_XDC,EOP_RT,A,1971,
BEL,ECU_XDC,EOP_RT,A,1979,0.0247265178069682
BEL,ECU_XDC,EOP_RT,A,1980,0.0242233270009905
BEL,ECU_XDC,EOP_RT,A,1981,0.023959675674786
BEL,ECU_XDC,EOP_RT,A,1982,0.0220242564821283
BEL,ECU_XDC,EOP_RT,A,1983,0.0217218776240371
BEL,ECU_XDC,EOP_RT,A,1984,0.0223626537242361
BEL,ECU_XDC,EOP_RT,A,1985,0.0223640380542893
BEL,ECU_XDC,EOP_RT,A,1986,0.023118787288292
BEL,ECU_XDC,EOP_RT,A,1987,0.0231422723144935
BEL,ECU_XDC,EOP_RT,A,1988,0.0228358744371271
BEL,ECU_XDC,EOP_RT,A,1989,0.023361909621182
BEL,ECU_XDC,EOP_RT,A,1990,0.0236751155282011
BEL,ECU_XDC,EOP_RT,A,1991,0.0238493050181347
BEL,ECU_XDC,EOP_RT,A,1992,0.0248894522533442
BEL,ECU_XDC,EOP_RT,A,1993,0.0247266978486317
BEL,ECU_XDC,EOP_RT,A,1994,0.0255353495611246
BEL,ECU_XDC,EOP_RT,A,1995,0.0258676196214959
BEL,ECU_XDC,EOP_RT,A,1996,0.024936446380514
BEL,ECU_XDC,EOP_RT,A,1997,0.0245293834197047
BEL,ECU_XDC,EOP_RT,A,1998,0.0247894152345204
BEL,ECU_XDC,PA_RT,A,1971,
BEL,ECU_XDC,PA_RT,A,1978,0.0249253085675648
BEL,ECU_XDC,PA_RT,A,1979,0.0248861812495547
BEL,ECU_XDC,PA_RT,A,1980,0.0245848830251059
BEL,ECU_XDC,PA_RT,A,1981,0.0240981929572244
BEL,ECU_XDC,PA_RT,A,1982,0.0223055054882667
BEL,ECU_XDC,PA_RT,A,1983,0.0219429122110709
BEL,ECU_XDC,PA_RT,A,1984,0.0219341398592913
BEL,ECU_XDC,PA_RT,A,1985,0.0220958258573933
BEL,ECU_XDC,PA_RT,A,1986,0.0228145318991608
BEL,ECU_XDC,PA_RT,A,1987,0.023204357144045
BEL,ECU_XDC,PA_RT,A,1988,0.0229729701953478
BEL,ECU_XDC,PA_RT,A,1989,0.0230206298630184
BEL,ECU_XDC,PA_RT,A,1990,0.0235067303050011
BEL,ECU_XDC,PA_RT,A,1991,0.0236065141426861
BEL,ECU_XDC,PA_RT,A,1992,0.0239855667259982
BEL,ECU_XDC,PA_RT,A,1993,0.0246570523599525
BEL,ECU_XDC,PA_RT,A,1994,0.0251477436808023
BEL,ECU_XDC,PA_RT,A,1995,0.025930993500004
BEL,ECU_XDC,PA_RT,A,1996,0.0254723566692653
BEL,ECU_XDC,PA_RT,A,1997,0.0246490045952769
BEL,ECU_XDC,PA_RT,A,1998,0.0245970972677411
BEN,ECU_XDC,EOP_RT,A,1979,0.00345039488123583
BEN,ECU_XDC,EOP_RT,A,1980,0.00338171805437311
BEN,ECU_XDC,EOP_RT,A,1981,0.00320629480143459
BEN,ECU_XDC,EOP_RT,A,1982,0.00307324346033334
BEN,ECU_XDC,EOP_RT,A,1983,0.00289572990778956
BEN,ECU_XDC,EOP_RT,A,1984,0.00294127647189345
BEN,ECU_XDC,EOP_RT,A,1985,0.00297911111126001
BEN,ECU_XDC,EOP_RT,A,1986,0.00289459393851118
BEN,ECU_XDC,EOP_RT,A,1987,0.00287349881033631
BEN,ECU_XDC,EOP_RT,A,1988,0.00281500488611027
BEN,ECU_XDC,EOP_RT,A,1989,0.00288673768990478
BEN,ECU_XDC,EOP_RT,A,1990,0.00286026229803101
BEN,ECU_XDC,EOP_RT,A,1991,0.0028794122292892
BEN,ECU_XDC,EOP_RT,A,1992,0.00299948070526747
BEN,ECU_XDC,EOP_RT,A,1993,0.00302902572700582
BEN,ECU_XDC,EOP_RT,A,1994,0.00152072893953099
BEN,ECU_XDC,EOP_RT,A,1995,0.00155284904209053
BEN,ECU_XDC,EOP_RT,A,1996,0.00152394685094504
BEN,ECU_XDC,EOP_RT,A,1997,0.0015123742676483
BEN,ECU_XDC,EOP_RT,A,1998,0.0015244866445198
BEN,ECU_XDC,EOP_RT,A,1999,
BEN,ECU_XDC,PA_RT,A,1978,0.00347852652122593
BEN,ECU_XDC,PA_RT,A,1979,0.00342997373477008
BEN,ECU_XDC,PA_RT,A,1980,0.00340261485795689
BEN,ECU_XDC,PA_RT,A,1981,0.00329276505328815
BEN,ECU_XDC,PA_RT,A,1982,0.0031014368987526
BEN,ECU_XDC,PA_RT,A,1983,0.0029443129714704
BEN,ECU_XDC,PA_RT,A,1984,0.00290060916565517
BEN,ECU_XDC,PA_RT,A,1985,0.00292035190223884
BEN,ECU_XDC,PA_RT,A,1986,0.0029429728379665
BEN,ECU_XDC,PA_RT,A,1987,0.00288255577421199
BEN,ECU_XDC,PA_RT,A,1988,0.00283593378247298
BEN,ECU_XDC,PA_RT,A,1989,0.00284351504515254
BEN,ECU_XDC,PA_RT,A,1990,0.00288522787078115
BEN,ECU_XDC,PA_RT,A,1991,0.00285750232058045
BEN,ECU_XDC,PA_RT,A,1992,0.00291329000471803
BEN,ECU_XDC,PA_RT,A,1993,0.00301257400312542
BEN,ECU_XDC,PA_RT,A,1994,0.00151539680800747
BEN,ECU_XDC,PA_RT,A,1995,0.00153150061363609
BEN,ECU_XDC,PA_RT,A,1996,0.0015417045526042
BEN,ECU_XDC,PA_RT,A,1997,0.00151077106545153
BEN,ECU_XDC,PA_RT,A,1998,0.00151341387170011
BEN,ECU_XDC,PA_RT,A,1999,
BFA,ECU_XDC,EOP_RT,A,1979,0.00345039732437655
BFA,ECU_XDC,EOP_RT,A,1980,0.00338172044888543
BFA,ECU_XDC,EOP_RT,A,1981,0.00320629707173397
BFA,ECU_XDC,EOP_RT,A,1982,0.00307324563642229
BFA,ECU_XDC,EOP_RT,A,1983,0.00289573195818549
BFA,ECU_XDC,EOP_RT,A,1984,0.0029412785545398
BFA,ECU_XDC,EOP_RT,A,1985,0.00297911322069614
BFA,ECU_XDC,EOP_RT,A,1986,0.00289459598810276
BFA,ECU_XDC,EOP_RT,A,1987,0.00287350084499095
BFA,ECU_XDC,EOP_RT,A,1988,0.00281500687934678
BFA,ECU_XDC,EOP_RT,A,1989,0.00288673973393355
BFA,ECU_XDC,EOP_RT,A,1990,0.00286026432331318
BFA,ECU_XDC,EOP_RT,A,1991,0.00287941426813098
BFA,ECU_XDC,EOP_RT,A,1992,0.00299948282912682
BFA,ECU_XDC,EOP_RT,A,1993,0.00302902787178529
BFA,ECU_XDC,EOP_RT,A,1994,0.00152073001632217
BFA,ECU_XDC,EOP_RT,A,1995,0.00155285014162517
BFA,ECU_XDC,EOP_RT,A,1996,0.00152394793001475
BFA,ECU_XDC,EOP_RT,A,1997,0.00151237533852373
BFA,ECU_XDC,EOP_RT,A,1998,0.00152448772397172
BFA,ECU_XDC,EOP_RT,A,1999,
BFA,ECU_XDC,PA_RT,A,1978,0.00347852652122593
BFA,ECU_XDC,PA_RT,A,1979,0.00342997373477008
BFA,ECU_XDC,PA_RT,A,1980,0.00340261485795689
BFA,ECU_XDC,PA_RT,A,1981,0.00329276505328815
BFA,ECU_XDC,PA_RT,A,1982,0.0031014368987526
BFA,ECU_XDC,PA_RT,A,1983,0.0029443129714704
BFA,ECU_XDC,PA_RT,A,1984,0.00290060916565517
BFA,ECU_XDC,PA_RT,A,1985,0.00292035190223884
BFA,ECU_XDC,PA_RT,A,1986,0.0029429728379665
BFA,ECU_XDC,PA_RT,A,1987,0.00288255577421199
BFA,ECU_XDC,PA_RT,A,1988,0.00283593378247298
BFA,ECU_XDC,PA_RT,A,1989,0.00284351504515254
BFA,ECU_XDC,PA_RT,A,1990,0.00288522787078115
BFA,ECU_XDC,PA_RT,A,1991,0.00285750232058045
BFA,ECU_XDC,PA_RT,A,1992,0.00291329000471803
BFA,ECU_XDC,PA_RT,A,1993,0.00301257400312542
BFA,ECU_XDC,PA_RT,A,1994,0.00151539680800747
BFA,ECU_XDC,PA_RT,A,1995,0.00153150061363609
BFA,ECU_XDC,PA_RT,A,1996,0.0015417045526042
BFA,ECU_XDC,PA_RT,A,1997,0.00151077106545153
BFA,ECU_XDC,PA_RT,A,1998,0.00151341387170011
BFA,ECU_XDC,PA_RT,A,1999,
BGD,ECU_XDC,EOP_RT,A,1976,
BGD,ECU_XDC,EOP_RT,A,1979,0.0443348060790244
BGD,ECU_XDC,EOP_RT,A,1980,0.0469888272421902
BGD,ECU_XDC,EOP_RT,A,1981,0.0464298770300807
BGD,ECU_XDC,EOP_RT,A,1982,0.0429248908230156
BGD,ECU_XDC,EOP_RT,A,1983,0.0483442108411218
BGD,ECU_XDC,EOP_RT,A,1984,0.054255238343262
BGD,ECU_XDC,EOP_RT,A,1985,0.0363307405294842
BGD,ECU_XDC,EOP_RT,A,1986,0.0303321491662299
BGD,ECU_XDC,EOP_RT,A,1987,0.0245905186828925
BGD,ECU_XDC,EOP_RT,A,1988,0.0264271995926406
BGD,ECU_XDC,EOP_RT,A,1989,0.0258884997847371
BGD,ECU_XDC,EOP_RT,A,1990,0.0204949501774934
BGD,ECU_XDC,EOP_RT,A,1991,0.0193304242591257
BGD,ECU_XDC,EOP_RT,A,1992,0.0211751801478451
BGD,ECU_XDC,EOP_RT,A,1993,0.0224060491672293
BGD,ECU_XDC,EOP_RT,A,1994,0.0201983028981939
BGD,ECU_XDC,EOP_RT,A,1995,0.0186722952433448
BGD,ECU_XDC,EOP_RT,A,1996,0.0188007294795842
BGD,ECU_XDC,EOP_RT,A,1997,0.0199257389627172
BGD,ECU_XDC,EOP_RT,A,1998,0.0176717863304315
BGD,ECU_XDC,PA_RT,A,1976,
BGD,ECU_XDC,PA_RT,A,1978,0.0522738276457488
BGD,ECU_XDC,PA_RT,A,1979,0.0469157131781651
BGD,ECU_XDC,PA_RT,A,1980,0.0465187162471584
BGD,ECU_XDC,PA_RT,A,1981,0.0497449918784434
BGD,ECU_XDC,PA_RT,A,1982,0.0460781686008628
BGD,ECU_XDC,PA_RT,A,1983,0.045580268180497
BGD,ECU_XDC,PA_RT,A,1984,0.0499898966573961
BGD,ECU_XDC,PA_RT,A,1985,0.0468664077469832
BGD,ECU_XDC,PA_RT,A,1986,0.0335176840713232
BGD,ECU_XDC,PA_RT,A,1987,0.027990890741863
BGD,ECU_XDC,PA_RT,A,1988,0.0266180697884289
BGD,ECU_XDC,PA_RT,A,1989,0.0281098512278394
BGD,ECU_XDC,PA_RT,A,1990,0.0227241259479825
BGD,ECU_XDC,PA_RT,A,1991,0.0220274649744344
BGD,ECU_XDC,PA_RT,A,1992,0.0197974060186028
BGD,ECU_XDC,PA_RT,A,1993,0.0215594478758021
BGD,ECU_XDC,PA_RT,A,1994,0.0209231294398935
BGD,ECU_XDC,PA_RT,A,1995,0.01897909724624
BGD,ECU_XDC,PA_RT,A,1996,0.0188701616062037
BGD,ECU_XDC,PA_RT,A,1997,0.0200899588183466
BGD,ECU_XDC,PA_RT,A,1998,0.0190348319986948
BGR,ECU_XDC,EOP_RT,A,1988,1038.74023246591
BGR,ECU_XDC,EOP_RT,A,1989,1017.56624610654
BGR,ECU_XDC,EOP_RT,A,1990,258.09791233374
BGR,ECU_XDC,EOP_RT,A,1991,34.1922776542603
BGR,ECU_XDC,EOP_RT,A,1992,33.718439725868
BGR,ECU_XDC,EOP_RT,A,1993,27.2960490145238
BGR,ECU_XDC,EOP_RT,A,1994,12.3151055313535
BGR,ECU_XDC,EOP_RT,A,1995,10.761711235097
BGR,ECU_XDC,EOP_RT,A,1996,1.63761355577788
BGR,ECU_XDC,EOP_RT,A,1997,0.509780374813115
BGR,ECU_XDC,EOP_RT,A,1998,0.511659982703079
BGR,ECU_XDC,PA_RT,A,1991,45.3176195844436
BGR,ECU_XDC,PA_RT,A,1992,33.0370794429361
BGR,ECU_XDC,PA_RT,A,1993,30.9147317097159
BGR,ECU_XDC,PA_RT,A,1994,15.5421842892729
BGR,ECU_XDC,PA_RT,A,1995,11.3806258256437
BGR,ECU_XDC,PA_RT,A,1996,4.43346237523214
BGR,ECU_XDC,PA_RT,A,1997,0.524289031589229
BGR,ECU_XDC,PA_RT,A,1998,0.507192872245309
BHR,ECU_XDC,EOP_RT,A,1979,1.83958665707718
BHR,ECU_XDC,EOP_RT,A,1980,2.0308491150205
BHR,ECU_XDC,EOP_RT,A,1981,2.45079247972724
BHR,ECU_XDC,EOP_RT,A,1982,2.74837243127867
BHR,ECU_XDC,EOP_RT,A,1983,3.21440657748901
BHR,ECU_XDC,EOP_RT,A,1984,3.7517280279306
BHR,ECU_XDC,EOP_RT,A,1985,2.99538236175245
BHR,ECU_XDC,EOP_RT,A,1986,2.48467862481315
BHR,ECU_XDC,EOP_RT,A,1987,2.04050943685745
BHR,ECU_XDC,EOP_RT,A,1988,2.26812212178066
BHR,ECU_XDC,EOP_RT,A,1989,2.221888053467
BHR,ECU_XDC,EOP_RT,A,1990,1.95085454412088
BHR,ECU_XDC,EOP_RT,A,1991,1.98344395555224
BHR,ECU_XDC,EOP_RT,A,1992,2.19638285572714
BHR,ECU_XDC,EOP_RT,A,1993,2.37467967891997
BHR,ECU_XDC,EOP_RT,A,1994,2.16218171766772
BHR,ECU_XDC,EOP_RT,A,1995,2.02365625760896
BHR,ECU_XDC,EOP_RT,A,1996,2.12257879153066
BHR,ECU_XDC,EOP_RT,A,1997,2.40857264469621
BHR,ECU_XDC,EOP_RT,A,1998,2.27946860938505
BHR,ECU_XDC,EOP_RT,A,2001,
BHR,ECU_XDC,PA_RT,A,1978,2.02592113420918
BHR,ECU_XDC,PA_RT,A,1979,1.91193971469079
BHR,ECU_XDC,PA_RT,A,1980,1.90690320123915
BHR,ECU_XDC,PA_RT,A,1981,2.37964849259732
BHR,ECU_XDC,PA_RT,A,1982,2.71050946806377
BHR,ECU_XDC,PA_RT,A,1983,2.98398318042049
BHR,ECU_XDC,PA_RT,A,1984,3.37085242335995
BHR,ECU_XDC,PA_RT,A,1985,3.48937752063909
BHR,ECU_XDC,PA_RT,A,1986,2.71055549943702
BHR,ECU_XDC,PA_RT,A,1987,2.30402500880905
BHR,ECU_XDC,PA_RT,A,1988,2.2464835792534
BHR,ECU_XDC,PA_RT,A,1989,2.41251302958079
BHR,ECU_XDC,PA_RT,A,1990,2.08921796393174
BHR,ECU_XDC,PA_RT,A,1991,2.14393921960899
BHR,ECU_XDC,PA_RT,A,1992,2.05086164217414
BHR,ECU_XDC,PA_RT,A,1993,2.26874534637703
BHR,ECU_XDC,PA_RT,A,1994,2.23764761144965
BHR,ECU_XDC,PA_RT,A,1995,2.03310154218654
BHR,ECU_XDC,PA_RT,A,1996,2.09750739046774
BHR,ECU_XDC,PA_RT,A,1997,2.34518851495575
BHR,ECU_XDC,PA_RT,A,1998,2.37457789444407
BHR,ECU_XDC,PA_RT,A,2001,
BHS,ECU_XDC,EOP_RT,A,1966,
BHS,ECU_XDC,EOP_RT,A,1979,0.693529371449844
BHS,ECU_XDC,EOP_RT,A,1980,0.763591937052224
BHS,ECU_XDC,EOP_RT,A,1981,0.921489126428308
BHS,ECU_XDC,EOP_RT,A,1982,1.03337811411944
BHS,ECU_XDC,EOP_RT,A,1983,1.2086052709797
BHS,ECU_XDC,EOP_RT,A,1984,1.41063619692481
BHS,ECU_XDC,EOP_RT,A,1985,1.12625295641401
BHS,ECU_XDC,EOP_RT,A,1986,0.93423019431988
BHS,ECU_XDC,EOP_RT,A,1987,0.767224182906245
BHS,ECU_XDC,EOP_RT,A,1988,0.852805730854511
BHS,ECU_XDC,EOP_RT,A,1989,0.835421888053467
BHS,ECU_XDC,EOP_RT,A,1990,0.73351426685249
BHS,ECU_XDC,EOP_RT,A,1991,0.745767767917071
BHS,ECU_XDC,EOP_RT,A,1992,0.825832025765959
BHS,ECU_XDC,EOP_RT,A,1993,0.892881059314089
BHS,ECU_XDC,EOP_RT,A,1994,0.812981691652304
BHS,ECU_XDC,EOP_RT,A,1995,0.760896031166301
BHS,ECU_XDC,EOP_RT,A,1996,0.798090966408351
BHS,ECU_XDC,EOP_RT,A,1997,0.905624835855498
BHS,ECU_XDC,EOP_RT,A,1998,0.857081637025927
BHS,ECU_XDC,PA_RT,A,1966,
BHS,ECU_XDC,PA_RT,A,1978,0.784949894493872
BHS,ECU_XDC,PA_RT,A,1979,0.729629652637058
BHS,ECU_XDC,PA_RT,A,1980,0.718902954436601
BHS,ECU_XDC,PA_RT,A,1981,0.894747830836945
BHS,ECU_XDC,PA_RT,A,1982,1.01915155728147
BHS,ECU_XDC,PA_RT,A,1983,1.12197767285412
BHS,ECU_XDC,PA_RT,A,1984,1.26744050977882
BHS,ECU_XDC,PA_RT,A,1985,1.3120059477603
BHS,ECU_XDC,PA_RT,A,1986,1.01916886778832
BHS,ECU_XDC,PA_RT,A,1987,0.866313403312202
BHS,ECU_XDC,PA_RT,A,1988,0.844677825799279
BHS,ECU_XDC,PA_RT,A,1989,0.907104899122379
BHS,ECU_XDC,PA_RT,A,1990,0.785545954438335
BHS,ECU_XDC,PA_RT,A,1991,0.80612114657298
BHS,ECU_XDC,PA_RT,A,1992,0.771123977457478
BHS,ECU_XDC,PA_RT,A,1993,0.853048225659688
BHS,ECU_XDC,PA_RT,A,1994,0.841355423587402
BHS,ECU_XDC,PA_RT,A,1995,0.764446120563344
BHS,ECU_XDC,PA_RT,A,1996,0.788662710646879
BHS,ECU_XDC,PA_RT,A,1997,0.881790799541765
BHS,ECU_XDC,PA_RT,A,1998,0.892841199264299
BIH,ECU_XDC,EOP_RT,A,1997,0.505342802218346
BIH,ECU_XDC,EOP_RT,A,1998,0.512302233727392
BIH,ECU_XDC,EOP_RT,A,1999,
BIH,ECU_XDC,PA_RT,A,1997,0.508513499156899
BIH,ECU_XDC,PA_RT,A,1998,0.507391968642732
BIH,ECU_XDC,PA_RT,A,1999,
BLR,ECU_XDC,EOP_RT,A,1992,5505546838.43973
BLR,ECU_XDC,EOP_RT,A,1993,127736918.356808
BLR,ECU_XDC,EOP_RT,A,1994,7669638.60049343
BLR,ECU_XDC,EOP_RT,A,1995,6616487.22753306
BLR,ECU_XDC,EOP_RT,A,1996,5148973.97682807
BLR,ECU_XDC,EOP_RT,A,1997,2946079.49204782
BLR,ECU_XDC,EOP_RT,A,1998,808567.582099931
BLR,ECU_XDC,EOP_RT,A,2000,
BLR,ECU_XDC,EOP_RT,A,2016,
BLR,ECU_XDC,PA_RT,A,1994,2310.70977232206
BLR,ECU_XDC,PA_RT,A,1995,663.526024057597
BLR,ECU_XDC,PA_RT,A,1996,596.122496465862
BLR,ECU_XDC,PA_RT,A,1997,338.88246545975
BLR,ECU_XDC,PA_RT,A,1998,193.558913133671
BLR,ECU_XDC,PA_RT,A,2000,
BLR,ECU_XDC,PA_RT,A,2016,
BLZ,ECU_XDC,EOP_RT,A,1967,
BLZ,ECU_XDC,EOP_RT,A,1971,
BLZ,ECU_XDC,EOP_RT,A,1972,
BLZ,ECU_XDC,EOP_RT,A,1977,
BLZ,ECU_XDC,EOP_RT,A,1979,0.346764685724922
BLZ,ECU_XDC,EOP_RT,A,1980,0.381795968526112
BLZ,ECU_XDC,EOP_RT,A,1981,0.460744563214154
BLZ,ECU_XDC,EOP_RT,A,1982,0.516689057059718
BLZ,ECU_XDC,EOP_RT,A,1983,0.604302635489851
BLZ,ECU_XDC,EOP_RT,A,1984,0.705318098462406
BLZ,ECU_XDC,EOP_RT,A,1985,0.563126478207005
BLZ,ECU_XDC,EOP_RT,A,1986,0.46711509715994
BLZ,ECU_XDC,EOP_RT,A,1987,0.383612091453123
BLZ,ECU_XDC,EOP_RT,A,1988,0.426402865427256
BLZ,ECU_XDC,EOP_RT,A,1989,0.417710944026734
BLZ,ECU_XDC,EOP_RT,A,1990,0.366757133426245
BLZ,ECU_XDC,EOP_RT,A,1991,0.372883883958535
BLZ,ECU_XDC,EOP_RT,A,1992,0.41291601288298
BLZ,ECU_XDC,EOP_RT,A,1993,0.446440529657044
BLZ,ECU_XDC,EOP_RT,A,1994,0.406490845826152
BLZ,ECU_XDC,EOP_RT,A,1995,0.380448015583151
BLZ,ECU_XDC,EOP_RT,A,1996,0.399045483204176
BLZ,ECU_XDC,EOP_RT,A,1997,0.452812417927749
BLZ,ECU_XDC,EOP_RT,A,1998,0.428540818512963
BLZ,ECU_XDC,PA_RT,A,1967,
BLZ,ECU_XDC,PA_RT,A,1971,
BLZ,ECU_XDC,PA_RT,A,1972,
BLZ,ECU_XDC,PA_RT,A,1977,
BLZ,ECU_XDC,PA_RT,A,1978,0.392474947246936
BLZ,ECU_XDC,PA_RT,A,1979,0.364814826318529
BLZ,ECU_XDC,PA_RT,A,1980,0.359451477218301
BLZ,ECU_XDC,PA_RT,A,1981,0.447373915418472
BLZ,ECU_XDC,PA_RT,A,1982,0.509575778640735
BLZ,ECU_XDC,PA_RT,A,1983,0.56098883642706
BLZ,ECU_XDC,PA_RT,A,1984,0.63372025488941
BLZ,ECU_XDC,PA_RT,A,1985,0.656002973880149
BLZ,ECU_XDC,PA_RT,A,1986,0.509584433894159
BLZ,ECU_XDC,PA_RT,A,1987,0.433156701656101
BLZ,ECU_XDC,PA_RT,A,1988,0.422338912899639
BLZ,ECU_XDC,PA_RT,A,1989,0.453552449561189
BLZ,ECU_XDC,PA_RT,A,1990,0.392772977219167
BLZ,ECU_XDC,PA_RT,A,1991,0.40306057328649
BLZ,ECU_XDC,PA_RT,A,1992,0.385561988728739
BLZ,ECU_XDC,PA_RT,A,1993,0.426524112829844
BLZ,ECU_XDC,PA_RT,A,1994,0.420677711793701
BLZ,ECU_XDC,PA_RT,A,1995,0.382223060281672
BLZ,ECU_XDC,PA_RT,A,1996,0.394331355323439
BLZ,ECU_XDC,PA_RT,A,1997,0.440895399770883
BLZ,ECU_XDC,PA_RT,A,1998,0.446420599632149
BMU,ECU_XDC,EOP_RT,A,1967,
BMU,ECU_XDC,EOP_RT,A,1979,0.693529371449844
BMU,ECU_XDC,EOP_RT,A,1980,0.763591937052224
BMU,ECU_XDC,EOP_RT,A,1981,0.921489126428308
BMU,ECU_XDC,EOP_RT,A,1982,1.03337811411944
BMU,ECU_XDC,EOP_RT,A,1983,1.2086052709797
BMU,ECU_XDC,EOP_RT,A,1984,1.41063619692481
BMU,ECU_XDC,EOP_RT,A,1985,1.12625295641401
BMU,ECU_XDC,EOP_RT,A,1986,0.93423019431988
BMU,ECU_XDC,EOP_RT,A,1987,0.767224182906245
BMU,ECU_XDC,EOP_RT,A,1988,0.852805730854511
BMU,ECU_XDC,EOP_RT,A,1989,0.835421888053467
BMU,ECU_XDC,EOP_RT,A,1990,0.73351426685249
BMU,ECU_XDC,EOP_RT,A,1991,0.745767767917071
BMU,ECU_XDC,EOP_RT,A,1992,0.825832025765959
BMU,ECU_XDC,EOP_RT,A,1993,0.892881059314089
BMU,ECU_XDC,EOP_RT,A,1994,0.812981691652304
BMU,ECU_XDC,EOP_RT,A,1995,0.760896031166301
BMU,ECU_XDC,EOP_RT,A,1996,0.798090966408351
BMU,ECU_XDC,EOP_RT,A,1997,0.905624835855498
BMU,ECU_XDC,EOP_RT,A,1998,0.857081637025927
BMU,ECU_XDC,PA_RT,A,1967,
BMU,ECU_XDC,PA_RT,A,1978,0.784949894493872
BMU,ECU_XDC,PA_RT,A,1979,0.729629652637058
BMU,ECU_XDC,PA_RT,A,1980,0.718902954436601
BMU,ECU_XDC,PA_RT,A,1981,0.894747830836945
BMU,ECU_XDC,PA_RT,A,1982,1.01915155728147
BMU,ECU_XDC,PA_RT,A,1983,1.12197767285412
BMU,ECU_XDC,PA_RT,A,1984,1.26744050977882
BMU,ECU_XDC,PA_RT,A,1985,1.3120059477603
BMU,ECU_XDC,PA_RT,A,1986,1.01916886778832
BMU,ECU_XDC,PA_RT,A,1987,0.866313403312202
BMU,ECU_XDC,PA_RT,A,1988,0.844677825799279
BMU,ECU_XDC,PA_RT,A,1989,0.907104899122379
BMU,ECU_XDC,PA_RT,A,1990,0.785545954438335
BMU,ECU_XDC,PA_RT,A,1991,0.80612114657298
BMU,ECU_XDC,PA_RT,A,1992,0.771123977457478
BMU,ECU_XDC,PA_RT,A,1993,0.853048225659688
BMU,ECU_XDC,PA_RT,A,1994,0.841355423587402
BMU,ECU_XDC,PA_RT,A,1995,0.764446120563344
BMU,ECU_XDC,PA_RT,A,1996,0.788662710646879
BMU,ECU_XDC,PA_RT,A,1997,0.881790799541765
BMU,ECU_XDC,PA_RT,A,1998,0.892841199264299
BOL,ECU_XDC,EOP_RT,A,1959,
BOL,ECU_XDC,EOP_RT,A,1963,
BOL,ECU_XDC,EOP_RT,A,1979,28295.7719901322
BOL,ECU_XDC,EOP_RT,A,1980,31154.3017985874
BOL,ECU_XDC,EOP_RT,A,1981,37596.4555881642
BOL,ECU_XDC,EOP_RT,A,1982,5221.71861606587
BOL,ECU_XDC,EOP_RT,A,1983,2393.75177456863
BOL,ECU_XDC,EOP_RT,A,1984,160.609836835343
BOL,ECU_XDC,EOP_RT,A,1985,0.66563413499646
BOL,ECU_XDC,EOP_RT,A,1986,0.48581913381169
BOL,ECU_XDC,EOP_RT,A,1987,0.347160263758482
BOL,ECU_XDC,EOP_RT,A,1988,0.34526547807875
BOL,ECU_XDC,EOP_RT,A,1989,0.280342915454184
BOL,ECU_XDC,EOP_RT,A,1990,0.215739490250732
BOL,ECU_XDC,EOP_RT,A,1991,0.199136920672115
BOL,ECU_XDC,EOP_RT,A,1992,0.20166838236043
BOL,ECU_XDC,EOP_RT,A,1993,0.199526493701472
BOL,ECU_XDC,EOP_RT,A,1994,0.173159039755549
BOL,ECU_XDC,EOP_RT,A,1995,0.1541835929415
BOL,ECU_XDC,EOP_RT,A,1996,0.153923040773067
BOL,ECU_XDC,EOP_RT,A,1997,0.168802392517334
BOL,ECU_XDC,EOP_RT,A,1998,0.151830227993964
BOL,ECU_XDC,PA_RT,A,1959,
BOL,ECU_XDC,PA_RT,A,1963,
BOL,ECU_XDC,PA_RT,A,1978,39227.8807843014
BOL,ECU_XDC,PA_RT,A,1979,35760.3162540626
BOL,ECU_XDC,PA_RT,A,1980,29319.0438187847
BOL,ECU_XDC,PA_RT,A,1981,36490.5314370695
BOL,ECU_XDC,PA_RT,A,1982,15906.4311934262
BOL,ECU_XDC,PA_RT,A,1983,4843.83574171791
BOL,ECU_XDC,PA_RT,A,1984,404.170032490467
BOL,ECU_XDC,PA_RT,A,1985,2.98163512612428
BOL,ECU_XDC,PA_RT,A,1986,0.530276255271742
BOL,ECU_XDC,PA_RT,A,1987,0.421594473227828
BOL,ECU_XDC,PA_RT,A,1988,0.359400413063598
BOL,ECU_XDC,PA_RT,A,1989,0.337002829377792
BOL,ECU_XDC,PA_RT,A,1990,0.247599311124245
BOL,ECU_XDC,PA_RT,A,1991,0.225135248406946
BOL,ECU_XDC,PA_RT,A,1992,0.197697906035733
BOL,ECU_XDC,PA_RT,A,1993,0.200007399384855
BOL,ECU_XDC,PA_RT,A,1994,0.18209119981259
BOL,ECU_XDC,PA_RT,A,1995,0.159248273070148
BOL,ECU_XDC,PA_RT,A,1996,0.155413385878602
BOL,ECU_XDC,PA_RT,A,1997,0.167824028359556
BOL,ECU_XDC,PA_RT,A,1998,0.162036224035286
BRA,ECU_XDC,EOP_RT,A,1967,
BRA,ECU_XDC,EOP_RT,A,1976,
BRA,ECU_XDC,EOP_RT,A,1979,44843775488.6413
BRA,ECU_XDC,EOP_RT,A,1980,32059203464.0247
BRA,ECU_XDC,EOP_RT,A,1981,19828600138.4795
BRA,ECU_XDC,EOP_RT,A,1982,11247040859.0293
BRA,ECU_XDC,EOP_RT,A,1983,3377707820.31929
BRA,ECU_XDC,EOP_RT,A,1984,1218357268.07263
BRA,ECU_XDC,EOP_RT,A,1985,295252204.970308
BRA,ECU_XDC,EOP_RT,A,1986,172482916.037574
BRA,ECU_XDC,EOP_RT,A,1987,29201900.3611324
BRA,ECU_XDC,EOP_RT,A,1988,3064439.77505541
BRA,ECU_XDC,EOP_RT,A,1989,202272.424031258
BRA,ECU_XDC,EOP_RT,A,1990,11392.5462207407
BRA,ECU_XDC,EOP_RT,A,1991,1918.84483698723
BRA,ECU_XDC,EOP_RT,A,1992,183.333043056015
BRA,ECU_XDC,EOP_RT,A,1993,7.52954696528343
BRA,ECU_XDC,EOP_RT,A,1994,0.960971266728492
BRA,ECU_XDC,EOP_RT,A,1995,0.782010309523434
BRA,ECU_XDC,EOP_RT,A,1996,0.767838143552387
BRA,ECU_XDC,EOP_RT,A,1997,0.811201035341722
BRA,ECU_XDC,EOP_RT,A,1998,0.709093767705739
BRA,ECU_XDC,PA_RT,A,1967,
BRA,ECU_XDC,PA_RT,A,1976,
BRA,ECU_XDC,PA_RT,A,1978,100380435453.053
BRA,ECU_XDC,PA_RT,A,1979,62571735255.9296
BRA,ECU_XDC,PA_RT,A,1980,31513804309.7525
BRA,ECU_XDC,PA_RT,A,1981,22202119180.2894
BRA,ECU_XDC,PA_RT,A,1982,13118951525.9981
BRA,ECU_XDC,PA_RT,A,1983,4492975672.83395
BRA,ECU_XDC,PA_RT,A,1984,1584813078.65968
BRA,ECU_XDC,PA_RT,A,1985,488962896.786533
BRA,ECU_XDC,PA_RT,A,1986,172457472.611426
BRA,ECU_XDC,PA_RT,A,1987,51030731.3147127
BRA,ECU_XDC,PA_RT,A,1988,7438970.76861881
BRA,ECU_XDC,PA_RT,A,1989,739656.060905896
BRA,ECU_XDC,PA_RT,A,1990,26577.0827414879
BRA,ECU_XDC,PA_RT,A,1991,4581.23741448792
BRA,ECU_XDC,PA_RT,A,1992,394.835990748889
BRA,ECU_XDC,PA_RT,A,1993,22.2864095072023
BRA,ECU_XDC,PA_RT,A,1994,1.26579854288076
BRA,ECU_XDC,PA_RT,A,1995,0.833032459749376
BRA,ECU_XDC,PA_RT,A,1996,0.784660939853625
BRA,ECU_XDC,PA_RT,A,1997,0.817994078069651
BRA,ECU_XDC,PA_RT,A,1998,0.769348019644382
BRB,ECU_XDC,EOP_RT,A,1971,
BRB,ECU_XDC,EOP_RT,A,1972,
BRB,ECU_XDC,EOP_RT,A,1974,
BRB,ECU_XDC,EOP_RT,A,1979,0.344816472825864
BRB,ECU_XDC,EOP_RT,A,1980,0.379650940899853
BRB,ECU_XDC,EOP_RT,A,1981,0.458155982144118
BRB,ECU_XDC,EOP_RT,A,1982,0.51378616548164
BRB,ECU_XDC,EOP_RT,A,1983,0.600907508368025
BRB,ECU_XDC,EOP_RT,A,1984,0.701355440573842
BRB,ECU_XDC,EOP_RT,A,1985,0.559962689292484
BRB,ECU_XDC,EOP_RT,A,1986,0.46711509715994
BRB,ECU_XDC,EOP_RT,A,1987,0.383612091453123
BRB,ECU_XDC,EOP_RT,A,1988,0.426402865427256
BRB,ECU_XDC,EOP_RT,A,1989,0.417710944026734
BRB,ECU_XDC,EOP_RT,A,1990,0.366757133426245
BRB,ECU_XDC,EOP_RT,A,1991,0.372883883958535
BRB,ECU_XDC,EOP_RT,A,1992,0.41291601288298
BRB,ECU_XDC,EOP_RT,A,1993,0.446440529657044
BRB,ECU_XDC,EOP_RT,A,1994,0.406490845826152
BRB,ECU_XDC,EOP_RT,A,1995,0.380448015583151
BRB,ECU_XDC,EOP_RT,A,1996,0.399045483204176
BRB,ECU_XDC,EOP_RT,A,1997,0.452812417927749
BRB,ECU_XDC,EOP_RT,A,1998,0.428540818512963
BRB,ECU_XDC,PA_RT,A,1971,
BRB,ECU_XDC,PA_RT,A,1972,
BRB,ECU_XDC,PA_RT,A,1974,
BRB,ECU_XDC,PA_RT,A,1978,0.392474947246936
BRB,ECU_XDC,PA_RT,A,1979,0.364814826318529
BRB,ECU_XDC,PA_RT,A,1980,0.359451477218301
BRB,ECU_XDC,PA_RT,A,1981,0.447373915418472
BRB,ECU_XDC,PA_RT,A,1982,0.509575778640735
BRB,ECU_XDC,PA_RT,A,1983,0.56098883642706
BRB,ECU_XDC,PA_RT,A,1984,0.63372025488941
BRB,ECU_XDC,PA_RT,A,1985,0.656002973880149
BRB,ECU_XDC,PA_RT,A,1986,0.509584433894159
BRB,ECU_XDC,PA_RT,A,1987,0.433156701656101
BRB,ECU_XDC,PA_RT,A,1988,0.422338912899639
BRB,ECU_XDC,PA_RT,A,1989,0.453552449561189
BRB,ECU_XDC,PA_RT,A,1990,0.392772977219167
BRB,ECU_XDC,PA_RT,A,1991,0.40306057328649
BRB,ECU_XDC,PA_RT,A,1992,0.385561988728739
BRB,ECU_XDC,PA_RT,A,1993,0.426524112829844
BRB,ECU_XDC,PA_RT,A,1994,0.420677711793701
BRB,ECU_XDC,PA_RT,A,1995,0.382223060281672
BRB,ECU_XDC,PA_RT,A,1996,0.394331355323439
BRB,ECU_XDC,PA_RT,A,1997,0.440895399770883
BRB,ECU_XDC,PA_RT,A,1998,0.446420599632149
BRN,ECU_XDC,EOP_RT,A,1957,
BRN,ECU_XDC,EOP_RT,A,1963,
BRN,ECU_XDC,EOP_RT,A,1979,0.321185672852744
BRN,ECU_XDC,EOP_RT,A,1980,0.364697105968477
BRN,ECU_XDC,EOP_RT,A,1981,0.449931732975328
BRN,ECU_XDC,EOP_RT,A,1982,0.490037823353097
BRN,ECU_XDC,EOP_RT,A,1983,0.568147293777025
BRN,ECU_XDC,EOP_RT,A,1984,0.647591435536321
BRN,ECU_XDC,EOP_RT,A,1985,0.534967984220859
BRN,ECU_XDC,EOP_RT,A,1986,0.429475690284143
BRN,ECU_XDC,EOP_RT,A,1987,0.383850471889639
BRN,ECU_XDC,EOP_RT,A,1988,0.438133630260489
BRN,ECU_XDC,EOP_RT,A,1989,0.440938593697222
BRN,ECU_XDC,EOP_RT,A,1990,0.420418230141844
BRN,ECU_XDC,EOP_RT,A,1991,0.457326907181834
BRN,ECU_XDC,EOP_RT,A,1992,0.501991274388206
BRN,ECU_XDC,EOP_RT,A,1993,0.555202629175079
BRN,ECU_XDC,EOP_RT,A,1994,0.556498097856779
BRN,ECU_XDC,EOP_RT,A,1995,0.537932428068335
BRN,ECU_XDC,EOP_RT,A,1996,0.570072844714905
BRN,ECU_XDC,EOP_RT,A,1997,0.540440441417445
BRN,ECU_XDC,EOP_RT,A,1998,0.516092156310331
BRN,ECU_XDC,EOP_RT,A,2009,
BRN,ECU_XDC,PA_RT,A,1957,
BRN,ECU_XDC,PA_RT,A,1963,
BRN,ECU_XDC,PA_RT,A,1978,0.345180855435416
BRN,ECU_XDC,PA_RT,A,1979,0.33553004384032
BRN,ECU_XDC,PA_RT,A,1980,0.335746383710947
BRN,ECU_XDC,PA_RT,A,1981,0.423510844121891
BRN,ECU_XDC,PA_RT,A,1982,0.476233482168821
BRN,ECU_XDC,PA_RT,A,1983,0.530975449414399
BRN,ECU_XDC,PA_RT,A,1984,0.594182369798123
BRN,ECU_XDC,PA_RT,A,1985,0.596325681412209
BRN,ECU_XDC,PA_RT,A,1986,0.468063317172335
BRN,ECU_XDC,PA_RT,A,1987,0.411358147806901
BRN,ECU_XDC,PA_RT,A,1988,0.419731331999592
BRN,ECU_XDC,PA_RT,A,1989,0.46512038103792
BRN,ECU_XDC,PA_RT,A,1990,0.433396694003789
BRN,ECU_XDC,PA_RT,A,1991,0.466626810554241
BRN,ECU_XDC,PA_RT,A,1992,0.473382293963952
BRN,ECU_XDC,PA_RT,A,1993,0.527944711692585
BRN,ECU_XDC,PA_RT,A,1994,0.550825648457899
BRN,ECU_XDC,PA_RT,A,1995,0.539339356601707
BRN,ECU_XDC,PA_RT,A,1996,0.55931905800379
BRN,ECU_XDC,PA_RT,A,1997,0.593876168685422
BRN,ECU_XDC,PA_RT,A,1998,0.533484888935718
BRN,ECU_XDC,PA_RT,A,2009,
BTN,ECU_XDC,EOP_RT,A,1957,
BTN,ECU_XDC,EOP_RT,A,1974,
BTN,ECU_XDC,EOP_RT,A,1979,0.0877141375716238
BTN,ECU_XDC,EOP_RT,A,1980,0.0962889932484149
BTN,ECU_XDC,EOP_RT,A,1981,0.101271666955658
BTN,ECU_XDC,EOP_RT,A,1982,0.107264663488314
BTN,ECU_XDC,EOP_RT,A,1983,0.115179856571847
BTN,ECU_XDC,EOP_RT,A,1984,0.113291372610695
BTN,ECU_XDC,EOP_RT,A,1985,0.0925776134490165
BTN,ECU_XDC,EOP_RT,A,1986,0.0711957166834233
BTN,ECU_XDC,EOP_RT,A,1987,0.0595800471302958
BTN,ECU_XDC,EOP_RT,A,1988,0.0570480591116745
BTN,ECU_XDC,EOP_RT,A,1989,0.0490409204502129
BTN,ECU_XDC,EOP_RT,A,1990,0.0405857439110113
BTN,ECU_XDC,EOP_RT,A,1991,0.0288679082410281
BTN,ECU_XDC,EOP_RT,A,1992,0.031520306326945
BTN,ECU_XDC,EOP_RT,A,1993,0.0284538259819659
BTN,ECU_XDC,EOP_RT,A,1994,0.0259076383573073
BTN,ECU_XDC,EOP_RT,A,1995,0.0216286535294571
BTN,ECU_XDC,EOP_RT,A,1996,0.0222123842585124
BTN,ECU_XDC,EOP_RT,A,1997,0.0230556220940809
BTN,ECU_XDC,EOP_RT,A,1998,0.0201761213989154
BTN,ECU_XDC,PA_RT,A,1957,
BTN,ECU_XDC,PA_RT,A,1974,
BTN,ECU_XDC,PA_RT,A,1978,0.0958092506522223
BTN,ECU_XDC,PA_RT,A,1979,0.0897918316449156
BTN,ECU_XDC,PA_RT,A,1980,0.0914292268051379
BTN,ECU_XDC,PA_RT,A,1981,0.103337237741129
BTN,ECU_XDC,PA_RT,A,1982,0.107788189995745
BTN,ECU_XDC,PA_RT,A,1983,0.111099017510706
BTN,ECU_XDC,PA_RT,A,1984,0.111545101379808
BTN,ECU_XDC,PA_RT,A,1985,0.106074255507185
BTN,ECU_XDC,PA_RT,A,1986,0.0808169326210311
BTN,ECU_XDC,PA_RT,A,1987,0.0668374341945147
BTN,ECU_XDC,PA_RT,A,1988,0.0606935954587668
BTN,ECU_XDC,PA_RT,A,1989,0.0559061291869205
BTN,ECU_XDC,PA_RT,A,1990,0.044879364380743
BTN,ECU_XDC,PA_RT,A,1991,0.0354456858137276
BTN,ECU_XDC,PA_RT,A,1992,0.0297523535031517
BTN,ECU_XDC,PA_RT,A,1993,0.0279749472436321
BTN,ECU_XDC,PA_RT,A,1994,0.0268171839425087
BTN,ECU_XDC,PA_RT,A,1995,0.0235743150214078
BTN,ECU_XDC,PA_RT,A,1996,0.0222577499121411
BTN,ECU_XDC,PA_RT,A,1997,0.0242828700104119
BTN,ECU_XDC,PA_RT,A,1998,0.0216397222609776
BWA,ECU_XDC,EOP_RT,A,1961,
BWA,ECU_XDC,EOP_RT,A,1971,
BWA,ECU_XDC,EOP_RT,A,1975,
BWA,ECU_XDC,EOP_RT,A,1979,0.879325889367727
BWA,ECU_XDC,EOP_RT,A,1980,1.02932193038281
BWA,ECU_XDC,EOP_RT,A,1981,1.04699594452636
BWA,ECU_XDC,EOP_RT,A,1982,0.97395887152419
BWA,ECU_XDC,EOP_RT,A,1983,1.04592700029723
BWA,ECU_XDC,EOP_RT,A,1984,0.904217802228805
BWA,ECU_XDC,EOP_RT,A,1985,0.53609640725307
BWA,ECU_XDC,EOP_RT,A,1986,0.50840807174888
BWA,ECU_XDC,EOP_RT,A,1987,0.49002608562222
BWA,ECU_XDC,EOP_RT,A,1988,0.44055944055944
BWA,ECU_XDC,EOP_RT,A,1989,0.446198830409357
BWA,ECU_XDC,EOP_RT,A,1990,0.391990024205971
BWA,ECU_XDC,EOP_RT,A,1991,0.359832948019986
BWA,ECU_XDC,EOP_RT,A,1992,0.365926170616897
BWA,ECU_XDC,EOP_RT,A,1993,0.348134325026564
BWA,ECU_XDC,EOP_RT,A,1994,0.299177262528047
BWA,ECU_XDC,EOP_RT,A,1995,0.269661553445337
BWA,ECU_XDC,EOP_RT,A,1996,0.218996161182452
BWA,ECU_XDC,EOP_RT,A,1997,0.237726757138825
BWA,ECU_XDC,EOP_RT,A,1998,0.192243616308854
BWA,ECU_XDC,PA_RT,A,1961,
BWA,ECU_XDC,PA_RT,A,1971,
BWA,ECU_XDC,PA_RT,A,1975,
BWA,ECU_XDC,PA_RT,A,1978,0.947827399202928
BWA,ECU_XDC,PA_RT,A,1979,0.89524378557104
BWA,ECU_XDC,PA_RT,A,1980,0.924961182876983
BWA,ECU_XDC,PA_RT,A,1981,1.0693281235746
BWA,ECU_XDC,PA_RT,A,1982,0.98979345927628
BWA,ECU_XDC,PA_RT,A,1983,1.02283822626095
BWA,ECU_XDC,PA_RT,A,1984,0.976175709748782
BWA,ECU_XDC,PA_RT,A,1985,0.689597884226237
BWA,ECU_XDC,PA_RT,A,1986,0.542357997836095
BWA,ECU_XDC,PA_RT,A,1987,0.515988048007769
BWA,ECU_XDC,PA_RT,A,1988,0.461929126060021
BWA,ECU_XDC,PA_RT,A,1989,0.450201636299019
BWA,ECU_XDC,PA_RT,A,1990,0.422230787775822
BWA,ECU_XDC,PA_RT,A,1991,0.398762577307411
BWA,ECU_XDC,PA_RT,A,1992,0.365509238150696
BWA,ECU_XDC,PA_RT,A,1993,0.352051928091243
BWA,ECU_XDC,PA_RT,A,1994,0.313395352789559
BWA,ECU_XDC,PA_RT,A,1995,0.275753654933138
BWA,ECU_XDC,PA_RT,A,1996,0.237249113012832
BWA,ECU_XDC,PA_RT,A,1997,0.241536007412632
BWA,ECU_XDC,PA_RT,A,1998,0.211279354658509
CAF,ECU_XDC,EOP_RT,A,1979,0.00345039732437655
CAF,ECU_XDC,EOP_RT,A,1980,0.00338172044888543
CAF,ECU_XDC,EOP_RT,A,1981,0.00320629707173397
CAF,ECU_XDC,EOP_RT,A,1982,0.00307324563642229
CAF,ECU_XDC,EOP_RT,A,1983,0.00289573195818549
CAF,ECU_XDC,EOP_RT,A,1984,0.0029412785545398
CAF,ECU_XDC,EOP_RT,A,1985,0.00297911322069614
CAF,ECU_XDC,EOP_RT,A,1986,0.00289459598810276
CAF,ECU_XDC,EOP_RT,A,1987,0.00287350084499095
CAF,ECU_XDC,EOP_RT,A,1988,0.00281500687934678
CAF,ECU_XDC,EOP_RT,A,1989,0.00288673973393355
CAF,ECU_XDC,EOP_RT,A,1990,0.00286026432331318
CAF,ECU_XDC,EOP_RT,A,1991,0.00287941426813098
CAF,ECU_XDC,EOP_RT,A,1992,0.00299948282912682
CAF,ECU_XDC,EOP_RT,A,1993,0.00302902787178529
CAF,ECU_XDC,EOP_RT,A,1994,0.00152073001632217
CAF,ECU_XDC,EOP_RT,A,1995,0.00155285014162517
CAF,ECU_XDC,EOP_RT,A,1996,0.00152394793001475
CAF,ECU_XDC,EOP_RT,A,1997,0.00151237533852373
CAF,ECU_XDC,EOP_RT,A,1998,0.00152448772397172
CAF,ECU_XDC,EOP_RT,A,1999,
CAF,ECU_XDC,PA_RT,A,1978,0.00347852652122593
CAF,ECU_XDC,PA_RT,A,1979,0.00342997373477008
CAF,ECU_XDC,PA_RT,A,1980,0.00340261485795689
CAF,ECU_XDC,PA_RT,A,1981,0.00329276505328815
CAF,ECU_XDC,PA_RT,A,1982,0.0031014368987526
CAF,ECU_XDC,PA_RT,A,1983,0.0029443129714704
CAF,ECU_XDC,PA_RT,A,1984,0.00290060916565517
CAF,ECU_XDC,PA_RT,A,1985,0.00292035190223884
CAF,ECU_XDC,PA_RT,A,1986,0.0029429728379665
CAF,ECU_XDC,PA_RT,A,1987,0.00288255577421199
CAF,ECU_XDC,PA_RT,A,1988,0.00283593378247298
CAF,ECU_XDC,PA_RT,A,1989,0.00284351504515254
CAF,ECU_XDC,PA_RT,A,1990,0.00288522787078115
CAF,ECU_XDC,PA_RT,A,1991,0.00285750232058045
CAF,ECU_XDC,PA_RT,A,1992,0.00291329000471803
CAF,ECU_XDC,PA_RT,A,1993,0.00301257400312542
CAF,ECU_XDC,PA_RT,A,1994,0.00151539680800747
CAF,ECU_XDC,PA_RT,A,1995,0.00153150061363609
CAF,ECU_XDC,PA_RT,A,1996,0.0015417045526042
CAF,ECU_XDC,PA_RT,A,1997,0.00151077106545153
CAF,ECU_XDC,PA_RT,A,1998,0.00151341387170011
CAF,ECU_XDC,PA_RT,A,1999,
CAN,ECU_XDC,EOP_RT,A,1979,0.594487722779634
CAN,ECU_XDC,EOP_RT,A,1980,0.639631381679123
CAN,ECU_XDC,EOP_RT,A,1981,0.777299980116666
CAN,ECU_XDC,EOP_RT,A,1982,0.840965262141468
CAN,ECU_XDC,EOP_RT,A,1983,0.971235351937429
CAN,ECU_XDC,EOP_RT,A,1984,1.0672892544433
CAN,ECU_XDC,EOP_RT,A,1985,0.805444442872384
CAN,ECU_XDC,EOP_RT,A,1986,0.676733208489591
CAN,ECU_XDC,EOP_RT,A,1987,0.590490409305895
CAN,ECU_XDC,EOP_RT,A,1988,0.715141074091833
CAN,ECU_XDC,EOP_RT,A,1989,0.721123776663535
CAN,ECU_XDC,EOP_RT,A,1990,0.632394407428601
CAN,ECU_XDC,EOP_RT,A,1991,0.645406982186993
CAN,ECU_XDC,EOP_RT,A,1992,0.649800948749673
CAN,ECU_XDC,EOP_RT,A,1993,0.675555011964961
CAN,ECU_XDC,EOP_RT,A,1994,0.579955551185835
CAN,ECU_XDC,EOP_RT,A,1995,0.557841681436927
CAN,ECU_XDC,EOP_RT,A,1996,0.582293131773202
CAN,ECU_XDC,EOP_RT,A,1997,0.633082723422229
CAN,ECU_XDC,EOP_RT,A,1998,0.558978436722055
CAN,ECU_XDC,PA_RT,A,1978,0.688154634287257
CAN,ECU_XDC,PA_RT,A,1979,0.622856748541877
CAN,ECU_XDC,PA_RT,A,1980,0.614853263238906
CAN,ECU_XDC,PA_RT,A,1981,0.746305364702883
CAN,ECU_XDC,PA_RT,A,1982,0.826070128715646
CAN,ECU_XDC,PA_RT,A,1983,0.910391841342488
CAN,ECU_XDC,PA_RT,A,1984,0.978668956365277
CAN,ECU_XDC,PA_RT,A,1985,0.960819367047828
CAN,ECU_XDC,PA_RT,A,1986,0.733494131500345
CAN,ECU_XDC,PA_RT,A,1987,0.653336940688397
CAN,ECU_XDC,PA_RT,A,1988,0.686338867879286
CAN,ECU_XDC,PA_RT,A,1989,0.766153958571448
CAN,ECU_XDC,PA_RT,A,1990,0.673263379017699
CAN,ECU_XDC,PA_RT,A,1991,0.703589912610643
CAN,ECU_XDC,PA_RT,A,1992,0.637965876792903
CAN,ECU_XDC,PA_RT,A,1993,0.66123264762214
CAN,ECU_XDC,PA_RT,A,1994,0.616073648592631
CAN,ECU_XDC,PA_RT,A,1995,0.556995644673192
CAN,ECU_XDC,PA_RT,A,1996,0.57840131753016
CAN,ECU_XDC,PA_RT,A,1997,0.636856893840296
CAN,ECU_XDC,PA_RT,A,1998,0.601845641037631
CHE,ECU_XDC,EOP_RT,A,1970,
CHE,ECU_XDC,EOP_RT,A,1979,0.438942640435941
CHE,ECU_XDC,EOP_RT,A,1980,0.432997979861197
CHE,ECU_XDC,EOP_RT,A,1981,0.512365375001765
CHE,ECU_XDC,EOP_RT,A,1982,0.518113870462547
CHE,ECU_XDC,EOP_RT,A,1983,0.554533274390565
CHE,ECU_XDC,EOP_RT,A,1984,0.545700656450605
CHE,ECU_XDC,EOP_RT,A,1985,0.542380427140087
CHE,ECU_XDC,EOP_RT,A,1986,0.575442066104022
CHE,ECU_XDC,EOP_RT,A,1987,0.600331911507234
CHE,ECU_XDC,EOP_RT,A,1988,0.567025087004329
CHE,ECU_XDC,EOP_RT,A,1989,0.540201673490764
CHE,ECU_XDC,EOP_RT,A,1990,0.566201672599375
CHE,ECU_XDC,EOP_RT,A,1991,0.550179098426463
CHE,ECU_XDC,EOP_RT,A,1992,0.567192325388708
CHE,ECU_XDC,EOP_RT,A,1993,0.603501898826691
CHE,ECU_XDC,EOP_RT,A,1994,0.619886917005188
CHE,ECU_XDC,EOP_RT,A,1995,0.661361174416603
CHE,ECU_XDC,EOP_RT,A,1996,0.59275918479527
CHE,ECU_XDC,EOP_RT,A,1997,0.622294259503538
CHE,ECU_XDC,EOP_RT,A,1998,0.622652842009391
CHE,ECU_XDC,PA_RT,A,1970,
CHE,ECU_XDC,PA_RT,A,1978,0.439003870093049
CHE,ECU_XDC,PA_RT,A,1979,0.438815590695578
CHE,ECU_XDC,PA_RT,A,1980,0.429014369898319
CHE,ECU_XDC,PA_RT,A,1981,0.455518201432402
CHE,ECU_XDC,PA_RT,A,1982,0.50197710051181
CHE,ECU_XDC,PA_RT,A,1983,0.534493546176765
CHE,ECU_XDC,PA_RT,A,1984,0.539409073583755
CHE,ECU_XDC,PA_RT,A,1985,0.53395978949394
CHE,ECU_XDC,PA_RT,A,1986,0.566545903302585
CHE,ECU_XDC,PA_RT,A,1987,0.580953758445228
CHE,ECU_XDC,PA_RT,A,1988,0.577241731565146
CHE,ECU_XDC,PA_RT,A,1989,0.55449051706061
CHE,ECU_XDC,PA_RT,A,1990,0.565483383419218
CHE,ECU_XDC,PA_RT,A,1991,0.562151904583113
CHE,ECU_XDC,PA_RT,A,1992,0.548367176830633
CHE,ECU_XDC,PA_RT,A,1993,0.577313619224441
CHE,ECU_XDC,PA_RT,A,1994,0.615164171469392
CHE,ECU_XDC,PA_RT,A,1995,0.64648292074988
CHE,ECU_XDC,PA_RT,A,1996,0.638071464346469
CHE,ECU_XDC,PA_RT,A,1997,0.60758161976953
CHE,ECU_XDC,PA_RT,A,1998,0.615831841335962
CHL,ECU_XDC,EOP_RT,A,1967,
CHL,ECU_XDC,EOP_RT,A,1975,
CHL,ECU_XDC,EOP_RT,A,1977,
CHL,ECU_XDC,EOP_RT,A,1979,0.0177828043966058
CHL,ECU_XDC,EOP_RT,A,1980,0.0195792804377385
CHL,ECU_XDC,EOP_RT,A,1981,0.0236279263192804
CHL,ECU_XDC,EOP_RT,A,1982,0.0176736465561332
CHL,ECU_XDC,EOP_RT,A,1983,0.0165994406125024
CHL,ECU_XDC,EOP_RT,A,1984,0.015846283946761
CHL,ECU_XDC,EOP_RT,A,1985,0.0061322713514865
CHL,ECU_XDC,EOP_RT,A,1986,0.00455722046009698
CHL,ECU_XDC,EOP_RT,A,1987,0.00322214179541491
CHL,ECU_XDC,EOP_RT,A,1988,0.00344581894563219
CHL,ECU_XDC,EOP_RT,A,1989,0.00281685173664262
CHL,ECU_XDC,EOP_RT,A,1990,0.00217750479977584
CHL,ECU_XDC,EOP_RT,A,1991,0.00198940370773087
CHL,ECU_XDC,EOP_RT,A,1992,0.0021599979749587
CHL,ECU_XDC,EOP_RT,A,1993,0.00207145754295214
CHL,ECU_XDC,EOP_RT,A,1994,0.00201188272823456
CHL,ECU_XDC,EOP_RT,A,1995,0.0018689264637003
CHL,ECU_XDC,EOP_RT,A,1996,0.00187799366168989
CHL,ECU_XDC,EOP_RT,A,1997,0.00205912743197176
CHL,ECU_XDC,EOP_RT,A,1998,0.00180906692493389
CHL,ECU_XDC,PA_RT,A,1967,
CHL,ECU_XDC,PA_RT,A,1975,
CHL,ECU_XDC,PA_RT,A,1977,
CHL,ECU_XDC,PA_RT,A,1978,0.0247963743752507
CHL,ECU_XDC,PA_RT,A,1979,0.0195895644516046
CHL,ECU_XDC,PA_RT,A,1980,0.018433409088118
CHL,ECU_XDC,PA_RT,A,1981,0.0229422520727422
CHL,ECU_XDC,PA_RT,A,1982,0.0200193463535401
CHL,ECU_XDC,PA_RT,A,1983,0.0142404036915887
CHL,ECU_XDC,PA_RT,A,1984,0.0128703562720299
CHL,ECU_XDC,PA_RT,A,1985,0.00815619761134513
CHL,ECU_XDC,PA_RT,A,1986,0.00528258367174664
CHL,ECU_XDC,PA_RT,A,1987,0.00394843701184499
CHL,ECU_XDC,PA_RT,A,1988,0.00344750042841203
CHL,ECU_XDC,PA_RT,A,1989,0.00339797992460271
CHL,ECU_XDC,PA_RT,A,1990,0.00257637706301998
CHL,ECU_XDC,PA_RT,A,1991,0.00230837513545247
CHL,ECU_XDC,PA_RT,A,1992,0.00212679364305162
CHL,ECU_XDC,PA_RT,A,1993,0.00211063913697065
CHL,ECU_XDC,PA_RT,A,1994,0.0020023849259932
CHL,ECU_XDC,PA_RT,A,1995,0.00192665700121819
CHL,ECU_XDC,PA_RT,A,1996,0.00191299169788214
CHL,ECU_XDC,PA_RT,A,1997,0.00210303199308784
CHL,ECU_XDC,PA_RT,A,1998,0.0019397467870935
CHN,ECU_XDC,EOP_RT,A,1979,0.463527183473714
CHN,ECU_XDC,EOP_RT,A,1980,0.498981858165853
CHN,ECU_XDC,EOP_RT,A,1981,0.527922730997554
CHN,ECU_XDC,EOP_RT,A,1982,0.537461962166172
CHN,ECU_XDC,EOP_RT,A,1983,0.610129371290742
CHN,ECU_XDC,EOP_RT,A,1984,0.504573522525598
CHN,ECU_XDC,EOP_RT,A,1985,0.351789147716386
CHN,ECU_XDC,EOP_RT,A,1986,0.250995458026351
CHN,ECU_XDC,EOP_RT,A,1987,0.206126698075346
CHN,ECU_XDC,EOP_RT,A,1988,0.229119510720967
CHN,ECU_XDC,EOP_RT,A,1989,0.176917449451191
CHN,ECU_XDC,EOP_RT,A,1990,0.140463466201814
CHN,ECU_XDC,EOP_RT,A,1991,0.137235980993903
CHN,ECU_XDC,EOP_RT,A,1992,0.143578014841608
CHN,ECU_XDC,EOP_RT,A,1993,0.153945010226567
CHN,ECU_XDC,EOP_RT,A,1994,0.0962541369671928
CHN,ECU_XDC,EOP_RT,A,1995,0.0914824381617214
CHN,ECU_XDC,EOP_RT,A,1996,0.0961763956530755
CHN,ECU_XDC,EOP_RT,A,1997,0.109377622147334
CHN,ECU_XDC,EOP_RT,A,1998,0.103528529482398
CHN,ECU_XDC,PA_RT,A,1978,0.466235939536272
CHN,ECU_XDC,PA_RT,A,1979,0.469233631811172
CHN,ECU_XDC,PA_RT,A,1980,0.479784866210227
CHN,ECU_XDC,PA_RT,A,1981,0.524919894169622
CHN,ECU_XDC,PA_RT,A,1982,0.538509442450088
CHN,ECU_XDC,PA_RT,A,1983,0.567895870184806
CHN,ECU_XDC,PA_RT,A,1984,0.546300753222009
CHN,ECU_XDC,PA_RT,A,1985,0.44676833287184
CHN,ECU_XDC,PA_RT,A,1986,0.295172418785644
CHN,ECU_XDC,PA_RT,A,1987,0.232748556812607
CHN,ECU_XDC,PA_RT,A,1988,0.226935822734284
CHN,ECU_XDC,PA_RT,A,1989,0.240923983804551
CHN,ECU_XDC,PA_RT,A,1990,0.164229926797042
CHN,ECU_XDC,PA_RT,A,1991,0.151429989948071
CHN,ECU_XDC,PA_RT,A,1992,0.139833377350238
CHN,ECU_XDC,PA_RT,A,1993,0.148048315574367
CHN,ECU_XDC,PA_RT,A,1994,0.097619276514819
CHN,ECU_XDC,PA_RT,A,1995,0.0915349037265147
CHN,ECU_XDC,PA_RT,A,1996,0.094857602906708
CHN,ECU_XDC,PA_RT,A,1997,0.106370361975247
CHN,ECU_XDC,PA_RT,A,1998,0.10784463012327
CIV,ECU_XDC,EOP_RT,A,1979,0.00345039732437655
CIV,ECU_XDC,EOP_RT,A,1980,0.00338172044888543
CIV,ECU_XDC,EOP_RT,A,1981,0.00320629707173397
CIV,ECU_XDC,EOP_RT,A,1982,0.00307324563642229
CIV,ECU_XDC,EOP_RT,A,1983,0.00289573195818549
CIV,ECU_XDC,EOP_RT,A,1984,0.0029412785545398
CIV,ECU_XDC,EOP_RT,A,1985,0.00297911322069614
CIV,ECU_XDC,EOP_RT,A,1986,0.00289459598810276
CIV,ECU_XDC,EOP_RT,A,1987,0.00287350084499095
CIV,ECU_XDC,EOP_RT,A,1988,0.00281500687934678
CIV,ECU_XDC,EOP_RT,A,1989,0.00288673973393355
CIV,ECU_XDC,EOP_RT,A,1990,0.00286026432331318
CIV,ECU_XDC,EOP_RT,A,1991,0.00287941426813098
CIV,ECU_XDC,EOP_RT,A,1992,0.00299948282912682
CIV,ECU_XDC,EOP_RT,A,1993,0.00302902787178529
CIV,ECU_XDC,EOP_RT,A,1994,0.00152073001632217
CIV,ECU_XDC,EOP_RT,A,1995,0.00155285014162517
CIV,ECU_XDC,EOP_RT,A,1996,0.00152394793001475
CIV,ECU_XDC,EOP_RT,A,1997,0.00151237533852373
CIV,ECU_XDC,EOP_RT,A,1998,0.00152448772397172
CIV,ECU_XDC,EOP_RT,A,1999,
CIV,ECU_XDC,PA_RT,A,1978,0.00347852652122593
CIV,ECU_XDC,PA_RT,A,1979,0.00342997373477008
CIV,ECU_XDC,PA_RT,A,1980,0.00340261485795689
CIV,ECU_XDC,PA_RT,A,1981,0.00329276505328815
CIV,ECU_XDC,PA_RT,A,1982,0.0031014368987526
CIV,ECU_XDC,PA_RT,A,1983,0.0029443129714704
CIV,ECU_XDC,PA_RT,A,1984,0.00290060916565517
CIV,ECU_XDC,PA_RT,A,1985,0.00292035190223884
CIV,ECU_XDC,PA_RT,A,1986,0.0029429728379665
CIV,ECU_XDC,PA_RT,A,1987,0.00288255577421199
CIV,ECU_XDC,PA_RT,A,1988,0.00283593378247298
CIV,ECU_XDC,PA_RT,A,1989,0.00284351504515254
CIV,ECU_XDC,PA_RT,A,1990,0.00288522787078115
CIV,ECU_XDC,PA_RT,A,1991,0.00285750232058045
CIV,ECU_XDC,PA_RT,A,1992,0.00291329000471803
CIV,ECU_XDC,PA_RT,A,1993,0.00301257400312542
CIV,ECU_XDC,PA_RT,A,1994,0.00151539680800747
CIV,ECU_XDC,PA_RT,A,1995,0.00153150061363609
CIV,ECU_XDC,PA_RT,A,1996,0.0015417045526042
CIV,ECU_XDC,PA_RT,A,1997,0.00151077106545153
CIV,ECU_XDC,PA_RT,A,1998,0.00151341387170011
CIV,ECU_XDC,PA_RT,A,1999,
CMR,ECU_XDC,EOP_RT,A,1979,0.00345039488369335
CMR,ECU_XDC,EOP_RT,A,1980,0.00338171805678171
CMR,ECU_XDC,EOP_RT,A,1981,0.00320629480371824
CMR,ECU_XDC,EOP_RT,A,1982,0.00307324346252223
CMR,ECU_XDC,EOP_RT,A,1983,0.00289572990985202
CMR,ECU_XDC,EOP_RT,A,1984,0.00294127647398835
CMR,ECU_XDC,EOP_RT,A,1985,0.00297911111338186
CMR,ECU_XDC,EOP_RT,A,1986,0.00289459394057283
CMR,ECU_XDC,EOP_RT,A,1987,0.00287349881238294
CMR,ECU_XDC,EOP_RT,A,1988,0.00281500488811524
CMR,ECU_XDC,EOP_RT,A,1989,0.00288673769196084
CMR,ECU_XDC,EOP_RT,A,1990,0.0028602623000682
CMR,ECU_XDC,EOP_RT,A,1991,0.00287941223134004
CMR,ECU_XDC,EOP_RT,A,1992,0.00299948070740383
CMR,ECU_XDC,EOP_RT,A,1993,0.00302902572916322
CMR,ECU_XDC,EOP_RT,A,1994,0.00152072894061411
CMR,ECU_XDC,EOP_RT,A,1995,0.00155284904319653
CMR,ECU_XDC,EOP_RT,A,1996,0.00152394685203046
CMR,ECU_XDC,EOP_RT,A,1997,0.00151237426872547
CMR,ECU_XDC,EOP_RT,A,1998,0.00152448664560561
CMR,ECU_XDC,EOP_RT,A,1999,
CMR,ECU_XDC,PA_RT,A,1978,0.00347852652122593
CMR,ECU_XDC,PA_RT,A,1979,0.00342997373477008
CMR,ECU_XDC,PA_RT,A,1980,0.00340261485795689
CMR,ECU_XDC,PA_RT,A,1981,0.00329276505328815
CMR,ECU_XDC,PA_RT,A,1982,0.0031014368987526
CMR,ECU_XDC,PA_RT,A,1983,0.0029443129714704
CMR,ECU_XDC,PA_RT,A,1984,0.00290060916565517
CMR,ECU_XDC,PA_RT,A,1985,0.00292035190223884
CMR,ECU_XDC,PA_RT,A,1986,0.0029429728379665
CMR,ECU_XDC,PA_RT,A,1987,0.00288255577421199
CMR,ECU_XDC,PA_RT,A,1988,0.00283593378247298
CMR,ECU_XDC,PA_RT,A,1989,0.00284351504515254
CMR,ECU_XDC,PA_RT,A,1990,0.00288522787078115
CMR,ECU_XDC,PA_RT,A,1991,0.00285750232058045
CMR,ECU_XDC,PA_RT,A,1992,0.00291329000471803
CMR,ECU_XDC,PA_RT,A,1993,0.00301257400312542
CMR,ECU_XDC,PA_RT,A,1994,0.00151539680800747
CMR,ECU_XDC,PA_RT,A,1995,0.00153150061363609
CMR,ECU_XDC,PA_RT,A,1996,0.0015417045526042
CMR,ECU_XDC,PA_RT,A,1997,0.00151077106545153
CMR,ECU_XDC,PA_RT,A,1998,0.00151341387170011
CMR,ECU_XDC,PA_RT,A,1999,
COD,ECU_XDC,EOP_RT,A,1957,
COD,ECU_XDC,EOP_RT,A,1967,
COD,ECU_XDC,EOP_RT,A,1971,
COD,ECU_XDC,EOP_RT,A,1974,
COD,ECU_XDC,EOP_RT,A,1978,
COD,ECU_XDC,EOP_RT,A,1979,102761342573.406
COD,ECU_XDC,EOP_RT,A,1980,76750373441.5395
COD,ECU_XDC,EOP_RT,A,1981,50582731821.7718
COD,ECU_XDC,EOP_RT,A,1982,53949820036.5647
COD,ECU_XDC,EOP_RT,A,1983,12037902467.9768
COD,ECU_XDC,EOP_RT,A,1984,10462074337.836
COD,ECU_XDC,EOP_RT,A,1985,6055938076.94643
COD,ECU_XDC,EOP_RT,A,1986,3941900000.15528
COD,ECU_XDC,EOP_RT,A,1987,1750321527.88943
COD,ECU_XDC,EOP_RT,A,1988,933729008.055646
COD,ECU_XDC,EOP_RT,A,1989,551286884.628714
COD,ECU_XDC,EOP_RT,A,1990,110027152.478478
COD,ECU_XDC,EOP_RT,A,1991,3513739.82209586
COD,ECU_XDC,EOP_RT,A,1992,124497.304404514
COD,ECU_XDC,EOP_RT,A,1993,2551.08902957705
COD,ECU_XDC,EOP_RT,A,1994,25.0148241122714
COD,ECU_XDC,EOP_RT,A,1995,5.1304437817331
COD,ECU_XDC,EOP_RT,A,1996,0.690390187473909
COD,ECU_XDC,EOP_RT,A,1997,0.854363149373068
COD,ECU_XDC,EOP_RT,A,1998,0.349829279188883
COD,ECU_XDC,EOP_RT,A,2003,
COD,ECU_XDC,PA_RT,A,1957,
COD,ECU_XDC,PA_RT,A,1967,
COD,ECU_XDC,PA_RT,A,1971,
COD,ECU_XDC,PA_RT,A,1974,
COD,ECU_XDC,PA_RT,A,1978,281680584148.519
COD,ECU_XDC,PA_RT,A,1979,126653490982.854
COD,ECU_XDC,PA_RT,A,1980,77045953855.8472
COD,ECU_XDC,PA_RT,A,1981,61249138448.6214
COD,ECU_XDC,PA_RT,A,1982,53184686616.1237
COD,ECU_XDC,PA_RT,A,1983,26119838734.8183
COD,ECU_XDC,PA_RT,A,1984,10526550242.133
COD,ECU_XDC,PA_RT,A,1985,7893783058.88903
COD,ECU_XDC,PA_RT,A,1986,5129033459.61988
COD,ECU_XDC,PA_RT,A,1987,2312666755.59525
COD,ECU_XDC,PA_RT,A,1988,1354887999.93468
COD,ECU_XDC,PA_RT,A,1989,713576897.929696
COD,ECU_XDC,PA_RT,A,1990,328028604.719773
COD,ECU_XDC,PA_RT,A,1991,15518536.4158684
COD,ECU_XDC,PA_RT,A,1992,358435.150151532
COD,ECU_XDC,PA_RT,A,1993,33926.285447584
COD,ECU_XDC,PA_RT,A,1994,70.4582463018335
COD,ECU_XDC,PA_RT,A,1995,10.8826137656855
COD,ECU_XDC,PA_RT,A,1996,1.57151341465666
COD,ECU_XDC,PA_RT,A,1997,0.671355903000444
COD,ECU_XDC,PA_RT,A,1998,0.555712636305387
COD,ECU_XDC,PA_RT,A,2003,
COG,ECU_XDC,EOP_RT,A,1979,0.00345039732437655
COG,ECU_XDC,EOP_RT,A,1980,0.00338172044888543
COG,ECU_XDC,EOP_RT,A,1981,0.00320629707173397
COG,ECU_XDC,EOP_RT,A,1982,0.00307324563642229
COG,ECU_XDC,EOP_RT,A,1983,0.00289573195818549
COG,ECU_XDC,EOP_RT,A,1984,0.0029412785545398
COG,ECU_XDC,EOP_RT,A,1985,0.00297911322069614
COG,ECU_XDC,EOP_RT,A,1986,0.00289459598810276
COG,ECU_XDC,EOP_RT,A,1987,0.00287350084499095
COG,ECU_XDC,EOP_RT,A,1988,0.00281500687934678
COG,ECU_XDC,EOP_RT,A,1989,0.00288673973393355
COG,ECU_XDC,EOP_RT,A,1990,0.00286026432331318
COG,ECU_XDC,EOP_RT,A,1991,0.00287941426813098
COG,ECU_XDC,EOP_RT,A,1992,0.00299948282912682
COG,ECU_XDC,EOP_RT,A,1993,0.00302902787178529
COG,ECU_XDC,EOP_RT,A,1994,0.00152073001632217
COG,ECU_XDC,EOP_RT,A,1995,0.00155285014162517
COG,ECU_XDC,EOP_RT,A,1996,0.00152394793001475
COG,ECU_XDC,EOP_RT,A,1997,0.00151237533852373
COG,ECU_XDC,EOP_RT,A,1998,0.00152448772397172
COG,ECU_XDC,EOP_RT,A,1999,
COG,ECU_XDC,PA_RT,A,1978,0.00347852652122593
COG,ECU_XDC,PA_RT,A,1979,0.00342997373477008
COG,ECU_XDC,PA_RT,A,1980,0.00340261485795689
COG,ECU_XDC,PA_RT,A,1981,0.00329276505328815
COG,ECU_XDC,PA_RT,A,1982,0.0031014368987526
COG,ECU_XDC,PA_RT,A,1983,0.0029443129714704
COG,ECU_XDC,PA_RT,A,1984,0.00290060916565517
COG,ECU_XDC,PA_RT,A,1985,0.00292035190223884
COG,ECU_XDC,PA_RT,A,1986,0.0029429728379665
COG,ECU_XDC,PA_RT,A,1987,0.00288255577421199
COG,ECU_XDC,PA_RT,A,1988,0.00283593378247298
COG,ECU_XDC,PA_RT,A,1989,0.00284351504515254
COG,ECU_XDC,PA_RT,A,1990,0.00288522787078115
COG,ECU_XDC,PA_RT,A,1991,0.00285750232058045
COG,ECU_XDC,PA_RT,A,1992,0.00291329000471803
COG,ECU_XDC,PA_RT,A,1993,0.00301257400312542
COG,ECU_XDC,PA_RT,A,1994,0.00151539680800747
COG,ECU_XDC,PA_RT,A,1995,0.00153150061363609
COG,ECU_XDC,PA_RT,A,1996,0.0015417045526042
COG,ECU_XDC,PA_RT,A,1997,0.00151077106545153
COG,ECU_XDC,PA_RT,A,1998,0.00151341387170011
COG,ECU_XDC,PA_RT,A,1999,
COL,ECU_XDC,EOP_RT,A,1979,0.0157620311693146
COL,ECU_XDC,EOP_RT,A,1980,0.0149959139248276
COL,ECU_XDC,EOP_RT,A,1981,0.0155999513531117
COL,ECU_XDC,EOP_RT,A,1982,0.0147016377026524
COL,ECU_XDC,EOP_RT,A,1983,0.0136150193869517
COL,ECU_XDC,EOP_RT,A,1984,0.0123859530856512
COL,ECU_XDC,EOP_RT,A,1985,0.0065403772149478
COL,ECU_XDC,EOP_RT,A,1986,0.00426589129826429
COL,ECU_XDC,EOP_RT,A,1987,0.00290945841071765
COL,ECU_XDC,EOP_RT,A,1988,0.00253917028182728
COL,ECU_XDC,EOP_RT,A,1989,0.00192529011811732
COL,ECU_XDC,EOP_RT,A,1990,0.00128974076776764
COL,ECU_XDC,EOP_RT,A,1991,0.00116779844962821
COL,ECU_XDC,EOP_RT,A,1992,0.00111904391144199
COL,ECU_XDC,EOP_RT,A,1993,0.001110092946072
COL,ECU_XDC,EOP_RT,A,1994,0.000977999556885614
COL,ECU_XDC,EOP_RT,A,1995,0.000770410602102264
COL,ECU_XDC,EOP_RT,A,1996,0.000793859694238062
COL,ECU_XDC,EOP_RT,A,1997,0.000700091865872616
COL,ECU_XDC,EOP_RT,A,1998,0.000555785019892178
COL,ECU_XDC,PA_RT,A,1978,0.0200780123927324
COL,ECU_XDC,PA_RT,A,1979,0.0171482545960372
COL,ECU_XDC,PA_RT,A,1980,0.0152057592506067
COL,ECU_XDC,PA_RT,A,1981,0.0164206554361621
COL,ECU_XDC,PA_RT,A,1982,0.015902914954394
COL,ECU_XDC,PA_RT,A,1983,0.0142279132974558
COL,ECU_XDC,PA_RT,A,1984,0.012571632006138
COL,ECU_XDC,PA_RT,A,1985,0.00921924378015598
COL,ECU_XDC,PA_RT,A,1986,0.00524639398637563
COL,ECU_XDC,PA_RT,A,1987,0.00357085571973373
COL,ECU_XDC,PA_RT,A,1988,0.00282337271302906
COL,ECU_XDC,PA_RT,A,1989,0.00237110281203027
COL,ECU_XDC,PA_RT,A,1990,0.00156402252705438
COL,ECU_XDC,PA_RT,A,1991,0.00128536703046385
COL,ECU_XDC,PA_RT,A,1992,0.00113336277694026
COL,ECU_XDC,PA_RT,A,1993,0.00108482462229511
COL,ECU_XDC,PA_RT,A,1994,0.00101792462988773
COL,ECU_XDC,PA_RT,A,1995,0.000837386688023643
COL,ECU_XDC,PA_RT,A,1996,0.000760800301601479
COL,ECU_XDC,PA_RT,A,1997,0.000772743773971488
COL,ECU_XDC,PA_RT,A,1998,0.000625929663930702
COM,ECU_XDC,EOP_RT,A,1979,0.00345042848978137
COM,ECU_XDC,EOP_RT,A,1980,0.00338175099397252
COM,ECU_XDC,EOP_RT,A,1981,0.00320632603232512
COM,ECU_XDC,EOP_RT,A,1982,0.00307327339523827
COM,ECU_XDC,EOP_RT,A,1983,0.00289575811362507
COM,ECU_XDC,EOP_RT,A,1984,0.00294130512137492
COM,ECU_XDC,EOP_RT,A,1985,0.00297914012926951
COM,ECU_XDC,EOP_RT,A,1986,0.00289462213328179
COM,ECU_XDC,EOP_RT,A,1987,0.00287352679962998
COM,ECU_XDC,EOP_RT,A,1988,0.00281503230564431
COM,ECU_XDC,EOP_RT,A,1989,0.00288676580815166
COM,ECU_XDC,EOP_RT,A,1990,0.00286029015839452
COM,ECU_XDC,EOP_RT,A,1991,0.00287944027618249
COM,ECU_XDC,EOP_RT,A,1992,0.00299950992168684
COM,ECU_XDC,EOP_RT,A,1993,0.00302905523120827
COM,ECU_XDC,EOP_RT,A,1994,0.00202765072113645
COM,ECU_XDC,EOP_RT,A,1995,0.0020704777808608
COM,ECU_XDC,EOP_RT,A,1996,0.00203194129536678
COM,ECU_XDC,EOP_RT,A,1997,0.00201651109195769
COM,ECU_XDC,EOP_RT,A,1998,0.00203266102444057
COM,ECU_XDC,EOP_RT,A,1999,
COM,ECU_XDC,PA_RT,A,1978,0.00347855599830719
COM,ECU_XDC,PA_RT,A,1979,0.00343000280041436
COM,ECU_XDC,PA_RT,A,1980,0.00340264369176168
COM,ECU_XDC,PA_RT,A,1981,0.0032927929562242
COM,ECU_XDC,PA_RT,A,1982,0.00310146318037125
COM,ECU_XDC,PA_RT,A,1983,0.00294433792161874
COM,ECU_XDC,PA_RT,A,1984,0.00290063374545687
COM,ECU_XDC,PA_RT,A,1985,0.00292037664934075
COM,ECU_XDC,PA_RT,A,1986,0.00294299777675853
COM,ECU_XDC,PA_RT,A,1987,0.00288258020102901
COM,ECU_XDC,PA_RT,A,1988,0.00283595781421459
COM,ECU_XDC,PA_RT,A,1989,0.00284353914113788
COM,ECU_XDC,PA_RT,A,1990,0.00288525232024154
COM,ECU_XDC,PA_RT,A,1991,0.00285752653509415
COM,ECU_XDC,PA_RT,A,1992,0.00291331469197732
COM,ECU_XDC,PA_RT,A,1993,0.00301259953171867
COM,ECU_XDC,PA_RT,A,1994,0.00202055188740495
COM,ECU_XDC,PA_RT,A,1995,0.00204202387064087
COM,ECU_XDC,PA_RT,A,1996,0.00205562927619012
COM,ECU_XDC,PA_RT,A,1997,0.00201438416103607
COM,ECU_XDC,PA_RT,A,1998,0.00201790794248091
COM,ECU_XDC,PA_RT,A,1999,
CPV,ECU_XDC,EOP_RT,A,1979,0.0181030898321051
CPV,ECU_XDC,EOP_RT,A,1980,0.0179710976010872
CPV,ECU_XDC,EOP_RT,A,1981,0.0181181503430284
CPV,ECU_XDC,EOP_RT,A,1982,0.0163924193232206
CPV,ECU_XDC,EOP_RT,A,1983,0.0151122884775844
CPV,ECU_XDC,EOP_RT,A,1984,0.0151656850714918
CPV,ECU_XDC,EOP_RT,A,1985,0.0131918355070455
CPV,ECU_XDC,EOP_RT,A,1986,0.0122017918673007
CPV,ECU_XDC,EOP_RT,A,1987,0.0116643737423982
CPV,ECU_XDC,EOP_RT,A,1988,0.0115768103014255
CPV,ECU_XDC,EOP_RT,A,1989,0.0114370851947904
CPV,ECU_XDC,EOP_RT,A,1990,0.0110995576432245
CPV,ECU_XDC,EOP_RT,A,1991,0.0112196143811805
CPV,ECU_XDC,EOP_RT,A,1992,0.0112989919928575
CPV,ECU_XDC,EOP_RT,A,1993,0.0103833158624718
CPV,ECU_XDC,EOP_RT,A,1994,0.0100194933651997
CPV,ECU_XDC,EOP_RT,A,1995,0.00982371739934544
CPV,ECU_XDC,EOP_RT,A,1996,0.00937111450018612
CPV,ECU_XDC,EOP_RT,A,1997,0.00941055578381564
CPV,ECU_XDC,EOP_RT,A,1998,0.00909322197258423
CPV,ECU_XDC,PA_RT,A,1978,0.0221107975047283
CPV,ECU_XDC,PA_RT,A,1979,0.0194916157576617
CPV,ECU_XDC,PA_RT,A,1980,0.0178943234759955
CPV,ECU_XDC,PA_RT,A,1981,0.0183746576802796
CPV,ECU_XDC,PA_RT,A,1982,0.0174831580048747
CPV,ECU_XDC,PA_RT,A,1983,0.0156513165948711
CPV,ECU_XDC,PA_RT,A,1984,0.0149325120073787
CPV,ECU_XDC,PA_RT,A,1985,0.0143182591291046
CPV,ECU_XDC,PA_RT,A,1986,0.0127165753010534
CPV,ECU_XDC,PA_RT,A,1987,0.0119547842543571
CPV,ECU_XDC,PA_RT,A,1988,0.0117206483615954
CPV,ECU_XDC,PA_RT,A,1989,0.0116328186119268
CPV,ECU_XDC,PA_RT,A,1990,0.0112170640918589
CPV,ECU_XDC,PA_RT,A,1991,0.0112888945721505
CPV,ECU_XDC,PA_RT,A,1992,0.0113371269555173
CPV,ECU_XDC,PA_RT,A,1993,0.0106065437757464
CPV,ECU_XDC,PA_RT,A,1994,0.0102741099258655
CPV,ECU_XDC,PA_RT,A,1995,0.00994681801565766
CPV,ECU_XDC,PA_RT,A,1996,0.00954896119994897
CPV,ECU_XDC,PA_RT,A,1997,0.00946364396889527
CPV,ECU_XDC,PA_RT,A,1998,0.00909600590137584
CRI,ECU_XDC,EOP_RT,A,1971,
CRI,ECU_XDC,EOP_RT,A,1979,0.0809252475531819
CRI,ECU_XDC,EOP_RT,A,1980,0.0891005760958371
CRI,ECU_XDC,EOP_RT,A,1981,0.0255330874606218
CRI,ECU_XDC,EOP_RT,A,1982,0.0256739904135431
CRI,ECU_XDC,EOP_RT,A,1983,0.027848047719068
CRI,ECU_XDC,EOP_RT,A,1984,0.0295421193073259
CRI,ECU_XDC,EOP_RT,A,1985,0.0209730531920672
CRI,ECU_XDC,EOP_RT,A,1986,0.015868028778257
CRI,ECU_XDC,EOP_RT,A,1987,0.0110790495726534
CRI,ECU_XDC,EOP_RT,A,1988,0.0107271161113775
CRI,ECU_XDC,EOP_RT,A,1989,0.00990423103797827
CRI,ECU_XDC,EOP_RT,A,1990,0.00708367230181063
CRI,ECU_XDC,EOP_RT,A,1991,0.00550686924804926
CRI,ECU_XDC,EOP_RT,A,1992,0.00600911027989492
CRI,ECU_XDC,EOP_RT,A,1993,0.00589593937740418
CRI,ECU_XDC,EOP_RT,A,1994,0.00492507234295938
CRI,ECU_XDC,EOP_RT,A,1995,0.00390403299726168
CRI,ECU_XDC,EOP_RT,A,1996,0.0036258732743099
CRI,ECU_XDC,EOP_RT,A,1997,0.00370717113207867
CRI,ECU_XDC,EOP_RT,A,1998,0.00315776890806104
CRI,ECU_XDC,PA_RT,A,1971,
CRI,ECU_XDC,PA_RT,A,1978,0.0915927531604976
CRI,ECU_XDC,PA_RT,A,1979,0.0851376490924382
CRI,ECU_XDC,PA_RT,A,1980,0.0838859923586344
CRI,ECU_XDC,PA_RT,A,1981,0.0411126281607232
CRI,ECU_XDC,PA_RT,A,1982,0.0272451850999762
CRI,ECU_XDC,PA_RT,A,1983,0.0273026018992498
CRI,ECU_XDC,PA_RT,A,1984,0.0284609058991873
CRI,ECU_XDC,PA_RT,A,1985,0.0260043376259515
CRI,ECU_XDC,PA_RT,A,1986,0.0182040302913514
CRI,ECU_XDC,PA_RT,A,1987,0.0138000293632332
CRI,ECU_XDC,PA_RT,A,1988,0.0111428111234823
CRI,ECU_XDC,PA_RT,A,1989,0.011129546776438
CRI,ECU_XDC,PA_RT,A,1990,0.00857776840311881
CRI,ECU_XDC,PA_RT,A,1991,0.00658421330330935
CRI,ECU_XDC,PA_RT,A,1992,0.00573299381781882
CRI,ECU_XDC,PA_RT,A,1993,0.00600012819473891
CRI,ECU_XDC,PA_RT,A,1994,0.00535667714508108
CRI,ECU_XDC,PA_RT,A,1995,0.00425332256717752
CRI,ECU_XDC,PA_RT,A,1996,0.0037973223317548
CRI,ECU_XDC,PA_RT,A,1997,0.00379105880132747
CRI,ECU_XDC,PA_RT,A,1998,0.00347099518625466
CSK,ECU_XDC,EOP_RT,A,1982,0.0736024297805866
CSK,ECU_XDC,EOP_RT,A,1983,0.0826114334230828
CSK,ECU_XDC,EOP_RT,A,1984,0.0823488731421374
CSK,ECU_XDC,EOP_RT,A,1985,0.0703908097758757
CSK,ECU_XDC,EOP_RT,A,1986,0.0649673292294771
CSK,ECU_XDC,EOP_RT,A,1987,0.0590172448389419
CSK,ECU_XDC,EOP_RT,A,1988,0.0595950895076528
CSK,ECU_XDC,EOP_RT,A,1989,0.058461993565673
CSK,ECU_XDC,EOP_RT,A,1990,0.0261969381018747
CSK,ECU_XDC,EOP_RT,A,1991,0.0267876353418488
CSK,ECU_XDC,EOP_RT,A,1992,0.0285755026216595
CSK,ECU_XDC,PA_RT,A,1978,0.0545198745958584
CSK,ECU_XDC,PA_RT,A,1979,0.0517284404563671
CSK,ECU_XDC,PA_RT,A,1980,0.0503962814186191
CSK,ECU_XDC,PA_RT,A,1981,0.0675281381763732
CSK,ECU_XDC,PA_RT,A,1982,0.0743228118345648
CSK,ECU_XDC,PA_RT,A,1983,0.0792217244733712
CSK,ECU_XDC,PA_RT,A,1984,0.0763211868594229
CSK,ECU_XDC,PA_RT,A,1985,0.0765464380256883
CSK,ECU_XDC,PA_RT,A,1986,0.0679899177977531
CSK,ECU_XDC,PA_RT,A,1987,0.0633000112022557
CSK,ECU_XDC,PA_RT,A,1988,0.0588079247481514
CSK,ECU_XDC,PA_RT,A,1989,0.0602560685827208
CSK,ECU_XDC,PA_RT,A,1990,0.043754880492295
CSK,ECU_XDC,PA_RT,A,1991,0.0273469984419635
CSK,ECU_XDC,PA_RT,A,1992,0.0273634199647803
CUW,ECU_XDC,EOP_RT,A,2010,
CUW,ECU_XDC,PA_RT,A,2010,
CWX,ECU_XDC,EOP_RT,A,2010,
CWX,ECU_XDC,PA_RT,A,2010,
CYM,ECU_XDC,EOP_RT,A,1972,
CYM,ECU_XDC,EOP_RT,A,1974,
CYM,ECU_XDC,EOP_RT,A,1979,0.832238574694111
CYM,ECU_XDC,EOP_RT,A,1980,0.916313989718627
CYM,ECU_XDC,EOP_RT,A,1981,1.10579137487947
CYM,ECU_XDC,EOP_RT,A,1982,1.24005869717811
CYM,ECU_XDC,EOP_RT,A,1983,1.45033212650415
CYM,ECU_XDC,EOP_RT,A,1984,1.69277020739061
CYM,ECU_XDC,EOP_RT,A,1985,1.35150895373263
CYM,ECU_XDC,EOP_RT,A,1986,1.12108071750673
CYM,ECU_XDC,EOP_RT,A,1987,0.920672702178303
CYM,ECU_XDC,EOP_RT,A,1988,1.0233709705093
CYM,ECU_XDC,EOP_RT,A,1989,1.00251027570526
CYM,ECU_XDC,EOP_RT,A,1990,0.880220641105553
CYM,ECU_XDC,EOP_RT,A,1991,0.89492490120009
CYM,ECU_XDC,EOP_RT,A,1992,0.991002394928731
CYM,ECU_XDC,EOP_RT,A,1993,1.07146155702314
CYM,ECU_XDC,EOP_RT,A,1994,0.975581932310494
CYM,ECU_XDC,EOP_RT,A,1995,0.913078889715121
CYM,ECU_XDC,EOP_RT,A,1996,0.957712990541984
CYM,ECU_XDC,EOP_RT,A,1997,1.0867541500432
CYM,ECU_XDC,EOP_RT,A,1998,1.02850207843943
CYM,ECU_XDC,PA_RT,A,1972,
CYM,ECU_XDC,PA_RT,A,1974,
CYM,ECU_XDC,PA_RT,A,1978,0.941943641167211
CYM,ECU_XDC,PA_RT,A,1979,0.875559085400811
CYM,ECU_XDC,PA_RT,A,1980,0.862686996071906
CYM,ECU_XDC,PA_RT,A,1981,1.0737016918111
CYM,ECU_XDC,PA_RT,A,1982,1.22298676068481
CYM,ECU_XDC,PA_RT,A,1983,1.34637859293932
CYM,ECU_XDC,PA_RT,A,1984,1.52093469547337
CYM,ECU_XDC,PA_RT,A,1985,1.5744134349661
CYM,ECU_XDC,PA_RT,A,1986,1.22300753337612
CYM,ECU_XDC,PA_RT,A,1987,1.03958024229561
CYM,ECU_XDC,PA_RT,A,1988,1.01361744542892
CYM,ECU_XDC,PA_RT,A,1989,1.08853023306779
CYM,ECU_XDC,PA_RT,A,1990,0.942658915961665
CYM,ECU_XDC,PA_RT,A,1991,0.967349245284557
CYM,ECU_XDC,PA_RT,A,1992,0.925352474358871
CYM,ECU_XDC,PA_RT,A,1993,1.02366196543949
CYM,ECU_XDC,PA_RT,A,1994,1.00963054682707
CYM,ECU_XDC,PA_RT,A,1995,0.917339014032069
CYM,ECU_XDC,PA_RT,A,1996,0.946399038372408
CYM,ECU_XDC,PA_RT,A,1997,1.05815319206289
CYM,ECU_XDC,PA_RT,A,1998,1.07141372477206
CYP,ECU_XDC,EOP_RT,A,1971,
CYP,ECU_XDC,EOP_RT,A,1979,2.00672723559659
CYP,ECU_XDC,EOP_RT,A,1980,2.09338729466508
CYP,ECU_XDC,EOP_RT,A,1981,2.13002211481755
CYP,ECU_XDC,EOP_RT,A,1982,2.11687506574029
CYP,ECU_XDC,EOP_RT,A,1983,2.17246797458601
CYP,ECU_XDC,EOP_RT,A,1984,2.19001269572577
CYP,ECU_XDC,EOP_RT,A,1985,2.07286856627999
CYP,ECU_XDC,EOP_RT,A,1986,1.82595291479821
CYP,ECU_XDC,EOP_RT,A,1987,1.74812030075188
CYP,ECU_XDC,EOP_RT,A,1988,1.8288418898175
CYP,ECU_XDC,EOP_RT,A,1989,1.74477861319967
CYP,ECU_XDC,EOP_RT,A,1990,1.68781632802758
CYP,ECU_XDC,EOP_RT,A,1991,1.69863524498471
CYP,ECU_XDC,EOP_RT,A,1992,1.70963745974069
CYP,ECU_XDC,EOP_RT,A,1993,1.71772458190844
CYP,ECU_XDC,EOP_RT,A,1994,1.70709895613151
CYP,ECU_XDC,EOP_RT,A,1995,1.66659057706355
CYP,ECU_XDC,EOP_RT,A,1996,1.69849719471025
CYP,ECU_XDC,EOP_RT,A,1997,1.72258900028074
CYP,ECU_XDC,EOP_RT,A,1998,1.72024855367474
CYP,ECU_XDC,PA_RT,A,1971,
CYP,ECU_XDC,PA_RT,A,1978,2.10153534221799
CYP,ECU_XDC,PA_RT,A,1979,2.05851963272734
CYP,ECU_XDC,PA_RT,A,1980,2.03625412802314
CYP,ECU_XDC,PA_RT,A,1981,2.12311942511044
CYP,ECU_XDC,PA_RT,A,1982,2.14384054392088
CYP,ECU_XDC,PA_RT,A,1983,2.13044210455209
CYP,ECU_XDC,PA_RT,A,1984,2.15409749918004
CYP,ECU_XDC,PA_RT,A,1985,2.14186758116768
CYP,ECU_XDC,PA_RT,A,1986,1.96696414672135
CYP,ECU_XDC,PA_RT,A,1987,1.80070579032146
CYP,ECU_XDC,PA_RT,A,1988,1.81017066554884
CYP,ECU_XDC,PA_RT,A,1989,1.83392479544998
CYP,ECU_XDC,PA_RT,A,1990,1.71486661138641
CYP,ECU_XDC,PA_RT,A,1991,1.7357271282296
CYP,ECU_XDC,PA_RT,A,1992,1.71532956847448
CYP,ECU_XDC,PA_RT,A,1993,1.71499671259216
CYP,ECU_XDC,PA_RT,A,1994,1.70940838736873
CYP,ECU_XDC,PA_RT,A,1995,1.68968179777576
CYP,ECU_XDC,PA_RT,A,1996,1.69127961344891
CYP,ECU_XDC,PA_RT,A,1997,1.7158890353101
CYP,ECU_XDC,PA_RT,A,1998,1.72421222125976
CZE,ECU_XDC,EOP_RT,A,1993,0.0298074130967815
CZE,ECU_XDC,EOP_RT,A,1994,0.02898433782496
CZE,ECU_XDC,EOP_RT,A,1995,0.0286029633548719
CZE,ECU_XDC,EOP_RT,A,1996,0.0291998743746653
CZE,ECU_XDC,EOP_RT,A,1997,0.0261469233126082
CZE,ECU_XDC,EOP_RT,A,1998,0.0287081439298585
CZE,ECU_XDC,PA_RT,A,1993,0.0292612459278294
CZE,ECU_XDC,PA_RT,A,1994,0.0292288687805571
CZE,ECU_XDC,PA_RT,A,1995,0.0288028228591348
CZE,ECU_XDC,PA_RT,A,1996,0.0290537900827428
CZE,ECU_XDC,PA_RT,A,1997,0.0278181339091626
CZE,ECU_XDC,PA_RT,A,1998,0.0276582692467011
DEU,ECU_XDC,EOP_RT,A,1979,0.400536743777291
DEU,ECU_XDC,EOP_RT,A,1980,0.389786593696898
DEU,ECU_XDC,EOP_RT,A,1981,0.40867887477248
DEU,ECU_XDC,EOP_RT,A,1982,0.434831943847788
DEU,ECU_XDC,EOP_RT,A,1983,0.443720269999054
DEU,ECU_XDC,EOP_RT,A,1984,0.448105526342063
DEU,ECU_XDC,EOP_RT,A,1985,0.457584592050547
DEU,ECU_XDC,EOP_RT,A,1986,0.481363455440994
DEU,ECU_XDC,EOP_RT,A,1987,0.485124364784221
DEU,ECU_XDC,EOP_RT,A,1988,0.479023608860592
DEU,ECU_XDC,EOP_RT,A,1989,0.492061425405505
DEU,ECU_XDC,EOP_RT,A,1990,0.490973404854411
DEU,ECU_XDC,EOP_RT,A,1991,0.491931245327883
DEU,ECU_XDC,EOP_RT,A,1992,0.511667921788079
DEU,ECU_XDC,EOP_RT,A,1993,0.517222417490638
DEU,ECU_XDC,EOP_RT,A,1994,0.5249106996722
DEU,ECU_XDC,EOP_RT,A,1995,0.530795975700245
DEU,ECU_XDC,EOP_RT,A,1996,0.513307799336475
DEU,ECU_XDC,EOP_RT,A,1997,0.505342802218346
DEU,ECU_XDC,EOP_RT,A,1998,0.512302233727392
DEU,ECU_XDC,PA_RT,A,1978,0.390789666970952
DEU,ECU_XDC,PA_RT,A,1979,0.398077520647135
DEU,ECU_XDC,PA_RT,A,1980,0.395508685915749
DEU,ECU_XDC,PA_RT,A,1981,0.395906119999938
DEU,ECU_XDC,PA_RT,A,1982,0.419993018053359
DEU,ECU_XDC,PA_RT,A,1983,0.439429750843959
DEU,ECU_XDC,PA_RT,A,1984,0.445350136598546
DEU,ECU_XDC,PA_RT,A,1985,0.445659240197887
DEU,ECU_XDC,PA_RT,A,1986,0.469342247421803
DEU,ECU_XDC,PA_RT,A,1987,0.481983654079588
DEU,ECU_XDC,PA_RT,A,1988,0.480962192087733
DEU,ECU_XDC,PA_RT,A,1989,0.482491912389731
DEU,ECU_XDC,PA_RT,A,1990,0.486185398439307
DEU,ECU_XDC,PA_RT,A,1991,0.485749266056177
DEU,ECU_XDC,PA_RT,A,1992,0.493787966226413
DEU,ECU_XDC,PA_RT,A,1993,0.515960489011574
DEU,ECU_XDC,PA_RT,A,1994,0.518460961266334
DEU,ECU_XDC,PA_RT,A,1995,0.533409242036828
DEU,ECU_XDC,PA_RT,A,1996,0.524107024241319
DEU,ECU_XDC,PA_RT,A,1997,0.5085134991569
DEU,ECU_XDC,PA_RT,A,1998,0.507391963836976
DJI,ECU_XDC,EOP_RT,A,1971,
DJI,ECU_XDC,EOP_RT,A,1973,
DJI,ECU_XDC,EOP_RT,A,1979,0.00390234902712591
DJI,ECU_XDC,EOP_RT,A,1980,0.00429657686515507
DJI,ECU_XDC,EOP_RT,A,1981,0.00518503230585192
DJI,ECU_XDC,EOP_RT,A,1982,0.00581460893264969
DJI,ECU_XDC,EOP_RT,A,1983,0.00680057658340715
DJI,ECU_XDC,EOP_RT,A,1984,0.00793736360320285
DJI,ECU_XDC,EOP_RT,A,1985,0.00633719682206386
DJI,ECU_XDC,EOP_RT,A,1986,0.00525672370918395
DJI,ECU_XDC,EOP_RT,A,1987,0.00431701477544154
DJI,ECU_XDC,EOP_RT,A,1988,0.0047985647776825
DJI,ECU_XDC,EOP_RT,A,1989,0.00470074942214745
DJI,ECU_XDC,EOP_RT,A,1990,0.00412733591895437
DJI,ECU_XDC,EOP_RT,A,1991,0.00419628388269856
DJI,ECU_XDC,EOP_RT,A,1992,0.0046467892132385
DJI,ECU_XDC,EOP_RT,A,1993,0.00502406051796968
DJI,ECU_XDC,EOP_RT,A,1994,0.00457448299104948
DJI,ECU_XDC,EOP_RT,A,1995,0.00428140754984668
DJI,ECU_XDC,EOP_RT,A,1996,0.00449069590205069
DJI,ECU_XDC,EOP_RT,A,1997,0.00509576716232465
DJI,ECU_XDC,EOP_RT,A,1998,0.00482262443394943
DJI,ECU_XDC,PA_RT,A,1971,
DJI,ECU_XDC,PA_RT,A,1973,
DJI,ECU_XDC,PA_RT,A,1978,0.00441675375725926
DJI,ECU_XDC,PA_RT,A,1979,0.00410547798311431
DJI,ECU_XDC,PA_RT,A,1980,0.00404512102923459
DJI,ECU_XDC,PA_RT,A,1981,0.00503456446248302
DJI,ECU_XDC,PA_RT,A,1982,0.00573455898448394
DJI,ECU_XDC,PA_RT,A,1983,0.00631314066910562
DJI,ECU_XDC,PA_RT,A,1984,0.00713163053200702
DJI,ECU_XDC,PA_RT,A,1985,0.00738239120734352
DJI,ECU_XDC,PA_RT,A,1986,0.00573465638719295
DJI,ECU_XDC,PA_RT,A,1987,0.00487456970933206
DJI,ECU_XDC,PA_RT,A,1988,0.00475283070542749
DJI,ECU_XDC,PA_RT,A,1989,0.00510409517796084
DJI,ECU_XDC,PA_RT,A,1990,0.00442010766560133
DJI,ECU_XDC,PA_RT,A,1991,0.00453588009617873
DJI,ECU_XDC,PA_RT,A,1992,0.00433895812795043
DJI,ECU_XDC,PA_RT,A,1993,0.00479992924673892
DJI,ECU_XDC,PA_RT,A,1994,0.00473413622243518
DJI,ECU_XDC,PA_RT,A,1995,0.0043013831824227
DJI,ECU_XDC,PA_RT,A,1996,0.00443764502026704
DJI,ECU_XDC,PA_RT,A,1997,0.00496165787690687
DJI,ECU_XDC,PA_RT,A,1998,0.00502383623355877
DMA,ECU_XDC,EOP_RT,A,1971,
DMA,ECU_XDC,EOP_RT,A,1972,
DMA,ECU_XDC,EOP_RT,A,1974,
DMA,ECU_XDC,EOP_RT,A,1976,
DMA,ECU_XDC,EOP_RT,A,1979,0.256862730166609
DMA,ECU_XDC,EOP_RT,A,1980,0.282811828537861
DMA,ECU_XDC,EOP_RT,A,1981,0.341292269047522
DMA,ECU_XDC,EOP_RT,A,1982,0.38273263485905
DMA,ECU_XDC,EOP_RT,A,1983,0.447631581844334
DMA,ECU_XDC,EOP_RT,A,1984,0.522457850712894
DMA,ECU_XDC,EOP_RT,A,1985,0.417130724597782
DMA,ECU_XDC,EOP_RT,A,1986,0.346011183081437
DMA,ECU_XDC,EOP_RT,A,1987,0.284157104780091
DMA,ECU_XDC,EOP_RT,A,1988,0.31585397439056
DMA,ECU_XDC,EOP_RT,A,1989,0.309415514093877
DMA,ECU_XDC,EOP_RT,A,1990,0.271671950686108
DMA,ECU_XDC,EOP_RT,A,1991,0.27621028441373
DMA,ECU_XDC,EOP_RT,A,1992,0.305863713246652
DMA,ECU_XDC,EOP_RT,A,1993,0.330696688634848
DMA,ECU_XDC,EOP_RT,A,1994,0.301104330241594
DMA,ECU_XDC,EOP_RT,A,1995,0.281813344876408
DMA,ECU_XDC,EOP_RT,A,1996,0.295589246817908
DMA,ECU_XDC,EOP_RT,A,1997,0.335416605872407
DMA,ECU_XDC,EOP_RT,A,1998,0.317437643342936
DMA,ECU_XDC,PA_RT,A,1971,
DMA,ECU_XDC,PA_RT,A,1972,
DMA,ECU_XDC,PA_RT,A,1974,
DMA,ECU_XDC,PA_RT,A,1976,
DMA,ECU_XDC,PA_RT,A,1978,0.290722183145879
DMA,ECU_XDC,PA_RT,A,1979,0.270233204680392
DMA,ECU_XDC,PA_RT,A,1980,0.266260353495038
DMA,ECU_XDC,PA_RT,A,1981,0.331388085495165
DMA,ECU_XDC,PA_RT,A,1982,0.377463539733878
DMA,ECU_XDC,PA_RT,A,1983,0.415547286242267
DMA,ECU_XDC,PA_RT,A,1984,0.469422411029192
DMA,ECU_XDC,PA_RT,A,1985,0.48592812880011
DMA,ECU_XDC,PA_RT,A,1986,0.377469951032711
DMA,ECU_XDC,PA_RT,A,1987,0.320856816041556
DMA,ECU_XDC,PA_RT,A,1988,0.312843639184918
DMA,ECU_XDC,PA_RT,A,1989,0.335964777452733
DMA,ECU_XDC,PA_RT,A,1990,0.290942946088272
DMA,ECU_XDC,PA_RT,A,1991,0.298563387619622
DMA,ECU_XDC,PA_RT,A,1992,0.285601473132399
DMA,ECU_XDC,PA_RT,A,1993,0.315943787281366
DMA,ECU_XDC,PA_RT,A,1994,0.311613119847186
DMA,ECU_XDC,PA_RT,A,1995,0.283128192801239
DMA,ECU_XDC,PA_RT,A,1996,0.292097300239585
DMA,ECU_XDC,PA_RT,A,1997,0.326589185015469
DMA,ECU_XDC,PA_RT,A,1998,0.330681925653444
DNK,ECU_XDC,EOP_RT,A,1971,
DNK,ECU_XDC,EOP_RT,A,1973,
DNK,ECU_XDC,EOP_RT,A,1979,0.129269221170385
DNK,ECU_XDC,EOP_RT,A,1980,0.126947952980743
DNK,ECU_XDC,EOP_RT,A,1981,0.125800563352097
DNK,ECU_XDC,EOP_RT,A,1982,0.123255977366733
DNK,ECU_XDC,EOP_RT,A,1983,0.122390407187818
DNK,ECU_XDC,EOP_RT,A,1984,0.125278525481777
DNK,ECU_XDC,EOP_RT,A,1985,0.125571742269374
DNK,ECU_XDC,EOP_RT,A,1986,0.127235981521264
DNK,ECU_XDC,EOP_RT,A,1987,0.125846663316041
DNK,ECU_XDC,EOP_RT,A,1988,0.12406251539926
DNK,ECU_XDC,EOP_RT,A,1989,0.126435397359586
DNK,ECU_XDC,EOP_RT,A,1990,0.126993467252855
DNK,ECU_XDC,EOP_RT,A,1991,0.126112753516035
DNK,ECU_XDC,EOP_RT,A,1992,0.132016949207251
DNK,ECU_XDC,EOP_RT,A,1993,0.131839211415886
DNK,ECU_XDC,EOP_RT,A,1994,0.133648149211294
DNK,ECU_XDC,EOP_RT,A,1995,0.137197264905572
DNK,ECU_XDC,EOP_RT,A,1996,0.13425703867581
DNK,ECU_XDC,EOP_RT,A,1997,0.132672844397231
DNK,ECU_XDC,EOP_RT,A,1998,0.134202088315341
DNK,ECU_XDC,PA_RT,A,1971,
DNK,ECU_XDC,PA_RT,A,1973,
DNK,ECU_XDC,PA_RT,A,1978,0.142339668542505
DNK,ECU_XDC,PA_RT,A,1979,0.138687593884336
DNK,ECU_XDC,PA_RT,A,1980,0.127556848009278
DNK,ECU_XDC,PA_RT,A,1981,0.125607437161626
DNK,ECU_XDC,PA_RT,A,1982,0.122311274187453
DNK,ECU_XDC,PA_RT,A,1983,0.122687664883957
DNK,ECU_XDC,PA_RT,A,1984,0.122380079337215
DNK,ECU_XDC,PA_RT,A,1985,0.123816294174786
DNK,ECU_XDC,PA_RT,A,1986,0.125963405944119
DNK,ECU_XDC,PA_RT,A,1987,0.12664814299224
DNK,ECU_XDC,PA_RT,A,1988,0.125480901548948
DNK,ECU_XDC,PA_RT,A,1989,0.124087986829642
DNK,ECU_XDC,PA_RT,A,1990,0.126935210452354
DNK,ECU_XDC,PA_RT,A,1991,0.126026170196733
DNK,ECU_XDC,PA_RT,A,1992,0.127751316094875
DNK,ECU_XDC,PA_RT,A,1993,0.131563267904352
DNK,ECU_XDC,PA_RT,A,1994,0.132277114891879
DNK,ECU_XDC,PA_RT,A,1995,0.136450569205278
DNK,ECU_XDC,PA_RT,A,1996,0.136007478261006
DNK,ECU_XDC,PA_RT,A,1997,0.133514460047273
DNK,ECU_XDC,PA_RT,A,1998,0.13324344050052
DOM,ECU_XDC,EOP_RT,A,1979,0.693529372143373
DOM,ECU_XDC,EOP_RT,A,1980,0.763591937815816
DOM,ECU_XDC,EOP_RT,A,1981,0.921489127349797
DOM,ECU_XDC,EOP_RT,A,1982,1.03337811515281
DOM,ECU_XDC,EOP_RT,A,1983,1.20860527218831
DOM,ECU_XDC,EOP_RT,A,1984,1.41063619692481
DOM,ECU_XDC,EOP_RT,A,1985,0.383079236875514
DOM,ECU_XDC,EOP_RT,A,1986,0.303656697107157
DOM,ECU_XDC,EOP_RT,A,1987,0.154682294940775
DOM,ECU_XDC,EOP_RT,A,1988,0.134511944929734
DOM,ECU_XDC,EOP_RT,A,1989,0.13177001388856
DOM,ECU_XDC,EOP_RT,A,1990,0.0646268076522018
DOM,ECU_XDC,EOP_RT,A,1991,0.0596614214333656
DOM,ECU_XDC,EOP_RT,A,1992,0.0660665620612767
DOM,ECU_XDC,EOP_RT,A,1993,0.0714304847451271
DOM,ECU_XDC,EOP_RT,A,1994,0.0631687406101246
DOM,ECU_XDC,EOP_RT,A,1995,0.0591216807433024
DOM,ECU_XDC,EOP_RT,A,1996,0.0575823208086834
DOM,ECU_XDC,EOP_RT,A,1997,0.0645952094048145
DOM,ECU_XDC,EOP_RT,A,1998,0.0555464443957179
DOM,ECU_XDC,PA_RT,A,1978,0.784949895278822
DOM,ECU_XDC,PA_RT,A,1979,0.729629653366687
DOM,ECU_XDC,PA_RT,A,1980,0.718902955155504
DOM,ECU_XDC,PA_RT,A,1981,0.894747831731692
DOM,ECU_XDC,PA_RT,A,1982,1.01915155830062
DOM,ECU_XDC,PA_RT,A,1983,1.1219776739761
DOM,ECU_XDC,PA_RT,A,1984,1.26744051030692
DOM,ECU_XDC,PA_RT,A,1985,0.421513344197486
DOM,ECU_XDC,PA_RT,A,1986,0.350913187587821
DOM,ECU_XDC,PA_RT,A,1987,0.22532323964329
DOM,ECU_XDC,PA_RT,A,1988,0.138188224566413
DOM,ECU_XDC,PA_RT,A,1989,0.143076482511416
DOM,ECU_XDC,PA_RT,A,1990,0.0921429104475308
DOM,ECU_XDC,PA_RT,A,1991,0.0641003769884067
DOM,ECU_XDC,PA_RT,A,1992,0.0616899181965982
DOM,ECU_XDC,PA_RT,A,1993,0.068243858052775
DOM,ECU_XDC,PA_RT,A,1994,0.0666854303062822
DOM,ECU_XDC,PA_RT,A,1995,0.0593975229652948
DOM,ECU_XDC,PA_RT,A,1996,0.0611539512483579
DOM,ECU_XDC,PA_RT,A,1997,0.0629584299546002
DOM,ECU_XDC,PA_RT,A,1998,0.0607246458731646
DZA,ECU_XDC,EOP_RT,A,1957,
DZA,ECU_XDC,EOP_RT,A,1960,
DZA,ECU_XDC,EOP_RT,A,1972,
DZA,ECU_XDC,EOP_RT,A,1979,0.184670315972444
DZA,ECU_XDC,EOP_RT,A,1980,0.192267893049098
DZA,ECU_XDC,EOP_RT,A,1981,0.210481755742072
DZA,ECU_XDC,EOP_RT,A,1982,0.222927001260352
DZA,ECU_XDC,EOP_RT,A,1983,0.245826354362967
DZA,ECU_XDC,EOP_RT,A,1984,0.275369667738656
DZA,ECU_XDC,EOP_RT,A,1985,0.235973214133006
DZA,ECU_XDC,EOP_RT,A,1986,0.193683050548332
DZA,ECU_XDC,EOP_RT,A,1987,0.155424950449982
DZA,ECU_XDC,EOP_RT,A,1988,0.126701986517875
DZA,ECU_XDC,EOP_RT,A,1989,0.104006509642631
DZA,ECU_XDC,EOP_RT,A,1990,0.0601694939505603
DZA,ECU_XDC,EOP_RT,A,1991,0.0348621566068031
DZA,ECU_XDC,EOP_RT,A,1992,0.0362502754776247
DZA,ECU_XDC,EOP_RT,A,1993,0.0370136823493798
DZA,ECU_XDC,EOP_RT,A,1994,0.0189539358081787
DZA,ECU_XDC,EOP_RT,A,1995,0.0145835367736713
DZA,ECU_XDC,EOP_RT,A,1996,0.0142044706306805
DZA,ECU_XDC,EOP_RT,A,1997,0.0155035845210729
DZA,ECU_XDC,EOP_RT,A,1998,0.0142011203571304
DZA,ECU_XDC,PA_RT,A,1957,
DZA,ECU_XDC,PA_RT,A,1960,
DZA,ECU_XDC,PA_RT,A,1972,
DZA,ECU_XDC,PA_RT,A,1978,0.197924782443278
DZA,ECU_XDC,PA_RT,A,1979,0.189353531936472
DZA,ECU_XDC,PA_RT,A,1980,0.18733871571589
DZA,ECU_XDC,PA_RT,A,1981,0.207318713422382
DZA,ECU_XDC,PA_RT,A,1982,0.221931406936064
DZA,ECU_XDC,PA_RT,A,1983,0.234292029963334
DZA,ECU_XDC,PA_RT,A,1984,0.254333761734726
DZA,ECU_XDC,PA_RT,A,1985,0.260950305851525
DZA,ECU_XDC,PA_RT,A,1986,0.216737608296971
DZA,ECU_XDC,PA_RT,A,1987,0.178630834971389
DZA,ECU_XDC,PA_RT,A,1988,0.142808309000515
DZA,ECU_XDC,PA_RT,A,1989,0.119221652694483
DZA,ECU_XDC,PA_RT,A,1990,0.0876969270031381
DZA,ECU_XDC,PA_RT,A,1991,0.0436380989192521
DZA,ECU_XDC,PA_RT,A,1992,0.0353142209603822
DZA,ECU_XDC,PA_RT,A,1993,0.0365403026745171
DZA,ECU_XDC,PA_RT,A,1994,0.0239986138479558
DZA,ECU_XDC,PA_RT,A,1995,0.0160386569133898
DZA,ECU_XDC,PA_RT,A,1996,0.0144050790148766
DZA,ECU_XDC,PA_RT,A,1997,0.0152803897517693
DZA,ECU_XDC,PA_RT,A,1998,0.0152001537752437
ECU,ECU_XDC,EOP_RT,A,1974,
ECU,ECU_XDC,EOP_RT,A,1979,0.0277411748591034
ECU,ECU_XDC,EOP_RT,A,1980,0.0305436774833107
ECU,ECU_XDC,EOP_RT,A,1981,0.0368595650586067
ECU,ECU_XDC,EOP_RT,A,1982,0.0311727937903653
ECU,ECU_XDC,EOP_RT,A,1983,0.0223402083364518
ECU,ECU_XDC,EOP_RT,A,1984,0.0209994223587021
ECU,ECU_XDC,EOP_RT,A,1985,0.0117624329651594
ECU,ECU_XDC,EOP_RT,A,1986,0.00637699791344628
ECU,ECU_XDC,EOP_RT,A,1987,0.00346376606278215
ECU,ECU_XDC,EOP_RT,A,1988,0.00197175956822851
ECU,ECU_XDC,EOP_RT,A,1989,0.00128839623708934
ECU,ECU_XDC,EOP_RT,A,1990,0.000835247400196414
ECU,ECU_XDC,EOP_RT,A,1991,0.000586950658689001
ECU,ECU_XDC,EOP_RT,A,1992,0.000447787461442841
ECU,ECU_XDC,EOP_RT,A,1993,0.000436877285869364
ECU,ECU_XDC,EOP_RT,A,1994,0.000358299555598195
ECU,ECU_XDC,EOP_RT,A,1995,0.000260268866484112
ECU,ECU_XDC,EOP_RT,A,1996,0.00021955734976846
ECU,ECU_XDC,EOP_RT,A,1997,0.000204522320653907
ECU,ECU_XDC,EOP_RT,A,1998,0.000125579727036766
ECU,ECU_XDC,EOP_RT,A,2000,
ECU,ECU_XDC,PA_RT,A,1974,
ECU,ECU_XDC,PA_RT,A,1978,0.0313979957810108
ECU,ECU_XDC,PA_RT,A,1979,0.0291851861066497
ECU,ECU_XDC,PA_RT,A,1980,0.0287561181786143
ECU,ECU_XDC,PA_RT,A,1981,0.0357899132349094
ECU,ECU_XDC,PA_RT,A,1982,0.0339424903216257
ECU,ECU_XDC,PA_RT,A,1983,0.025433015095495
ECU,ECU_XDC,PA_RT,A,1984,0.0202674065583772
ECU,ECU_XDC,PA_RT,A,1985,0.0188625169956343
ECU,ECU_XDC,PA_RT,A,1986,0.00830082393370092
ECU,ECU_XDC,PA_RT,A,1987,0.00508215964476197
ECU,ECU_XDC,PA_RT,A,1988,0.00280055532642543
ECU,ECU_XDC,PA_RT,A,1989,0.00172339274521444
ECU,ECU_XDC,PA_RT,A,1990,0.00102317825045886
ECU,ECU_XDC,PA_RT,A,1991,0.000770486652550299
ECU,ECU_XDC,PA_RT,A,1992,0.000502700943715984
ECU,ECU_XDC,PA_RT,A,1993,0.000444503154157635
ECU,ECU_XDC,PA_RT,A,1994,0.000383003856608306
ECU,ECU_XDC,PA_RT,A,1995,0.000298088461459427
ECU,ECU_XDC,PA_RT,A,1996,0.000247270449433084
ECU,ECU_XDC,PA_RT,A,1997,0.000220543268635183
ECU,ECU_XDC,PA_RT,A,1998,0.000163927154865457
ECU,ECU_XDC,PA_RT,A,2000,
EGY,ECU_XDC,EOP_RT,A,1962,
EGY,ECU_XDC,EOP_RT,A,1979,0.990756246343714
EGY,ECU_XDC,EOP_RT,A,1980,1.09084562591867
EGY,ECU_XDC,EOP_RT,A,1981,1.31641303963532
EGY,ECU_XDC,EOP_RT,A,1982,1.47625445085099
EGY,ECU_XDC,EOP_RT,A,1983,1.72657896100897
EGY,ECU_XDC,EOP_RT,A,1984,2.01519456703545
EGY,ECU_XDC,EOP_RT,A,1985,1.60893279487716
EGY,ECU_XDC,EOP_RT,A,1986,1.33461456331412
EGY,ECU_XDC,EOP_RT,A,1987,1.09603454700892
EGY,ECU_XDC,EOP_RT,A,1988,1.21829390122073
EGY,ECU_XDC,EOP_RT,A,1989,0.75947444368497
EGY,ECU_XDC,EOP_RT,A,1990,0.366757133426245
EGY,ECU_XDC,EOP_RT,A,1991,0.223805752913853
EGY,ECU_XDC,EOP_RT,A,1992,0.247358039952543
EGY,ECU_XDC,EOP_RT,A,1993,0.264808428529002
EGY,ECU_XDC,EOP_RT,A,1994,0.239746886361635
EGY,ECU_XDC,EOP_RT,A,1995,0.224453106538732
EGY,ECU_XDC,EOP_RT,A,1996,0.235564039671886
EGY,ECU_XDC,EOP_RT,A,1997,0.267303670559474
EGY,ECU_XDC,EOP_RT,A,1998,0.252975689795138
EGY,ECU_XDC,EOP_RT,A,2016,
EGY,ECU_XDC,PA_RT,A,1962,
EGY,ECU_XDC,PA_RT,A,1978,2.00598655158781
EGY,ECU_XDC,PA_RT,A,1979,1.04232703213809
EGY,ECU_XDC,PA_RT,A,1980,1.02700319290059
EGY,ECU_XDC,PA_RT,A,1981,1.27820990780399
EGY,ECU_XDC,PA_RT,A,1982,1.45592933916644
EGY,ECU_XDC,PA_RT,A,1983,1.60282364298723
EGY,ECU_XDC,PA_RT,A,1984,1.81062748852663
EGY,ECU_XDC,PA_RT,A,1985,1.87429233679193
EGY,ECU_XDC,PA_RT,A,1986,1.45595406945636
EGY,ECU_XDC,PA_RT,A,1987,1.23758933856971
EGY,ECU_XDC,PA_RT,A,1988,1.20668140160208
EGY,ECU_XDC,PA_RT,A,1989,1.04665949898736
EGY,ECU_XDC,PA_RT,A,1990,0.506803841573119
EGY,ECU_XDC,PA_RT,A,1991,0.256889421869916
EGY,ECU_XDC,PA_RT,A,1992,0.232144009743106
EGY,ECU_XDC,PA_RT,A,1993,0.254450044081705
EGY,ECU_XDC,PA_RT,A,1994,0.248544249439924
EGY,ECU_XDC,PA_RT,A,1995,0.225353529455004
EGY,ECU_XDC,PA_RT,A,1996,0.232542115980779
EGY,ECU_XDC,PA_RT,A,1997,0.260211228193807
EGY,ECU_XDC,PA_RT,A,1998,0.263530460231493
EGY,ECU_XDC,PA_RT,A,2016,
ERI,ECU_XDC,EOP_RT,A,1979,0.334775305955183
ERI,ECU_XDC,EOP_RT,A,1980,0.368595383086896
ERI,ECU_XDC,EOP_RT,A,1981,0.444814332217106
ERI,ECU_XDC,EOP_RT,A,1982,0.498824546678545
ERI,ECU_XDC,EOP_RT,A,1983,0.583408887968832
ERI,ECU_XDC,EOP_RT,A,1984,0.680931744000568
ERI,ECU_XDC,EOP_RT,A,1985,0.543656395226943
ERI,ECU_XDC,EOP_RT,A,1986,0.450964605121453
ERI,ECU_XDC,EOP_RT,A,1987,0.370348713612094
ERI,ECU_XDC,EOP_RT,A,1988,0.411659997716189
ERI,ECU_XDC,EOP_RT,A,1989,0.403268599266502
ERI,ECU_XDC,EOP_RT,A,1990,0.354076515309912
ERI,ECU_XDC,EOP_RT,A,1991,0.35999143360579
ERI,ECU_XDC,EOP_RT,A,1992,0.165036733434065
ERI,ECU_XDC,EOP_RT,A,1993,0.178436012138994
ERI,ECU_XDC,EOP_RT,A,1994,0.136528306188382
ERI,ECU_XDC,EOP_RT,A,1995,0.120300419881759
ERI,ECU_XDC,EOP_RT,A,1996,0.124099655656231
ERI,ECU_XDC,EOP_RT,A,1997,0.12710524012007
ERI,ECU_XDC,EOP_RT,A,1998,0.112819918259544
ERI,ECU_XDC,EOP_RT,A,2005,
ERI,ECU_XDC,EOP_RT,A,2016,
ERI,ECU_XDC,PA_RT,A,1978,0.378868808373865
ERI,ECU_XDC,PA_RT,A,1979,0.352167595648995
ERI,ECU_XDC,PA_RT,A,1980,0.346990180640088
ERI,ECU_XDC,PA_RT,A,1981,0.431864564658452
ERI,ECU_XDC,PA_RT,A,1982,0.491910042625802
ERI,ECU_XDC,PA_RT,A,1983,0.5415407364446
ERI,ECU_XDC,PA_RT,A,1984,0.611750735929826
ERI,ECU_XDC,PA_RT,A,1985,0.633260967985579
ERI,ECU_XDC,PA_RT,A,1986,0.491918397822928
ERI,ECU_XDC,PA_RT,A,1987,0.418140226648268
ERI,ECU_XDC,PA_RT,A,1988,0.407697463959464
ERI,ECU_XDC,PA_RT,A,1989,0.437828904254059
ERI,ECU_XDC,PA_RT,A,1990,0.379156506381677
ERI,ECU_XDC,PA_RT,A,1991,0.389087456854818
ERI,ECU_XDC,PA_RT,A,1992,0.274913361472489
ERI,ECU_XDC,PA_RT,A,1993,0.170459355356816
ERI,ECU_XDC,PA_RT,A,1994,0.153817799612668
ERI,ECU_XDC,PA_RT,A,1995,0.124022634015658
ERI,ECU_XDC,PA_RT,A,1996,0.124056721868301
ERI,ECU_XDC,PA_RT,A,1997,0.130465165043257
ERI,ECU_XDC,PA_RT,A,1998,0.121278136131659
ERI,ECU_XDC,PA_RT,A,2005,
ERI,ECU_XDC,PA_RT,A,2016,
ESP,ECU_XDC,EOP_RT,A,1957,
ESP,ECU_XDC,EOP_RT,A,1958,
ESP,ECU_XDC,EOP_RT,A,1962,
ESP,ECU_XDC,EOP_RT,A,1974,
ESP,ECU_XDC,EOP_RT,A,1979,0.0104843515616237
ESP,ECU_XDC,EOP_RT,A,1980,0.00963522948961796
ESP,ECU_XDC,EOP_RT,A,1981,0.00945601976837669
ESP,ECU_XDC,EOP_RT,A,1982,0.008227467250481
ESP,ECU_XDC,EOP_RT,A,1983,0.00771286069551637
ESP,ECU_XDC,EOP_RT,A,1984,0.00813515684501046
ESP,ECU_XDC,EOP_RT,A,1985,0.00730621444316582
ESP,ECU_XDC,EOP_RT,A,1986,0.00705638577227146
ESP,ECU_XDC,EOP_RT,A,1987,0.00703875397161693
ESP,ECU_XDC,EOP_RT,A,1988,0.00751701834159992
ESP,ECU_XDC,EOP_RT,A,1989,0.00761412584809941
ESP,ECU_XDC,EOP_RT,A,1990,0.0075691036627402
ESP,ECU_XDC,EOP_RT,A,1991,0.00771313676895862
ESP,ECU_XDC,EOP_RT,A,1992,0.00720476715638187
ESP,ECU_XDC,EOP_RT,A,1993,0.00627843292020539
ESP,ECU_XDC,EOP_RT,A,1994,0.00617115426451016
ESP,ECU_XDC,EOP_RT,A,1995,0.00626721273683419
ESP,ECU_XDC,EOP_RT,A,1996,0.00607953507071683
ESP,ECU_XDC,EOP_RT,A,1997,0.00596976200614032
ESP,ECU_XDC,EOP_RT,A,1998,0.00601009555720885
ESP,ECU_XDC,PA_RT,A,1957,
ESP,ECU_XDC,PA_RT,A,1958,
ESP,ECU_XDC,PA_RT,A,1962,
ESP,ECU_XDC,PA_RT,A,1974,
ESP,ECU_XDC,PA_RT,A,1978,0.0102383210842312
ESP,ECU_XDC,PA_RT,A,1979,0.0108697154955916
ESP,ECU_XDC,PA_RT,A,1980,0.0100262724884498
ESP,ECU_XDC,PA_RT,A,1981,0.00969161679896978
ESP,ECU_XDC,PA_RT,A,1982,0.00927689138933213
ESP,ECU_XDC,PA_RT,A,1983,0.00782248012779804
ESP,ECU_XDC,PA_RT,A,1984,0.00788400488788602
ESP,ECU_XDC,PA_RT,A,1985,0.0077156812636032
ESP,ECU_XDC,PA_RT,A,1986,0.00727726304978937
ESP,ECU_XDC,PA_RT,A,1987,0.00701591428978529
ESP,ECU_XDC,PA_RT,A,1988,0.00725127296904184
ESP,ECU_XDC,PA_RT,A,1989,0.00766280435039021
ESP,ECU_XDC,PA_RT,A,1990,0.0077064237314371
ESP,ECU_XDC,PA_RT,A,1991,0.00775776021030362
ESP,ECU_XDC,PA_RT,A,1992,0.00753204612065922
ESP,ECU_XDC,PA_RT,A,1993,0.00670317014515264
ESP,ECU_XDC,PA_RT,A,1994,0.00628074251795947
ESP,ECU_XDC,PA_RT,A,1995,0.00613082245076425
ESP,ECU_XDC,PA_RT,A,1996,0.00622653443839692
ESP,ECU_XDC,PA_RT,A,1997,0.00602260055692516
ESP,ECU_XDC,PA_RT,A,1998,0.00597636612405278
EST,ECU_XDC,EOP_RT,A,1992,0.0639584902235099
EST,ECU_XDC,EOP_RT,A,1993,0.0643378771663128
EST,ECU_XDC,EOP_RT,A,1994,0.0656159557427203
EST,ECU_XDC,EOP_RT,A,1995,0.0663842288576428
EST,ECU_XDC,EOP_RT,A,1996,0.0641552223800925
EST,ECU_XDC,EOP_RT,A,1997,0.0631713752689382
EST,ECU_XDC,EOP_RT,A,1998,0.0639136194650206
EST,ECU_XDC,PA_RT,A,1993,0.0645136772350448
EST,ECU_XDC,PA_RT,A,1994,0.0647632386096336
EST,ECU_XDC,PA_RT,A,1995,0.0666779581380618
EST,ECU_XDC,PA_RT,A,1996,0.0655144301916331
EST,ECU_XDC,PA_RT,A,1997,0.0635215876630659
EST,ECU_XDC,PA_RT,A,1998,0.0634360457984296
ETH,ECU_XDC,EOP_RT,A,1957,
ETH,ECU_XDC,EOP_RT,A,1979,0.335038343857431
ETH,ECU_XDC,EOP_RT,A,1980,0.368884993923241
ETH,ECU_XDC,EOP_RT,A,1981,0.445163829407474
ETH,ECU_XDC,EOP_RT,A,1982,0.499216480492103
ETH,ECU_XDC,EOP_RT,A,1983,0.583867280948584
ETH,ECU_XDC,EOP_RT,A,1984,0.681466761799427
ETH,ECU_XDC,EOP_RT,A,1985,0.544083553823194
ETH,ECU_XDC,EOP_RT,A,1986,0.451318934454049
ETH,ECU_XDC,EOP_RT,A,1987,0.370639701887075
ETH,ECU_XDC,EOP_RT,A,1988,0.411983444857252
ETH,ECU_XDC,EOP_RT,A,1989,0.403585453165926
ETH,ECU_XDC,EOP_RT,A,1990,0.354354718286227
ETH,ECU_XDC,EOP_RT,A,1991,0.360274284017909
ETH,ECU_XDC,EOP_RT,A,1992,0.165166405153192
ETH,ECU_XDC,EOP_RT,A,1993,0.178576211862818
ETH,ECU_XDC,EOP_RT,A,1994,0.136635578428959
ETH,ECU_XDC,EOP_RT,A,1995,0.120394941640238
ETH,ECU_XDC,EOP_RT,A,1996,0.124197162528533
ETH,ECU_XDC,EOP_RT,A,1997,0.131938350212048
ETH,ECU_XDC,EOP_RT,A,1998,0.114231858859913
ETH,ECU_XDC,PA_RT,A,1957,
ETH,ECU_XDC,PA_RT,A,1978,0.37920284776477
ETH,ECU_XDC,PA_RT,A,1979,0.35247809323166
ETH,ECU_XDC,PA_RT,A,1980,0.347296113422173
ETH,ECU_XDC,PA_RT,A,1981,0.432245329115551
ETH,ECU_XDC,PA_RT,A,1982,0.492343747716818
ETH,ECU_XDC,PA_RT,A,1983,0.542018199708279
ETH,ECU_XDC,PA_RT,A,1984,0.612290101465672
ETH,ECU_XDC,PA_RT,A,1985,0.633819298434926
ETH,ECU_XDC,PA_RT,A,1986,0.492352110042666
ETH,ECU_XDC,PA_RT,A,1987,0.418508890488987
ETH,ECU_XDC,PA_RT,A,1988,0.40805692067598
ETH,ECU_XDC,PA_RT,A,1989,0.43821492711226
ETH,ECU_XDC,PA_RT,A,1990,0.379490799245572
ETH,ECU_XDC,PA_RT,A,1991,0.389430505590811
ETH,ECU_XDC,PA_RT,A,1992,0.275155745747539
ETH,ECU_XDC,PA_RT,A,1993,0.170609645131938
ETH,ECU_XDC,PA_RT,A,1994,0.153953416941885
ETH,ECU_XDC,PA_RT,A,1995,0.124131981688229
ETH,ECU_XDC,PA_RT,A,1996,0.124166099595285
ETH,ECU_XDC,PA_RT,A,1997,0.131427320794032
ETH,ECU_XDC,PA_RT,A,1998,0.125471149632708
FIN,ECU_XDC,EOP_RT,A,1957,
FIN,ECU_XDC,EOP_RT,A,1963,
FIN,ECU_XDC,EOP_RT,A,1973,
FIN,ECU_XDC,EOP_RT,A,1979,0.186884767350237
FIN,ECU_XDC,EOP_RT,A,1980,0.198852066992468
FIN,ECU_XDC,EOP_RT,A,1981,0.211496242056416
FIN,ECU_XDC,EOP_RT,A,1982,0.195308658914146
FIN,ECU_XDC,EOP_RT,A,1983,0.208021561305976
FIN,ECU_XDC,EOP_RT,A,1984,0.216023919896602
FIN,ECU_XDC,EOP_RT,A,1985,0.207910828210081
FIN,ECU_XDC,EOP_RT,A,1986,0.194874884088419
FIN,ECU_XDC,EOP_RT,A,1987,0.194430862368536
FIN,ECU_XDC,EOP_RT,A,1988,0.204558822464503
FIN,ECU_XDC,EOP_RT,A,1989,0.205819632434951
FIN,ECU_XDC,EOP_RT,A,1990,0.201847624340256
FIN,ECU_XDC,EOP_RT,A,1991,0.180442237579741
FIN,ECU_XDC,EOP_RT,A,1992,0.157451291852423
FIN,ECU_XDC,EOP_RT,A,1993,0.154357517385096
FIN,ECU_XDC,EOP_RT,A,1994,0.171399412137861
FIN,ECU_XDC,EOP_RT,A,1995,0.174573494049993
FIN,ECU_XDC,EOP_RT,A,1996,0.171857913910367
FIN,ECU_XDC,EOP_RT,A,1997,0.167067876077905
FIN,ECU_XDC,EOP_RT,A,1998,0.16818713442424
FIN,ECU_XDC,PA_RT,A,1957,
FIN,ECU_XDC,PA_RT,A,1963,
FIN,ECU_XDC,PA_RT,A,1973,
FIN,ECU_XDC,PA_RT,A,1978,0.190645214047822
FIN,ECU_XDC,PA_RT,A,1979,0.187308656370679
FIN,ECU_XDC,PA_RT,A,1980,0.192731070687831
FIN,ECU_XDC,PA_RT,A,1981,0.207345537568635
FIN,ECU_XDC,PA_RT,A,1982,0.21142395521159
FIN,ECU_XDC,PA_RT,A,1983,0.201429243666247
FIN,ECU_XDC,PA_RT,A,1984,0.210888603964386
FIN,ECU_XDC,PA_RT,A,1985,0.211685704806361
FIN,ECU_XDC,PA_RT,A,1986,0.201038533783932
FIN,ECU_XDC,PA_RT,A,1987,0.197088065655315
FIN,ECU_XDC,PA_RT,A,1988,0.201939154273247
FIN,ECU_XDC,PA_RT,A,1989,0.211386454178362
FIN,ECU_XDC,PA_RT,A,1990,0.205451792122237
FIN,ECU_XDC,PA_RT,A,1991,0.199338600262236
FIN,ECU_XDC,PA_RT,A,1992,0.172147406251111
FIN,ECU_XDC,PA_RT,A,1993,0.149335551375561
FIN,ECU_XDC,PA_RT,A,1994,0.161070816541054
FIN,ECU_XDC,PA_RT,A,1995,0.175063997075575
FIN,ECU_XDC,PA_RT,A,1996,0.171689153410081
FIN,ECU_XDC,PA_RT,A,1997,0.169854924417192
FIN,ECU_XDC,PA_RT,A,1998,0.167071519533919
FJI,ECU_XDC,EOP_RT,A,1957,
FJI,ECU_XDC,EOP_RT,A,1969,
FJI,ECU_XDC,EOP_RT,A,1974,
FJI,ECU_XDC,EOP_RT,A,1977,
FJI,ECU_XDC,EOP_RT,A,1979,0.824745128528154
FJI,ECU_XDC,EOP_RT,A,1980,0.965256567627717
FJI,ECU_XDC,EOP_RT,A,1981,1.05105049760413
FJI,ECU_XDC,EOP_RT,A,1982,1.09083393726448
FJI,ECU_XDC,EOP_RT,A,1983,1.1551849180024
FJI,ECU_XDC,EOP_RT,A,1984,1.23416560868952
FJI,ECU_XDC,EOP_RT,A,1985,1.0051807635995
FJI,ECU_XDC,EOP_RT,A,1986,0.815676382660684
FJI,ECU_XDC,EOP_RT,A,1987,0.532607027773514
FJI,ECU_XDC,EOP_RT,A,1988,0.607027119222242
FJI,ECU_XDC,EOP_RT,A,1989,0.559231411862992
FJI,ECU_XDC,EOP_RT,A,1990,0.502677327074012
FJI,ECU_XDC,EOP_RT,A,1991,0.50637631441569
FJI,ECU_XDC,EOP_RT,A,1992,0.5278718308696
FJI,ECU_XDC,EOP_RT,A,1993,0.579479807494842
FJI,ECU_XDC,EOP_RT,A,1994,0.57697310656564
FJI,ECU_XDC,EOP_RT,A,1995,0.532322863403945
FJI,ECU_XDC,EOP_RT,A,1996,0.576700532326676
FJI,ECU_XDC,EOP_RT,A,1997,0.584580831544724
FJI,ECU_XDC,EOP_RT,A,1998,0.431540604242554
FJI,ECU_XDC,PA_RT,A,1957,
FJI,ECU_XDC,PA_RT,A,1969,
FJI,ECU_XDC,PA_RT,A,1974,
FJI,ECU_XDC,PA_RT,A,1977,
FJI,ECU_XDC,PA_RT,A,1978,0.926992217693944
FJI,ECU_XDC,PA_RT,A,1979,0.873030866249998
FJI,ECU_XDC,PA_RT,A,1980,0.878892432169638
FJI,ECU_XDC,PA_RT,A,1981,1.046945940289
FJI,ECU_XDC,PA_RT,A,1982,1.09298409103606
FJI,ECU_XDC,PA_RT,A,1983,1.10320082812896
FJI,ECU_XDC,PA_RT,A,1984,1.17074119058968
FJI,ECU_XDC,PA_RT,A,1985,1.13735963697777
FJI,ECU_XDC,PA_RT,A,1986,0.899637748685999
FJI,ECU_XDC,PA_RT,A,1987,0.696472725306769
FJI,ECU_XDC,PA_RT,A,1988,0.590577104928093
FJI,ECU_XDC,PA_RT,A,1989,0.611531392666772
FJI,ECU_XDC,PA_RT,A,1990,0.530448736600848
FJI,ECU_XDC,PA_RT,A,1991,0.54631632218533
FJI,ECU_XDC,PA_RT,A,1992,0.513059667667619
FJI,ECU_XDC,PA_RT,A,1993,0.553289698989599
FJI,ECU_XDC,PA_RT,A,1994,0.57464726275926
FJI,ECU_XDC,PA_RT,A,1995,0.543573918390622
FJI,ECU_XDC,PA_RT,A,1996,0.562005779695631
FJI,ECU_XDC,PA_RT,A,1997,0.610795919816971
FJI,ECU_XDC,PA_RT,A,1998,0.449382781131105
FRA,ECU_XDC,EOP_RT,A,1960,
FRA,ECU_XDC,EOP_RT,A,1979,0.172519744184668
FRA,ECU_XDC,EOP_RT,A,1980,0.169085902839085
FRA,ECU_XDC,EOP_RT,A,1981,0.160314740185912
FRA,ECU_XDC,EOP_RT,A,1982,0.153662173126111
FRA,ECU_XDC,EOP_RT,A,1983,0.144786495492601
FRA,ECU_XDC,EOP_RT,A,1984,0.147063823699418
FRA,ECU_XDC,EOP_RT,A,1985,0.148955555669093
FRA,ECU_XDC,EOP_RT,A,1986,0.144729697028641
FRA,ECU_XDC,EOP_RT,A,1987,0.143674940619147
FRA,ECU_XDC,EOP_RT,A,1988,0.140750244405762
FRA,ECU_XDC,EOP_RT,A,1989,0.144336884598042
FRA,ECU_XDC,EOP_RT,A,1990,0.14301311500341
FRA,ECU_XDC,EOP_RT,A,1991,0.143970611567002
FRA,ECU_XDC,EOP_RT,A,1992,0.149974035370191
FRA,ECU_XDC,EOP_RT,A,1993,0.151451286458161
FRA,ECU_XDC,EOP_RT,A,1994,0.152072894061411
FRA,ECU_XDC,EOP_RT,A,1995,0.155284904319653
FRA,ECU_XDC,EOP_RT,A,1996,0.152394685203046
FRA,ECU_XDC,EOP_RT,A,1997,0.151237426872547
FRA,ECU_XDC,EOP_RT,A,1998,0.15244866456056
FRA,ECU_XDC,PA_RT,A,1960,
FRA,ECU_XDC,PA_RT,A,1978,0.173926989122737
FRA,ECU_XDC,PA_RT,A,1979,0.171499340545026
FRA,ECU_XDC,PA_RT,A,1980,0.170131391489337
FRA,ECU_XDC,PA_RT,A,1981,0.164638880316814
FRA,ECU_XDC,PA_RT,A,1982,0.155072436119904
FRA,ECU_XDC,PA_RT,A,1983,0.147216209805521
FRA,ECU_XDC,PA_RT,A,1984,0.145031011184132
FRA,ECU_XDC,PA_RT,A,1985,0.146018151776589
FRA,ECU_XDC,PA_RT,A,1986,0.147149202874876
FRA,ECU_XDC,PA_RT,A,1987,0.144128338170715
FRA,ECU_XDC,PA_RT,A,1988,0.141797229696885
FRA,ECU_XDC,PA_RT,A,1989,0.14217629427597
FRA,ECU_XDC,PA_RT,A,1990,0.144261943508516
FRA,ECU_XDC,PA_RT,A,1991,0.142875660713558
FRA,ECU_XDC,PA_RT,A,1992,0.145665055554441
FRA,ECU_XDC,PA_RT,A,1993,0.15062927439989
FRA,ECU_XDC,PA_RT,A,1994,0.151539734203776
FRA,ECU_XDC,PA_RT,A,1995,0.153150115334141
FRA,ECU_XDC,PA_RT,A,1996,0.154170509590541
FRA,ECU_XDC,PA_RT,A,1997,0.151077159785169
FRA,ECU_XDC,PA_RT,A,1998,0.151341440503161
FRO,ECU_XDC,EOP_RT,A,1971,
FRO,ECU_XDC,EOP_RT,A,1973,
FRO,ECU_XDC,EOP_RT,A,1979,0.129269221170385
FRO,ECU_XDC,EOP_RT,A,1980,0.126947952980743
FRO,ECU_XDC,EOP_RT,A,1981,0.125800563352097
FRO,ECU_XDC,EOP_RT,A,1982,0.123255977366733
FRO,ECU_XDC,EOP_RT,A,1983,0.122390407187818
FRO,ECU_XDC,EOP_RT,A,1984,0.125278525481777
FRO,ECU_XDC,EOP_RT,A,1985,0.125571742269374
FRO,ECU_XDC,EOP_RT,A,1986,0.127235981521264
FRO,ECU_XDC,EOP_RT,A,1987,0.125846663316041
FRO,ECU_XDC,EOP_RT,A,1988,0.12406251539926
FRO,ECU_XDC,EOP_RT,A,1989,0.126435397359586
FRO,ECU_XDC,EOP_RT,A,1990,0.126993467252855
FRO,ECU_XDC,EOP_RT,A,1991,0.126112753516035
FRO,ECU_XDC,EOP_RT,A,1992,0.132016949207251
FRO,ECU_XDC,EOP_RT,A,1993,0.131839211415886
FRO,ECU_XDC,EOP_RT,A,1994,0.133648149211294
FRO,ECU_XDC,EOP_RT,A,1995,0.137197264905572
FRO,ECU_XDC,EOP_RT,A,1996,0.13425703867581
FRO,ECU_XDC,EOP_RT,A,1997,0.132672844397231
FRO,ECU_XDC,EOP_RT,A,1998,0.134202088315341
FRO,ECU_XDC,PA_RT,A,1971,
FRO,ECU_XDC,PA_RT,A,1973,
FRO,ECU_XDC,PA_RT,A,1978,0.142339668542505
FRO,ECU_XDC,PA_RT,A,1979,0.138687593884336
FRO,ECU_XDC,PA_RT,A,1980,0.127556848009278
FRO,ECU_XDC,PA_RT,A,1981,0.125607437161626
FRO,ECU_XDC,PA_RT,A,1982,0.122311274187453
FRO,ECU_XDC,PA_RT,A,1983,0.122687664883957
FRO,ECU_XDC,PA_RT,A,1984,0.122380079337215
FRO,ECU_XDC,PA_RT,A,1985,0.123816294174786
FRO,ECU_XDC,PA_RT,A,1986,0.125963405944119
FRO,ECU_XDC,PA_RT,A,1987,0.12664814299224
FRO,ECU_XDC,PA_RT,A,1988,0.125480901548948
FRO,ECU_XDC,PA_RT,A,1989,0.124087986829642
FRO,ECU_XDC,PA_RT,A,1990,0.126935210452354
FRO,ECU_XDC,PA_RT,A,1991,0.126026170196733
FRO,ECU_XDC,PA_RT,A,1992,0.127751316094875
FRO,ECU_XDC,PA_RT,A,1993,0.131563267904352
FRO,ECU_XDC,PA_RT,A,1994,0.132277114891879
FRO,ECU_XDC,PA_RT,A,1995,0.136450569205278
FRO,ECU_XDC,PA_RT,A,1996,0.136007478261006
FRO,ECU_XDC,PA_RT,A,1997,0.133514460047273
FRO,ECU_XDC,PA_RT,A,1998,0.13324344050052
FSM,ECU_XDC,EOP_RT,A,1979,0.693529371449844
FSM,ECU_XDC,EOP_RT,A,1980,0.763591937052224
FSM,ECU_XDC,EOP_RT,A,1981,0.921489126428308
FSM,ECU_XDC,EOP_RT,A,1982,1.03337811411944
FSM,ECU_XDC,EOP_RT,A,1983,1.2086052709797
FSM,ECU_XDC,EOP_RT,A,1984,1.41063619692481
FSM,ECU_XDC,EOP_RT,A,1985,1.12625295641401
FSM,ECU_XDC,EOP_RT,A,1986,0.93423019431988
FSM,ECU_XDC,EOP_RT,A,1987,0.767224182906245
FSM,ECU_XDC,EOP_RT,A,1988,0.852805730854511
FSM,ECU_XDC,EOP_RT,A,1989,0.835421888053467
FSM,ECU_XDC,EOP_RT,A,1990,0.73351426685249
FSM,ECU_XDC,EOP_RT,A,1991,0.745767767917071
FSM,ECU_XDC,EOP_RT,A,1992,0.825832025765959
FSM,ECU_XDC,EOP_RT,A,1993,0.892881059314089
FSM,ECU_XDC,EOP_RT,A,1994,0.812981691652304
FSM,ECU_XDC,EOP_RT,A,1995,0.760896031166301
FSM,ECU_XDC,EOP_RT,A,1996,0.798090966408351
FSM,ECU_XDC,EOP_RT,A,1997,0.905624835855498
FSM,ECU_XDC,EOP_RT,A,1998,0.857081637025927
FSM,ECU_XDC,PA_RT,A,1978,0.784949894493872
FSM,ECU_XDC,PA_RT,A,1979,0.729629652637058
FSM,ECU_XDC,PA_RT,A,1980,0.718902954436601
FSM,ECU_XDC,PA_RT,A,1981,0.894747830836945
FSM,ECU_XDC,PA_RT,A,1982,1.01915155728147
FSM,ECU_XDC,PA_RT,A,1983,1.12197767285412
FSM,ECU_XDC,PA_RT,A,1984,1.26744050977882
FSM,ECU_XDC,PA_RT,A,1985,1.3120059477603
FSM,ECU_XDC,PA_RT,A,1986,1.01916886778832
FSM,ECU_XDC,PA_RT,A,1987,0.866313403312202
FSM,ECU_XDC,PA_RT,A,1988,0.844677825799279
FSM,ECU_XDC,PA_RT,A,1989,0.907104899122379
FSM,ECU_XDC,PA_RT,A,1990,0.785545954438335
FSM,ECU_XDC,PA_RT,A,1991,0.80612114657298
FSM,ECU_XDC,PA_RT,A,1992,0.771123977457478
FSM,ECU_XDC,PA_RT,A,1993,0.853048225659688
FSM,ECU_XDC,PA_RT,A,1994,0.841355423587402
FSM,ECU_XDC,PA_RT,A,1995,0.764446120563344
FSM,ECU_XDC,PA_RT,A,1996,0.788662710646879
FSM,ECU_XDC,PA_RT,A,1997,0.881790799541765
FSM,ECU_XDC,PA_RT,A,1998,0.892841199264299
G129,ECU_XDC,EOP_RT,A,1990,
G129,ECU_XDC,PA_RT,A,1978,0.0249253085675648
G129,ECU_XDC,PA_RT,A,1979,0.0248861812495547
G129,ECU_XDC,PA_RT,A,1980,0.0245848830251059
G129,ECU_XDC,PA_RT,A,1981,0.0240981929572244
G129,ECU_XDC,PA_RT,A,1982,0.0223055054882667
G129,ECU_XDC,PA_RT,A,1983,0.0219429122110709
G129,ECU_XDC,PA_RT,A,1984,0.0219341398592913
G129,ECU_XDC,PA_RT,A,1985,0.0220958258573933
G129,ECU_XDC,PA_RT,A,1986,0.0228145318991608
G129,ECU_XDC,PA_RT,A,1987,0.023204357144045
G129,ECU_XDC,PA_RT,A,1988,0.0229729701953478
G129,ECU_XDC,PA_RT,A,1989,0.0230206298630184
G129,ECU_XDC,PA_RT,A,1990,0.0235067303050011
G129,ECU_XDC,PA_RT,A,1991,0.0236065141426861
G129,ECU_XDC,PA_RT,A,1992,0.0239855667259982
G129,ECU_XDC,PA_RT,A,1993,0.0246570523599525
G129,ECU_XDC,PA_RT,A,1994,0.0251477436808023
G129,ECU_XDC,PA_RT,A,1995,0.025930993500004
G129,ECU_XDC,PA_RT,A,1996,0.0254723566692653
G129,ECU_XDC,PA_RT,A,1997,0.0246490045952769
G129,ECU_XDC,PA_RT,A,1998,0.0245970972677411
G309,ECU_XDC,EOP_RT,A,1976,
G309,ECU_XDC,EOP_RT,A,1979,0.256862730166609
G309,ECU_XDC,EOP_RT,A,1980,0.282811828537861
G309,ECU_XDC,EOP_RT,A,1981,0.341292269047522
G309,ECU_XDC,EOP_RT,A,1982,0.38273263485905
G309,ECU_XDC,EOP_RT,A,1983,0.447631581844334
G309,ECU_XDC,EOP_RT,A,1984,0.522457850712894
G309,ECU_XDC,EOP_RT,A,1985,0.417130724597782
G309,ECU_XDC,EOP_RT,A,1986,0.346011183081437
G309,ECU_XDC,EOP_RT,A,1987,0.284157104780091
G309,ECU_XDC,EOP_RT,A,1988,0.31585397439056
G309,ECU_XDC,EOP_RT,A,1989,0.309415514093877
G309,ECU_XDC,EOP_RT,A,1990,0.271671950686108
G309,ECU_XDC,EOP_RT,A,1991,0.27621028441373
G309,ECU_XDC,EOP_RT,A,1992,0.305863713246652
G309,ECU_XDC,EOP_RT,A,1993,0.330696688634848
G309,ECU_XDC,EOP_RT,A,1994,0.301104330241594
G309,ECU_XDC,EOP_RT,A,1995,0.281813344876408
G309,ECU_XDC,EOP_RT,A,1996,0.295589246817908
G309,ECU_XDC,EOP_RT,A,1997,0.335416605872407
G309,ECU_XDC,EOP_RT,A,1998,0.317437643342936
G309,ECU_XDC,PA_RT,A,1976,
G309,ECU_XDC,PA_RT,A,1978,0.290722183145879
G309,ECU_XDC,PA_RT,A,1979,0.270233204680392
G309,ECU_XDC,PA_RT,A,1980,0.266260353495038
G309,ECU_XDC,PA_RT,A,1981,0.331388085495165
G309,ECU_XDC,PA_RT,A,1982,0.377463539733878
G309,ECU_XDC,PA_RT,A,1983,0.415547286242267
G309,ECU_XDC,PA_RT,A,1984,0.469422411029192
G309,ECU_XDC,PA_RT,A,1985,0.48592812880011
G309,ECU_XDC,PA_RT,A,1986,0.377469951032711
G309,ECU_XDC,PA_RT,A,1987,0.320856816041556
G309,ECU_XDC,PA_RT,A,1988,0.312843639184918
G309,ECU_XDC,PA_RT,A,1989,0.335964777452733
G309,ECU_XDC,PA_RT,A,1990,0.290942946088272
G309,ECU_XDC,PA_RT,A,1991,0.298563387619622
G309,ECU_XDC,PA_RT,A,1992,0.285601473132399
G309,ECU_XDC,PA_RT,A,1993,0.315943787281366
G309,ECU_XDC,PA_RT,A,1994,0.311613119847186
G309,ECU_XDC,PA_RT,A,1995,0.283128192801239
G309,ECU_XDC,PA_RT,A,1996,0.292097300239585
G309,ECU_XDC,PA_RT,A,1997,0.326589185015469
G309,ECU_XDC,PA_RT,A,1998,0.330681925653444
G758,ECU_XDC,EOP_RT,A,1979,0.00345039488369335
G758,ECU_XDC,EOP_RT,A,1980,0.00338171805678171
G758,ECU_XDC,EOP_RT,A,1981,0.00320629480371824
G758,ECU_XDC,EOP_RT,A,1982,0.00307324346252223
G758,ECU_XDC,EOP_RT,A,1983,0.00289572990985202
G758,ECU_XDC,EOP_RT,A,1984,0.00294127647398835
G758,ECU_XDC,EOP_RT,A,1985,0.00297911111338186
G758,ECU_XDC,EOP_RT,A,1986,0.00289459394057283
G758,ECU_XDC,EOP_RT,A,1987,0.00287349881238294
G758,ECU_XDC,EOP_RT,A,1988,0.00281500488811524
G758,ECU_XDC,EOP_RT,A,1989,0.00288673769196084
G758,ECU_XDC,EOP_RT,A,1990,0.0028602623000682
G758,ECU_XDC,EOP_RT,A,1991,0.00287941223134004
G758,ECU_XDC,EOP_RT,A,1992,0.00299948070740383
G758,ECU_XDC,EOP_RT,A,1993,0.00302902572916322
G758,ECU_XDC,EOP_RT,A,1994,0.00152072894061411
G758,ECU_XDC,EOP_RT,A,1995,0.00155284904319653
G758,ECU_XDC,EOP_RT,A,1996,0.00152394685203046
G758,ECU_XDC,EOP_RT,A,1997,0.00151237426872547
G758,ECU_XDC,EOP_RT,A,1998,0.0015244866456056
G758,ECU_XDC,EOP_RT,A,1999,
G758,ECU_XDC,PA_RT,A,1978,0.00347853978245473
G758,ECU_XDC,PA_RT,A,1979,0.00342998681090051
G758,ECU_XDC,PA_RT,A,1980,0.00340262782978674
G758,ECU_XDC,PA_RT,A,1981,0.00329277760633627
G758,ECU_XDC,PA_RT,A,1982,0.00310144872239807
G758,ECU_XDC,PA_RT,A,1983,0.00294432419611042
G758,ECU_XDC,PA_RT,A,1984,0.00290062022368264
G758,ECU_XDC,PA_RT,A,1985,0.00292036303553178
G758,ECU_XDC,PA_RT,A,1986,0.00294298405749751
G758,ECU_XDC,PA_RT,A,1987,0.0028825667634143
G758,ECU_XDC,PA_RT,A,1988,0.00283594459393771
G758,ECU_XDC,PA_RT,A,1989,0.00284352588551941
G758,ECU_XDC,PA_RT,A,1990,0.00288523887017032
G758,ECU_XDC,PA_RT,A,1991,0.00285751321427117
G758,ECU_XDC,PA_RT,A,1992,0.00291330111108881
G758,ECU_XDC,PA_RT,A,1993,0.0030125854879978
G758,ECU_XDC,PA_RT,A,1994,0.00151539734203776
G758,ECU_XDC,PA_RT,A,1995,0.00153150115334141
G758,ECU_XDC,PA_RT,A,1996,0.00154170509590541
G758,ECU_XDC,PA_RT,A,1997,0.00151077159785169
G758,ECU_XDC,PA_RT,A,1998,0.00151341440503161
G758,ECU_XDC,PA_RT,A,1999,
G759,ECU_XDC,EOP_RT,A,1979,0.00345039488369335
G759,ECU_XDC,EOP_RT,A,1980,0.00338171805678171
G759,ECU_XDC,EOP_RT,A,1981,0.00320629480371824
G759,ECU_XDC,EOP_RT,A,1982,0.00307324346252223
G759,ECU_XDC,EOP_RT,A,1983,0.00289572990985202
G759,ECU_XDC,EOP_RT,A,1984,0.00294127647398835
G759,ECU_XDC,EOP_RT,A,1985,0.00297911111338186
G759,ECU_XDC,EOP_RT,A,1986,0.00289459394057283
G759,ECU_XDC,EOP_RT,A,1987,0.00287349881238294
G759,ECU_XDC,EOP_RT,A,1988,0.00281500488811524
G759,ECU_XDC,EOP_RT,A,1989,0.00288673769196084
G759,ECU_XDC,EOP_RT,A,1990,0.0028602623000682
G759,ECU_XDC,EOP_RT,A,1991,0.00287941223134004
G759,ECU_XDC,EOP_RT,A,1992,0.00299948070740383
G759,ECU_XDC,EOP_RT,A,1993,0.00302902572916322
G759,ECU_XDC,EOP_RT,A,1994,0.00152072894061411
G759,ECU_XDC,EOP_RT,A,1995,0.00155284904319653
G759,ECU_XDC,EOP_RT,A,1996,0.00152394685203046
G759,ECU_XDC,EOP_RT,A,1997,0.00151237426872547
G759,ECU_XDC,EOP_RT,A,1998,0.0015244866456056
G759,ECU_XDC,EOP_RT,A,1999,
G759,ECU_XDC,PA_RT,A,1978,0.00347853978245473
G759,ECU_XDC,PA_RT,A,1979,0.00342998681090051
G759,ECU_XDC,PA_RT,A,1980,0.00340262782978674
G759,ECU_XDC,PA_RT,A,1981,0.00329277760633627
G759,ECU_XDC,PA_RT,A,1982,0.00310144872239807
G759,ECU_XDC,PA_RT,A,1983,0.00294432419611042
G759,ECU_XDC,PA_RT,A,1984,0.00290062022368264
G759,ECU_XDC,PA_RT,A,1985,0.00292036303553178
G759,ECU_XDC,PA_RT,A,1986,0.00294298405749751
G759,ECU_XDC,PA_RT,A,1987,0.0028825667634143
G759,ECU_XDC,PA_RT,A,1988,0.00283594459393771
G759,ECU_XDC,PA_RT,A,1989,0.00284352588551941
G759,ECU_XDC,PA_RT,A,1990,0.00288523887017032
G759,ECU_XDC,PA_RT,A,1991,0.00285751321427117
G759,ECU_XDC,PA_RT,A,1992,0.00291330111108881
G759,ECU_XDC,PA_RT,A,1993,0.0030125854879978
G759,ECU_XDC,PA_RT,A,1994,0.00151539734203776
G759,ECU_XDC,PA_RT,A,1995,0.00153150115334141
G759,ECU_XDC,PA_RT,A,1996,0.00154170509590541
G759,ECU_XDC,PA_RT,A,1997,0.00151077159785169
G759,ECU_XDC,PA_RT,A,1998,0.00151341440503161
G759,ECU_XDC,PA_RT,A,1999,
GAB,ECU_XDC,EOP_RT,A,1979,0.00345039732437655
GAB,ECU_XDC,EOP_RT,A,1980,0.00338172044888543
GAB,ECU_XDC,EOP_RT,A,1981,0.00320629707173397
GAB,ECU_XDC,EOP_RT,A,1982,0.00307324563642229
GAB,ECU_XDC,EOP_RT,A,1983,0.00289573195818549
GAB,ECU_XDC,EOP_RT,A,1984,0.0029412785545398
GAB,ECU_XDC,EOP_RT,A,1985,0.00297911322069614
GAB,ECU_XDC,EOP_RT,A,1986,0.00289459598810276
GAB,ECU_XDC,EOP_RT,A,1987,0.00287350084499095
GAB,ECU_XDC,EOP_RT,A,1988,0.00281500687934678
GAB,ECU_XDC,EOP_RT,A,1989,0.00288673973393355
GAB,ECU_XDC,EOP_RT,A,1990,0.00286026432331318
GAB,ECU_XDC,EOP_RT,A,1991,0.00287941426813098
GAB,ECU_XDC,EOP_RT,A,1992,0.00299948282912682
GAB,ECU_XDC,EOP_RT,A,1993,0.00302902787178529
GAB,ECU_XDC,EOP_RT,A,1994,0.00152073001632217
GAB,ECU_XDC,EOP_RT,A,1995,0.00155285014162517
GAB,ECU_XDC,EOP_RT,A,1996,0.00152394793001475
GAB,ECU_XDC,EOP_RT,A,1997,0.00151237533852373
GAB,ECU_XDC,EOP_RT,A,1998,0.00152448772397172
GAB,ECU_XDC,EOP_RT,A,1999,
GAB,ECU_XDC,PA_RT,A,1978,0.00347852652122593
GAB,ECU_XDC,PA_RT,A,1979,0.00342997373477008
GAB,ECU_XDC,PA_RT,A,1980,0.00340261485795689
GAB,ECU_XDC,PA_RT,A,1981,0.00329276505328815
GAB,ECU_XDC,PA_RT,A,1982,0.0031014368987526
GAB,ECU_XDC,PA_RT,A,1983,0.0029443129714704
GAB,ECU_XDC,PA_RT,A,1984,0.00290060916565517
GAB,ECU_XDC,PA_RT,A,1985,0.00292035190223884
GAB,ECU_XDC,PA_RT,A,1986,0.0029429728379665
GAB,ECU_XDC,PA_RT,A,1987,0.00288255577421199
GAB,ECU_XDC,PA_RT,A,1988,0.00283593378247298
GAB,ECU_XDC,PA_RT,A,1989,0.00284351504515254
GAB,ECU_XDC,PA_RT,A,1990,0.00288522787078115
GAB,ECU_XDC,PA_RT,A,1991,0.00285750232058045
GAB,ECU_XDC,PA_RT,A,1992,0.00291329000471803
GAB,ECU_XDC,PA_RT,A,1993,0.00301257400312542
GAB,ECU_XDC,PA_RT,A,1994,0.00151539680800747
GAB,ECU_XDC,PA_RT,A,1995,0.00153150061363609
GAB,ECU_XDC,PA_RT,A,1996,0.0015417045526042
GAB,ECU_XDC,PA_RT,A,1997,0.00151077106545153
GAB,ECU_XDC,PA_RT,A,1998,0.00151341387170011
GAB,ECU_XDC,PA_RT,A,1999,
GBR,ECU_XDC,EOP_RT,A,1971,
GBR,ECU_XDC,EOP_RT,A,1972,
GBR,ECU_XDC,EOP_RT,A,1974,
GBR,ECU_XDC,EOP_RT,A,1979,1.54240932141092
GBR,ECU_XDC,EOP_RT,A,1980,1.82116676910596
GBR,ECU_XDC,EOP_RT,A,1981,1.75820125230372
GBR,ECU_XDC,EOP_RT,A,1982,1.66838896421245
GBR,ECU_XDC,EOP_RT,A,1983,1.75320280487455
GBR,ECU_XDC,EOP_RT,A,1984,1.63140076033291
GBR,ECU_XDC,EOP_RT,A,1985,1.62687239441379
GBR,ECU_XDC,EOP_RT,A,1986,1.37752242152466
GBR,ECU_XDC,EOP_RT,A,1987,1.43586005830904
GBR,ECU_XDC,EOP_RT,A,1988,1.54315196998124
GBR,ECU_XDC,EOP_RT,A,1989,1.34126984126984
GBR,ECU_XDC,EOP_RT,A,1990,1.4142155064916
GBR,ECU_XDC,EOP_RT,A,1991,1.39510776344246
GBR,ECU_XDC,EOP_RT,A,1992,1.24865802295813
GBR,ECU_XDC,EOP_RT,A,1993,1.32253542505603
GBR,ECU_XDC,EOP_RT,A,1994,1.27028389320673
GBR,ECU_XDC,EOP_RT,A,1995,1.17938884830777
GBR,ECU_XDC,EOP_RT,A,1996,1.35515846096138
GBR,ECU_XDC,EOP_RT,A,1997,1.49772235353782
GBR,ECU_XDC,EOP_RT,A,1998,1.42575530319263
GBR,ECU_XDC,PA_RT,A,1971,
GBR,ECU_XDC,PA_RT,A,1972,
GBR,ECU_XDC,PA_RT,A,1974,
GBR,ECU_XDC,PA_RT,A,1978,1.5051639450258
GBR,ECU_XDC,PA_RT,A,1979,1.54523243553542
GBR,ECU_XDC,PA_RT,A,1980,1.67072114736942
GBR,ECU_XDC,PA_RT,A,1981,1.79797732363119
GBR,ECU_XDC,PA_RT,A,1982,1.78034273179107
GBR,ECU_XDC,PA_RT,A,1983,1.70067586216945
GBR,ECU_XDC,PA_RT,A,1984,1.68585963210568
GBR,ECU_XDC,PA_RT,A,1985,1.68368647151377
GBR,ECU_XDC,PA_RT,A,1986,1.49395023696221
GBR,ECU_XDC,PA_RT,A,1987,1.41571480122564
GBR,ECU_XDC,PA_RT,A,1988,1.50253050745776
GBR,ECU_XDC,PA_RT,A,1989,1.48420376910191
GBR,ECU_XDC,PA_RT,A,1990,1.39484695213733
GBR,ECU_XDC,PA_RT,A,1991,1.42169197053986
GBR,ECU_XDC,PA_RT,A,1992,1.35338529292888
GBR,ECU_XDC,PA_RT,A,1993,1.27939983700951
GBR,ECU_XDC,PA_RT,A,1994,1.28760509324595
GBR,ECU_XDC,PA_RT,A,1995,1.20638248388343
GBR,ECU_XDC,PA_RT,A,1996,1.23044317550272
GBR,ECU_XDC,PA_RT,A,1997,1.44358000303363
GBR,ECU_XDC,PA_RT,A,1998,1.47864576324896
GEO,ECU_XDC,EOP_RT,A,1995,0.618614659484798
GEO,ECU_XDC,EOP_RT,A,1996,0.625463139818457
GEO,ECU_XDC,EOP_RT,A,1997,0.694497573508818
GEO,ECU_XDC,EOP_RT,A,1998,0.476156465014404
GEO,ECU_XDC,PA_RT,A,1996,0.624534930825846
GEO,ECU_XDC,PA_RT,A,1997,0.679607552633345
GEO,ECU_XDC,PA_RT,A,1998,0.642416529228771
GGY,ECU_XDC,EOP_RT,A,1972,
GGY,ECU_XDC,EOP_RT,A,1974,
GGY,ECU_XDC,EOP_RT,A,1979,1.54240932141092
GGY,ECU_XDC,EOP_RT,A,1980,1.82116676910596
GGY,ECU_XDC,EOP_RT,A,1981,1.75820125230372
GGY,ECU_XDC,EOP_RT,A,1982,1.66838896421245
GGY,ECU_XDC,EOP_RT,A,1983,1.75320280487455
GGY,ECU_XDC,EOP_RT,A,1984,1.63140076033291
GGY,ECU_XDC,EOP_RT,A,1985,1.62687239441379
GGY,ECU_XDC,EOP_RT,A,1986,1.37752242152466
GGY,ECU_XDC,EOP_RT,A,1987,1.43586005830904
GGY,ECU_XDC,EOP_RT,A,1988,1.54315196998124
GGY,ECU_XDC,EOP_RT,A,1989,1.34126984126984
GGY,ECU_XDC,EOP_RT,A,1990,1.4142155064916
GGY,ECU_XDC,EOP_RT,A,1991,1.39510776344246
GGY,ECU_XDC,EOP_RT,A,1992,1.24865802295813
GGY,ECU_XDC,EOP_RT,A,1993,1.32253542505603
GGY,ECU_XDC,EOP_RT,A,1994,1.27028389320673
GGY,ECU_XDC,EOP_RT,A,1995,1.17938884830777
GGY,ECU_XDC,EOP_RT,A,1996,1.35515846096138
GGY,ECU_XDC,EOP_RT,A,1997,1.49772235353782
GGY,ECU_XDC,EOP_RT,A,1998,1.42575530319263
GGY,ECU_XDC,PA_RT,A,1972,
GGY,ECU_XDC,PA_RT,A,1974,
GGY,ECU_XDC,PA_RT,A,1978,1.5051639450258
GGY,ECU_XDC,PA_RT,A,1979,1.54523243553542
GGY,ECU_XDC,PA_RT,A,1980,1.67072114736942
GGY,ECU_XDC,PA_RT,A,1981,1.79797732363119
GGY,ECU_XDC,PA_RT,A,1982,1.78034273179107
GGY,ECU_XDC,PA_RT,A,1983,1.70067586216945
GGY,ECU_XDC,PA_RT,A,1984,1.68585963210568
GGY,ECU_XDC,PA_RT,A,1985,1.68368647151377
GGY,ECU_XDC,PA_RT,A,1986,1.49395023696221
GGY,ECU_XDC,PA_RT,A,1987,1.41571480122564
GGY,ECU_XDC,PA_RT,A,1988,1.50253050745776
GGY,ECU_XDC,PA_RT,A,1989,1.48420376910191
GGY,ECU_XDC,PA_RT,A,1990,1.39484695213733
GGY,ECU_XDC,PA_RT,A,1991,1.42169197053986
GGY,ECU_XDC,PA_RT,A,1992,1.35338529292888
GGY,ECU_XDC,PA_RT,A,1993,1.27939983700951
GGY,ECU_XDC,PA_RT,A,1994,1.28760509324594
GGY,ECU_XDC,PA_RT,A,1995,1.20638248388343
GGY,ECU_XDC,PA_RT,A,1996,1.23044317550272
GGY,ECU_XDC,PA_RT,A,1997,1.44358000303363
GGY,ECU_XDC,PA_RT,A,1998,1.47864576324896
GHA,ECU_XDC,EOP_RT,A,1979,2521.95019940491
GHA,ECU_XDC,EOP_RT,A,1980,2776.72571226078
GHA,ECU_XDC,EOP_RT,A,1981,3350.903050129
GHA,ECU_XDC,EOP_RT,A,1982,3757.77616385013
GHA,ECU_XDC,EOP_RT,A,1983,402.828124731481
GHA,ECU_XDC,EOP_RT,A,1984,282.127225278601
GHA,ECU_XDC,EOP_RT,A,1985,187.746356571686
GHA,ECU_XDC,EOP_RT,A,1986,103.792974588939
GHA,ECU_XDC,EOP_RT,A,1987,43.5783335890747
GHA,ECU_XDC,EOP_RT,A,1988,37.0970492921713
GHA,ECU_XDC,EOP_RT,A,1989,27.5689223057644
GHA,ECU_XDC,EOP_RT,A,1990,21.2719137387222
GHA,ECU_XDC,EOP_RT,A,1991,19.091654858677
GHA,ECU_XDC,EOP_RT,A,1992,15.8559748947064
GHA,ECU_XDC,EOP_RT,A,1993,10.8931489236319
GHA,ECU_XDC,EOP_RT,A,1994,7.72332607069688
GHA,ECU_XDC,EOP_RT,A,1995,5.25018261504748
GHA,ECU_XDC,EOP_RT,A,1996,4.5491185085276
GHA,ECU_XDC,EOP_RT,A,1997,3.9847492777642
GHA,ECU_XDC,EOP_RT,A,1998,3.68545103921148
GHA,ECU_XDC,EOP_RT,A,2007,
GHA,ECU_XDC,PA_RT,A,1978,4453.28330916866
GHA,ECU_XDC,PA_RT,A,1979,2654.62595511747
GHA,ECU_XDC,PA_RT,A,1980,2615.59879750028
GHA,ECU_XDC,PA_RT,A,1981,3255.37867936177
GHA,ECU_XDC,PA_RT,A,1982,3707.99921080451
GHA,ECU_XDC,PA_RT,A,1983,1271.32999941774
GHA,ECU_XDC,PA_RT,A,1984,352.391358252216
GHA,ECU_XDC,PA_RT,A,1985,241.462651842622
GHA,ECU_XDC,PA_RT,A,1986,114.312721131093
GHA,ECU_XDC,PA_RT,A,1987,56.3820087001107
GHA,ECU_XDC,PA_RT,A,1988,41.7667210649447
GHA,ECU_XDC,PA_RT,A,1989,33.6145500840281
GHA,ECU_XDC,PA_RT,A,1990,24.0849601323125
GHA,ECU_XDC,PA_RT,A,1991,21.927329225368
GHA,ECU_XDC,PA_RT,A,1992,17.6518489831519
GHA,ECU_XDC,PA_RT,A,1993,13.1498783567263
GHA,ECU_XDC,PA_RT,A,1994,8.80371380358073
GHA,ECU_XDC,PA_RT,A,1995,6.37495980817348
GHA,ECU_XDC,PA_RT,A,1996,4.8222339912077
GHA,ECU_XDC,PA_RT,A,1997,4.30569739153178
GHA,ECU_XDC,PA_RT,A,1998,3.86233954495494
GHA,ECU_XDC,PA_RT,A,2007,
GIB,ECU_XDC,EOP_RT,A,1971,
GIB,ECU_XDC,EOP_RT,A,1972,
GIB,ECU_XDC,EOP_RT,A,1974,
GIB,ECU_XDC,EOP_RT,A,1979,1.54240932141092
GIB,ECU_XDC,EOP_RT,A,1980,1.82116676910596
GIB,ECU_XDC,EOP_RT,A,1981,1.75820125230372
GIB,ECU_XDC,EOP_RT,A,1982,1.66838896421245
GIB,ECU_XDC,EOP_RT,A,1983,1.75320280487455
GIB,ECU_XDC,EOP_RT,A,1984,1.63140076033291
GIB,ECU_XDC,EOP_RT,A,1985,1.62687239441379
GIB,ECU_XDC,EOP_RT,A,1986,1.37752242152466
GIB,ECU_XDC,EOP_RT,A,1987,1.43586005830904
GIB,ECU_XDC,EOP_RT,A,1988,1.54315196998124
GIB,ECU_XDC,EOP_RT,A,1989,1.34126984126984
GIB,ECU_XDC,EOP_RT,A,1990,1.4142155064916
GIB,ECU_XDC,EOP_RT,A,1991,1.39510776344246
GIB,ECU_XDC,EOP_RT,A,1992,1.24865802295813
GIB,ECU_XDC,EOP_RT,A,1993,1.32253542505603
GIB,ECU_XDC,EOP_RT,A,1994,1.27028389320673
GIB,ECU_XDC,EOP_RT,A,1995,1.17938884830777
GIB,ECU_XDC,EOP_RT,A,1996,1.35515846096138
GIB,ECU_XDC,EOP_RT,A,1997,1.49772235353782
GIB,ECU_XDC,EOP_RT,A,1998,1.42575530319263
GIB,ECU_XDC,PA_RT,A,1971,
GIB,ECU_XDC,PA_RT,A,1972,
GIB,ECU_XDC,PA_RT,A,1974,
GIB,ECU_XDC,PA_RT,A,1978,1.5051639450258
GIB,ECU_XDC,PA_RT,A,1979,1.54523243553542
GIB,ECU_XDC,PA_RT,A,1980,1.67072114736942
GIB,ECU_XDC,PA_RT,A,1981,1.79797732363119
GIB,ECU_XDC,PA_RT,A,1982,1.78034273179107
GIB,ECU_XDC,PA_RT,A,1983,1.70067586216945
GIB,ECU_XDC,PA_RT,A,1984,1.68585963210568
GIB,ECU_XDC,PA_RT,A,1985,1.68368647151377
GIB,ECU_XDC,PA_RT,A,1986,1.49395023696221
GIB,ECU_XDC,PA_RT,A,1987,1.41571480122564
GIB,ECU_XDC,PA_RT,A,1988,1.50253050745776
GIB,ECU_XDC,PA_RT,A,1989,1.48420376910191
GIB,ECU_XDC,PA_RT,A,1990,1.39484695213733
GIB,ECU_XDC,PA_RT,A,1991,1.42169197053986
GIB,ECU_XDC,PA_RT,A,1992,1.35338529292888
GIB,ECU_XDC,PA_RT,A,1993,1.27939983700951
GIB,ECU_XDC,PA_RT,A,1994,1.28760509324594
GIB,ECU_XDC,PA_RT,A,1995,1.20638248388343
GIB,ECU_XDC,PA_RT,A,1996,1.23044317550272
GIB,ECU_XDC,PA_RT,A,1997,1.44358000303363
GIB,ECU_XDC,PA_RT,A,1998,1.47864576324896
GIN,ECU_XDC,EOP_RT,A,1957,
GIN,ECU_XDC,EOP_RT,A,1958,
GIN,ECU_XDC,EOP_RT,A,1971,
GIN,ECU_XDC,EOP_RT,A,1979,0.0370101627721426
GIN,ECU_XDC,EOP_RT,A,1980,0.0394523344498953
GIN,ECU_XDC,EOP_RT,A,1981,0.0434500044352619
GIN,ECU_XDC,EOP_RT,A,1982,0.0461784801766522
GIN,ECU_XDC,EOP_RT,A,1983,0.0512592183689502
GIN,ECU_XDC,EOP_RT,A,1984,0.0560138865171007
GIN,ECU_XDC,EOP_RT,A,1985,0.0501147918255045
GIN,ECU_XDC,EOP_RT,A,1986,0.0039648185473831
GIN,ECU_XDC,EOP_RT,A,1987,0.00174369132478692
GIN,ECU_XDC,EOP_RT,A,1988,0.00155055587428093
GIN,ECU_XDC,EOP_RT,A,1989,0.00134745465815075
GIN,ECU_XDC,EOP_RT,A,1990,0.00107869745125366
GIN,ECU_XDC,EOP_RT,A,1991,0.000928784815887752
GIN,ECU_XDC,EOP_RT,A,1992,0.00089529821420622
GIN,ECU_XDC,EOP_RT,A,1993,0.000918210823079562
GIN,ECU_XDC,EOP_RT,A,1994,0.000828707240243158
GIN,ECU_XDC,EOP_RT,A,1995,0.000762433096288419
GIN,ECU_XDC,EOP_RT,A,1996,0.000768037653044712
GIN,ECU_XDC,EOP_RT,A,1997,0.000790973261588278
GIN,ECU_XDC,EOP_RT,A,1998,0.000660294166564661
GIN,ECU_XDC,PA_RT,A,1957,
GIN,ECU_XDC,PA_RT,A,1958,
GIN,ECU_XDC,PA_RT,A,1971,
GIN,ECU_XDC,PA_RT,A,1978,0.0397976156636523
GIN,ECU_XDC,PA_RT,A,1979,0.0381864836950476
GIN,ECU_XDC,PA_RT,A,1980,0.0378990462362497
GIN,ECU_XDC,PA_RT,A,1981,0.0427125657999251
GIN,ECU_XDC,PA_RT,A,1982,0.045566943464293
GIN,ECU_XDC,PA_RT,A,1983,0.0485805903979217
GIN,ECU_XDC,PA_RT,A,1984,0.0526128464965255
GIN,ECU_XDC,PA_RT,A,1985,0.0539185723636321
GIN,ECU_XDC,PA_RT,A,1986,0.00305641393538306
GIN,ECU_XDC,PA_RT,A,1987,0.00202219502293335
GIN,ECU_XDC,PA_RT,A,1988,0.00178053382101644
GIN,ECU_XDC,PA_RT,A,1989,0.00153318902629931
GIN,ECU_XDC,PA_RT,A,1990,0.00118992065807372
GIN,ECU_XDC,PA_RT,A,1991,0.00106932745618188
GIN,ECU_XDC,PA_RT,A,1992,0.00085490336761233
GIN,ECU_XDC,PA_RT,A,1993,0.00089278582514146
GIN,ECU_XDC,PA_RT,A,1994,0.000861482747550015
GIN,ECU_XDC,PA_RT,A,1995,0.0007710684418764
GIN,ECU_XDC,PA_RT,A,1996,0.000785507653696837
GIN,ECU_XDC,PA_RT,A,1997,0.000805049092294268
GIN,ECU_XDC,PA_RT,A,1998,0.000721877651721262
GLP,ECU_XDC,EOP_RT,A,1960,
GLP,ECU_XDC,EOP_RT,A,1979,0.172519744184668
GLP,ECU_XDC,EOP_RT,A,1980,0.169085902839085
GLP,ECU_XDC,EOP_RT,A,1981,0.160314740185912
GLP,ECU_XDC,EOP_RT,A,1982,0.153662173126111
GLP,ECU_XDC,EOP_RT,A,1983,0.144786495492601
GLP,ECU_XDC,EOP_RT,A,1984,0.147063823699418
GLP,ECU_XDC,EOP_RT,A,1985,0.148955555669093
GLP,ECU_XDC,EOP_RT,A,1986,0.144729697028641
GLP,ECU_XDC,EOP_RT,A,1987,0.143674940619147
GLP,ECU_XDC,EOP_RT,A,1988,0.140750244405762
GLP,ECU_XDC,EOP_RT,A,1989,0.144336884598042
GLP,ECU_XDC,EOP_RT,A,1990,0.14301311500341
GLP,ECU_XDC,EOP_RT,A,1991,0.143970611567002
GLP,ECU_XDC,EOP_RT,A,1992,0.149974035370191
GLP,ECU_XDC,EOP_RT,A,1993,0.151451286458161
GLP,ECU_XDC,EOP_RT,A,1994,0.152072894061411
GLP,ECU_XDC,EOP_RT,A,1995,0.155284904319653
GLP,ECU_XDC,EOP_RT,A,1996,0.152394685203046
GLP,ECU_XDC,EOP_RT,A,1997,0.151237426872547
GLP,ECU_XDC,EOP_RT,A,1998,0.15244866456056
GLP,ECU_XDC,PA_RT,A,1960,
GLP,ECU_XDC,PA_RT,A,1978,0.173926989122737
GLP,ECU_XDC,PA_RT,A,1979,0.171499340545026
GLP,ECU_XDC,PA_RT,A,1980,0.170131391489337
GLP,ECU_XDC,PA_RT,A,1981,0.164638880316814
GLP,ECU_XDC,PA_RT,A,1982,0.155072436119904
GLP,ECU_XDC,PA_RT,A,1983,0.147216209805521
GLP,ECU_XDC,PA_RT,A,1984,0.145031011184132
GLP,ECU_XDC,PA_RT,A,1985,0.146018151776589
GLP,ECU_XDC,PA_RT,A,1986,0.147149202874876
GLP,ECU_XDC,PA_RT,A,1987,0.144128338170715
GLP,ECU_XDC,PA_RT,A,1988,0.141797229696885
GLP,ECU_XDC,PA_RT,A,1989,0.14217629427597
GLP,ECU_XDC,PA_RT,A,1990,0.144261943508516
GLP,ECU_XDC,PA_RT,A,1991,0.142875660713558
GLP,ECU_XDC,PA_RT,A,1992,0.145665055554441
GLP,ECU_XDC,PA_RT,A,1993,0.15062927439989
GLP,ECU_XDC,PA_RT,A,1994,0.151539734203776
GLP,ECU_XDC,PA_RT,A,1995,0.153150115334141
GLP,ECU_XDC,PA_RT,A,1996,0.154170509590541
GLP,ECU_XDC,PA_RT,A,1997,0.151077159785169
GLP,ECU_XDC,PA_RT,A,1998,0.151341440503161
GMB,ECU_XDC,EOP_RT,A,1971,
GMB,ECU_XDC,EOP_RT,A,1979,0.385602329832583
GMB,ECU_XDC,EOP_RT,A,1980,0.455291691703795
GMB,ECU_XDC,EOP_RT,A,1981,0.439550312384815
GMB,ECU_XDC,EOP_RT,A,1982,0.417097240278079
GMB,ECU_XDC,EOP_RT,A,1983,0.438300700312183
GMB,ECU_XDC,EOP_RT,A,1984,0.326280150938073
GMB,ECU_XDC,EOP_RT,A,1985,0.325374479108008
GMB,ECU_XDC,EOP_RT,A,1986,0.125803437967115
GMB,ECU_XDC,EOP_RT,A,1987,0.119157587847169
GMB,ECU_XDC,EOP_RT,A,1988,0.128065836602422
GMB,ECU_XDC,EOP_RT,A,1989,0.10046783625731
GMB,ECU_XDC,EOP_RT,A,1990,0.0978728086261278
GMB,ECU_XDC,EOP_RT,A,1991,0.0853100331816183
GMB,ECU_XDC,EOP_RT,A,1992,0.0888175323220126
GMB,ECU_XDC,EOP_RT,A,1993,0.0936472598236685
GMB,ECU_XDC,EOP_RT,A,1994,0.0848756828915458
GMB,ECU_XDC,EOP_RT,A,1995,0.0788562174046331
GMB,ECU_XDC,EOP_RT,A,1996,0.0806788142585424
GMB,ECU_XDC,EOP_RT,A,1997,0.0860075250584541
GMB,ECU_XDC,EOP_RT,A,1998,0.0779732202534504
GMB,ECU_XDC,PA_RT,A,1971,
GMB,ECU_XDC,PA_RT,A,1978,0.376340244298471
GMB,ECU_XDC,PA_RT,A,1979,0.386371292161529
GMB,ECU_XDC,PA_RT,A,1980,0.417728136366105
GMB,ECU_XDC,PA_RT,A,1981,0.449583571621559
GMB,ECU_XDC,PA_RT,A,1982,0.445139560339925
GMB,ECU_XDC,PA_RT,A,1983,0.425221126863597
GMB,ECU_XDC,PA_RT,A,1984,0.353632810998622
GMB,ECU_XDC,PA_RT,A,1985,0.336941055014093
GMB,ECU_XDC,PA_RT,A,1986,0.147173014125066
GMB,ECU_XDC,PA_RT,A,1987,0.122457507407873
GMB,ECU_XDC,PA_RT,A,1988,0.125913019476385
GMB,ECU_XDC,PA_RT,A,1989,0.119614291330928
GMB,ECU_XDC,PA_RT,A,1990,0.0997013242820836
GMB,ECU_XDC,PA_RT,A,1991,0.0923059826187877
GMB,ECU_XDC,PA_RT,A,1992,0.0866848797420305
GMB,ECU_XDC,PA_RT,A,1993,0.0935932593755122
GMB,ECU_XDC,PA_RT,A,1994,0.0878079247656579
GMB,ECU_XDC,PA_RT,A,1995,0.080094814533721
GMB,ECU_XDC,PA_RT,A,1996,0.0804990044425926
GMB,ECU_XDC,PA_RT,A,1997,0.0864486658265484
GMB,ECU_XDC,PA_RT,A,1998,0.0838892051436423
GNB,ECU_XDC,EOP_RT,A,1979,0.00345039488123583
GNB,ECU_XDC,EOP_RT,A,1980,0.00338171805437311
GNB,ECU_XDC,EOP_RT,A,1981,0.00320629480143459
GNB,ECU_XDC,EOP_RT,A,1982,0.00307324346033334
GNB,ECU_XDC,EOP_RT,A,1983,0.00289572990778956
GNB,ECU_XDC,EOP_RT,A,1984,0.00294127647189345
GNB,ECU_XDC,EOP_RT,A,1985,0.00297911111126001
GNB,ECU_XDC,EOP_RT,A,1986,0.00289459393851118
GNB,ECU_XDC,EOP_RT,A,1987,0.00287349881033631
GNB,ECU_XDC,EOP_RT,A,1988,0.00281500488611027
GNB,ECU_XDC,EOP_RT,A,1989,0.00288673768990478
GNB,ECU_XDC,EOP_RT,A,1990,0.00286026229803101
GNB,ECU_XDC,EOP_RT,A,1991,0.0028794122292892
GNB,ECU_XDC,EOP_RT,A,1992,0.00299948070526747
GNB,ECU_XDC,EOP_RT,A,1993,0.00302902572700582
GNB,ECU_XDC,EOP_RT,A,1994,0.00152072893953099
GNB,ECU_XDC,EOP_RT,A,1995,0.00155284904209053
GNB,ECU_XDC,EOP_RT,A,1996,0.00152394685094504
GNB,ECU_XDC,EOP_RT,A,1997,0.0015123742676483
GNB,ECU_XDC,EOP_RT,A,1998,0.0015244866445198
GNB,ECU_XDC,EOP_RT,A,1999,
GNB,ECU_XDC,PA_RT,A,1978,0.00347852652122593
GNB,ECU_XDC,PA_RT,A,1979,0.00342997373477008
GNB,ECU_XDC,PA_RT,A,1980,0.00340261485795689
GNB,ECU_XDC,PA_RT,A,1981,0.00329276505328815
GNB,ECU_XDC,PA_RT,A,1982,0.0031014368987526
GNB,ECU_XDC,PA_RT,A,1983,0.0029443129714704
GNB,ECU_XDC,PA_RT,A,1984,0.00290060916565517
GNB,ECU_XDC,PA_RT,A,1985,0.00292035190223884
GNB,ECU_XDC,PA_RT,A,1986,0.0029429728379665
GNB,ECU_XDC,PA_RT,A,1987,0.00288255577421199
GNB,ECU_XDC,PA_RT,A,1988,0.00283593378247298
GNB,ECU_XDC,PA_RT,A,1989,0.00284351504515254
GNB,ECU_XDC,PA_RT,A,1990,0.00288522787078115
GNB,ECU_XDC,PA_RT,A,1991,0.00285750232058045
GNB,ECU_XDC,PA_RT,A,1992,0.00291329000471803
GNB,ECU_XDC,PA_RT,A,1993,0.00301257400312542
GNB,ECU_XDC,PA_RT,A,1994,0.00151539680800747
GNB,ECU_XDC,PA_RT,A,1995,0.00153150061363609
GNB,ECU_XDC,PA_RT,A,1996,0.0015417045526042
GNB,ECU_XDC,PA_RT,A,1997,0.00151077106545153
GNB,ECU_XDC,PA_RT,A,1998,0.00151341387170011
GNB,ECU_XDC,PA_RT,A,1999,
GNQ,ECU_XDC,EOP_RT,A,1960,
GNQ,ECU_XDC,EOP_RT,A,1979,0.00345039732437655
GNQ,ECU_XDC,EOP_RT,A,1980,0.00338172044888543
GNQ,ECU_XDC,EOP_RT,A,1981,0.00320629707173397
GNQ,ECU_XDC,EOP_RT,A,1982,0.00307324563642229
GNQ,ECU_XDC,EOP_RT,A,1983,0.00289573195818549
GNQ,ECU_XDC,EOP_RT,A,1984,0.0029412785545398
GNQ,ECU_XDC,EOP_RT,A,1985,0.00297911322069614
GNQ,ECU_XDC,EOP_RT,A,1986,0.00289459598810276
GNQ,ECU_XDC,EOP_RT,A,1987,0.00287350084499095
GNQ,ECU_XDC,EOP_RT,A,1988,0.00281500687934678
GNQ,ECU_XDC,EOP_RT,A,1989,0.00288673973393355
GNQ,ECU_XDC,EOP_RT,A,1990,0.00286026432331318
GNQ,ECU_XDC,EOP_RT,A,1991,0.00287941426813098
GNQ,ECU_XDC,EOP_RT,A,1992,0.00299948282912682
GNQ,ECU_XDC,EOP_RT,A,1993,0.00302902787178529
GNQ,ECU_XDC,EOP_RT,A,1994,0.00152073001632217
GNQ,ECU_XDC,EOP_RT,A,1995,0.00155285014162517
GNQ,ECU_XDC,EOP_RT,A,1996,0.00152394793001475
GNQ,ECU_XDC,EOP_RT,A,1997,0.00151237533852373
GNQ,ECU_XDC,EOP_RT,A,1998,0.00152448772397172
GNQ,ECU_XDC,EOP_RT,A,1999,
GNQ,ECU_XDC,PA_RT,A,1960,
GNQ,ECU_XDC,PA_RT,A,1978,0.00347852652122593
GNQ,ECU_XDC,PA_RT,A,1979,0.00342997373477008
GNQ,ECU_XDC,PA_RT,A,1980,0.00340261485795689
GNQ,ECU_XDC,PA_RT,A,1981,0.00329276505328815
GNQ,ECU_XDC,PA_RT,A,1982,0.0031014368987526
GNQ,ECU_XDC,PA_RT,A,1983,0.0029443129714704
GNQ,ECU_XDC,PA_RT,A,1984,0.00290060916565517
GNQ,ECU_XDC,PA_RT,A,1985,0.00292035190223884
GNQ,ECU_XDC,PA_RT,A,1986,0.0029429728379665
GNQ,ECU_XDC,PA_RT,A,1987,0.00288255577421199
GNQ,ECU_XDC,PA_RT,A,1988,0.00283593378247298
GNQ,ECU_XDC,PA_RT,A,1989,0.00284351504515254
GNQ,ECU_XDC,PA_RT,A,1990,0.00288522787078115
GNQ,ECU_XDC,PA_RT,A,1991,0.00285750232058045
GNQ,ECU_XDC,PA_RT,A,1992,0.00291329000471803
GNQ,ECU_XDC,PA_RT,A,1993,0.00301257400312542
GNQ,ECU_XDC,PA_RT,A,1994,0.00151539680800747
GNQ,ECU_XDC,PA_RT,A,1995,0.00153150061363609
GNQ,ECU_XDC,PA_RT,A,1996,0.0015417045526042
GNQ,ECU_XDC,PA_RT,A,1997,0.00151077106545153
GNQ,ECU_XDC,PA_RT,A,1998,0.00151341387170011
GNQ,ECU_XDC,PA_RT,A,1999,
GRC,ECU_XDC,EOP_RT,A,1961,
GRC,ECU_XDC,EOP_RT,A,1971,
GRC,ECU_XDC,EOP_RT,A,1973,
GRC,ECU_XDC,EOP_RT,A,1974,
GRC,ECU_XDC,EOP_RT,A,1975,
GRC,ECU_XDC,EOP_RT,A,1979,0.0181158574685359
GRC,ECU_XDC,EOP_RT,A,1980,0.0164089811339558
GRC,ECU_XDC,EOP_RT,A,1981,0.0159897471185892
GRC,ECU_XDC,EOP_RT,A,1982,0.0146433061374442
GRC,ECU_XDC,EOP_RT,A,1983,0.0122489639301911
GRC,ECU_XDC,EOP_RT,A,1984,0.0109794224542716
GRC,ECU_XDC,EOP_RT,A,1985,0.00762217756105599
GRC,ECU_XDC,EOP_RT,A,1986,0.00673270534966763
GRC,ECU_XDC,EOP_RT,A,1987,0.00609270742828069
GRC,ECU_XDC,EOP_RT,A,1988,0.00575831013406152
GRC,ECU_XDC,EOP_RT,A,1989,0.00529451732082811
GRC,ECU_XDC,EOP_RT,A,1990,0.00465354015449637
GRC,ECU_XDC,EOP_RT,A,1991,0.00425472254630917
GRC,ECU_XDC,EOP_RT,A,1992,0.0038485973798395
GRC,ECU_XDC,EOP_RT,A,1993,0.00358270226833356
GRC,ECU_XDC,EOP_RT,A,1994,0.00338601273549428
GRC,ECU_XDC,EOP_RT,A,1995,0.00320999014202752
GRC,ECU_XDC,EOP_RT,A,1996,0.00323087590643815
GRC,ECU_XDC,EOP_RT,A,1997,0.00320450397332203
GRC,ECU_XDC,EOP_RT,A,1998,0.00303316561097877
GRC,ECU_XDC,PA_RT,A,1961,
GRC,ECU_XDC,PA_RT,A,1971,
GRC,ECU_XDC,PA_RT,A,1973,
GRC,ECU_XDC,PA_RT,A,1974,
GRC,ECU_XDC,PA_RT,A,1975,
GRC,ECU_XDC,PA_RT,A,1978,0.0213618449788132
GRC,ECU_XDC,PA_RT,A,1979,0.0196992668240432
GRC,ECU_XDC,PA_RT,A,1980,0.0168690894065918
GRC,ECU_XDC,PA_RT,A,1981,0.0161482295412958
GRC,ECU_XDC,PA_RT,A,1982,0.0152560366244433
GRC,ECU_XDC,PA_RT,A,1983,0.0127404443103812
GRC,ECU_XDC,PA_RT,A,1984,0.0112444901389035
GRC,ECU_XDC,PA_RT,A,1985,0.00949909249395393
GRC,ECU_XDC,PA_RT,A,1986,0.00728075706224
GRC,ECU_XDC,PA_RT,A,1987,0.00639678506759755
GRC,ECU_XDC,PA_RT,A,1988,0.0059542848488429
GRC,ECU_XDC,PA_RT,A,1989,0.00558505098743949
GRC,ECU_XDC,PA_RT,A,1990,0.00495569077439573
GRC,ECU_XDC,PA_RT,A,1991,0.00442276290561652
GRC,ECU_XDC,PA_RT,A,1992,0.00404525645324495
GRC,ECU_XDC,PA_RT,A,1993,0.00372104169519253
GRC,ECU_XDC,PA_RT,A,1994,0.00346803648967268
GRC,ECU_XDC,PA_RT,A,1995,0.00329982341706141
GRC,ECU_XDC,PA_RT,A,1996,0.00327638094316511
GRC,ECU_XDC,PA_RT,A,1997,0.00322931858130931
GRC,ECU_XDC,PA_RT,A,1998,0.00302116165263756
GRD,ECU_XDC,EOP_RT,A,1971,
GRD,ECU_XDC,EOP_RT,A,1972,
GRD,ECU_XDC,EOP_RT,A,1974,
GRD,ECU_XDC,EOP_RT,A,1976,
GRD,ECU_XDC,EOP_RT,A,1979,0.256862730166609
GRD,ECU_XDC,EOP_RT,A,1980,0.282811828537861
GRD,ECU_XDC,EOP_RT,A,1981,0.341292269047522
GRD,ECU_XDC,EOP_RT,A,1982,0.38273263485905
GRD,ECU_XDC,EOP_RT,A,1983,0.447631581844334
GRD,ECU_XDC,EOP_RT,A,1984,0.522457850712894
GRD,ECU_XDC,EOP_RT,A,1985,0.417130724597782
GRD,ECU_XDC,EOP_RT,A,1986,0.346011183081437
GRD,ECU_XDC,EOP_RT,A,1987,0.284157104780091
GRD,ECU_XDC,EOP_RT,A,1988,0.31585397439056
GRD,ECU_XDC,EOP_RT,A,1989,0.309415514093877
GRD,ECU_XDC,EOP_RT,A,1990,0.271671950686108
GRD,ECU_XDC,EOP_RT,A,1991,0.27621028441373
GRD,ECU_XDC,EOP_RT,A,1992,0.305863713246652
GRD,ECU_XDC,EOP_RT,A,1993,0.330696688634848
GRD,ECU_XDC,EOP_RT,A,1994,0.301104330241594
GRD,ECU_XDC,EOP_RT,A,1995,0.281813344876408
GRD,ECU_XDC,EOP_RT,A,1996,0.295589246817908
GRD,ECU_XDC,EOP_RT,A,1997,0.335416605872407
GRD,ECU_XDC,EOP_RT,A,1998,0.317437643342936
GRD,ECU_XDC,PA_RT,A,1971,
GRD,ECU_XDC,PA_RT,A,1972,
GRD,ECU_XDC,PA_RT,A,1974,
GRD,ECU_XDC,PA_RT,A,1976,
GRD,ECU_XDC,PA_RT,A,1978,0.290722183145879
GRD,ECU_XDC,PA_RT,A,1979,0.270233204680392
GRD,ECU_XDC,PA_RT,A,1980,0.266260353495038
GRD,ECU_XDC,PA_RT,A,1981,0.331388085495165
GRD,ECU_XDC,PA_RT,A,1982,0.377463539733878
GRD,ECU_XDC,PA_RT,A,1983,0.415547286242267
GRD,ECU_XDC,PA_RT,A,1984,0.469422411029192
GRD,ECU_XDC,PA_RT,A,1985,0.48592812880011
GRD,ECU_XDC,PA_RT,A,1986,0.377469951032711
GRD,ECU_XDC,PA_RT,A,1987,0.320856816041556
GRD,ECU_XDC,PA_RT,A,1988,0.312843639184918
GRD,ECU_XDC,PA_RT,A,1989,0.335964777452733
GRD,ECU_XDC,PA_RT,A,1990,0.290942946088272
GRD,ECU_XDC,PA_RT,A,1991,0.298563387619622
GRD,ECU_XDC,PA_RT,A,1992,0.285601473132399
GRD,ECU_XDC,PA_RT,A,1993,0.315943787281366
GRD,ECU_XDC,PA_RT,A,1994,0.311613119847186
GRD,ECU_XDC,PA_RT,A,1995,0.283128192801239
GRD,ECU_XDC,PA_RT,A,1996,0.292097300239585
GRD,ECU_XDC,PA_RT,A,1997,0.326589185015469
GRD,ECU_XDC,PA_RT,A,1998,0.330681925653444
GRL,ECU_XDC,EOP_RT,A,1971,
GRL,ECU_XDC,EOP_RT,A,1973,
GRL,ECU_XDC,EOP_RT,A,1979,0.129269221170385
GRL,ECU_XDC,EOP_RT,A,1980,0.126947952980743
GRL,ECU_XDC,EOP_RT,A,1981,0.125800563352097
GRL,ECU_XDC,EOP_RT,A,1982,0.123255977366733
GRL,ECU_XDC,EOP_RT,A,1983,0.122390407187818
GRL,ECU_XDC,EOP_RT,A,1984,0.125278525481777
GRL,ECU_XDC,EOP_RT,A,1985,0.125571742269374
GRL,ECU_XDC,EOP_RT,A,1986,0.127235981521264
GRL,ECU_XDC,EOP_RT,A,1987,0.125846663316041
GRL,ECU_XDC,EOP_RT,A,1988,0.12406251539926
GRL,ECU_XDC,EOP_RT,A,1989,0.126435397359586
GRL,ECU_XDC,EOP_RT,A,1990,0.126993467252855
GRL,ECU_XDC,EOP_RT,A,1991,0.126112753516035
GRL,ECU_XDC,EOP_RT,A,1992,0.132016949207251
GRL,ECU_XDC,EOP_RT,A,1993,0.131839211415886
GRL,ECU_XDC,EOP_RT,A,1994,0.133648149211294
GRL,ECU_XDC,EOP_RT,A,1995,0.137197264905572
GRL,ECU_XDC,EOP_RT,A,1996,0.13425703867581
GRL,ECU_XDC,EOP_RT,A,1997,0.132672844397231
GRL,ECU_XDC,EOP_RT,A,1998,0.134202088315341
GRL,ECU_XDC,PA_RT,A,1971,
GRL,ECU_XDC,PA_RT,A,1973,
GRL,ECU_XDC,PA_RT,A,1978,0.142339668542505
GRL,ECU_XDC,PA_RT,A,1979,0.138687593884336
GRL,ECU_XDC,PA_RT,A,1980,0.127556848009278
GRL,ECU_XDC,PA_RT,A,1981,0.125607437161626
GRL,ECU_XDC,PA_RT,A,1982,0.122311274187453
GRL,ECU_XDC,PA_RT,A,1983,0.122687664883957
GRL,ECU_XDC,PA_RT,A,1984,0.122380079337215
GRL,ECU_XDC,PA_RT,A,1985,0.123816294174786
GRL,ECU_XDC,PA_RT,A,1986,0.125963405944119
GRL,ECU_XDC,PA_RT,A,1987,0.12664814299224
GRL,ECU_XDC,PA_RT,A,1988,0.125480901548948
GRL,ECU_XDC,PA_RT,A,1989,0.124087986829642
GRL,ECU_XDC,PA_RT,A,1990,0.126935210452354
GRL,ECU_XDC,PA_RT,A,1991,0.126026170196733
GRL,ECU_XDC,PA_RT,A,1992,0.127751316094875
GRL,ECU_XDC,PA_RT,A,1993,0.131563267904352
GRL,ECU_XDC,PA_RT,A,1994,0.132277114891879
GRL,ECU_XDC,PA_RT,A,1995,0.136450569205278
GRL,ECU_XDC,PA_RT,A,1996,0.136007478261006
GRL,ECU_XDC,PA_RT,A,1997,0.133514460047273
GRL,ECU_XDC,PA_RT,A,1998,0.13324344050052
GTM,ECU_XDC,EOP_RT,A,1979,0.693529372143373
GTM,ECU_XDC,EOP_RT,A,1980,0.763591937815816
GTM,ECU_XDC,EOP_RT,A,1981,0.921489127349797
GTM,ECU_XDC,EOP_RT,A,1982,1.03337811515281
GTM,ECU_XDC,EOP_RT,A,1983,1.20860527218831
GTM,ECU_XDC,EOP_RT,A,1984,1.41063619692481
GTM,ECU_XDC,EOP_RT,A,1985,1.12625295641401
GTM,ECU_XDC,EOP_RT,A,1986,0.373692077727952
GTM,ECU_XDC,EOP_RT,A,1987,0.306889673162498
GTM,ECU_XDC,EOP_RT,A,1988,0.315270140796492
GTM,ECU_XDC,EOP_RT,A,1989,0.245712320015726
GTM,ECU_XDC,EOP_RT,A,1990,0.146275728244025
GTM,ECU_XDC,EOP_RT,A,1991,0.147870628014758
GTM,ECU_XDC,EOP_RT,A,1992,0.156575721611268
GTM,ECU_XDC,EOP_RT,A,1993,0.153542094592137
GTM,ECU_XDC,EOP_RT,A,1994,0.143928011651227
GTM,ECU_XDC,EOP_RT,A,1995,0.12593904961225
GTM,ECU_XDC,EOP_RT,A,1996,0.133783075923862
GTM,ECU_XDC,EOP_RT,A,1997,0.146615254927326
GTM,ECU_XDC,EOP_RT,A,1998,0.125153563109051
GTM,ECU_XDC,PA_RT,A,1978,0.784949895278822
GTM,ECU_XDC,PA_RT,A,1979,0.729629653366687
GTM,ECU_XDC,PA_RT,A,1980,0.718902955155504
GTM,ECU_XDC,PA_RT,A,1981,0.894747831731692
GTM,ECU_XDC,PA_RT,A,1982,1.01915155830062
GTM,ECU_XDC,PA_RT,A,1983,1.1219776739761
GTM,ECU_XDC,PA_RT,A,1984,1.26744051030692
GTM,ECU_XDC,PA_RT,A,1985,1.3120059477603
GTM,ECU_XDC,PA_RT,A,1986,0.543556729487103
GTM,ECU_XDC,PA_RT,A,1987,0.346525361324881
GTM,ECU_XDC,PA_RT,A,1988,0.322447396519528
GTM,ECU_XDC,PA_RT,A,1989,0.322111974215928
GTM,ECU_XDC,PA_RT,A,1990,0.175119989991659
GTM,ECU_XDC,PA_RT,A,1991,0.160298346067709
GTM,ECU_XDC,PA_RT,A,1992,0.14913540080367
GTM,ECU_XDC,PA_RT,A,1993,0.151374153066407
GTM,ECU_XDC,PA_RT,A,1994,0.146292130629659
GTM,ECU_XDC,PA_RT,A,1995,0.131566447341675
GTM,ECU_XDC,PA_RT,A,1996,0.130367977691901
GTM,ECU_XDC,PA_RT,A,1997,0.145383621948369
GTM,ECU_XDC,PA_RT,A,1998,0.139623080833827
GUF,ECU_XDC,EOP_RT,A,1960,
GUF,ECU_XDC,EOP_RT,A,1979,0.172519744184668
GUF,ECU_XDC,EOP_RT,A,1980,0.169085902839085
GUF,ECU_XDC,EOP_RT,A,1981,0.160314740185912
GUF,ECU_XDC,EOP_RT,A,1982,0.153662173126111
GUF,ECU_XDC,EOP_RT,A,1983,0.144786495492601
GUF,ECU_XDC,EOP_RT,A,1984,0.147063823699418
GUF,ECU_XDC,EOP_RT,A,1985,0.148955555669093
GUF,ECU_XDC,EOP_RT,A,1986,0.144729697028641
GUF,ECU_XDC,EOP_RT,A,1987,0.143674940619147
GUF,ECU_XDC,EOP_RT,A,1988,0.140750244405762
GUF,ECU_XDC,EOP_RT,A,1989,0.144336884598042
GUF,ECU_XDC,EOP_RT,A,1990,0.14301311500341
GUF,ECU_XDC,EOP_RT,A,1991,0.143970611567002
GUF,ECU_XDC,EOP_RT,A,1992,0.149974035370191
GUF,ECU_XDC,EOP_RT,A,1993,0.151451286458161
GUF,ECU_XDC,EOP_RT,A,1994,0.152072894061411
GUF,ECU_XDC,EOP_RT,A,1995,0.155284904319653
GUF,ECU_XDC,EOP_RT,A,1996,0.152394685203046
GUF,ECU_XDC,EOP_RT,A,1997,0.151237426872547
GUF,ECU_XDC,EOP_RT,A,1998,0.15244866456056
GUF,ECU_XDC,PA_RT,A,1960,
GUF,ECU_XDC,PA_RT,A,1978,0.173926989122737
GUF,ECU_XDC,PA_RT,A,1979,0.171499340545026
GUF,ECU_XDC,PA_RT,A,1980,0.170131391489337
GUF,ECU_XDC,PA_RT,A,1981,0.164638880316814
GUF,ECU_XDC,PA_RT,A,1982,0.155072436119904
GUF,ECU_XDC,PA_RT,A,1983,0.147216209805521
GUF,ECU_XDC,PA_RT,A,1984,0.145031011184132
GUF,ECU_XDC,PA_RT,A,1985,0.146018151776589
GUF,ECU_XDC,PA_RT,A,1986,0.147149202874876
GUF,ECU_XDC,PA_RT,A,1987,0.144128338170715
GUF,ECU_XDC,PA_RT,A,1988,0.141797229696885
GUF,ECU_XDC,PA_RT,A,1989,0.14217629427597
GUF,ECU_XDC,PA_RT,A,1990,0.144261943508516
GUF,ECU_XDC,PA_RT,A,1991,0.142875660713558
GUF,ECU_XDC,PA_RT,A,1992,0.145665055554441
GUF,ECU_XDC,PA_RT,A,1993,0.15062927439989
GUF,ECU_XDC,PA_RT,A,1994,0.151539734203776
GUF,ECU_XDC,PA_RT,A,1995,0.153150115334141
GUF,ECU_XDC,PA_RT,A,1996,0.154170509590541
GUF,ECU_XDC,PA_RT,A,1997,0.151077159785169
GUF,ECU_XDC,PA_RT,A,1998,0.151341440503161
GUY,ECU_XDC,EOP_RT,A,1971,
GUY,ECU_XDC,EOP_RT,A,1972,
GUY,ECU_XDC,EOP_RT,A,1973,
GUY,ECU_XDC,EOP_RT,A,1979,0.271972302636006
GUY,ECU_XDC,EOP_RT,A,1980,0.299447818569283
GUY,ECU_XDC,EOP_RT,A,1981,0.307163042142769
GUY,ECU_XDC,EOP_RT,A,1982,0.344459371373145
GUY,ECU_XDC,EOP_RT,A,1983,0.402868423659901
GUY,ECU_XDC,EOP_RT,A,1984,0.339912336608389
GUY,ECU_XDC,EOP_RT,A,1985,0.271386254557593
GUY,ECU_XDC,EOP_RT,A,1986,0.212325044163609
GUY,ECU_XDC,EOP_RT,A,1987,0.0767224182906245
GUY,ECU_XDC,EOP_RT,A,1988,0.0852805730854511
GUY,ECU_XDC,EOP_RT,A,1989,0.025315814789499
GUY,ECU_XDC,EOP_RT,A,1990,0.0163003170411665
GUY,ECU_XDC,EOP_RT,A,1991,0.0061128505566973
GUY,ECU_XDC,EOP_RT,A,1992,0.00655422242671396
GUY,ECU_XDC,EOP_RT,A,1993,0.00682891823567181
GUY,ECU_XDC,EOP_RT,A,1994,0.00570513467826178
GUY,ECU_XDC,EOP_RT,A,1995,0.00541563011506264
GUY,ECU_XDC,EOP_RT,A,1996,0.00565020153209452
GUY,ECU_XDC,EOP_RT,A,1997,0.00628906136010763
GUY,ECU_XDC,EOP_RT,A,1998,0.00528247542080694
GUY,ECU_XDC,PA_RT,A,1971,
GUY,ECU_XDC,PA_RT,A,1972,
GUY,ECU_XDC,PA_RT,A,1973,
GUY,ECU_XDC,PA_RT,A,1978,0.307823488157528
GUY,ECU_XDC,PA_RT,A,1979,0.286129275656152
GUY,ECU_XDC,PA_RT,A,1980,0.281922727340598
GUY,ECU_XDC,PA_RT,A,1981,0.318132562188472
GUY,ECU_XDC,PA_RT,A,1982,0.339717185873729
GUY,ECU_XDC,PA_RT,A,1983,0.373992557742704
GUY,ECU_XDC,PA_RT,A,1984,0.330788673729618
GUY,ECU_XDC,PA_RT,A,1985,0.308572598968218
GUY,ECU_XDC,PA_RT,A,1986,0.238546225076748
GUY,ECU_XDC,PA_RT,A,1987,0.0887995288267398
GUY,ECU_XDC,PA_RT,A,1988,0.0844677825799279
GUY,ECU_XDC,PA_RT,A,1989,0.033400097542132
GUY,ECU_XDC,PA_RT,A,1990,0.0198704710228921
GUY,ECU_XDC,PA_RT,A,1991,0.00720969806016999
GUY,ECU_XDC,PA_RT,A,1992,0.00616886844229098
GUY,ECU_XDC,PA_RT,A,1993,0.00673120218347713
GUY,ECU_XDC,PA_RT,A,1994,0.00608398263331828
GUY,ECU_XDC,PA_RT,A,1995,0.00538383412276766
GUY,ECU_XDC,PA_RT,A,1996,0.00561825617557883
GUY,ECU_XDC,PA_RT,A,1997,0.0061923148825798
GUY,ECU_XDC,PA_RT,A,1998,0.00593174423587892
HKG,ECU_XDC,EOP_RT,A,1971,
HKG,ECU_XDC,EOP_RT,A,1972,
HKG,ECU_XDC,EOP_RT,A,1979,0.140163575474908
HKG,ECU_XDC,EOP_RT,A,1980,0.1488483308094
HKG,ECU_XDC,EOP_RT,A,1981,0.162376938577675
HKG,ECU_XDC,EOP_RT,A,1982,0.159103635738173
HKG,ECU_XDC,EOP_RT,A,1983,0.155347721205617
HKG,ECU_XDC,EOP_RT,A,1984,0.180319084357
HKG,ECU_XDC,EOP_RT,A,1985,0.144188062528999
HKG,ECU_XDC,EOP_RT,A,1986,0.119849928713262
HKG,ECU_XDC,EOP_RT,A,1987,0.0988690957353409
HKG,ECU_XDC,EOP_RT,A,1988,0.109222045447555
HKG,ECU_XDC,EOP_RT,A,1989,0.107009336243559
HKG,ECU_XDC,EOP_RT,A,1990,0.0940282357200987
HKG,ECU_XDC,EOP_RT,A,1991,0.0958447202052526
HKG,ECU_XDC,EOP_RT,A,1992,0.106655304890347
HKG,ECU_XDC,EOP_RT,A,1993,0.11556834834508
HKG,ECU_XDC,EOP_RT,A,1994,0.105063542472513
HKG,ECU_XDC,EOP_RT,A,1995,0.0984086951844673
HKG,ECU_XDC,EOP_RT,A,1996,0.103165843641204
HKG,ECU_XDC,EOP_RT,A,1997,0.116915160838562
HKG,ECU_XDC,EOP_RT,A,1998,0.110648287764772
HKG,ECU_XDC,PA_RT,A,1971,
HKG,ECU_XDC,PA_RT,A,1972,
HKG,ECU_XDC,PA_RT,A,1978,0.167593031351755
HKG,ECU_XDC,PA_RT,A,1979,0.145848144857447
HKG,ECU_XDC,PA_RT,A,1980,0.144471646931811
HKG,ECU_XDC,PA_RT,A,1981,0.160081315154511
HKG,ECU_XDC,PA_RT,A,1982,0.167902067400399
HKG,ECU_XDC,PA_RT,A,1983,0.154432475446811
HKG,ECU_XDC,PA_RT,A,1984,0.162118254000872
HKG,ECU_XDC,PA_RT,A,1985,0.168405602510708
HKG,ECU_XDC,PA_RT,A,1986,0.130606860459844
HKG,ECU_XDC,PA_RT,A,1987,0.111090745143103
HKG,ECU_XDC,PA_RT,A,1988,0.108208791416766
HKG,ECU_XDC,PA_RT,A,1989,0.116296742374048
HKG,ECU_XDC,PA_RT,A,1990,0.100843538552371
HKG,ECU_XDC,PA_RT,A,1991,0.103732319888431
HKG,ECU_XDC,PA_RT,A,1992,0.0996209128240737
HKG,ECU_XDC,PA_RT,A,1993,0.110275875638729
HKG,ECU_XDC,PA_RT,A,1994,0.108865173796366
HKG,ECU_XDC,PA_RT,A,1995,0.0988188457046227
HKG,ECU_XDC,PA_RT,A,1996,0.101970105151946
HKG,ECU_XDC,PA_RT,A,1997,0.113895803180681
HKG,ECU_XDC,PA_RT,A,1998,0.11527472877401
HND,ECU_XDC,EOP_RT,A,1979,0.346764685898304
HND,ECU_XDC,EOP_RT,A,1980,0.38179596871701
HND,ECU_XDC,EOP_RT,A,1981,0.460744563444527
HND,ECU_XDC,EOP_RT,A,1982,0.516689057318063
HND,ECU_XDC,EOP_RT,A,1983,0.604302635792002
HND,ECU_XDC,EOP_RT,A,1984,0.705318098462406
HND,ECU_XDC,EOP_RT,A,1985,0.563126478207005
HND,ECU_XDC,EOP_RT,A,1986,0.46711509715994
HND,ECU_XDC,EOP_RT,A,1987,0.383612091453123
HND,ECU_XDC,EOP_RT,A,1988,0.426402865427256
HND,ECU_XDC,EOP_RT,A,1989,0.417710944026734
HND,ECU_XDC,EOP_RT,A,1990,0.138398918274055
HND,ECU_XDC,EOP_RT,A,1991,0.138105142206865
HND,ECU_XDC,EOP_RT,A,1992,0.14165214850188
HND,ECU_XDC,EOP_RT,A,1993,0.122986371806348
HND,ECU_XDC,EOP_RT,A,1994,0.0864864939364798
HND,ECU_XDC,EOP_RT,A,1995,0.0735648572169446
HND,ECU_XDC,EOP_RT,A,1996,0.0620146212261917
HND,ECU_XDC,EOP_RT,A,1997,0.0691622883303675
HND,ECU_XDC,EOP_RT,A,1998,0.0620623922538687
HND,ECU_XDC,PA_RT,A,1978,0.392474947246936
HND,ECU_XDC,PA_RT,A,1979,0.364814826318529
HND,ECU_XDC,PA_RT,A,1980,0.359451477218301
HND,ECU_XDC,PA_RT,A,1981,0.447373915418472
HND,ECU_XDC,PA_RT,A,1982,0.509575778640735
HND,ECU_XDC,PA_RT,A,1983,0.56098883642706
HND,ECU_XDC,PA_RT,A,1984,0.63372025488941
HND,ECU_XDC,PA_RT,A,1985,0.656002973880149
HND,ECU_XDC,PA_RT,A,1986,0.509584433894159
HND,ECU_XDC,PA_RT,A,1987,0.433156701656101
HND,ECU_XDC,PA_RT,A,1988,0.422338912899639
HND,ECU_XDC,PA_RT,A,1989,0.453552449561189
HRV,ECU_XDC,EOP_RT,A,1992,1.03463347703293
HRV,ECU_XDC,EOP_RT,A,1993,0.136069947031427
HRV,ECU_XDC,EOP_RT,A,1994,0.144435072335051
HRV,ECU_XDC,EOP_RT,A,1995,0.143130496259721
HRV,ECU_XDC,EOP_RT,A,1996,0.144070143405363
HRV,ECU_XDC,EOP_RT,A,1997,0.143679274619711
HRV,ECU_XDC,EOP_RT,A,1998,0.137187937098988
HRV,ECU_XDC,PA_RT,A,1992,2.92870908734668
HRV,ECU_XDC,PA_RT,A,1993,0.238338288101784
HRV,ECU_XDC,PA_RT,A,1994,0.140272394488868
HRV,ECU_XDC,PA_RT,A,1995,0.14614447861545
HRV,ECU_XDC,PA_RT,A,1996,0.145130533758285
HRV,ECU_XDC,PA_RT,A,1997,0.143134320109163
HRV,ECU_XDC,PA_RT,A,1998,0.140311349518904
HTI,ECU_XDC,EOP_RT,A,1979,0.138730696414045
HTI,ECU_XDC,EOP_RT,A,1980,0.152745717145255
HTI,ECU_XDC,EOP_RT,A,1981,0.184330806322042
HTI,ECU_XDC,EOP_RT,A,1982,0.20671260848134
HTI,ECU_XDC,EOP_RT,A,1983,0.241764311412188
HTI,ECU_XDC,EOP_RT,A,1984,0.282177727437823
HTI,ECU_XDC,EOP_RT,A,1985,0.225290900980598
HTI,ECU_XDC,EOP_RT,A,1986,0.186879475878805
HTI,ECU_XDC,EOP_RT,A,1987,0.153472296287151
HTI,ECU_XDC,EOP_RT,A,1988,0.170591668924333
HTI,ECU_XDC,EOP_RT,A,1989,0.167114278179342
HTI,ECU_XDC,EOP_RT,A,1990,0.146729106565446
HTI,ECU_XDC,EOP_RT,A,1991,0.0905057970773144
HTI,ECU_XDC,EOP_RT,A,1992,0.0753977929120752
HTI,ECU_XDC,EOP_RT,A,1993,0.0697290948312447
HTI,ECU_XDC,EOP_RT,A,1994,0.0627949957249242
HTI,ECU_XDC,EOP_RT,A,1995,0.0470854418137675
HTI,ECU_XDC,EOP_RT,A,1996,0.0528789201744111
HTI,ECU_XDC,EOP_RT,A,1997,0.0523149925397434
HTI,ECU_XDC,EOP_RT,A,1998,0.051929864221243
HTI,ECU_XDC,PA_RT,A,1978,0.156989978930172
HTI,ECU_XDC,PA_RT,A,1979,0.145925930556597
HTI,ECU_XDC,PA_RT,A,1980,0.143780590916076
HTI,ECU_XDC,PA_RT,A,1981,0.178949566203179
HTI,ECU_XDC,PA_RT,A,1982,0.20383031149706
HTI,ECU_XDC,PA_RT,A,1983,0.224395534615703
HTI,ECU_XDC,PA_RT,A,1984,0.253488101976888
HTI,ECU_XDC,PA_RT,A,1985,0.26240118955206
HTI,ECU_XDC,PA_RT,A,1986,0.203833773557664
HTI,ECU_XDC,PA_RT,A,1987,0.17326268066244
HTI,ECU_XDC,PA_RT,A,1988,0.168935565159856
HTI,ECU_XDC,PA_RT,A,1989,0.181420979824476
HTI,ECU_XDC,PA_RT,A,1990,0.157109190887667
HTI,ECU_XDC,PA_RT,A,1991,0.133592787720974
HTI,ECU_XDC,PA_RT,A,1992,0.0786727404309618
HTI,ECU_XDC,PA_RT,A,1993,0.0665274498467294
HTI,ECU_XDC,PA_RT,A,1994,0.0559411850789496
HTI,ECU_XDC,PA_RT,A,1995,0.0505929591011982
HTI,ECU_XDC,PA_RT,A,1996,0.050229614432502
HTI,ECU_XDC,PA_RT,A,1997,0.0529460986245018
HTI,ECU_XDC,PA_RT,A,1998,0.0532541423502972
HUN,ECU_XDC,EOP_RT,A,1979,0.0194932084847191
HUN,ECU_XDC,EOP_RT,A,1980,0.0237047595374459
HUN,ECU_XDC,EOP_RT,A,1981,0.026764366998698
HUN,ECU_XDC,EOP_RT,A,1982,0.0260889505664135
HUN,ECU_XDC,EOP_RT,A,1983,0.0267429596137145
HUN,ECU_XDC,EOP_RT,A,1984,0.0275520263467023
HUN,ECU_XDC,EOP_RT,A,1985,0.0237872084063195
HUN,ECU_XDC,EOP_RT,A,1986,0.0203416776294477
HUN,ECU_XDC,EOP_RT,A,1987,0.0165396735480544
HUN,ECU_XDC,EOP_RT,A,1988,0.0162324786503704
HUN,ECU_XDC,EOP_RT,A,1989,0.0133575174927645
HUN,ECU_XDC,EOP_RT,A,1990,0.0119369213407577
HUN,ECU_XDC,EOP_RT,A,1991,0.00986204400842463
HUN,ECU_XDC,EOP_RT,A,1992,0.00983484608510133
HUN,ECU_XDC,EOP_RT,A,1993,0.00886674338941498
HUN,ECU_XDC,EOP_RT,A,1994,0.00734467152996932
HUN,ECU_XDC,EOP_RT,A,1995,0.00545562508902489
HUN,ECU_XDC,EOP_RT,A,1996,0.00483896784337811
HUN,ECU_XDC,EOP_RT,A,1997,0.00445024489363881
HUN,ECU_XDC,EOP_RT,A,1998,0.00391307874275636
HUN,ECU_XDC,PA_RT,A,1978,0.0207048784734539
HUN,ECU_XDC,PA_RT,A,1979,0.0205078883764564
HUN,ECU_XDC,PA_RT,A,1980,0.0220981400872682
HUN,ECU_XDC,PA_RT,A,1981,0.0260750779749357
HUN,ECU_XDC,PA_RT,A,1982,0.0278224475829408
HUN,ECU_XDC,PA_RT,A,1983,0.0262935888271212
HUN,ECU_XDC,PA_RT,A,1984,0.0263818120307017
HUN,ECU_XDC,PA_RT,A,1985,0.0261776068300957
HUN,ECU_XDC,PA_RT,A,1986,0.022236985779378
HUN,ECU_XDC,PA_RT,A,1987,0.0184437601222511
HUN,ECU_XDC,PA_RT,A,1988,0.0167550896624997
HUN,ECU_XDC,PA_RT,A,1989,0.0153573909188673
HUN,ECU_XDC,PA_RT,A,1990,0.0124283709071046
HUN,ECU_XDC,PA_RT,A,1991,0.0107863385536879
HUN,ECU_XDC,PA_RT,A,1992,0.00976249751623813
HUN,ECU_XDC,PA_RT,A,1993,0.00927900236595406
HUN,ECU_XDC,PA_RT,A,1994,0.00800068235648525
HUN,ECU_XDC,PA_RT,A,1995,0.00608241130750502
HUN,ECU_XDC,PA_RT,A,1996,0.00516658979766047
HUN,ECU_XDC,PA_RT,A,1997,0.00472078127055066
HUN,ECU_XDC,PA_RT,A,1998,0.00416433889318786
IDN,ECU_XDC,EOP_RT,A,1967,
IDN,ECU_XDC,EOP_RT,A,1968,
IDN,ECU_XDC,EOP_RT,A,1979,0.00110610745047822
IDN,ECU_XDC,EOP_RT,A,1980,0.00121833575915792
IDN,ECU_XDC,EOP_RT,A,1981,0.00143088373668992
IDN,ECU_XDC,EOP_RT,A,1982,0.00149224276407139
IDN,ECU_XDC,EOP_RT,A,1983,0.00121590067502988
IDN,ECU_XDC,EOP_RT,A,1984,0.00131344152413856
IDN,ECU_XDC,EOP_RT,A,1985,0.00100111373903468
IDN,ECU_XDC,EOP_RT,A,1986,0.000569305420060866
IDN,ECU_XDC,EOP_RT,A,1987,0.000464984353276512
IDN,ECU_XDC,EOP_RT,A,1988,0.000492666511181116
IDN,ECU_XDC,EOP_RT,A,1989,0.000464898101309665
IDN,ECU_XDC,EOP_RT,A,1990,0.000385857057786686
IDN,ECU_XDC,EOP_RT,A,1991,0.000374381409596923
IDN,ECU_XDC,EOP_RT,A,1992,0.000400500497461668
IDN,ECU_XDC,EOP_RT,A,1993,0.000423166378821843
IDN,ECU_XDC,EOP_RT,A,1994,0.000369537132569229
IDN,ECU_XDC,EOP_RT,A,1995,0.000329677656484533
IDN,ECU_XDC,EOP_RT,A,1996,0.000334910183134012
IDN,ECU_XDC,EOP_RT,A,1997,0.000194758029216236
IDN,ECU_XDC,EOP_RT,A,1998,0.000106801450096689
IDN,ECU_XDC,PA_RT,A,1967,
IDN,ECU_XDC,PA_RT,A,1968,
IDN,ECU_XDC,PA_RT,A,1978,0.00177572227852576
IDN,ECU_XDC,PA_RT,A,1979,0.00117105081752449
IDN,ECU_XDC,PA_RT,A,1980,0.00114658665703057
IDN,ECU_XDC,PA_RT,A,1981,0.00141628553848341
IDN,ECU_XDC,PA_RT,A,1982,0.00154085210855968
IDN,ECU_XDC,PA_RT,A,1983,0.00123393936697478
IDN,ECU_XDC,PA_RT,A,1984,0.00123538855950288
IDN,ECU_XDC,PA_RT,A,1985,0.0011813700478675
IDN,ECU_XDC,PA_RT,A,1986,0.00079463640514948
IDN,ECU_XDC,PA_RT,A,1987,0.00052700324339261
IDN,ECU_XDC,PA_RT,A,1988,0.000501083074066048
IDN,ECU_XDC,PA_RT,A,1989,0.00051247151293288
IDN,ECU_XDC,PA_RT,A,1990,0.000426275380272736
IDN,ECU_XDC,PA_RT,A,1991,0.0004133281614778
IDN,ECU_XDC,PA_RT,A,1992,0.000379878842955277
IDN,ECU_XDC,PA_RT,A,1993,0.000408723417786629
IDN,ECU_XDC,PA_RT,A,1994,0.000389380535746353
IDN,ECU_XDC,PA_RT,A,1995,0.000339964159632292
IDN,ECU_XDC,PA_RT,A,1996,0.000336704930735174
IDN,ECU_XDC,PA_RT,A,1997,0.000303085468224077
IDN,ECU_XDC,PA_RT,A,1998,8.91626580954394e-05
IMN,ECU_XDC,EOP_RT,A,1972,
IMN,ECU_XDC,EOP_RT,A,1974,
IMN,ECU_XDC,EOP_RT,A,1979,1.54240932141092
IMN,ECU_XDC,EOP_RT,A,1980,1.82116676910596
IMN,ECU_XDC,EOP_RT,A,1981,1.75820125230372
IMN,ECU_XDC,EOP_RT,A,1982,1.66838896421245
IMN,ECU_XDC,EOP_RT,A,1983,1.75320280487455
IMN,ECU_XDC,EOP_RT,A,1984,1.63140076033291
IMN,ECU_XDC,EOP_RT,A,1985,1.62687239441379
IMN,ECU_XDC,EOP_RT,A,1986,1.37752242152466
IMN,ECU_XDC,EOP_RT,A,1987,1.43586005830904
IMN,ECU_XDC,EOP_RT,A,1988,1.54315196998124
IMN,ECU_XDC,EOP_RT,A,1989,1.34126984126984
IMN,ECU_XDC,EOP_RT,A,1990,1.4142155064916
IMN,ECU_XDC,EOP_RT,A,1991,1.39510776344246
IMN,ECU_XDC,EOP_RT,A,1992,1.24865802295813
IMN,ECU_XDC,EOP_RT,A,1993,1.32253542505603
IMN,ECU_XDC,EOP_RT,A,1994,1.27028389320673
IMN,ECU_XDC,EOP_RT,A,1995,1.17938884830777
IMN,ECU_XDC,EOP_RT,A,1996,1.35515846096138
IMN,ECU_XDC,EOP_RT,A,1997,1.49772235353782
IMN,ECU_XDC,EOP_RT,A,1998,1.42575530319263
IMN,ECU_XDC,PA_RT,A,1972,
IMN,ECU_XDC,PA_RT,A,1974,
IMN,ECU_XDC,PA_RT,A,1978,1.5051639450258
IMN,ECU_XDC,PA_RT,A,1979,1.54523243553542
IMN,ECU_XDC,PA_RT,A,1980,1.67072114736942
IMN,ECU_XDC,PA_RT,A,1981,1.79797732363119
IMN,ECU_XDC,PA_RT,A,1982,1.78034273179107
IMN,ECU_XDC,PA_RT,A,1983,1.70067586216945
IMN,ECU_XDC,PA_RT,A,1984,1.68585963210568
IMN,ECU_XDC,PA_RT,A,1985,1.68368647151377
IMN,ECU_XDC,PA_RT,A,1986,1.49395023696221
IMN,ECU_XDC,PA_RT,A,1987,1.41571480122564
IMN,ECU_XDC,PA_RT,A,1988,1.50253050745776
IMN,ECU_XDC,PA_RT,A,1989,1.48420376910191
IMN,ECU_XDC,PA_RT,A,1990,1.39484695213733
IMN,ECU_XDC,PA_RT,A,1991,1.42169197053986
IMN,ECU_XDC,PA_RT,A,1992,1.35338529292888
IMN,ECU_XDC,PA_RT,A,1993,1.27939983700951
IMN,ECU_XDC,PA_RT,A,1994,1.28760509324594
IMN,ECU_XDC,PA_RT,A,1995,1.20638248388343
IMN,ECU_XDC,PA_RT,A,1996,1.23044317550272
IMN,ECU_XDC,PA_RT,A,1997,1.44358000303363
IMN,ECU_XDC,PA_RT,A,1998,1.47864576324896
IND,ECU_XDC,EOP_RT,A,1957,
IND,ECU_XDC,EOP_RT,A,1971,
IND,ECU_XDC,EOP_RT,A,1974,
IND,ECU_XDC,EOP_RT,A,1979,0.0877141375716238
IND,ECU_XDC,EOP_RT,A,1980,0.0962889932484149
IND,ECU_XDC,EOP_RT,A,1981,0.101271666955658
IND,ECU_XDC,EOP_RT,A,1982,0.107264663488314
IND,ECU_XDC,EOP_RT,A,1983,0.115179856571847
IND,ECU_XDC,EOP_RT,A,1984,0.113291372610695
IND,ECU_XDC,EOP_RT,A,1985,0.0925776134490165
IND,ECU_XDC,EOP_RT,A,1986,0.0711957166834233
IND,ECU_XDC,EOP_RT,A,1987,0.0595800471302958
IND,ECU_XDC,EOP_RT,A,1988,0.0570480591116745
IND,ECU_XDC,EOP_RT,A,1989,0.0490409204502129
IND,ECU_XDC,EOP_RT,A,1990,0.0405857439110113
IND,ECU_XDC,EOP_RT,A,1991,0.0288679082410281
IND,ECU_XDC,EOP_RT,A,1992,0.031520306326945
IND,ECU_XDC,EOP_RT,A,1993,0.0284538259819659
IND,ECU_XDC,EOP_RT,A,1994,0.0259076383573073
IND,ECU_XDC,EOP_RT,A,1995,0.0216286535294571
IND,ECU_XDC,EOP_RT,A,1996,0.0222123842585124
IND,ECU_XDC,EOP_RT,A,1997,0.0230556220940809
IND,ECU_XDC,EOP_RT,A,1998,0.0201761213989154
IND,ECU_XDC,PA_RT,A,1957,
IND,ECU_XDC,PA_RT,A,1971,
IND,ECU_XDC,PA_RT,A,1974,
IND,ECU_XDC,PA_RT,A,1978,0.0958092506522223
IND,ECU_XDC,PA_RT,A,1979,0.0897918316449156
IND,ECU_XDC,PA_RT,A,1980,0.0914292268051379
IND,ECU_XDC,PA_RT,A,1981,0.103337237741129
IND,ECU_XDC,PA_RT,A,1982,0.107788189995745
IND,ECU_XDC,PA_RT,A,1983,0.111099017510706
IND,ECU_XDC,PA_RT,A,1984,0.111545101379808
IND,ECU_XDC,PA_RT,A,1985,0.106074255507185
IND,ECU_XDC,PA_RT,A,1986,0.0808169326210311
IND,ECU_XDC,PA_RT,A,1987,0.0668374341945147
IND,ECU_XDC,PA_RT,A,1988,0.0606935954587668
IND,ECU_XDC,PA_RT,A,1989,0.0559061291869205
IND,ECU_XDC,PA_RT,A,1990,0.044879364380743
IND,ECU_XDC,PA_RT,A,1991,0.0354456858137276
IND,ECU_XDC,PA_RT,A,1992,0.0297523535031517
IND,ECU_XDC,PA_RT,A,1993,0.0279749472436321
IND,ECU_XDC,PA_RT,A,1994,0.0268171839425087
IND,ECU_XDC,PA_RT,A,1995,0.0235743150214078
IND,ECU_XDC,PA_RT,A,1996,0.0222577499121411
IND,ECU_XDC,PA_RT,A,1997,0.0242828700104119
IND,ECU_XDC,PA_RT,A,1998,0.0216397222609776
IRL,ECU_XDC,EOP_RT,A,1971,
IRL,ECU_XDC,EOP_RT,A,1972,
IRL,ECU_XDC,EOP_RT,A,1974,
IRL,ECU_XDC,EOP_RT,A,1979,1.48762050106639
IRL,ECU_XDC,EOP_RT,A,1980,1.448915699793
IRL,ECU_XDC,EOP_RT,A,1981,1.45595281883524
IRL,ECU_XDC,EOP_RT,A,1982,1.44311253533441
IRL,ECU_XDC,EOP_RT,A,1983,1.37176698135336
IRL,ECU_XDC,EOP_RT,A,1984,1.39864578925096
IRL,ECU_XDC,EOP_RT,A,1985,1.40049555017457
IRL,ECU_XDC,EOP_RT,A,1986,1.30745515695067
IRL,ECU_XDC,EOP_RT,A,1987,1.28548411845941
IRL,ECU_XDC,EOP_RT,A,1988,1.28560463926318
IRL,ECU_XDC,EOP_RT,A,1989,1.30016708437761
IRL,ECU_XDC,EOP_RT,A,1990,1.3023545807966
IRL,ECU_XDC,EOP_RT,A,1991,1.30494444030129
IRL,ECU_XDC,EOP_RT,A,1992,1.34561070278305
IRL,ECU_XDC,EOP_RT,A,1993,1.25967659848032
IRL,ECU_XDC,EOP_RT,A,1994,1.25776397515528
IRL,ECU_XDC,EOP_RT,A,1995,1.2216185780375
IRL,ECU_XDC,EOP_RT,A,1996,1.34167072362908
IRL,ECU_XDC,EOP_RT,A,1997,1.29540576520771
IRL,ECU_XDC,EOP_RT,A,1998,1.27473751874866
IRL,ECU_XDC,PA_RT,A,1971,
IRL,ECU_XDC,PA_RT,A,1972,
IRL,ECU_XDC,PA_RT,A,1974,
IRL,ECU_XDC,PA_RT,A,1978,1.5051639450258
IRL,ECU_XDC,PA_RT,A,1979,1.49332236447281
IRL,ECU_XDC,PA_RT,A,1980,1.47726277982216
IRL,ECU_XDC,PA_RT,A,1981,1.44012653272281
IRL,ECU_XDC,PA_RT,A,1982,1.44650447190855
IRL,ECU_XDC,PA_RT,A,1983,1.3943189457276
IRL,ECU_XDC,PA_RT,A,1984,1.37383957716409
IRL,ECU_XDC,PA_RT,A,1985,1.38746313021253
IRL,ECU_XDC,PA_RT,A,1986,1.37145742168835
IRL,ECU_XDC,PA_RT,A,1987,1.28740072318841
IRL,ECU_XDC,PA_RT,A,1988,1.28670166580871
IRL,ECU_XDC,PA_RT,A,1989,1.28568275861494
IRL,ECU_XDC,PA_RT,A,1990,1.2993071667581
IRL,ECU_XDC,PA_RT,A,1991,1.29748010666867
IRL,ECU_XDC,PA_RT,A,1992,1.31205826596949
IRL,ECU_XDC,PA_RT,A,1993,1.25957785008047
IRL,ECU_XDC,PA_RT,A,1994,1.25833093387817
IRL,ECU_XDC,PA_RT,A,1995,1.22559817845694
IRL,ECU_XDC,PA_RT,A,1996,1.26180306463511
IRL,ECU_XDC,PA_RT,A,1997,1.33676948018493
IRL,ECU_XDC,PA_RT,A,1998,1.2713627664865
IRN,ECU_XDC,EOP_RT,A,1957,
IRN,ECU_XDC,EOP_RT,A,1979,0.00984078568938892
IRN,ECU_XDC,EOP_RT,A,1980,0.0105591008499196
IRN,ECU_XDC,EOP_RT,A,1981,0.0115983527555483
IRN,ECU_XDC,EOP_RT,A,1982,0.0123857240434772
IRN,ECU_XDC,EOP_RT,A,1983,0.0137090694410614
IRN,ECU_XDC,EOP_RT,A,1984,0.015007885661058
IRN,ECU_XDC,EOP_RT,A,1985,0.0133714792754667
IRN,ECU_XDC,EOP_RT,A,1986,0.0123503542160631
IRN,ECU_XDC,EOP_RT,A,1987,0.0116915696398501
IRN,ECU_XDC,EOP_RT,A,1988,0.0124335641408172
IRN,ECU_XDC,EOP_RT,A,1989,0.0118946663067341
IRN,ECU_XDC,EOP_RT,A,1990,0.0112317862840506
IRN,ECU_XDC,EOP_RT,A,1991,0.0115460012682428
IRN,ECU_XDC,EOP_RT,A,1992,0.0123186805555864
IRN,ECU_XDC,EOP_RT,A,1993,0.000507733336430989
IRN,ECU_XDC,EOP_RT,A,1994,0.000468315626985809
IRN,ECU_XDC,EOP_RT,A,1995,0.0004354199845747
IRN,ECU_XDC,EOP_RT,A,1996,0.000456276807942766
IRN,ECU_XDC,EOP_RT,A,1997,0.000516242192723897
IRN,ECU_XDC,EOP_RT,A,1998,0.000489501192125097
IRN,ECU_XDC,EOP_RT,A,2002,
IRN,ECU_XDC,PA_RT,A,1957,
IRN,ECU_XDC,PA_RT,A,1978,0.0111352997441563
IRN,ECU_XDC,PA_RT,A,1979,0.0103505267550574
IRN,ECU_XDC,PA_RT,A,1980,0.0101781699598723
IRN,ECU_XDC,PA_RT,A,1981,0.0114203427913794
IRN,ECU_XDC,PA_RT,A,1982,0.012187503185227
IRN,ECU_XDC,PA_RT,A,1983,0.0129890494603898
IRN,ECU_XDC,PA_RT,A,1984,0.0140746279160601
IRN,ECU_XDC,PA_RT,A,1985,0.0144059984154131
IRN,ECU_XDC,PA_RT,A,1986,0.0129370983923679
IRN,ECU_XDC,PA_RT,A,1987,0.0121200962876932
IRN,ECU_XDC,PA_RT,A,1988,0.0122952069829142
IRN,ECU_XDC,PA_RT,A,1989,0.0125930408956501
IRN,ECU_XDC,PA_RT,A,1990,0.0115330875012397
IRN,ECU_XDC,PA_RT,A,1991,0.0119386921276506
IRN,ECU_XDC,PA_RT,A,1992,0.0117607040636981
IRN,ECU_XDC,PA_RT,A,1993,0.00067270918153306
IRN,ECU_XDC,PA_RT,A,1994,0.000481001633028621
IRN,ECU_XDC,PA_RT,A,1995,0.000437238546724337
IRN,ECU_XDC,PA_RT,A,1996,0.000450359099714666
IRN,ECU_XDC,PA_RT,A,1997,0.00050291902586573
IRN,ECU_XDC,PA_RT,A,1998,0.000509529381630066
IRN,ECU_XDC,PA_RT,A,2002,
IRQ,ECU_XDC,EOP_RT,A,1979,0.000376561916573983
IRQ,ECU_XDC,EOP_RT,A,1980,0.000414603411382153
IRQ,ECU_XDC,EOP_RT,A,1981,0.000500335999936845
IRQ,ECU_XDC,EOP_RT,A,1982,0.000533035031272989
IRQ,ECU_XDC,EOP_RT,A,1983,0.000623420352735383
IRQ,ECU_XDC,EOP_RT,A,1984,0.000727631540965132
IRQ,ECU_XDC,EOP_RT,A,1985,0.000580941546784753
IRQ,ECU_XDC,EOP_RT,A,1986,0.000481892749803982
IRQ,ECU_XDC,EOP_RT,A,1987,0.000395748043110466
IRQ,ECU_XDC,EOP_RT,A,1988,0.000439892545957856
IRQ,ECU_XDC,EOP_RT,A,1989,0.000430925646942508
IRQ,ECU_XDC,EOP_RT,A,1990,0.000378359861652008
IRQ,ECU_XDC,EOP_RT,A,1991,0.000384680438056665
IRQ,ECU_XDC,EOP_RT,A,1992,0.000425979023362938
IRQ,ECU_XDC,EOP_RT,A,1993,0.000460565553410483
IRQ,ECU_XDC,EOP_RT,A,1994,0.000419351893314964
IRQ,ECU_XDC,EOP_RT,A,1995,0.000392485088608731
IRQ,ECU_XDC,EOP_RT,A,1996,0.00041006812640593
IRQ,ECU_XDC,EOP_RT,A,1997,0.000467139043164922
IRQ,ECU_XDC,EOP_RT,A,1998,0.000442099509623432
IRQ,ECU_XDC,EOP_RT,A,2003,
IRQ,ECU_XDC,PA_RT,A,1978,0.000412639541131303
IRQ,ECU_XDC,PA_RT,A,1979,0.000383558297379066
IRQ,ECU_XDC,PA_RT,A,1980,0.000377919389909508
IRQ,ECU_XDC,PA_RT,A,1981,0.000470359110733873
IRQ,ECU_XDC,PA_RT,A,1982,0.00053000057679915
IRQ,ECU_XDC,PA_RT,A,1983,0.000560320491908121
IRQ,ECU_XDC,PA_RT,A,1984,0.000632965259250059
IRQ,ECU_XDC,PA_RT,A,1985,0.000655221430387698
IRQ,ECU_XDC,PA_RT,A,1986,0.000508977329332105
IRQ,ECU_XDC,PA_RT,A,1987,0.000432640650944641
IRQ,ECU_XDC,PA_RT,A,1988,0.000421835750197445
IRQ,ECU_XDC,PA_RT,A,1989,0.000453012099929323
IRQ,ECU_XDC,PA_RT,A,1990,0.000392305038541176
IRQ,ECU_XDC,PA_RT,A,1991,0.000402580378255891
IRQ,ECU_XDC,PA_RT,A,1992,0.00038510264101962
IRQ,ECU_XDC,PA_RT,A,1993,0.000426015813248014
IRQ,ECU_XDC,PA_RT,A,1994,0.000420176149732118
IRQ,ECU_XDC,PA_RT,A,1995,0.000381767377309298
IRQ,ECU_XDC,PA_RT,A,1996,0.000393861240115701
IRQ,ECU_XDC,PA_RT,A,1997,0.000440369771692729
IRQ,ECU_XDC,PA_RT,A,1998,0.00044588837733176
IRQ,ECU_XDC,PA_RT,A,2003,
ISL,ECU_XDC,EOP_RT,A,1960,
ISL,ECU_XDC,EOP_RT,A,1974,
ISL,ECU_XDC,EOP_RT,A,1979,0.175621517234879
ISL,ECU_XDC,EOP_RT,A,1980,0.122390116553072
ISL,ECU_XDC,EOP_RT,A,1981,0.112747966051763
ISL,ECU_XDC,EOP_RT,A,1982,0.0621580820522969
ISL,ECU_XDC,EOP_RT,A,1983,0.0421557471580697
ISL,ECU_XDC,EOP_RT,A,1984,0.034791865752246
ISL,ECU_XDC,EOP_RT,A,1985,0.0267772933051358
ISL,ECU_XDC,EOP_RT,A,1986,0.0232164561212694
ISL,ECU_XDC,EOP_RT,A,1987,0.0215149798908089
ISL,ECU_XDC,EOP_RT,A,1988,0.0184510110526722
ISL,ECU_XDC,EOP_RT,A,1989,0.0136573792390627
ISL,ECU_XDC,EOP_RT,A,1990,0.0132427201092705
ISL,ECU_XDC,EOP_RT,A,1991,0.0134082662336762
ISL,ECU_XDC,EOP_RT,A,1992,0.012919775121495
ISL,ECU_XDC,EOP_RT,A,1993,0.0122766541910366
ISL,ECU_XDC,EOP_RT,A,1994,0.0119030994385403
ISL,ECU_XDC,EOP_RT,A,1995,0.0116648172798759
ISL,ECU_XDC,EOP_RT,A,1996,0.0119313943251361
ISL,ECU_XDC,EOP_RT,A,1997,0.0125467558306387
ISL,ECU_XDC,EOP_RT,A,1998,0.0123641320978928
ISL,ECU_XDC,PA_RT,A,1960,
ISL,ECU_XDC,PA_RT,A,1974,
ISL,ECU_XDC,PA_RT,A,1978,0.28953099548588
ISL,ECU_XDC,PA_RT,A,1979,0.206928432431771
ISL,ECU_XDC,PA_RT,A,1980,0.149845070661797
ISL,ECU_XDC,PA_RT,A,1981,0.123854529941442
ISL,ECU_XDC,PA_RT,A,1982,0.0825121488826976
ISL,ECU_XDC,PA_RT,A,1983,0.0451631530396716
ISL,ECU_XDC,PA_RT,A,1984,0.039990245491541
ISL,ECU_XDC,PA_RT,A,1985,0.0316087617812042
ISL,ECU_XDC,PA_RT,A,1986,0.024794787415993
ISL,ECU_XDC,PA_RT,A,1987,0.0223985649587255
ISL,ECU_XDC,PA_RT,A,1988,0.0196372844443054
ISL,ECU_XDC,PA_RT,A,1989,0.0159024615570142
ISL,ECU_XDC,PA_RT,A,1990,0.0134779525594959
ISL,ECU_XDC,PA_RT,A,1991,0.0136639175209815
ISL,ECU_XDC,PA_RT,A,1992,0.0134001472005113
ISL,ECU_XDC,PA_RT,A,1993,0.0126184626910882
ISL,ECU_XDC,PA_RT,A,1994,0.0120289213177042
ISL,ECU_XDC,PA_RT,A,1995,0.0118167634249132
ISL,ECU_XDC,PA_RT,A,1996,0.0118595896337877
ISL,ECU_XDC,PA_RT,A,1997,0.0124363531343186
ISL,ECU_XDC,PA_RT,A,1998,0.0125826123208122
ISR,ECU_XDC,EOP_RT,A,1957,
ISR,ECU_XDC,EOP_RT,A,1979,196.403886696297
ISR,ECU_XDC,EOP_RT,A,1980,101.164803544232
ISR,ECU_XDC,EOP_RT,A,1981,59.0542951202261
ISR,ECU_XDC,EOP_RT,A,1982,30.709602203509
ISR,ECU_XDC,EOP_RT,A,1983,11.2146726453419
ISR,ECU_XDC,EOP_RT,A,1984,2.20857070802397
ISR,ECU_XDC,EOP_RT,A,1985,0.751085666164729
ISR,ECU_XDC,EOP_RT,A,1986,0.628518699084957
ISR,ECU_XDC,EOP_RT,A,1987,0.498650840313431
ISR,ECU_XDC,EOP_RT,A,1988,0.506116160744517
ISR,ECU_XDC,EOP_RT,A,1989,0.425584252701715
ISR,ECU_XDC,EOP_RT,A,1990,0.358161263111568
ISR,ECU_XDC,EOP_RT,A,1991,0.32666130876788
ISR,ECU_XDC,EOP_RT,A,1992,0.298781485443545
ISR,ECU_XDC,EOP_RT,A,1993,0.299022457908268
ISR,ECU_XDC,EOP_RT,A,1994,0.269377631428862
ISR,ECU_XDC,EOP_RT,A,1995,0.242710057788294
ISR,ECU_XDC,EOP_RT,A,1996,0.245490915536251
ISR,ECU_XDC,EOP_RT,A,1997,0.256115620999858
ISR,ECU_XDC,EOP_RT,A,1998,0.205979725312648
ISR,ECU_XDC,PA_RT,A,1957,
ISR,ECU_XDC,PA_RT,A,1978,450.205425134207
ISR,ECU_XDC,PA_RT,A,1979,287.183757057292
ISR,ECU_XDC,PA_RT,A,1980,140.293137342456
ISR,ECU_XDC,PA_RT,A,1981,78.2767123169777
ISR,ECU_XDC,PA_RT,A,1982,41.9974268479842
ISR,ECU_XDC,PA_RT,A,1983,19.958868960693
ISR,ECU_XDC,PA_RT,A,1984,4.32264230639418
ISR,ECU_XDC,PA_RT,A,1985,1.11295473531742
ISR,ECU_XDC,PA_RT,A,1986,0.684998202885882
ISR,ECU_XDC,PA_RT,A,1987,0.543265249755506
ISR,ECU_XDC,PA_RT,A,1988,0.528275825007888
ISR,ECU_XDC,PA_RT,A,1989,0.473333860480434
ISR,ECU_XDC,PA_RT,A,1990,0.389621910021866
ISR,ECU_XDC,PA_RT,A,1991,0.353700232140338
ISR,ECU_XDC,PA_RT,A,1992,0.313581881103722
ISR,ECU_XDC,PA_RT,A,1993,0.301421592647928
ISR,ECU_XDC,PA_RT,A,1994,0.279422117953495
ISR,ECU_XDC,PA_RT,A,1995,0.253859873165173
ISR,ECU_XDC,PA_RT,A,1996,0.247101878541469
ISR,ECU_XDC,PA_RT,A,1997,0.255639700100531
ISR,ECU_XDC,PA_RT,A,1998,0.234953573091136
ITA,ECU_XDC,EOP_RT,A,1960,
ITA,ECU_XDC,EOP_RT,A,1971,
ITA,ECU_XDC,EOP_RT,A,1979,0.000862598720708761
ITA,ECU_XDC,EOP_RT,A,1980,0.000820625402527914
ITA,ECU_XDC,EOP_RT,A,1981,0.000767907605356924
ITA,ECU_XDC,EOP_RT,A,1982,0.000754290594247763
ITA,ECU_XDC,EOP_RT,A,1983,0.000728294830358362
ITA,ECU_XDC,EOP_RT,A,1984,0.000728679565328665
ITA,ECU_XDC,EOP_RT,A,1985,0.000670987760747102
ITA,ECU_XDC,EOP_RT,A,1986,0.000687879801138242
ITA,ECU_XDC,EOP_RT,A,1987,0.000656167785252294
ITA,ECU_XDC,EOP_RT,A,1988,0.000653105624156254
ITA,ECU_XDC,EOP_RT,A,1989,0.000657553630896078
ITA,ECU_XDC,EOP_RT,A,1990,0.000649041513827802
ITA,ECU_XDC,EOP_RT,A,1991,0.000647896519657594
ITA,ECU_XDC,EOP_RT,A,1992,0.000561462019339678
ITA,ECU_XDC,EOP_RT,A,1993,0.000524000457352001
ITA,ECU_XDC,EOP_RT,A,1994,0.00049884134380472
ITA,ECU_XDC,EOP_RT,A,1995,0.000480145408126547
ITA,ECU_XDC,EOP_RT,A,1996,0.000521433857028255
ITA,ECU_XDC,EOP_RT,A,1997,0.000514796518474497
ITA,ECU_XDC,EOP_RT,A,1998,0.000518469322500712
ITA,ECU_XDC,PA_RT,A,1960,
ITA,ECU_XDC,PA_RT,A,1971,
ITA,ECU_XDC,PA_RT,A,1978,0.0009249249539426
ITA,ECU_XDC,PA_RT,A,1979,0.000878160206337256
ITA,ECU_XDC,PA_RT,A,1980,0.00083940107763613
ITA,ECU_XDC,PA_RT,A,1981,0.000787100087385937
ITA,ECU_XDC,PA_RT,A,1982,0.000753526079129113
ITA,ECU_XDC,PA_RT,A,1983,0.000738702902871249
ITA,ECU_XDC,PA_RT,A,1984,0.000721382335754916
ITA,ECU_XDC,PA_RT,A,1985,0.000687115866619891
ITA,ECU_XDC,PA_RT,A,1986,0.000683634311407338
ITA,ECU_XDC,PA_RT,A,1987,0.000668415597392272
ITA,ECU_XDC,PA_RT,A,1988,0.000648939751041891
ITA,ECU_XDC,PA_RT,A,1989,0.000661110200804402
ITA,ECU_XDC,PA_RT,A,1990,0.000655658844565221
ITA,ECU_XDC,PA_RT,A,1991,0.00064977630411811
ITA,ECU_XDC,PA_RT,A,1992,0.000625706205375378
ITA,ECU_XDC,PA_RT,A,1993,0.000542077097641197
ITA,ECU_XDC,PA_RT,A,1994,0.000521788608159584
ITA,ECU_XDC,PA_RT,A,1995,0.000469292503902063
ITA,ECU_XDC,PA_RT,A,1996,0.000511140517260084
ITA,ECU_XDC,PA_RT,A,1997,0.000517757266322969
ITA,ECU_XDC,PA_RT,A,1998,0.000514248014283951
JAM,ECU_XDC,EOP_RT,A,1969,
JAM,ECU_XDC,EOP_RT,A,1971,
JAM,ECU_XDC,EOP_RT,A,1979,0.389312667332328
JAM,ECU_XDC,EOP_RT,A,1980,0.428642283953737
JAM,ECU_XDC,EOP_RT,A,1981,0.517277860889395
JAM,ECU_XDC,EOP_RT,A,1982,0.580086736816429
JAM,ECU_XDC,EOP_RT,A,1983,0.368724532109472
JAM,ECU_XDC,EOP_RT,A,1984,0.286133102824506
JAM,ECU_XDC,EOP_RT,A,1985,0.205520612484308
JAM,ECU_XDC,EOP_RT,A,1986,0.170479962467132
JAM,ECU_XDC,EOP_RT,A,1987,0.139495305982954
JAM,ECU_XDC,EOP_RT,A,1988,0.155621483732575
JAM,ECU_XDC,EOP_RT,A,1989,0.128923130872449
JAM,ECU_XDC,EOP_RT,A,1990,0.0912603596661305
JAM,ECU_XDC,EOP_RT,A,1991,0.0346989772207547
JAM,ECU_XDC,EOP_RT,A,1992,0.0372254638697997
JAM,ECU_XDC,EOP_RT,A,1993,0.0274948362350179
JAM,ECU_XDC,EOP_RT,A,1994,0.0244862940425072
JAM,ECU_XDC,EOP_RT,A,1995,0.019206591996403
JAM,ECU_XDC,EOP_RT,A,1996,0.0228906298625099
JAM,ECU_XDC,EOP_RT,A,1997,0.024920470103837
JAM,ECU_XDC,EOP_RT,A,1998,0.0231300485772712
JAM,ECU_XDC,PA_RT,A,1969,
JAM,ECU_XDC,PA_RT,A,1971,
JAM,ECU_XDC,PA_RT,A,1978,0.555418550252827
JAM,ECU_XDC,PA_RT,A,1979,0.413439829315306
JAM,ECU_XDC,PA_RT,A,1980,0.403556126483456
JAM,ECU_XDC,PA_RT,A,1981,0.50226663635707
JAM,ECU_XDC,PA_RT,A,1982,0.572100660065324
JAM,ECU_XDC,PA_RT,A,1983,0.580668415142078
JAM,ECU_XDC,PA_RT,A,1984,0.321456622313227
JAM,ECU_XDC,PA_RT,A,1985,0.236033494500157
JAM,ECU_XDC,PA_RT,A,1986,0.186053281614475
JAM,ECU_XDC,PA_RT,A,1987,0.157894301940256
JAM,ECU_XDC,PA_RT,A,1988,0.153898057694176
JAM,ECU_XDC,PA_RT,A,1989,0.157904522467583
JAM,ECU_XDC,PA_RT,A,1990,0.109346216701408
JAM,ECU_XDC,PA_RT,A,1991,0.0665342904720443
JAM,ECU_XDC,PA_RT,A,1992,0.0335850271209924
JAM,ECU_XDC,PA_RT,A,1993,0.0341922967731467
JAM,ECU_XDC,PA_RT,A,1994,0.0254293997122867
JAM,ECU_XDC,PA_RT,A,1995,0.0217529902314747
JAM,ECU_XDC,PA_RT,A,1996,0.0212465542710583
JAM,ECU_XDC,PA_RT,A,1997,0.0249062020293607
JAM,ECU_XDC,PA_RT,A,1998,0.0244279397883529
JEY,ECU_XDC,EOP_RT,A,1972,
JEY,ECU_XDC,EOP_RT,A,1974,
JEY,ECU_XDC,EOP_RT,A,1979,1.54240932141092
JEY,ECU_XDC,EOP_RT,A,1980,1.82116676910596
JEY,ECU_XDC,EOP_RT,A,1981,1.75820125230372
JEY,ECU_XDC,EOP_RT,A,1982,1.66838896421245
JEY,ECU_XDC,EOP_RT,A,1983,1.75320280487455
JEY,ECU_XDC,EOP_RT,A,1984,1.63140076033291
JEY,ECU_XDC,EOP_RT,A,1985,1.62687239441379
JEY,ECU_XDC,EOP_RT,A,1986,1.37752242152466
JEY,ECU_XDC,EOP_RT,A,1987,1.43586005830904
JEY,ECU_XDC,EOP_RT,A,1988,1.54315196998124
JEY,ECU_XDC,EOP_RT,A,1989,1.34126984126984
JEY,ECU_XDC,EOP_RT,A,1990,1.4142155064916
JEY,ECU_XDC,EOP_RT,A,1991,1.39510776344246
JEY,ECU_XDC,EOP_RT,A,1992,1.24865802295813
JEY,ECU_XDC,EOP_RT,A,1993,1.32253542505603
JEY,ECU_XDC,EOP_RT,A,1994,1.27028389320673
JEY,ECU_XDC,EOP_RT,A,1995,1.17938884830777
JEY,ECU_XDC,EOP_RT,A,1996,1.35515846096138
JEY,ECU_XDC,EOP_RT,A,1997,1.49772235353782
JEY,ECU_XDC,EOP_RT,A,1998,1.42575530319263
JEY,ECU_XDC,PA_RT,A,1972,
JEY,ECU_XDC,PA_RT,A,1974,
JEY,ECU_XDC,PA_RT,A,1978,1.5051639450258
JEY,ECU_XDC,PA_RT,A,1979,1.54523243553542
JEY,ECU_XDC,PA_RT,A,1980,1.67072114736942
JEY,ECU_XDC,PA_RT,A,1981,1.79797732363119
JEY,ECU_XDC,PA_RT,A,1982,1.78034273179107
JEY,ECU_XDC,PA_RT,A,1983,1.70067586216945
JEY,ECU_XDC,PA_RT,A,1984,1.68585963210568
JEY,ECU_XDC,PA_RT,A,1985,1.68368647151377
JEY,ECU_XDC,PA_RT,A,1986,1.49395023696221
JEY,ECU_XDC,PA_RT,A,1987,1.41571480122564
JEY,ECU_XDC,PA_RT,A,1988,1.50253050745776
JEY,ECU_XDC,PA_RT,A,1989,1.48420376910191
JEY,ECU_XDC,PA_RT,A,1990,1.39484695213733
JEY,ECU_XDC,PA_RT,A,1991,1.42169197053986
JEY,ECU_XDC,PA_RT,A,1992,1.35338529292888
JEY,ECU_XDC,PA_RT,A,1993,1.27939983700951
JEY,ECU_XDC,PA_RT,A,1994,1.28760509324594
JEY,ECU_XDC,PA_RT,A,1995,1.20638248388343
JEY,ECU_XDC,PA_RT,A,1996,1.23044317550272
JEY,ECU_XDC,PA_RT,A,1997,1.44358000303363
JEY,ECU_XDC,PA_RT,A,1998,1.47864576324896
JOR,ECU_XDC,EOP_RT,A,1971,
JOR,ECU_XDC,EOP_RT,A,1974,
JOR,ECU_XDC,EOP_RT,A,1979,2.35092586264715
JOR,ECU_XDC,EOP_RT,A,1980,2.47518326319119
JOR,ECU_XDC,EOP_RT,A,1981,2.71820862421673
JOR,ECU_XDC,EOP_RT,A,1982,2.93996073363642
JOR,ECU_XDC,EOP_RT,A,1983,3.25332366842316
JOR,ECU_XDC,EOP_RT,A,1984,3.48300183382706
JOR,ECU_XDC,EOP_RT,A,1985,3.06250703908098
JOR,ECU_XDC,EOP_RT,A,1986,2.714966367713
JOR,ECU_XDC,EOP_RT,A,1987,2.33197790394353
JOR,ECU_XDC,EOP_RT,A,1988,1.7878219341634
JOR,ECU_XDC,EOP_RT,A,1989,1.28922305764411
JOR,ECU_XDC,EOP_RT,A,1990,1.10305875449278
JOR,ECU_XDC,EOP_RT,A,1991,1.10485494816914
JOR,ECU_XDC,EOP_RT,A,1992,1.1951441076885
JOR,ECU_XDC,EOP_RT,A,1993,1.2682929007027
JOR,ECU_XDC,EOP_RT,A,1994,1.15974277259276
JOR,ECU_XDC,EOP_RT,A,1995,1.0731981981982
JOR,ECU_XDC,EOP_RT,A,1996,1.12565942266099
JOR,ECU_XDC,EOP_RT,A,1997,1.27732949348403
JOR,ECU_XDC,EOP_RT,A,1998,1.20886222412685
JOR,ECU_XDC,EOP_RT,A,2007,
JOR,ECU_XDC,EOP_RT,A,2009,
JOR,ECU_XDC,PA_RT,A,1971,
JOR,ECU_XDC,PA_RT,A,1974,
JOR,ECU_XDC,PA_RT,A,1978,2.56834322147146
JOR,ECU_XDC,PA_RT,A,1979,2.42939951742439
JOR,ECU_XDC,PA_RT,A,1980,2.4130333367446
JOR,ECU_XDC,PA_RT,A,1981,2.70780137257565
JOR,ECU_XDC,PA_RT,A,1982,2.89127845151729
JOR,ECU_XDC,PA_RT,A,1983,3.09017365618874
JOR,ECU_XDC,PA_RT,A,1984,3.29663431444177
JOR,ECU_XDC,PA_RT,A,1985,3.32469039871136
JOR,ECU_XDC,PA_RT,A,1986,2.9121953379459
JOR,ECU_XDC,PA_RT,A,1987,2.55958341544487
JOR,ECU_XDC,PA_RT,A,1988,2.25673190298838
JOR,ECU_XDC,PA_RT,A,1989,1.57873834313552
JOR,ECU_XDC,PA_RT,A,1990,1.18356508389185
JOR,ECU_XDC,PA_RT,A,1991,1.18396475062705
JOR,ECU_XDC,PA_RT,A,1992,1.13430888760597
JOR,ECU_XDC,PA_RT,A,1993,1.23121483675734
JOR,ECU_XDC,PA_RT,A,1994,1.20406206231344
JOR,ECU_XDC,PA_RT,A,1995,1.09147726842074
JOR,ECU_XDC,PA_RT,A,1996,1.11235925338065
JOR,ECU_XDC,PA_RT,A,1997,1.24371057763296
JOR,ECU_XDC,PA_RT,A,1998,1.25929647286925
JOR,ECU_XDC,PA_RT,A,2007,
JOR,ECU_XDC,PA_RT,A,2009,
JPN,ECU_XDC,EOP_RT,A,1970,
JPN,ECU_XDC,EOP_RT,A,1979,0.00289332236734559
JPN,ECU_XDC,EOP_RT,A,1980,0.00376153663574377
JPN,ECU_XDC,EOP_RT,A,1981,0.0041904917072874
JPN,ECU_XDC,EOP_RT,A,1982,0.0043973536771227
JPN,ECU_XDC,EOP_RT,A,1983,0.00520501839356118
JPN,ECU_XDC,EOP_RT,A,1984,0.00561782635175155
JPN,ECU_XDC,EOP_RT,A,1985,0.00561722172775068
JPN,ECU_XDC,EOP_RT,A,1986,0.00587196853752282
JPN,ECU_XDC,EOP_RT,A,1987,0.00621234156199389
JPN,ECU_XDC,EOP_RT,A,1988,0.00677636655426707
JPN,ECU_XDC,EOP_RT,A,1989,0.00582378451065505
JPN,ECU_XDC,EOP_RT,A,1990,0.00545769543789055
JPN,ECU_XDC,EOP_RT,A,1991,0.00595661156483283
JPN,ECU_XDC,EOP_RT,A,1992,0.00661989599812392
JPN,ECU_XDC,EOP_RT,A,1993,0.007982843623729
JPN,ECU_XDC,EOP_RT,A,1994,0.0081510095413305
JPN,ECU_XDC,EOP_RT,A,1995,0.00739955296281534
JPN,ECU_XDC,EOP_RT,A,1996,0.00688009453800303
JPN,ECU_XDC,EOP_RT,A,1997,0.00696902528553673
JPN,ECU_XDC,EOP_RT,A,1998,0.00741420101233501
JPN,ECU_XDC,PA_RT,A,1970,
JPN,ECU_XDC,PA_RT,A,1978,0.00373001177442534
JPN,ECU_XDC,PA_RT,A,1979,0.00332951379318827
JPN,ECU_XDC,PA_RT,A,1980,0.00317059324458476
JPN,ECU_XDC,PA_RT,A,1981,0.0040571539659359
JPN,ECU_XDC,PA_RT,A,1982,0.00409171830875987
JPN,ECU_XDC,PA_RT,A,1983,0.00472388446682707
JPN,ECU_XDC,PA_RT,A,1984,0.00533608609619037
JPN,ECU_XDC,PA_RT,A,1985,0.00550024677395153
JPN,ECU_XDC,PA_RT,A,1986,0.00604776807352941
JPN,ECU_XDC,PA_RT,A,1987,0.00598954906792639
JPN,ECU_XDC,PA_RT,A,1988,0.00659123558647394
JPN,ECU_XDC,PA_RT,A,1989,0.00657491925120098
JPN,ECU_XDC,PA_RT,A,1990,0.00542532212951869
JPN,ECU_XDC,PA_RT,A,1991,0.00598427061199382
JPN,ECU_XDC,PA_RT,A,1992,0.0060885579106219
JPN,ECU_XDC,PA_RT,A,1993,0.0076714497439568
JPN,ECU_XDC,PA_RT,A,1994,0.00823181181444566
JPN,ECU_XDC,PA_RT,A,1995,0.00812725431408535
JPN,ECU_XDC,PA_RT,A,1996,0.00725013375565106
JPN,ECU_XDC,PA_RT,A,1997,0.00728807763926607
JPN,ECU_XDC,PA_RT,A,1998,0.00682051219253377
KAZ,ECU_XDC,EOP_RT,A,1993,0.1415025450577
KAZ,ECU_XDC,EOP_RT,A,1994,0.0149830757768578
KAZ,ECU_XDC,EOP_RT,A,1995,0.0118982960307475
KAZ,ECU_XDC,EOP_RT,A,1996,0.0108880077272626
KAZ,ECU_XDC,EOP_RT,A,1997,0.0119870924666512
KAZ,ECU_XDC,EOP_RT,A,1998,0.0102277044991161
KAZ,ECU_XDC,PA_RT,A,1994,0.0236745886672814
KAZ,ECU_XDC,PA_RT,A,1995,0.0125421840945586
KAZ,ECU_XDC,PA_RT,A,1996,0.0117180334403479
KAZ,ECU_XDC,PA_RT,A,1997,0.011689024683238
KAZ,ECU_XDC,PA_RT,A,1998,0.0114023396100332
KEN,ECU_XDC,EOP_RT,A,1979,0.0946461831356092
KEN,ECU_XDC,EOP_RT,A,1980,0.10089078908015
KEN,ECU_XDC,EOP_RT,A,1981,0.0895849902313676
KEN,ECU_XDC,EOP_RT,A,1982,0.0812091343901049
KEN,ECU_XDC,EOP_RT,A,1983,0.0876061200115475
KEN,ECU_XDC,EOP_RT,A,1984,0.0893865649170102
KEN,ECU_XDC,EOP_RT,A,1985,0.0691618894526637
KEN,ECU_XDC,EOP_RT,A,1986,0.0582357902482129
KEN,ECU_XDC,EOP_RT,A,1987,0.0464564837150843
KEN,ECU_XDC,EOP_RT,A,1988,0.0458512495486151
KEN,ECU_XDC,EOP_RT,A,1989,0.038675148745589
KEN,ECU_XDC,EOP_RT,A,1990,0.0304563702547527
KEN,ECU_XDC,EOP_RT,A,1991,0.0265642627160647
KEN,ECU_XDC,EOP_RT,A,1992,0.022802771839364
KEN,ECU_XDC,EOP_RT,A,1993,0.013099185032871
KEN,ECU_XDC,EOP_RT,A,1994,0.018131169400951
KEN,ECU_XDC,EOP_RT,A,1995,0.0136022701763228
KEN,ECU_XDC,EOP_RT,A,1996,0.0145051801292295
KEN,ECU_XDC,EOP_RT,A,1997,0.0144488931624195
KEN,ECU_XDC,EOP_RT,A,1998,0.0138449774661085
KEN,ECU_XDC,PA_RT,A,1978,0.101554012880988
KEN,ECU_XDC,PA_RT,A,1979,0.0976052811284612
KEN,ECU_XDC,PA_RT,A,1980,0.0968847424048902
KEN,ECU_XDC,PA_RT,A,1981,0.0988945007720678
KEN,ECU_XDC,PA_RT,A,1982,0.0933090305714123
KEN,ECU_XDC,PA_RT,A,1983,0.0842862388270808
KEN,ECU_XDC,PA_RT,A,1984,0.0879319759488766
KEN,ECU_XDC,PA_RT,A,1985,0.0798440014995191
KEN,ECU_XDC,PA_RT,A,1986,0.0628118509918419
KEN,ECU_XDC,PA_RT,A,1987,0.0526490529675353
KEN,ECU_XDC,PA_RT,A,1988,0.0475952592704881
KEN,ECU_XDC,PA_RT,A,1989,0.0440931519695764
KEN,ECU_XDC,PA_RT,A,1990,0.0342812111449968
KEN,ECU_XDC,PA_RT,A,1991,0.0293051132005746
KEN,ECU_XDC,PA_RT,A,1992,0.0239354367786244
KEN,ECU_XDC,PA_RT,A,1993,0.0147073899276974
KEN,ECU_XDC,PA_RT,A,1994,0.0150106475016073
KEN,ECU_XDC,PA_RT,A,1995,0.014863865406849
KEN,ECU_XDC,PA_RT,A,1996,0.0138083612319305
KEN,ECU_XDC,PA_RT,A,1997,0.0150138455481505
KEN,ECU_XDC,PA_RT,A,1998,0.0147902933117812
KGZ,ECU_XDC,EOP_RT,A,1993,0.111193158071493
KGZ,ECU_XDC,EOP_RT,A,1994,0.0763363090753337
KGZ,ECU_XDC,EOP_RT,A,1995,0.0679371456398483
KGZ,ECU_XDC,EOP_RT,A,1996,0.047789878228045
KGZ,ECU_XDC,EOP_RT,A,1997,0.0521222927111078
KGZ,ECU_XDC,EOP_RT,A,1998,0.0291763533041005
KGZ,ECU_XDC,PA_RT,A,1994,0.0776037629692255
KGZ,ECU_XDC,PA_RT,A,1995,0.0706389171844714
KGZ,ECU_XDC,PA_RT,A,1996,0.0615682984630783
KGZ,ECU_XDC,PA_RT,A,1997,0.0507871114625022
KGZ,ECU_XDC,PA_RT,A,1998,0.0428476709179558
KHM,ECU_XDC,EOP_RT,A,1989,0.00386769392617346
KHM,ECU_XDC,EOP_RT,A,1990,0.00122252377808748
KHM,ECU_XDC,EOP_RT,A,1991,0.0014341687844559
KHM,ECU_XDC,EOP_RT,A,1992,0.00041291601288298
KHM,ECU_XDC,EOP_RT,A,1993,0.00038736705393236
KHM,ECU_XDC,EOP_RT,A,1994,0.000315721045301866
KHM,ECU_XDC,EOP_RT,A,1995,0.000301225665544854
KHM,ECU_XDC,EOP_RT,A,1996,0.000294172858978382
KHM,ECU_XDC,EOP_RT,A,1997,0.000262347866702056
KHM,ECU_XDC,EOP_RT,A,1998,0.000227342609290697
KHM,ECU_XDC,PA_RT,A,1990,0.00184292306026589
KHM,ECU_XDC,PA_RT,A,1991,0.00112221041286262
KHM,ECU_XDC,PA_RT,A,1992,0.00060882214155469
KHM,ECU_XDC,PA_RT,A,1993,0.000317236231186199
KHM,ECU_XDC,PA_RT,A,1994,0.000330559050618761
KHM,ECU_XDC,PA_RT,A,1995,0.000311912731953762
KHM,ECU_XDC,PA_RT,A,1996,0.000300547890620933
KHM,ECU_XDC,PA_RT,A,1997,0.000299292592122788
KHM,ECU_XDC,PA_RT,A,1998,0.000238446006079531
KIR,ECU_XDC,EOP_RT,A,1966,
KIR,ECU_XDC,EOP_RT,A,1971,
KIR,ECU_XDC,EOP_RT,A,1973,
KIR,ECU_XDC,EOP_RT,A,1974,
KIR,ECU_XDC,EOP_RT,A,1975,
KIR,ECU_XDC,EOP_RT,A,1979,0.766696719444272
KIR,ECU_XDC,EOP_RT,A,1980,0.901572999313968
KIR,ECU_XDC,EOP_RT,A,1981,1.039347584777
KIR,ECU_XDC,EOP_RT,A,1982,1.01333057767214
KIR,ECU_XDC,EOP_RT,A,1983,1.0901619544237
KIR,ECU_XDC,EOP_RT,A,1984,1.16772464381436
KIR,ECU_XDC,EOP_RT,A,1985,0.7668656380223
KIR,ECU_XDC,EOP_RT,A,1986,0.621076233183856
KIR,ECU_XDC,EOP_RT,A,1987,0.554319472149762
KIR,ECU_XDC,EOP_RT,A,1988,0.729575302746031
KIR,ECU_XDC,EOP_RT,A,1989,0.662238930659983
KIR,ECU_XDC,EOP_RT,A,1990,0.567226582557031
KIR,ECU_XDC,EOP_RT,A,1991,0.566634350063391
KIR,ECU_XDC,EOP_RT,A,1992,0.568667932942441
KIR,ECU_XDC,EOP_RT,A,1993,0.60456976526157
KIR,ECU_XDC,EOP_RT,A,1994,0.631524161815876
KIR,ECU_XDC,EOP_RT,A,1995,0.566867543218895
KIR,ECU_XDC,EOP_RT,A,1996,0.635679526572441
KIR,ECU_XDC,EOP_RT,A,1997,0.591101339419132
KIR,ECU_XDC,EOP_RT,A,1998,0.526162425541034
KIR,ECU_XDC,PA_RT,A,1966,
KIR,ECU_XDC,PA_RT,A,1971,
KIR,ECU_XDC,PA_RT,A,1973,
KIR,ECU_XDC,PA_RT,A,1974,
KIR,ECU_XDC,PA_RT,A,1975,
KIR,ECU_XDC,PA_RT,A,1978,0.898462295674583
KIR,ECU_XDC,PA_RT,A,1979,0.815555872596497
KIR,ECU_XDC,PA_RT,A,1980,0.818568282161992
KIR,ECU_XDC,PA_RT,A,1981,1.0281921827118
KIR,ECU_XDC,PA_RT,A,1982,1.03376608170667
KIR,ECU_XDC,PA_RT,A,1983,1.01077703787465
KIR,ECU_XDC,PA_RT,A,1984,1.11225905424701
KIR,ECU_XDC,PA_RT,A,1985,0.916272455884289
KIR,ECU_XDC,PA_RT,A,1986,0.681274376702339
KIR,ECU_XDC,PA_RT,A,1987,0.606585586769316
KIR,ECU_XDC,PA_RT,A,1988,0.659951813579838
KIR,ECU_XDC,PA_RT,A,1989,0.717307678434265
KIR,ECU_XDC,PA_RT,A,1990,0.613201566236986
KIR,ECU_XDC,PA_RT,A,1991,0.627939617208866
KIR,ECU_XDC,PA_RT,A,1992,0.566316543398366
KIR,ECU_XDC,PA_RT,A,1993,0.580083931060064
KIR,ECU_XDC,PA_RT,A,1994,0.615137935275056
KIR,ECU_XDC,PA_RT,A,1995,0.566662493722979
KIR,ECU_XDC,PA_RT,A,1996,0.617172971533378
KIR,ECU_XDC,PA_RT,A,1997,0.654448484868237
KIR,ECU_XDC,PA_RT,A,1998,0.560890380305436
KNA,ECU_XDC,EOP_RT,A,1971,
KNA,ECU_XDC,EOP_RT,A,1972,
KNA,ECU_XDC,EOP_RT,A,1974,
KNA,ECU_XDC,EOP_RT,A,1976,
KNA,ECU_XDC,EOP_RT,A,1979,0.256862730166609
KNA,ECU_XDC,EOP_RT,A,1980,0.282811828537861
KNA,ECU_XDC,EOP_RT,A,1981,0.341292269047522
KNA,ECU_XDC,EOP_RT,A,1982,0.38273263485905
KNA,ECU_XDC,EOP_RT,A,1983,0.447631581844334
KNA,ECU_XDC,EOP_RT,A,1984,0.522457850712894
KNA,ECU_XDC,EOP_RT,A,1985,0.417130724597782
KNA,ECU_XDC,EOP_RT,A,1986,0.346011183081437
KNA,ECU_XDC,EOP_RT,A,1987,0.284157104780091
KNA,ECU_XDC,EOP_RT,A,1988,0.31585397439056
KNA,ECU_XDC,EOP_RT,A,1989,0.309415514093877
KNA,ECU_XDC,EOP_RT,A,1990,0.271671950686108
KNA,ECU_XDC,EOP_RT,A,1991,0.27621028441373
KNA,ECU_XDC,EOP_RT,A,1992,0.305863713246652
KNA,ECU_XDC,EOP_RT,A,1993,0.330696688634848
KNA,ECU_XDC,EOP_RT,A,1994,0.301104330241594
KNA,ECU_XDC,EOP_RT,A,1995,0.281813344876408
KNA,ECU_XDC,EOP_RT,A,1996,0.295589246817908
KNA,ECU_XDC,EOP_RT,A,1997,0.335416605872407
KNA,ECU_XDC,EOP_RT,A,1998,0.317437643342936
KNA,ECU_XDC,PA_RT,A,1971,
KNA,ECU_XDC,PA_RT,A,1972,
KNA,ECU_XDC,PA_RT,A,1974,
KNA,ECU_XDC,PA_RT,A,1976,
KNA,ECU_XDC,PA_RT,A,1978,0.290722183145879
KNA,ECU_XDC,PA_RT,A,1979,0.270233204680392
KNA,ECU_XDC,PA_RT,A,1980,0.266260353495038
KNA,ECU_XDC,PA_RT,A,1981,0.331388085495165
KNA,ECU_XDC,PA_RT,A,1982,0.377463539733878
KNA,ECU_XDC,PA_RT,A,1983,0.415547286242267
KNA,ECU_XDC,PA_RT,A,1984,0.469422411029192
KNA,ECU_XDC,PA_RT,A,1985,0.48592812880011
KNA,ECU_XDC,PA_RT,A,1986,0.377469951032711
KNA,ECU_XDC,PA_RT,A,1987,0.320856816041556
KNA,ECU_XDC,PA_RT,A,1988,0.312843639184918
KNA,ECU_XDC,PA_RT,A,1989,0.335964777452733
KNA,ECU_XDC,PA_RT,A,1990,0.290942946088272
KNA,ECU_XDC,PA_RT,A,1991,0.298563387619622
KNA,ECU_XDC,PA_RT,A,1992,0.285601473132399
KNA,ECU_XDC,PA_RT,A,1993,0.315943787281366
KNA,ECU_XDC,PA_RT,A,1994,0.311613119847186
KNA,ECU_XDC,PA_RT,A,1995,0.283128192801239
KNA,ECU_XDC,PA_RT,A,1996,0.292097300239585
KNA,ECU_XDC,PA_RT,A,1997,0.326589185015469
KNA,ECU_XDC,PA_RT,A,1998,0.330681925653444
KOR,ECU_XDC,EOP_RT,A,1962,
KOR,ECU_XDC,EOP_RT,A,1979,0.00143291192448315
KOR,ECU_XDC,EOP_RT,A,1980,0.00115713280353421
KOR,ECU_XDC,EOP_RT,A,1981,0.00131547341388766
KOR,ECU_XDC,EOP_RT,A,1982,0.001380045558386
KOR,ECU_XDC,EOP_RT,A,1983,0.00151930266622213
KOR,ECU_XDC,EOP_RT,A,1984,0.00170490234097754
KOR,ECU_XDC,EOP_RT,A,1985,0.00126516845249833
KOR,ECU_XDC,EOP_RT,A,1986,0.00108454863515194
KOR,ECU_XDC,EOP_RT,A,1987,0.000968350603188496
KOR,ECU_XDC,EOP_RT,A,1988,0.00124660975128565
KOR,ECU_XDC,EOP_RT,A,1989,0.00122928470873082
KOR,ECU_XDC,EOP_RT,A,1990,0.0010238892613798
KOR,ECU_XDC,EOP_RT,A,1991,0.000980241545632322
KOR,ECU_XDC,EOP_RT,A,1992,0.00104747847002278
KOR,ECU_XDC,EOP_RT,A,1993,0.00110491406919204
KOR,ECU_XDC,EOP_RT,A,1994,0.00103078698066731
KOR,ECU_XDC,EOP_RT,A,1995,0.000982181529839036
KOR,ECU_XDC,EOP_RT,A,1996,0.000945381386411219
KOR,ECU_XDC,EOP_RT,A,1997,0.000639927102780878
KOR,ECU_XDC,EOP_RT,A,1998,0.000709622153523702
KOR,ECU_XDC,PA_RT,A,1962,
KOR,ECU_XDC,PA_RT,A,1978,0.00162179730267329
KOR,ECU_XDC,PA_RT,A,1979,0.00150749928230797
KOR,ECU_XDC,PA_RT,A,1980,0.00118295744360574
KOR,ECU_XDC,PA_RT,A,1981,0.00131381880465611
KOR,ECU_XDC,PA_RT,A,1982,0.00139386878831659
KOR,ECU_XDC,PA_RT,A,1983,0.00144631657541959
KOR,ECU_XDC,PA_RT,A,1984,0.00157256374221005
KOR,ECU_XDC,PA_RT,A,1985,0.00150801814643376
KOR,ECU_XDC,PA_RT,A,1986,0.00115623361857418
KOR,ECU_XDC,PA_RT,A,1987,0.00105318641197662
KOR,ECU_XDC,PA_RT,A,1988,0.00115477808292867
KOR,ECU_XDC,PA_RT,A,1989,0.00135095244406353
KOR,ECU_XDC,PA_RT,A,1990,0.0011098952753041
KOR,ECU_XDC,PA_RT,A,1991,0.00109926235477199
KOR,ECU_XDC,PA_RT,A,1992,0.000987770958682942
KOR,ECU_XDC,PA_RT,A,1993,0.00106293766942766
KOR,ECU_XDC,PA_RT,A,1994,0.00104675924579004
KOR,ECU_XDC,PA_RT,A,1995,0.000991172759386511
KOR,ECU_XDC,PA_RT,A,1996,0.000980365911992714
KOR,ECU_XDC,PA_RT,A,1997,0.000928308329955853
KOR,ECU_XDC,PA_RT,A,1998,0.000636296895818531
KOS,ECU_XDC,EOP_RT,A,2002,
KOS,ECU_XDC,PA_RT,A,2002,
KWT,ECU_XDC,EOP_RT,A,1979,2.53935779287007
KWT,ECU_XDC,EOP_RT,A,1980,2.81459987921091
KWT,ECU_XDC,EOP_RT,A,1981,3.27451160984151
KWT,ECU_XDC,EOP_RT,A,1982,3.57941511065352
KWT,ECU_XDC,EOP_RT,A,1983,4.13113367552712
KWT,ECU_XDC,EOP_RT,A,1984,4.63323458879955
KWT,ECU_XDC,EOP_RT,A,1985,3.89694785448812
KWT,ECU_XDC,EOP_RT,A,1986,3.19562780269058
KWT,ECU_XDC,EOP_RT,A,1987,2.84264232008593
KWT,ECU_XDC,EOP_RT,A,1988,3.0175677980556
KWT,ECU_XDC,EOP_RT,A,1989,2.86131996658313
KWT,ECU_XDC,EOP_RT,A,1991,2.62346185397867
KWT,ECU_XDC,EOP_RT,A,1992,2.72821868032042
KWT,ECU_XDC,EOP_RT,A,1993,2.99202657214032
KWT,ECU_XDC,EOP_RT,A,1994,2.70885499658547
KWT,ECU_XDC,EOP_RT,A,1995,2.54539505721938
KWT,ECU_XDC,EOP_RT,A,1996,2.66128221294663
KWT,ECU_XDC,EOP_RT,A,1997,2.97023211164543
KWT,ECU_XDC,EOP_RT,A,1998,2.84215984572531
KWT,ECU_XDC,PA_RT,A,1978,2.85381584931504
KWT,ECU_XDC,PA_RT,A,1979,2.64008392953601
KWT,ECU_XDC,PA_RT,A,1980,2.65967379918704
KWT,ECU_XDC,PA_RT,A,1981,3.20945088232665
KWT,ECU_XDC,PA_RT,A,1982,3.53981459833519
KWT,ECU_XDC,PA_RT,A,1983,3.84928814211569
KWT,ECU_XDC,PA_RT,A,1984,4.28099813103053
KWT,ECU_XDC,PA_RT,A,1985,4.36239990132719
KWT,ECU_XDC,PA_RT,A,1986,3.5071836650383
KWT,ECU_XDC,PA_RT,A,1987,3.10881827191853
KWT,ECU_XDC,PA_RT,A,1988,3.02720172096394
KWT,ECU_XDC,PA_RT,A,1989,3.08770746914381
KWT,ECU_XDC,PA_RT,A,1992,2.62982390216813
KWT,ECU_XDC,PA_RT,A,1993,2.82617341075558
KWT,ECU_XDC,PA_RT,A,1994,2.83408404638706
KWT,ECU_XDC,PA_RT,A,1995,2.56140713163712
KWT,ECU_XDC,PA_RT,A,1996,2.63406865143285
KWT,ECU_XDC,PA_RT,A,1997,2.90685408283096
KWT,ECU_XDC,PA_RT,A,1998,2.92969540863722
LAO,ECU_XDC,EOP_RT,A,1976,
LAO,ECU_XDC,EOP_RT,A,1979,0.0693529371449843
LAO,ECU_XDC,EOP_RT,A,1980,0.0763591937052224
LAO,ECU_XDC,EOP_RT,A,1981,0.0307163042142769
LAO,ECU_XDC,EOP_RT,A,1982,0.029525088974841
LAO,ECU_XDC,EOP_RT,A,1983,0.0345315791708486
LAO,ECU_XDC,EOP_RT,A,1984,0.040303891340709
LAO,ECU_XDC,EOP_RT,A,1985,0.0118552942780422
LAO,ECU_XDC,EOP_RT,A,1986,0.00983400204547243
LAO,ECU_XDC,EOP_RT,A,1987,0.00197993337524192
LAO,ECU_XDC,EOP_RT,A,1988,0.00188465354884975
LAO,ECU_XDC,EOP_RT,A,1989,0.00117087860974557
LAO,ECU_XDC,EOP_RT,A,1990,0.00105465746492091
LAO,ECU_XDC,EOP_RT,A,1991,0.00104816270965154
LAO,ECU_XDC,EOP_RT,A,1992,0.00115178804151459
LAO,ECU_XDC,EOP_RT,A,1993,0.00124356693497784
LAO,ECU_XDC,EOP_RT,A,1994,0.00113071167128276
LAO,ECU_XDC,EOP_RT,A,1995,0.000824372731491118
LAO,ECU_XDC,EOP_RT,A,1996,0.000853573226105189
LAO,ECU_XDC,EOP_RT,A,1997,0.000343755868610931
LAO,ECU_XDC,EOP_RT,A,1998,0.000200533841138495
LAO,ECU_XDC,PA_RT,A,1976,
LAO,ECU_XDC,PA_RT,A,1978,0.00235484974638454
LAO,ECU_XDC,PA_RT,A,1979,0.00198538686293056
LAO,ECU_XDC,PA_RT,A,1980,0.0718902973639993
LAO,ECU_XDC,PA_RT,A,1981,0.0412960548340393
LAO,ECU_XDC,PA_RT,A,1982,0.0291186167001464
LAO,ECU_XDC,PA_RT,A,1983,0.032056505794985
LAO,ECU_XDC,PA_RT,A,1984,0.036212586960994
LAO,ECU_XDC,PA_RT,A,1985,0.0238546542328491
LAO,ECU_XDC,PA_RT,A,1986,0.0107280936317099
LAO,ECU_XDC,PA_RT,A,1987,0.00462033827441724
LAO,ECU_XDC,PA_RT,A,1988,0.00210971676144209
LAO,ECU_XDC,PA_RT,A,1989,0.00153356707244807
LAO,ECU_XDC,PA_RT,A,1990,0.0011099201348243
LAO,ECU_XDC,PA_RT,A,1991,0.00114818445308888
LAO,ECU_XDC,PA_RT,A,1992,0.00107686349082621
LAO,ECU_XDC,PA_RT,A,1993,0.00119099231894782
LAO,ECU_XDC,PA_RT,A,1994,0.00117234850821424
LAO,ECU_XDC,PA_RT,A,1995,0.000949987375890792
LAO,ECU_XDC,PA_RT,A,1996,0.000856291159252727
LAO,ECU_XDC,PA_RT,A,1997,0.000699845539410452
LAO,ECU_XDC,PA_RT,A,1998,0.000270694653642536
LBN,ECU_XDC,EOP_RT,A,1978,
LBN,ECU_XDC,EOP_RT,A,1979,0.212902339727627
LBN,ECU_XDC,EOP_RT,A,1980,0.209346658604954
LBN,ECU_XDC,EOP_RT,A,1981,0.199240892243794
LBN,ECU_XDC,EOP_RT,A,1982,0.271227851546106
LBN,ECU_XDC,EOP_RT,A,1983,0.220146679635674
LBN,ECU_XDC,EOP_RT,A,1984,0.158676737561846
LBN,ECU_XDC,EOP_RT,A,1985,0.062223920243868
LBN,ECU_XDC,EOP_RT,A,1986,0.0107382780956308
LBN,ECU_XDC,EOP_RT,A,1987,0.00168620699539834
LBN,ECU_XDC,EOP_RT,A,1988,0.00160906741670663
LBN,ECU_XDC,EOP_RT,A,1989,0.00165430076842271
LBN,ECU_XDC,EOP_RT,A,1990,0.000871157086523148
LBN,ECU_XDC,EOP_RT,A,1991,0.000848427494786201
LBN,ECU_XDC,EOP_RT,A,1992,0.000449310133713797
LBN,ECU_XDC,EOP_RT,A,1993,0.000521847492293448
LBN,ECU_XDC,EOP_RT,A,1994,0.000493613656133761
LBN,ECU_XDC,EOP_RT,A,1995,0.000476751899227006
LBN,ECU_XDC,EOP_RT,A,1996,0.000514233870108474
LBN,ECU_XDC,EOP_RT,A,1997,0.000593074548693843
LBN,ECU_XDC,EOP_RT,A,1998,0.000568356523226742
LBN,ECU_XDC,EOP_RT,A,1999,
LBN,ECU_XDC,PA_RT,A,1978,0.265600776469813
LBN,ECU_XDC,PA_RT,A,1979,0.225003362227141
LBN,ECU_XDC,PA_RT,A,1980,0.209220107431369
LBN,ECU_XDC,PA_RT,A,1981,0.20741162668004
LBN,ECU_XDC,PA_RT,A,1982,0.214850721156449
LBN,ECU_XDC,PA_RT,A,1983,0.247777468387183
LBN,ECU_XDC,PA_RT,A,1984,0.194658680102532
LBN,ECU_XDC,PA_RT,A,1985,0.0799173996376894
LBN,ECU_XDC,PA_RT,A,1986,0.0265616648752308
LBN,ECU_XDC,PA_RT,A,1987,0.00385720189842311
LBN,ECU_XDC,PA_RT,A,1988,0.00206406623610018
LBN,ECU_XDC,PA_RT,A,1989,0.00182630296772941
LBN,ECU_XDC,PA_RT,A,1990,0.00113013695524196
LBN,ECU_XDC,PA_RT,A,1991,0.000868452126847114
LBN,ECU_XDC,PA_RT,A,1992,0.000450214913841383
LBN,ECU_XDC,PA_RT,A,1993,0.000489873772653048
LBN,ECU_XDC,PA_RT,A,1994,0.000500784940094322
LBN,ECU_XDC,PA_RT,A,1995,0.000471468998587658
LBN,ECU_XDC,PA_RT,A,1996,0.000501871289719305
LBN,ECU_XDC,PA_RT,A,1997,0.000572795998273257
LBN,ECU_XDC,PA_RT,A,1998,0.000588894235833277
LBN,ECU_XDC,PA_RT,A,1999,
LBR,ECU_XDC,EOP_RT,A,1974,
LBR,ECU_XDC,EOP_RT,A,1979,0.0160320213923227
LBR,ECU_XDC,EOP_RT,A,1980,0.0176516277086207
LBR,ECU_XDC,EOP_RT,A,1981,0.0213016693969389
LBR,ECU_XDC,EOP_RT,A,1982,0.0238881591954596
LBR,ECU_XDC,EOP_RT,A,1983,0.0279388103184637
LBR,ECU_XDC,EOP_RT,A,1984,0.0326090726568508
LBR,ECU_XDC,EOP_RT,A,1985,0.0260351071139109
LBR,ECU_XDC,EOP_RT,A,1986,0.0215961991838953
LBR,ECU_XDC,EOP_RT,A,1987,0.0177355927623458
LBR,ECU_XDC,EOP_RT,A,1988,0.019713944743682
LBR,ECU_XDC,EOP_RT,A,1989,0.0193120898967765
LBR,ECU_XDC,EOP_RT,A,1990,0.016956335074042
LBR,ECU_XDC,EOP_RT,A,1991,0.017239594008831
LBR,ECU_XDC,EOP_RT,A,1992,0.0296848319829604
LBR,ECU_XDC,EOP_RT,A,1993,0.0214171518185198
LBR,ECU_XDC,EOP_RT,A,1994,0.0152586653838646
LBR,ECU_XDC,EOP_RT,A,1995,0.0173919092838012
LBR,ECU_XDC,EOP_RT,A,1996,0.015961819328167
LBR,ECU_XDC,EOP_RT,A,1997,0.0230732442256178
LBR,ECU_XDC,EOP_RT,A,1998,0.0198169164630272
LBR,ECU_XDC,PA_RT,A,1974,
LBR,ECU_XDC,PA_RT,A,1978,0.0169029154657964
LBR,ECU_XDC,PA_RT,A,1979,0.015711663160124
LBR,ECU_XDC,PA_RT,A,1980,0.0154806771135225
LBR,ECU_XDC,PA_RT,A,1981,0.0192672768719758
LBR,ECU_XDC,PA_RT,A,1982,0.0219461557233166
LBR,ECU_XDC,PA_RT,A,1983,0.0241603876779835
LBR,ECU_XDC,PA_RT,A,1984,0.0272927481518218
LBR,ECU_XDC,PA_RT,A,1985,0.0282524091779604
LBR,ECU_XDC,PA_RT,A,1986,0.0219465284615118
LBR,ECU_XDC,PA_RT,A,1987,0.0186549769751496
LBR,ECU_XDC,PA_RT,A,1988,0.018189081839735
LBR,ECU_XDC,PA_RT,A,1989,0.0195333708822638
LBR,ECU_XDC,PA_RT,A,1990,0.0169157508552225
LBR,ECU_XDC,PA_RT,A,1991,0.0173588119161083
LBR,ECU_XDC,PA_RT,A,1992,0.0166051915963153
LBR,ECU_XDC,PA_RT,A,1993,0.0183693279447493
LBR,ECU_XDC,PA_RT,A,1994,0.0181175380583185
LBR,ECU_XDC,PA_RT,A,1995,0.0153385169494033
LBR,ECU_XDC,PA_RT,A,1996,0.0168382751138912
LBR,ECU_XDC,PA_RT,A,1997,0.0174370338054531
LBR,ECU_XDC,PA_RT,A,1998,0.0215103583512449
LBY,ECU_XDC,EOP_RT,A,1979,2.34260351018975
LBY,ECU_XDC,EOP_RT,A,1980,2.57926084421141
LBY,ECU_XDC,EOP_RT,A,1981,3.11260597032805
LBY,ECU_XDC,EOP_RT,A,1982,3.49054459283925
LBY,ECU_XDC,EOP_RT,A,1983,4.08242688310663
LBY,ECU_XDC,EOP_RT,A,1984,4.76484694597263
LBY,ECU_XDC,EOP_RT,A,1985,3.80425723617524
LBY,ECU_XDC,EOP_RT,A,1986,2.97639969996407
LBY,ECU_XDC,EOP_RT,A,1987,2.83492768321344
LBY,ECU_XDC,EOP_RT,A,1988,2.98908355690516
LBY,ECU_XDC,EOP_RT,A,1989,2.85954204467561
LBY,ECU_XDC,EOP_RT,A,1990,2.71800276605362
LBY,ECU_XDC,EOP_RT,A,1991,2.7785074800709
LBY,ECU_XDC,EOP_RT,A,1992,2.74092765195433
LBY,ECU_XDC,EOP_RT,A,1993,2.74719096355687
LBY,ECU_XDC,EOP_RT,A,1994,1.8716300269834
LBY,ECU_XDC,EOP_RT,A,1995,1.78368234738008
LBY,ECU_XDC,EOP_RT,A,1996,1.80979513999929
LBY,ECU_XDC,EOP_RT,A,1997,1.92696019938386
LBY,ECU_XDC,EOP_RT,A,1998,1.90311077332383
LBY,ECU_XDC,PA_RT,A,1978,2.65140093141139
LBY,ECU_XDC,PA_RT,A,1979,2.46454041736592
LBY,ECU_XDC,PA_RT,A,1980,2.42830986533529
LBY,ECU_XDC,PA_RT,A,1981,3.02226834956798
LBY,ECU_XDC,PA_RT,A,1982,3.44246321004662
LBY,ECU_XDC,PA_RT,A,1983,3.78978654608496
LBY,ECU_XDC,PA_RT,A,1984,4.28112706698673
LBY,ECU_XDC,PA_RT,A,1985,4.43165901970356
LBY,ECU_XDC,PA_RT,A,1986,3.23139642183899
LBY,ECU_XDC,PA_RT,A,1987,2.91659885263189
LBY,ECU_XDC,PA_RT,A,1988,2.95583532739162
LBY,ECU_XDC,PA_RT,A,1989,3.02770322062727
LBY,ECU_XDC,PA_RT,A,1990,2.77404389549252
LBY,ECU_XDC,PA_RT,A,1991,2.87153485044851
LBY,ECU_XDC,PA_RT,A,1992,2.73882007143934
LBY,ECU_XDC,PA_RT,A,1993,2.8026665323895
LBY,ECU_XDC,PA_RT,A,1994,2.41513260711895
LBY,ECU_XDC,PA_RT,A,1995,1.82818457851705
LBY,ECU_XDC,PA_RT,A,1996,1.80554745270221
LBY,ECU_XDC,PA_RT,A,1997,1.91333398192157
LBY,ECU_XDC,PA_RT,A,1998,1.90951670525147
LCA,ECU_XDC,EOP_RT,A,1971,
LCA,ECU_XDC,EOP_RT,A,1972,
LCA,ECU_XDC,EOP_RT,A,1974,
LCA,ECU_XDC,EOP_RT,A,1976,
LCA,ECU_XDC,EOP_RT,A,1979,0.256862730166609
LCA,ECU_XDC,EOP_RT,A,1980,0.282811828537861
LCA,ECU_XDC,EOP_RT,A,1981,0.341292269047522
LCA,ECU_XDC,EOP_RT,A,1982,0.38273263485905
LCA,ECU_XDC,EOP_RT,A,1983,0.447631581844334
LCA,ECU_XDC,EOP_RT,A,1984,0.522457850712894
LCA,ECU_XDC,EOP_RT,A,1985,0.417130724597782
LCA,ECU_XDC,EOP_RT,A,1986,0.346011183081437
LCA,ECU_XDC,EOP_RT,A,1987,0.284157104780091
LCA,ECU_XDC,EOP_RT,A,1988,0.31585397439056
LCA,ECU_XDC,EOP_RT,A,1989,0.309415514093877
LCA,ECU_XDC,EOP_RT,A,1990,0.271671950686108
LCA,ECU_XDC,EOP_RT,A,1991,0.27621028441373
LCA,ECU_XDC,EOP_RT,A,1992,0.305863713246652
LCA,ECU_XDC,EOP_RT,A,1993,0.330696688634848
LCA,ECU_XDC,EOP_RT,A,1994,0.301104330241594
LCA,ECU_XDC,EOP_RT,A,1995,0.281813344876408
LCA,ECU_XDC,EOP_RT,A,1996,0.295589246817908
LCA,ECU_XDC,EOP_RT,A,1997,0.335416605872407
LCA,ECU_XDC,EOP_RT,A,1998,0.317437643342936
LCA,ECU_XDC,PA_RT,A,1971,
LCA,ECU_XDC,PA_RT,A,1972,
LCA,ECU_XDC,PA_RT,A,1974,
LCA,ECU_XDC,PA_RT,A,1976,
LCA,ECU_XDC,PA_RT,A,1978,0.290722183145879
LCA,ECU_XDC,PA_RT,A,1979,0.270233204680392
LCA,ECU_XDC,PA_RT,A,1980,0.266260353495038
LCA,ECU_XDC,PA_RT,A,1981,0.331388085495165
LCA,ECU_XDC,PA_RT,A,1982,0.377463539733878
LCA,ECU_XDC,PA_RT,A,1983,0.415547286242267
LCA,ECU_XDC,PA_RT,A,1984,0.469422411029192
LCA,ECU_XDC,PA_RT,A,1985,0.48592812880011
LCA,ECU_XDC,PA_RT,A,1986,0.377469951032711
LCA,ECU_XDC,PA_RT,A,1987,0.320856816041556
LCA,ECU_XDC,PA_RT,A,1988,0.312843639184918
LCA,ECU_XDC,PA_RT,A,1989,0.335964777452733
LCA,ECU_XDC,PA_RT,A,1990,0.290942946088272
LCA,ECU_XDC,PA_RT,A,1991,0.298563387619622
LCA,ECU_XDC,PA_RT,A,1992,0.285601473132399
LCA,ECU_XDC,PA_RT,A,1993,0.315943787281366
LCA,ECU_XDC,PA_RT,A,1994,0.311613119847186
LCA,ECU_XDC,PA_RT,A,1995,0.283128192801239
LCA,ECU_XDC,PA_RT,A,1996,0.292097300239585
LCA,ECU_XDC,PA_RT,A,1997,0.326589185015469
LCA,ECU_XDC,PA_RT,A,1998,0.330681925653444
LIE,ECU_XDC,EOP_RT,A,1970,
LIE,ECU_XDC,EOP_RT,A,1979,0.438942640435941
LIE,ECU_XDC,EOP_RT,A,1980,0.432997979861197
LIE,ECU_XDC,EOP_RT,A,1981,0.512365375001765
LIE,ECU_XDC,EOP_RT,A,1982,0.518113870462547
LIE,ECU_XDC,EOP_RT,A,1983,0.554533274390565
LIE,ECU_XDC,EOP_RT,A,1984,0.545700656450605
LIE,ECU_XDC,EOP_RT,A,1985,0.542380427140087
LIE,ECU_XDC,EOP_RT,A,1986,0.575442066104022
LIE,ECU_XDC,EOP_RT,A,1987,0.600331911507234
LIE,ECU_XDC,EOP_RT,A,1988,0.567025087004329
LIE,ECU_XDC,EOP_RT,A,1989,0.540201673490764
LIE,ECU_XDC,EOP_RT,A,1990,0.566201672599375
LIE,ECU_XDC,EOP_RT,A,1991,0.550179098426463
LIE,ECU_XDC,EOP_RT,A,1992,0.567192325388708
LIE,ECU_XDC,EOP_RT,A,1993,0.603501898826691
LIE,ECU_XDC,EOP_RT,A,1994,0.619886917005188
LIE,ECU_XDC,EOP_RT,A,1995,0.661361174416603
LIE,ECU_XDC,EOP_RT,A,1996,0.59275918479527
LIE,ECU_XDC,EOP_RT,A,1997,0.622294259503538
LIE,ECU_XDC,EOP_RT,A,1998,0.622652842009391
LIE,ECU_XDC,PA_RT,A,1970,
LIE,ECU_XDC,PA_RT,A,1978,0.439003870093049
LIE,ECU_XDC,PA_RT,A,1979,0.438815590695578
LIE,ECU_XDC,PA_RT,A,1980,0.429014369898319
LIE,ECU_XDC,PA_RT,A,1981,0.455518201432402
LIE,ECU_XDC,PA_RT,A,1982,0.50197710051181
LIE,ECU_XDC,PA_RT,A,1983,0.534493546176765
LIE,ECU_XDC,PA_RT,A,1984,0.539409073583755
LIE,ECU_XDC,PA_RT,A,1985,0.53395978949394
LIE,ECU_XDC,PA_RT,A,1986,0.566545903302585
LIE,ECU_XDC,PA_RT,A,1987,0.580953758445228
LIE,ECU_XDC,PA_RT,A,1988,0.577241731565146
LIE,ECU_XDC,PA_RT,A,1989,0.55449051706061
LIE,ECU_XDC,PA_RT,A,1990,0.565483383419218
LIE,ECU_XDC,PA_RT,A,1991,0.562151904583113
LIE,ECU_XDC,PA_RT,A,1992,0.548367176830633
LIE,ECU_XDC,PA_RT,A,1993,0.577313619224441
LIE,ECU_XDC,PA_RT,A,1994,0.615164171469392
LIE,ECU_XDC,PA_RT,A,1995,0.64648292074988
LIE,ECU_XDC,PA_RT,A,1996,0.638071464346469
LIE,ECU_XDC,PA_RT,A,1997,0.60758161976953
LIE,ECU_XDC,PA_RT,A,1998,0.615831841335962
LKA,ECU_XDC,EOP_RT,A,1957,
LKA,ECU_XDC,EOP_RT,A,1979,0.0449031642275653
LKA,ECU_XDC,EOP_RT,A,1980,0.0424217742806791
LKA,ECU_XDC,EOP_RT,A,1981,0.0448413200230243
LKA,ECU_XDC,EOP_RT,A,1982,0.048469892784611
LKA,ECU_XDC,EOP_RT,A,1983,0.0483442108411218
LKA,ECU_XDC,EOP_RT,A,1984,0.0536771764431055
LKA,ECU_XDC,EOP_RT,A,1985,0.0410921247961913
LKA,ECU_XDC,EOP_RT,A,1986,0.0327570194361809
LKA,ECU_XDC,EOP_RT,A,1987,0.0249398362612959
LKA,ECU_XDC,EOP_RT,A,1988,0.0258167811235586
LKA,ECU_XDC,EOP_RT,A,1989,0.0208855472013367
LKA,ECU_XDC,EOP_RT,A,1990,0.0182284857567716
LKA,ECU_XDC,EOP_RT,A,1991,0.0175145084057555
LKA,ECU_XDC,EOP_RT,A,1992,0.0179528701253469
LKA,ECU_XDC,EOP_RT,A,1993,0.0180156181575232
LKA,ECU_XDC,EOP_RT,A,1994,0.0162661402891617
LKA,ECU_XDC,EOP_RT,A,1995,0.0140782835684593
LKA,ECU_XDC,EOP_RT,A,1996,0.0140744372878644
LKA,ECU_XDC,EOP_RT,A,1997,0.0147772674529738
LKA,ECU_XDC,EOP_RT,A,1998,0.0125493306737621
LKA,ECU_XDC,PA_RT,A,1957,
LKA,ECU_XDC,PA_RT,A,1978,0.0502829194486653
LKA,ECU_XDC,PA_RT,A,1979,0.0468557322091511
LKA,ECU_XDC,PA_RT,A,1980,0.0434791845972799
LKA,ECU_XDC,PA_RT,A,1981,0.0464906709728479
LKA,ECU_XDC,PA_RT,A,1982,0.0489688312090446
LKA,ECU_XDC,PA_RT,A,1983,0.0476857300332361
LKA,ECU_XDC,PA_RT,A,1984,0.0498243653489658
LKA,ECU_XDC,PA_RT,A,1985,0.0483019575743495
LKA,ECU_XDC,PA_RT,A,1986,0.0363763694305198
LKA,ECU_XDC,PA_RT,A,1987,0.0294216593216856
LKA,ECU_XDC,PA_RT,A,1988,0.0265565587744513
LKA,ECU_XDC,PA_RT,A,1989,0.0251644464750235
LKA,ECU_XDC,PA_RT,A,1990,0.0196078074138803
LKA,ECU_XDC,PA_RT,A,1991,0.0194849388243834
LKA,ECU_XDC,PA_RT,A,1992,0.0175936704331255
LKA,ECU_XDC,PA_RT,A,1993,0.0176533518629869
LKA,ECU_XDC,PA_RT,A,1994,0.0170262675611217
LKA,ECU_XDC,PA_RT,A,1995,0.0149155593610457
LKA,ECU_XDC,PA_RT,A,1996,0.0142689000176787
LKA,ECU_XDC,PA_RT,A,1997,0.0149469735332878
LKA,ECU_XDC,PA_RT,A,1998,0.0138532127225362
LSO,ECU_XDC,EOP_RT,A,1961,
LSO,ECU_XDC,EOP_RT,A,1972,
LSO,ECU_XDC,EOP_RT,A,1973,
LSO,ECU_XDC,EOP_RT,A,1979,0.838754421137912
LSO,ECU_XDC,EOP_RT,A,1980,1.02443494198567
LSO,ECU_XDC,EOP_RT,A,1981,0.963324731846664
LSO,ECU_XDC,EOP_RT,A,1982,0.960111605828372
LSO,ECU_XDC,EOP_RT,A,1983,0.989122553769785
LSO,ECU_XDC,EOP_RT,A,1984,0.71067851601072
LSO,ECU_XDC,EOP_RT,A,1985,0.440364904831626
LSO,ECU_XDC,EOP_RT,A,1986,0.427877428998505
LSO,ECU_XDC,EOP_RT,A,1987,0.397537210372872
LSO,ECU_XDC,EOP_RT,A,1988,0.358664506225481
LSO,ECU_XDC,EOP_RT,A,1989,0.329423558897243
LSO,ECU_XDC,EOP_RT,A,1990,0.286246607496516
LSO,ECU_XDC,EOP_RT,A,1991,0.271877097471847
LSO,ECU_XDC,EOP_RT,A,1992,0.270498534479515
LSO,ECU_XDC,EOP_RT,A,1993,0.262805315471402
LSO,ECU_XDC,EOP_RT,A,1994,0.229429008509187
LSO,ECU_XDC,EOP_RT,A,1995,0.20860754795512
LSO,ECU_XDC,EOP_RT,A,1996,0.170441210124581
LSO,ECU_XDC,EOP_RT,A,1997,0.186055436231227
LSO,ECU_XDC,EOP_RT,A,1998,0.146259665021489
LSO,ECU_XDC,PA_RT,A,1961,
LSO,ECU_XDC,PA_RT,A,1972,
LSO,ECU_XDC,PA_RT,A,1973,
LSO,ECU_XDC,PA_RT,A,1978,0.902692377883003
LSO,ECU_XDC,PA_RT,A,1979,0.866520270311498
LSO,ECU_XDC,PA_RT,A,1980,0.92305060763155
LSO,ECU_XDC,PA_RT,A,1981,1.01956392438591
LSO,ECU_XDC,PA_RT,A,1982,0.938604435696466
LSO,ECU_XDC,PA_RT,A,1983,1.00707088511434
LSO,ECU_XDC,PA_RT,A,1984,0.859120070626441
LSO,ECU_XDC,PA_RT,A,1985,0.588693258597015
LSO,ECU_XDC,PA_RT,A,1986,0.446019581595801
LSO,ECU_XDC,PA_RT,A,1987,0.425490776172068
LSO,ECU_XDC,PA_RT,A,1988,0.371537233674675
LSO,ECU_XDC,PA_RT,A,1989,0.345869783502691
LSO,ECU_XDC,PA_RT,A,1990,0.303613662564719
LSO,ECU_XDC,PA_RT,A,1991,0.291933787551576
LSO,ECU_XDC,PA_RT,A,1992,0.270378733201995
LSO,ECU_XDC,PA_RT,A,1993,0.261051311404348
LSO,ECU_XDC,PA_RT,A,1994,0.236948242227424
LSO,ECU_XDC,PA_RT,A,1995,0.210760464825981
LSO,ECU_XDC,PA_RT,A,1996,0.183437697212748
LSO,ECU_XDC,PA_RT,A,1997,0.191362442513468
LSO,ECU_XDC,PA_RT,A,1998,0.161504215837488
LTU,ECU_XDC,EOP_RT,A,1992,0.217897632128221
LTU,ECU_XDC,EOP_RT,A,1993,0.228943861362587
LTU,ECU_XDC,EOP_RT,A,1994,0.203245422913076
LTU,ECU_XDC,EOP_RT,A,1995,0.190224007791575
LTU,ECU_XDC,EOP_RT,A,1996,0.199522741602088
LTU,ECU_XDC,EOP_RT,A,1997,0.226406208963875
LTU,ECU_XDC,EOP_RT,A,1998,0.214270409256482
LTU,ECU_XDC,PA_RT,A,1992,0.434987436162729
LTU,ECU_XDC,PA_RT,A,1993,0.196371037943666
LTU,ECU_XDC,PA_RT,A,1994,0.211515410367017
LTU,ECU_XDC,PA_RT,A,1995,0.191111530140836
LTU,ECU_XDC,PA_RT,A,1996,0.19716567766172
LTU,ECU_XDC,PA_RT,A,1997,0.220447699885441
LTU,ECU_XDC,PA_RT,A,1998,0.223210299816075
LUX,ECU_XDC,EOP_RT,A,1979,0.0247265178069682
LUX,ECU_XDC,EOP_RT,A,1980,0.0242233270009905
LUX,ECU_XDC,EOP_RT,A,1981,0.023959675674786
LUX,ECU_XDC,EOP_RT,A,1982,0.0220242564821283
LUX,ECU_XDC,EOP_RT,A,1983,0.0217218776240371
LUX,ECU_XDC,EOP_RT,A,1984,0.0223626537242361
LUX,ECU_XDC,EOP_RT,A,1985,0.0223640380542893
LUX,ECU_XDC,EOP_RT,A,1986,0.023118787288292
LUX,ECU_XDC,EOP_RT,A,1987,0.0231422723144935
LUX,ECU_XDC,EOP_RT,A,1988,0.0228358744371271
LUX,ECU_XDC,EOP_RT,A,1989,0.023361909621182
LUX,ECU_XDC,EOP_RT,A,1990,0.0236751155282011
LUX,ECU_XDC,EOP_RT,A,1991,0.0238493050181347
LUX,ECU_XDC,EOP_RT,A,1992,0.0248894522533442
LUX,ECU_XDC,EOP_RT,A,1993,0.0247266978486317
LUX,ECU_XDC,EOP_RT,A,1994,0.0255353495611246
LUX,ECU_XDC,EOP_RT,A,1995,0.0258676196214959
LUX,ECU_XDC,EOP_RT,A,1996,0.024936446380514
LUX,ECU_XDC,EOP_RT,A,1997,0.0245293834197047
LUX,ECU_XDC,EOP_RT,A,1998,0.0247894152345204
LUX,ECU_XDC,PA_RT,A,1978,0.0249253085675648
LUX,ECU_XDC,PA_RT,A,1979,0.0248861812495547
LUX,ECU_XDC,PA_RT,A,1980,0.0245848830251059
LUX,ECU_XDC,PA_RT,A,1981,0.0240981929572244
LUX,ECU_XDC,PA_RT,A,1982,0.0223055054882667
LUX,ECU_XDC,PA_RT,A,1983,0.0219429122110709
LUX,ECU_XDC,PA_RT,A,1984,0.0219341398592913
LUX,ECU_XDC,PA_RT,A,1985,0.0220958258573933
LUX,ECU_XDC,PA_RT,A,1986,0.0228145318991608
LUX,ECU_XDC,PA_RT,A,1987,0.023204357144045
LUX,ECU_XDC,PA_RT,A,1988,0.0229729701953478
LUX,ECU_XDC,PA_RT,A,1989,0.0230206298630184
LUX,ECU_XDC,PA_RT,A,1990,0.0235067303050011
LUX,ECU_XDC,PA_RT,A,1991,0.0236065141426861
LUX,ECU_XDC,PA_RT,A,1992,0.0239855667259982
LUX,ECU_XDC,PA_RT,A,1993,0.0246570523599525
LUX,ECU_XDC,PA_RT,A,1994,0.0251477436808023
LUX,ECU_XDC,PA_RT,A,1995,0.025930993500004
LUX,ECU_XDC,PA_RT,A,1996,0.0254723566692653
LUX,ECU_XDC,PA_RT,A,1997,0.0246490045952769
LUX,ECU_XDC,PA_RT,A,1998,0.0245970972677411
LVA,ECU_XDC,EOP_RT,A,1992,0.989020390138873
LVA,ECU_XDC,EOP_RT,A,1993,1.500640435822
LVA,ECU_XDC,EOP_RT,A,1994,1.48354323294216
LVA,ECU_XDC,EOP_RT,A,1995,1.41693860552384
LVA,ECU_XDC,EOP_RT,A,1996,1.43541540720927
LVA,ECU_XDC,EOP_RT,A,1997,1.53495734890763
LVA,ECU_XDC,EOP_RT,A,1998,1.50629461691727
LVA,ECU_XDC,PA_RT,A,1992,1.04705889941723
LVA,ECU_XDC,PA_RT,A,1993,1.26315137067081
LVA,ECU_XDC,PA_RT,A,1994,1.50309142221957
LVA,ECU_XDC,PA_RT,A,1995,1.44895805508769
LVA,ECU_XDC,PA_RT,A,1996,1.43197950185543
LVA,ECU_XDC,PA_RT,A,1997,1.51792993752707
LVA,ECU_XDC,PA_RT,A,1998,1.51371777213501
MAC,ECU_XDC,EOP_RT,A,1979,0.137878602701336
MAC,ECU_XDC,EOP_RT,A,1980,0.143532319021759
MAC,ECU_XDC,EOP_RT,A,1981,0.15942718453075
MAC,ECU_XDC,EOP_RT,A,1982,0.154235539443832
MAC,ECU_XDC,EOP_RT,A,1983,0.151264739816141
MAC,ECU_XDC,EOP_RT,A,1984,0.175716712580477
MAC,ECU_XDC,EOP_RT,A,1985,0.14044980688299
MAC,ECU_XDC,EOP_RT,A,1986,0.116641720268669
MAC,ECU_XDC,EOP_RT,A,1987,0.0961289258390023
MAC,ECU_XDC,EOP_RT,A,1988,0.106033437466369
MAC,ECU_XDC,EOP_RT,A,1989,0.10389914908571
MAC,ECU_XDC,EOP_RT,A,1990,0.0913012530311788
MAC,ECU_XDC,EOP_RT,A,1991,0.0930616029945057
MAC,ECU_XDC,EOP_RT,A,1992,0.103595472203665
MAC,ECU_XDC,EOP_RT,A,1993,0.112224561890612
MAC,ECU_XDC,EOP_RT,A,1994,0.102003951224239
MAC,ECU_XDC,EOP_RT,A,1995,0.0955359446501728
MAC,ECU_XDC,EOP_RT,A,1996,0.100167047342782
MAC,ECU_XDC,EOP_RT,A,1997,0.113465493435507
MAC,ECU_XDC,EOP_RT,A,1998,0.107405059841092
MAC,ECU_XDC,PA_RT,A,1978,0.156079515089368
MAC,ECU_XDC,PA_RT,A,1979,0.140945844065294
MAC,ECU_XDC,PA_RT,A,1980,0.141099696676338
MAC,ECU_XDC,PA_RT,A,1981,0.155563227638351
MAC,ECU_XDC,PA_RT,A,1982,0.163697211738919
MAC,ECU_XDC,PA_RT,A,1983,0.150315195662074
MAC,ECU_XDC,PA_RT,A,1984,0.157733080672132
MAC,ECU_XDC,PA_RT,A,1985,0.164024492849731
MAC,ECU_XDC,PA_RT,A,1986,0.127186912499751
MAC,ECU_XDC,PA_RT,A,1987,0.108156570951515
MAC,ECU_XDC,PA_RT,A,1988,0.105051700274869
MAC,ECU_XDC,PA_RT,A,1989,0.112909891952092
MAC,ECU_XDC,PA_RT,A,1990,0.0979362636297051
MAC,ECU_XDC,PA_RT,A,1991,0.100711640262733
MAC,ECU_XDC,PA_RT,A,1992,0.0967249033846155
MAC,ECU_XDC,PA_RT,A,1993,0.107065311878769
MAC,ECU_XDC,PA_RT,A,1994,0.105694155390709
MAC,ECU_XDC,PA_RT,A,1995,0.0959424330636715
MAC,ECU_XDC,PA_RT,A,1996,0.0989986330898371
MAC,ECU_XDC,PA_RT,A,1997,0.110565335588575
MAC,ECU_XDC,PA_RT,A,1998,0.111902156882764
MAR,ECU_XDC,EOP_RT,A,1979,0.185495178034487
MAR,ECU_XDC,EOP_RT,A,1980,0.176180320761488
MAR,ECU_XDC,EOP_RT,A,1981,0.172778671304356
MAR,ECU_XDC,EOP_RT,A,1982,0.164877522203144
MAR,ECU_XDC,EOP_RT,A,1983,0.149932424157007
MAR,ECU_XDC,EOP_RT,A,1984,0.147692038390203
MAR,ECU_XDC,EOP_RT,A,1985,0.117058293217244
MAR,ECU_XDC,EOP_RT,A,1986,0.107238563577704
MAR,ECU_XDC,EOP_RT,A,1987,0.0983582917203499
MAR,ECU_XDC,EOP_RT,A,1988,0.103866432520706
MAR,ECU_XDC,EOP_RT,A,1989,0.10286166712471
MAR,ECU_XDC,EOP_RT,A,1990,0.0912002221652004
MAR,ECU_XDC,EOP_RT,A,1991,0.0915063703747372
MAR,ECU_XDC,EOP_RT,A,1992,0.0912652674711239
MAR,ECU_XDC,EOP_RT,A,1993,0.092515030184235
MAR,ECU_XDC,EOP_RT,A,1994,0.0907386146314907
MAR,ECU_XDC,EOP_RT,A,1995,0.0898459104684553
MAR,ECU_XDC,EOP_RT,A,1996,0.0906973085298428
MAR,ECU_XDC,EOP_RT,A,1997,0.0932278683414314
MAR,ECU_XDC,EOP_RT,A,1998,0.0926064156006879
MAR,ECU_XDC,PA_RT,A,1978,0.188387786335956
MAR,ECU_XDC,PA_RT,A,1979,0.187126069952073
MAR,ECU_XDC,PA_RT,A,1980,0.182618143733416
MAR,ECU_XDC,PA_RT,A,1981,0.172988525761355
MAR,ECU_XDC,PA_RT,A,1982,0.169209322636713
MAR,ECU_XDC,PA_RT,A,1983,0.15777340171734
MAR,ECU_XDC,PA_RT,A,1984,0.143855099603314
MAR,ECU_XDC,PA_RT,A,1985,0.130385759838658
MAR,ECU_XDC,PA_RT,A,1986,0.111941940552786
MAR,ECU_XDC,PA_RT,A,1987,0.103635612549274
MAR,ECU_XDC,PA_RT,A,1988,0.102894675550974
MAR,ECU_XDC,PA_RT,A,1989,0.106866957085259
MAR,ECU_XDC,PA_RT,A,1990,0.0953061625211689
MAR,ECU_XDC,PA_RT,A,1991,0.0925878960751365
MAR,ECU_XDC,PA_RT,A,1992,0.0903180214582057
MAR,ECU_XDC,PA_RT,A,1993,0.0917383488793943
MAR,ECU_XDC,PA_RT,A,1994,0.0914246962540296
MAR,ECU_XDC,PA_RT,A,1995,0.0895111253930061
MAR,ECU_XDC,PA_RT,A,1996,0.090485767090748
MAR,ECU_XDC,PA_RT,A,1997,0.0925559910677777
MAR,ECU_XDC,PA_RT,A,1998,0.0929615308997327
MDA,ECU_XDC,EOP_RT,A,1991,438.682933417551
MDA,ECU_XDC,EOP_RT,A,1992,1.99233900277806
MDA,ECU_XDC,EOP_RT,A,1993,0.245296994317057
MDA,ECU_XDC,EOP_RT,A,1994,0.190393838794451
MDA,ECU_XDC,EOP_RT,A,1995,0.169125590390376
MDA,ECU_XDC,EOP_RT,A,1996,0.170740210600165
MDA,ECU_XDC,EOP_RT,A,1997,0.19431924382695
MDA,ECU_XDC,EOP_RT,A,1998,0.102982437823027
MDA,ECU_XDC,PA_RT,A,1993,
MDA,ECU_XDC,PA_RT,A,1995,0.170035615588626
MDA,ECU_XDC,PA_RT,A,1996,0.171281477975498
MDA,ECU_XDC,PA_RT,A,1997,0.190715887650293
MDA,ECU_XDC,PA_RT,A,1998,0.166242984948759
MDG,ECU_XDC,EOP_RT,A,1979,0.0172519744184668
MDG,ECU_XDC,EOP_RT,A,1980,0.0169085902839085
MDG,ECU_XDC,EOP_RT,A,1981,0.0160314740185912
MDG,ECU_XDC,EOP_RT,A,1982,0.0140515367289363
MDG,ECU_XDC,EOP_RT,A,1983,0.0122785808576449
MDG,ECU_XDC,EOP_RT,A,1984,0.0107187942382056
MDG,ECU_XDC,EOP_RT,A,1985,0.00885711442783003
MDG,ECU_XDC,EOP_RT,A,1986,0.00606792711396241
MDG,ECU_XDC,EOP_RT,A,1987,0.00310800790307731
MDG,ECU_XDC,EOP_RT,A,1988,0.00279346491766577
MDG,ECU_XDC,EOP_RT,A,1989,0.00272561201682653
MDG,ECU_XDC,EOP_RT,A,1990,0.00250204412125721
MDG,ECU_XDC,EOP_RT,A,1991,0.00203465936921489
MDG,ECU_XDC,EOP_RT,A,1992,0.00216167154171084
MDG,ECU_XDC,EOP_RT,A,1993,0.00227465916153528
MDG,ECU_XDC,EOP_RT,A,1994,0.00105007089966147
MDG,ECU_XDC,EOP_RT,A,1995,0.00111145588650543
MDG,ECU_XDC,EOP_RT,A,1996,0.000921908857411916
MDG,ECU_XDC,EOP_RT,A,1997,0.000856841426101818
MDG,ECU_XDC,EOP_RT,A,1998,0.000793269455487594
MDG,ECU_XDC,EOP_RT,A,2005,
MDG,ECU_XDC,PA_RT,A,1978,0.0173926989122737
MDG,ECU_XDC,PA_RT,A,1979,0.0171499340545026
MDG,ECU_XDC,PA_RT,A,1980,0.0170131391489337
MDG,ECU_XDC,PA_RT,A,1981,0.0164638880316814
MDG,ECU_XDC,PA_RT,A,1982,0.014570305072894
MDG,ECU_XDC,PA_RT,A,1983,0.0130326384592929
MDG,ECU_XDC,PA_RT,A,1984,0.0109898291383207
MDG,ECU_XDC,PA_RT,A,1985,0.00990226798465079
MDG,ECU_XDC,PA_RT,A,1986,0.00753443247515726
MDG,ECU_XDC,PA_RT,A,1987,0.00405117190510252
MDG,ECU_XDC,PA_RT,A,1988,0.00300147048482209
MDG,ECU_XDC,PA_RT,A,1989,0.0028286256842639
MDG,ECU_XDC,PA_RT,A,1990,0.00262874445984219
MDG,ECU_XDC,PA_RT,A,1991,0.00219608454628242
MDG,ECU_XDC,PA_RT,A,1992,0.00206850259515767
MDG,ECU_XDC,PA_RT,A,1993,0.00222869690171085
MDG,ECU_XDC,PA_RT,A,1994,0.00137147588217148
MDG,ECU_XDC,PA_RT,A,1995,0.000896052660309408
MDG,ECU_XDC,PA_RT,A,1996,0.000970960156347791
MDG,ECU_XDC,PA_RT,A,1997,0.000866048491765528
MDG,ECU_XDC,PA_RT,A,1998,0.000820415217348511
MDG,ECU_XDC,PA_RT,A,2005,
MDV,ECU_XDC,EOP_RT,A,1967,
MDV,ECU_XDC,EOP_RT,A,1979,0.0918581949061857
MDV,ECU_XDC,EOP_RT,A,1980,0.101138004920975
MDV,ECU_XDC,EOP_RT,A,1981,0.122051539940445
MDV,ECU_XDC,EOP_RT,A,1982,0.146578455924257
MDV,ECU_XDC,EOP_RT,A,1983,0.171433371794487
MDV,ECU_XDC,EOP_RT,A,1984,0.200090240698555
MDV,ECU_XDC,EOP_RT,A,1985,0.157990763461831
MDV,ECU_XDC,EOP_RT,A,1986,0.12896072696049
MDV,ECU_XDC,EOP_RT,A,1987,0.0816630317090203
MDV,ECU_XDC,EOP_RT,A,1988,0.100035862856834
MDV,ECU_XDC,EOP_RT,A,1989,0.0907574022871773
MDV,ECU_XDC,EOP_RT,A,1990,0.0762488842882006
MDV,ECU_XDC,EOP_RT,A,1991,0.0722643185966154
MDV,ECU_XDC,EOP_RT,A,1992,0.0783893712165125
MDV,ECU_XDC,EOP_RT,A,1993,0.080403517272768
MDV,ECU_XDC,EOP_RT,A,1994,0.0690723612278933
MDV,ECU_XDC,EOP_RT,A,1995,0.0646470714669755
MDV,ECU_XDC,EOP_RT,A,1996,0.0678072188962066
MDV,ECU_XDC,EOP_RT,A,1997,0.0769434864788019
MDV,ECU_XDC,EOP_RT,A,1998,0.0728191705204696
MDV,ECU_XDC,EOP_RT,A,2001,
MDV,ECU_XDC,PA_RT,A,1967,
MDV,ECU_XDC,PA_RT,A,1978,0.0875205457332322
MDV,ECU_XDC,PA_RT,A,1979,0.0974322672603172
MDV,ECU_XDC,PA_RT,A,1980,0.0952189343750755
MDV,ECU_XDC,PA_RT,A,1981,0.118509646484166
MDV,ECU_XDC,PA_RT,A,1982,0.142068429546518
MDV,ECU_XDC,PA_RT,A,1983,0.15914576922174
MDV,ECU_XDC,PA_RT,A,1984,0.179778795723933
MDV,ECU_XDC,PA_RT,A,1985,0.184839468085558
MDV,ECU_XDC,PA_RT,A,1986,0.142526482289227
MDV,ECU_XDC,PA_RT,A,1987,0.093929676169598
MDV,ECU_XDC,PA_RT,A,1988,0.0961545691750827
MDV,ECU_XDC,PA_RT,A,1989,0.100334213194475
MDV,ECU_XDC,PA_RT,A,1990,0.0822411222845049
MDV,ECU_XDC,PA_RT,A,1991,0.0786255101020527
MDV,ECU_XDC,PA_RT,A,1992,0.0729597707915299
MDV,ECU_XDC,PA_RT,A,1993,0.0778542369667789
MDV,ECU_XDC,PA_RT,A,1994,0.0726198496935806
MDV,ECU_XDC,PA_RT,A,1995,0.0649486933358831
MDV,ECU_XDC,PA_RT,A,1996,0.0670061776250534
MDV,ECU_XDC,PA_RT,A,1997,0.0749185046339648
MDV,ECU_XDC,PA_RT,A,1998,0.0758573661227102
MDV,ECU_XDC,PA_RT,A,2001,
MEX,ECU_XDC,EOP_RT,A,1979,30.4146199530866
MEX,ECU_XDC,EOP_RT,A,1980,32.8340494358494
MEX,ECU_XDC,EOP_RT,A,1981,35.1325875832933
MEX,ECU_XDC,EOP_RT,A,1982,10.7108013487785
MEX,ECU_XDC,EOP_RT,A,1983,8.39717411922255
MEX,ECU_XDC,EOP_RT,A,1984,7.32569690966355
MEX,ECU_XDC,EOP_RT,A,1985,3.03000526342214
MEX,ECU_XDC,EOP_RT,A,1986,1.01161905178114
MEX,ECU_XDC,EOP_RT,A,1987,0.347207395984181
MEX,ECU_XDC,EOP_RT,A,1988,0.373873621593385
MEX,ECU_XDC,EOP_RT,A,1989,0.316327863708242
MEX,ECU_XDC,EOP_RT,A,1990,0.249037233262881
MEX,ECU_XDC,EOP_RT,A,1991,0.24284199541422
MEX,ECU_XDC,EOP_RT,A,1992,0.265080575773884
MEX,ECU_XDC,EOP_RT,A,1993,0.287479010693869
MEX,ECU_XDC,EOP_RT,A,1994,0.152672618150667
MEX,ECU_XDC,EOP_RT,A,1995,0.0995611424489763
MEX,ECU_XDC,EOP_RT,A,1996,0.101655984206696
MEX,ECU_XDC,EOP_RT,A,1997,0.112036524173976
MEX,ECU_XDC,EOP_RT,A,1998,0.0868810579853955
MEX,ECU_XDC,PA_RT,A,1978,34.4770995746828
MEX,ECU_XDC,PA_RT,A,1979,31.9937464766309
MEX,ECU_XDC,PA_RT,A,1980,31.3233712448186
MEX,ECU_XDC,PA_RT,A,1981,36.4985694594406
MEX,ECU_XDC,PA_RT,A,1982,18.0695184240018
MEX,ECU_XDC,PA_RT,A,1983,9.34252806619758
MEX,ECU_XDC,PA_RT,A,1984,7.55203932875865
MEX,ECU_XDC,PA_RT,A,1985,5.10763366946123
MEX,ECU_XDC,PA_RT,A,1986,1.66592765932037
MEX,ECU_XDC,PA_RT,A,1987,0.628591208575209
MEX,ECU_XDC,PA_RT,A,1988,0.371596484016039
MEX,ECU_XDC,PA_RT,A,1989,0.368521240486083
MEX,ECU_XDC,PA_RT,A,1990,0.27929538049651
MEX,ECU_XDC,PA_RT,A,1991,0.26706637111776
MEX,ECU_XDC,PA_RT,A,1992,0.249159712017728
MEX,ECU_XDC,PA_RT,A,1993,0.273797555002922
MEX,ECU_XDC,PA_RT,A,1994,0.249281878726385
MEX,ECU_XDC,PA_RT,A,1995,0.119083270006791
MEX,ECU_XDC,PA_RT,A,1996,0.10377894123437
MEX,ECU_XDC,PA_RT,A,1997,0.111358875279002
MEX,ECU_XDC,PA_RT,A,1998,0.0977273554232936
MKD,ECU_XDC,EOP_RT,A,1993,0.0200847825541459
MKD,ECU_XDC,EOP_RT,A,1994,0.0200260539570774
MKD,ECU_XDC,EOP_RT,A,1995,0.0200343350421358
MKD,ECU_XDC,EOP_RT,A,1996,0.0192726250382354
MKD,ECU_XDC,EOP_RT,A,1997,0.0163409424628297
MKD,ECU_XDC,EOP_RT,A,1998,0.0165344545022856
MKD,ECU_XDC,PA_RT,A,1994,0.0194473767014541
MKD,ECU_XDC,PA_RT,A,1995,0.0201797950833419
MKD,ECU_XDC,PA_RT,A,1996,0.0197259005828853
MKD,ECU_XDC,PA_RT,A,1997,0.0176345639367958
MKD,ECU_XDC,PA_RT,A,1998,0.0163939181626787
MLI,ECU_XDC,EOP_RT,A,1979,0.00345039732437655
MLI,ECU_XDC,EOP_RT,A,1980,0.00338172044888543
MLI,ECU_XDC,EOP_RT,A,1981,0.00320629707173397
MLI,ECU_XDC,EOP_RT,A,1982,0.00307324563642229
MLI,ECU_XDC,EOP_RT,A,1983,0.00289573195818549
MLI,ECU_XDC,EOP_RT,A,1984,0.0029412785545398
MLI,ECU_XDC,EOP_RT,A,1985,0.00297911322069614
MLI,ECU_XDC,EOP_RT,A,1986,0.00289459598810276
MLI,ECU_XDC,EOP_RT,A,1987,0.00287350084499095
MLI,ECU_XDC,EOP_RT,A,1988,0.00281500687934678
MLI,ECU_XDC,EOP_RT,A,1989,0.00288673973393355
MLI,ECU_XDC,EOP_RT,A,1990,0.00286026432331318
MLI,ECU_XDC,EOP_RT,A,1991,0.00287941426813098
MLI,ECU_XDC,EOP_RT,A,1992,0.00299948282912682
MLI,ECU_XDC,EOP_RT,A,1993,0.00302902787178529
MLI,ECU_XDC,EOP_RT,A,1994,0.00152073001632217
MLI,ECU_XDC,EOP_RT,A,1995,0.00155285014162517
MLI,ECU_XDC,EOP_RT,A,1996,0.00152394793001475
MLI,ECU_XDC,EOP_RT,A,1997,0.00151237533852373
MLI,ECU_XDC,EOP_RT,A,1998,0.00152448772397172
MLI,ECU_XDC,EOP_RT,A,1999,
MLI,ECU_XDC,PA_RT,A,1978,0.00347852652122593
MLI,ECU_XDC,PA_RT,A,1979,0.00342997373477008
MLI,ECU_XDC,PA_RT,A,1980,0.00340261485795689
MLI,ECU_XDC,PA_RT,A,1981,0.00329276505328815
MLI,ECU_XDC,PA_RT,A,1982,0.0031014368987526
MLI,ECU_XDC,PA_RT,A,1983,0.0029443129714704
MLI,ECU_XDC,PA_RT,A,1984,0.00290060916565517
MLI,ECU_XDC,PA_RT,A,1985,0.00292035190223884
MLI,ECU_XDC,PA_RT,A,1986,0.0029429728379665
MLI,ECU_XDC,PA_RT,A,1987,0.00288255577421199
MLI,ECU_XDC,PA_RT,A,1988,0.00283593378247298
MLI,ECU_XDC,PA_RT,A,1989,0.00284351504515254
MLI,ECU_XDC,PA_RT,A,1990,0.00288522787078115
MLI,ECU_XDC,PA_RT,A,1991,0.00285750232058045
MLI,ECU_XDC,PA_RT,A,1992,0.00291329000471803
MLI,ECU_XDC,PA_RT,A,1993,0.00301257400312542
MLI,ECU_XDC,PA_RT,A,1994,0.00151539680800747
MLI,ECU_XDC,PA_RT,A,1995,0.00153150061363609
MLI,ECU_XDC,PA_RT,A,1996,0.0015417045526042
MLI,ECU_XDC,PA_RT,A,1997,0.00151077106545153
MLI,ECU_XDC,PA_RT,A,1998,0.00151341387170011
MLI,ECU_XDC,PA_RT,A,1999,
MLT,ECU_XDC,EOP_RT,A,1979,2.01692211735691
MLT,ECU_XDC,EOP_RT,A,1980,2.15615455189077
MLT,ECU_XDC,EOP_RT,A,1981,2.37956137025433
MLT,ECU_XDC,EOP_RT,A,1982,2.48744445746352
MLT,ECU_XDC,EOP_RT,A,1983,2.71295625055953
MLT,ECU_XDC,EOP_RT,A,1984,2.86824657779659
MLT,ECU_XDC,EOP_RT,A,1985,2.65716859894133
MLT,ECU_XDC,EOP_RT,A,1986,2.53082959641256
MLT,ECU_XDC,EOP_RT,A,1987,2.46133190118153
MLT,ECU_XDC,EOP_RT,A,1988,2.56754221388368
MLT,ECU_XDC,EOP_RT,A,1989,2.48003341687552
MLT,ECU_XDC,EOP_RT,A,1990,2.43886158585784
MLT,ECU_XDC,EOP_RT,A,1991,2.44045044373182
MLT,ECU_XDC,EOP_RT,A,1992,2.20703608885953
MLT,ECU_XDC,EOP_RT,A,1993,2.25979267301803
MLT,ECU_XDC,EOP_RT,A,1994,2.20854606354265
MLT,ECU_XDC,EOP_RT,A,1995,2.15919466764061
MLT,ECU_XDC,EOP_RT,A,1996,2.2192515502917
MLT,ECU_XDC,EOP_RT,A,1997,2.31785620488857
MLT,ECU_XDC,EOP_RT,A,1998,2.2709235054639
MLT,ECU_XDC,PA_RT,A,1978,2.03680291449382
MLT,ECU_XDC,PA_RT,A,1979,2.0353994885833
MLT,ECU_XDC,PA_RT,A,1980,2.08120283085017
MLT,ECU_XDC,PA_RT,A,1981,2.31379856474082
MLT,ECU_XDC,PA_RT,A,1982,2.47281355296841
MLT,ECU_XDC,PA_RT,A,1983,2.59447297377594
MLT,ECU_XDC,PA_RT,A,1984,2.74912490977493
MLT,ECU_XDC,PA_RT,A,1985,2.79652982111751
MLT,ECU_XDC,PA_RT,A,1986,2.59335449969286
MLT,ECU_XDC,PA_RT,A,1987,2.50747988126738
MLT,ECU_XDC,PA_RT,A,1988,2.55300228437071
MLT,ECU_XDC,PA_RT,A,1989,2.60293951554877
MLT,ECU_XDC,PA_RT,A,1990,2.47190268554182
MLT,ECU_XDC,PA_RT,A,1991,2.49385877962514
MLT,ECU_XDC,PA_RT,A,1992,2.41789764768172
MLT,ECU_XDC,PA_RT,A,1993,2.23142042238433
MLT,ECU_XDC,PA_RT,A,1994,2.22627278734093
MLT,ECU_XDC,PA_RT,A,1995,2.16520938955158
MLT,ECU_XDC,PA_RT,A,1996,2.18795913711567
MLT,ECU_XDC,PA_RT,A,1997,2.28463262039322
MLT,ECU_XDC,PA_RT,A,1998,2.29841508410736
MMR,ECU_XDC,EOP_RT,A,1971,
MMR,ECU_XDC,EOP_RT,A,1974,
MMR,ECU_XDC,EOP_RT,A,1975,
MMR,ECU_XDC,EOP_RT,A,1979,0.106392380488118
MMR,ECU_XDC,EOP_RT,A,1980,0.113004193608628
MMR,ECU_XDC,EOP_RT,A,1981,0.124576061434137
MMR,ECU_XDC,EOP_RT,A,1982,0.132867645659844
MMR,ECU_XDC,EOP_RT,A,1983,0.146976842186001
MMR,ECU_XDC,EOP_RT,A,1984,0.161193458831339
MMR,ECU_XDC,EOP_RT,A,1985,0.143618076563888
MMR,ECU_XDC,EOP_RT,A,1986,0.132712578211504
MMR,ECU_XDC,EOP_RT,A,1987,0.125574771741042
MMR,ECU_XDC,EOP_RT,A,1988,0.133034714035709
MMR,ECU_XDC,EOP_RT,A,1989,0.12864123187667
MMR,ECU_XDC,EOP_RT,A,1990,0.120635857320652
MMR,ECU_XDC,EOP_RT,A,1991,0.124011468466513
MMR,ECU_XDC,EOP_RT,A,1992,0.132321550009767
MMR,ECU_XDC,EOP_RT,A,1993,0.142961614466839
MMR,ECU_XDC,EOP_RT,A,1994,0.137723478172506
MMR,ECU_XDC,EOP_RT,A,1995,0.131620140315915
MMR,ECU_XDC,EOP_RT,A,1996,0.133288402292759
MMR,ECU_XDC,EOP_RT,A,1997,0.142333417551589
MMR,ECU_XDC,EOP_RT,A,1998,0.140305079153654
MMR,ECU_XDC,EOP_RT,A,2012,
MMR,ECU_XDC,PA_RT,A,1971,
MMR,ECU_XDC,PA_RT,A,1974,
MMR,ECU_XDC,PA_RT,A,1975,
MMR,ECU_XDC,PA_RT,A,1978,0.115463345726353
MMR,ECU_XDC,PA_RT,A,1979,0.110788959561944
MMR,ECU_XDC,PA_RT,A,1980,0.109955231774596
MMR,ECU_XDC,PA_RT,A,1981,0.12392050368912
MMR,ECU_XDC,PA_RT,A,1982,0.132201728506192
MMR,ECU_XDC,PA_RT,A,1983,0.140944941244785
MMR,ECU_XDC,PA_RT,A,1984,0.15264359369374
MMR,ECU_XDC,PA_RT,A,1985,0.154811701428415
MMR,ECU_XDC,PA_RT,A,1986,0.139033660322742
MMR,ECU_XDC,PA_RT,A,1987,0.130205142191225
MMR,ECU_XDC,PA_RT,A,1988,0.132093568207147
MMR,ECU_XDC,PA_RT,A,1989,0.135289847592414
MMR,ECU_XDC,PA_RT,A,1990,0.123931328407485
MMR,ECU_XDC,PA_RT,A,1991,0.128287656408323
MMR,ECU_XDC,PA_RT,A,1992,0.126319889719795
MMR,ECU_XDC,PA_RT,A,1993,0.138550080233181
MMR,ECU_XDC,PA_RT,A,1994,0.140814685334288
MMR,ECU_XDC,PA_RT,A,1995,0.134893329805529
MMR,ECU_XDC,PA_RT,A,1996,0.133274833233291
MMR,ECU_XDC,PA_RT,A,1997,0.141271122193015
MMR,ECU_XDC,PA_RT,A,1998,0.14075656831273
MMR,ECU_XDC,PA_RT,A,2012,
MNE,ECU_XDC,EOP_RT,A,1999,
MNE,ECU_XDC,PA_RT,A,1999,
MNG,ECU_XDC,EOP_RT,A,1990,0.137619937495777
MNG,ECU_XDC,EOP_RT,A,1991,0.0497178511944714
MNG,ECU_XDC,EOP_RT,A,1992,0.020645800644149
MNG,ECU_XDC,EOP_RT,A,1993,0.0022518500398832
MNG,ECU_XDC,EOP_RT,A,1994,0.00196329708916493
MNG,ECU_XDC,EOP_RT,A,1995,0.00160655384309426
MNG,ECU_XDC,EOP_RT,A,1996,0.00115079950744524
MNG,ECU_XDC,EOP_RT,A,1997,0.00111371050697956
MNG,ECU_XDC,EOP_RT,A,1998,0.000950201371425639
MNG,ECU_XDC,PA_RT,A,1991,0.10061840814308
MNG,ECU_XDC,PA_RT,A,1992,0.0215197389057901
MNG,ECU_XDC,PA_RT,A,1993,0.00289158572647547
MNG,ECU_XDC,PA_RT,A,1994,0.00203855528114481
MNG,ECU_XDC,PA_RT,A,1995,0.00170402272197122
MNG,ECU_XDC,PA_RT,A,1996,0.00143810706957813
MNG,ECU_XDC,PA_RT,A,1997,0.00111620148234542
MNG,ECU_XDC,PA_RT,A,1998,0.00106185907856455
MOZ,ECU_XDC,EOP_RT,A,1977,
MOZ,ECU_XDC,EOP_RT,A,1979,21.496454753083
MOZ,ECU_XDC,EOP_RT,A,1980,23.3143605597284
MOZ,ECU_XDC,EOP_RT,A,1981,25.775198635795
MOZ,ECU_XDC,EOP_RT,A,1982,27.0666626710871
MOZ,ECU_XDC,EOP_RT,A,1983,29.3643011487087
MOZ,ECU_XDC,EOP_RT,A,1984,32.3919308577651
MOZ,ECU_XDC,EOP_RT,A,1985,27.3581498873858
MOZ,ECU_XDC,EOP_RT,A,1986,23.7469864599243
MOZ,ECU_XDC,EOP_RT,A,1987,1.89906975966892
MOZ,ECU_XDC,EOP_RT,A,1988,1.36187437057571
MOZ,ECU_XDC,EOP_RT,A,1989,1.01916761788128
MOZ,ECU_XDC,EOP_RT,A,1990,0.706559039495728
MOZ,ECU_XDC,EOP_RT,A,1991,0.404122557666127
MOZ,ECU_XDC,EOP_RT,A,1992,0.279810268267927
MOZ,ECU_XDC,EOP_RT,A,1993,0.16710730341485
MOZ,ECU_XDC,EOP_RT,A,1994,0.122234504834206
MOZ,ECU_XDC,EOP_RT,A,1995,0.0698710772420846
MOZ,ECU_XDC,EOP_RT,A,1996,0.0701495092210909
MOZ,ECU_XDC,EOP_RT,A,1997,0.0784566261678505
MOZ,ECU_XDC,EOP_RT,A,1998,0.0693095291141781
MOZ,ECU_XDC,EOP_RT,A,2006,
MOZ,ECU_XDC,EOP_RT,A,2016,
MOZ,ECU_XDC,PA_RT,A,1977,
MOZ,ECU_XDC,PA_RT,A,1978,26.1649964831291
MOZ,ECU_XDC,PA_RT,A,1979,24.3209884212353
MOZ,ECU_XDC,PA_RT,A,1980,22.1881915860711
MOZ,ECU_XDC,PA_RT,A,1981,25.311470624392
MOZ,ECU_XDC,PA_RT,A,1982,26.9832751681298
MOZ,ECU_XDC,PA_RT,A,1983,27.9214684244078
MOZ,ECU_XDC,PA_RT,A,1984,29.8623559919849
MOZ,ECU_XDC,PA_RT,A,1985,30.3841058751671
MOZ,ECU_XDC,PA_RT,A,1986,25.2089086678055
MOZ,ECU_XDC,PA_RT,A,1987,2.9797739435035
MOZ,ECU_XDC,PA_RT,A,1988,1.60999983315554
MOZ,ECU_XDC,PA_RT,A,1989,1.21772436381635
MOZ,ECU_XDC,PA_RT,A,1990,0.845501448575156
MOZ,ECU_XDC,PA_RT,A,1991,0.561965430776912
MOZ,ECU_XDC,PA_RT,A,1992,0.306420576068458
MOZ,ECU_XDC,PA_RT,A,1993,0.220184851637791
MOZ,ECU_XDC,PA_RT,A,1994,0.139329819677072
MOZ,ECU_XDC,PA_RT,A,1995,0.084709428644407
MOZ,ECU_XDC,PA_RT,A,1996,0.0698317840085781
MOZ,ECU_XDC,PA_RT,A,1997,0.0763879615262533
MOZ,ECU_XDC,PA_RT,A,1998,0.0751892655263102
MOZ,ECU_XDC,PA_RT,A,2006,
MOZ,ECU_XDC,PA_RT,A,2016,
MRT,ECU_XDC,EOP_RT,A,1973,
MRT,ECU_XDC,EOP_RT,A,1979,0.151276992357939
MRT,ECU_XDC,EOP_RT,A,1980,0.165890058020598
MRT,ECU_XDC,EOP_RT,A,1981,0.188289564047229
MRT,ECU_XDC,EOP_RT,A,1982,0.195124266264907
MRT,ECU_XDC,EOP_RT,A,1983,0.211924473259845
MRT,ECU_XDC,EOP_RT,A,1984,0.209635339117969
MRT,ECU_XDC,EOP_RT,A,1985,0.146133768835346
MRT,ECU_XDC,EOP_RT,A,1986,0.126110987354195
MRT,ECU_XDC,EOP_RT,A,1987,0.107154215489699
MRT,ECU_XDC,EOP_RT,A,1988,0.112611347003105
MRT,ECU_XDC,EOP_RT,A,1989,0.0999906508741433
MRT,ECU_XDC,EOP_RT,A,1990,0.0942335902945131
MRT,ECU_XDC,EOP_RT,A,1991,0.0958324039985956
MRT,ECU_XDC,EOP_RT,A,1992,0.0717490899883544
MRT,ECU_XDC,EOP_RT,A,1993,0.0719137451122816
MRT,ECU_XDC,EOP_RT,A,1994,0.0633311281181198
MRT,ECU_XDC,EOP_RT,A,1995,0.055495298021027
MRT,ECU_XDC,EOP_RT,A,1996,0.0560260418679081
MRT,ECU_XDC,EOP_RT,A,1997,0.0537941690439857
MRT,ECU_XDC,EOP_RT,A,1998,0.0416503857044381
MRT,ECU_XDC,EOP_RT,A,2018,
MRT,ECU_XDC,PA_RT,A,1973,
MRT,ECU_XDC,PA_RT,A,1978,0.170040594528865
MRT,ECU_XDC,PA_RT,A,1979,0.158986686852331
MRT,ECU_XDC,PA_RT,A,1980,0.156575695790431
MRT,ECU_XDC,PA_RT,A,1981,0.185263980157766
MRT,ECU_XDC,PA_RT,A,1982,0.196864586181891
MRT,ECU_XDC,PA_RT,A,1983,0.204696872236675
MRT,ECU_XDC,PA_RT,A,1984,0.198648008430398
MRT,ECU_XDC,PA_RT,A,1985,0.170202496953673
MRT,ECU_XDC,PA_RT,A,1986,0.137031108274367
MRT,ECU_XDC,PA_RT,A,1987,0.117262174743908
MRT,ECU_XDC,PA_RT,A,1988,0.112233387326203
MRT,ECU_XDC,PA_RT,A,1989,0.109222634179285
MRT,ECU_XDC,PA_RT,A,1990,0.0974513955561209
MRT,ECU_XDC,PA_RT,A,1991,0.0983724386929959
MRT,ECU_XDC,PA_RT,A,1992,0.0886076956174369
MRT,ECU_XDC,PA_RT,A,1993,0.0706131651197601
MRT,ECU_XDC,PA_RT,A,1994,0.0680845983076999
MRT,ECU_XDC,PA_RT,A,1995,0.0589085257494775
MRT,ECU_XDC,PA_RT,A,1996,0.0574736286043418
MRT,ECU_XDC,PA_RT,A,1997,0.0580685836909583
MRT,ECU_XDC,PA_RT,A,1998,0.0473716541518214
MRT,ECU_XDC,PA_RT,A,2018,
MSR,ECU_XDC,EOP_RT,A,1959,
MSR,ECU_XDC,EOP_RT,A,1976,
MSR,ECU_XDC,EOP_RT,A,1979,0.256862730166609
MSR,ECU_XDC,EOP_RT,A,1980,0.282811828537861
MSR,ECU_XDC,EOP_RT,A,1981,0.341292269047522
MSR,ECU_XDC,EOP_RT,A,1982,0.38273263485905
MSR,ECU_XDC,EOP_RT,A,1983,0.447631581844334
MSR,ECU_XDC,EOP_RT,A,1984,0.522457850712894
MSR,ECU_XDC,EOP_RT,A,1985,0.417130724597782
MSR,ECU_XDC,EOP_RT,A,1986,0.346011183081437
MSR,ECU_XDC,EOP_RT,A,1987,0.284157104780091
MSR,ECU_XDC,EOP_RT,A,1988,0.31585397439056
MSR,ECU_XDC,EOP_RT,A,1989,0.309415514093877
MSR,ECU_XDC,EOP_RT,A,1990,0.271671950686108
MSR,ECU_XDC,EOP_RT,A,1991,0.27621028441373
MSR,ECU_XDC,EOP_RT,A,1992,0.305863713246652
MSR,ECU_XDC,EOP_RT,A,1993,0.330696688634848
MSR,ECU_XDC,EOP_RT,A,1994,0.301104330241594
MSR,ECU_XDC,EOP_RT,A,1995,0.281813344876408
MSR,ECU_XDC,EOP_RT,A,1996,0.295589246817908
MSR,ECU_XDC,EOP_RT,A,1997,0.335416605872407
MSR,ECU_XDC,EOP_RT,A,1998,0.317437643342936
MSR,ECU_XDC,PA_RT,A,1959,
MSR,ECU_XDC,PA_RT,A,1976,
MSR,ECU_XDC,PA_RT,A,1978,0.290722183145879
MSR,ECU_XDC,PA_RT,A,1979,0.270233204680392
MSR,ECU_XDC,PA_RT,A,1980,0.266260353495038
MSR,ECU_XDC,PA_RT,A,1981,0.331388085495165
MSR,ECU_XDC,PA_RT,A,1982,0.377463539733878
MSR,ECU_XDC,PA_RT,A,1983,0.415547286242267
MSR,ECU_XDC,PA_RT,A,1984,0.469422411029192
MSR,ECU_XDC,PA_RT,A,1985,0.48592812880011
MSR,ECU_XDC,PA_RT,A,1986,0.377469951032711
MSR,ECU_XDC,PA_RT,A,1987,0.320856816041556
MSR,ECU_XDC,PA_RT,A,1988,0.312843639184918
MSR,ECU_XDC,PA_RT,A,1989,0.335964777452733
MSR,ECU_XDC,PA_RT,A,1990,0.290942946088272
MSR,ECU_XDC,PA_RT,A,1991,0.298563387619622
MSR,ECU_XDC,PA_RT,A,1992,0.285601473132399
MSR,ECU_XDC,PA_RT,A,1993,0.315943787281366
MSR,ECU_XDC,PA_RT,A,1994,0.311613119847186
MSR,ECU_XDC,PA_RT,A,1995,0.283128192801239
MSR,ECU_XDC,PA_RT,A,1996,0.292097300239585
MSR,ECU_XDC,PA_RT,A,1997,0.326589185015469
MSR,ECU_XDC,PA_RT,A,1998,0.330681925653444
MTQ,ECU_XDC,EOP_RT,A,1960,
MTQ,ECU_XDC,EOP_RT,A,1979,0.172519744184668
MTQ,ECU_XDC,EOP_RT,A,1980,0.169085902839085
MTQ,ECU_XDC,EOP_RT,A,1981,0.160314740185912
MTQ,ECU_XDC,EOP_RT,A,1982,0.153662173126111
MTQ,ECU_XDC,EOP_RT,A,1983,0.144786495492601
MTQ,ECU_XDC,EOP_RT,A,1984,0.147063823699418
MTQ,ECU_XDC,EOP_RT,A,1985,0.148955555669093
MTQ,ECU_XDC,EOP_RT,A,1986,0.144729697028641
MTQ,ECU_XDC,EOP_RT,A,1987,0.143674940619147
MTQ,ECU_XDC,EOP_RT,A,1988,0.140750244405762
MTQ,ECU_XDC,EOP_RT,A,1989,0.144336884598042
MTQ,ECU_XDC,EOP_RT,A,1990,0.14301311500341
MTQ,ECU_XDC,EOP_RT,A,1991,0.143970611567002
MTQ,ECU_XDC,EOP_RT,A,1992,0.149974035370191
MTQ,ECU_XDC,EOP_RT,A,1993,0.151451286458161
MTQ,ECU_XDC,EOP_RT,A,1994,0.152072894061411
MTQ,ECU_XDC,EOP_RT,A,1995,0.155284904319653
MTQ,ECU_XDC,EOP_RT,A,1996,0.152394685203046
MTQ,ECU_XDC,EOP_RT,A,1997,0.151237426872547
MTQ,ECU_XDC,EOP_RT,A,1998,0.15244866456056
MTQ,ECU_XDC,PA_RT,A,1960,
MTQ,ECU_XDC,PA_RT,A,1978,0.173926989122737
MTQ,ECU_XDC,PA_RT,A,1979,0.171499340545026
MTQ,ECU_XDC,PA_RT,A,1980,0.170131391489337
MTQ,ECU_XDC,PA_RT,A,1981,0.164638880316814
MTQ,ECU_XDC,PA_RT,A,1982,0.155072436119904
MTQ,ECU_XDC,PA_RT,A,1983,0.147216209805521
MTQ,ECU_XDC,PA_RT,A,1984,0.145031011184132
MTQ,ECU_XDC,PA_RT,A,1985,0.146018151776589
MTQ,ECU_XDC,PA_RT,A,1986,0.147149202874876
MTQ,ECU_XDC,PA_RT,A,1987,0.144128338170715
MTQ,ECU_XDC,PA_RT,A,1988,0.141797229696885
MTQ,ECU_XDC,PA_RT,A,1989,0.14217629427597
MTQ,ECU_XDC,PA_RT,A,1990,0.144261943508516
MTQ,ECU_XDC,PA_RT,A,1991,0.142875660713558
MTQ,ECU_XDC,PA_RT,A,1992,0.145665055554441
MTQ,ECU_XDC,PA_RT,A,1993,0.15062927439989
MTQ,ECU_XDC,PA_RT,A,1994,0.151539734203776
MTQ,ECU_XDC,PA_RT,A,1995,0.153150115334141
MTQ,ECU_XDC,PA_RT,A,1996,0.154170509590541
MTQ,ECU_XDC,PA_RT,A,1997,0.151077159785169
MTQ,ECU_XDC,PA_RT,A,1998,0.151341440503161
MUS,ECU_XDC,EOP_RT,A,1971,
MUS,ECU_XDC,EOP_RT,A,1972,
MUS,ECU_XDC,EOP_RT,A,1976,
MUS,ECU_XDC,EOP_RT,A,1979,0.0914283002493272
MUS,ECU_XDC,EOP_RT,A,1980,0.0974603296978499
MUS,ECU_XDC,EOP_RT,A,1981,0.0892111882235504
MUS,ECU_XDC,EOP_RT,A,1982,0.0951501417259414
MUS,ECU_XDC,EOP_RT,A,1983,0.0949914936435275
MUS,ECU_XDC,EOP_RT,A,1984,0.0904062728349011
MUS,ECU_XDC,EOP_RT,A,1985,0.0787039103014683
MUS,ECU_XDC,EOP_RT,A,1986,0.0711160484992335
MUS,ECU_XDC,EOP_RT,A,1987,0.0630153248329592
MUS,ECU_XDC,EOP_RT,A,1988,0.061646973033571
MUS,ECU_XDC,EOP_RT,A,1989,0.0557096484431493
MUS,ECU_XDC,EOP_RT,A,1990,0.0512159102675946
MUS,ECU_XDC,EOP_RT,A,1991,0.0504104913455594
MUS,ECU_XDC,EOP_RT,A,1992,0.0485840702297893
MUS,ECU_XDC,EOP_RT,A,1993,0.0478607757005376
MUS,ECU_XDC,EOP_RT,A,1994,0.0455130659395779
MUS,ECU_XDC,EOP_RT,A,1995,0.043075844858572
MUS,ECU_XDC,EOP_RT,A,1996,0.0444087007989512
MUS,ECU_XDC,EOP_RT,A,1997,0.0406748185877161
MUS,ECU_XDC,EOP_RT,A,1998,0.0345827521143473
MUS,ECU_XDC,PA_RT,A,1971,
MUS,ECU_XDC,PA_RT,A,1972,
MUS,ECU_XDC,PA_RT,A,1976,
MUS,ECU_XDC,PA_RT,A,1978,0.12735921967156
MUS,ECU_XDC,PA_RT,A,1979,0.11566536498703
MUS,ECU_XDC,PA_RT,A,1980,0.0935548760660208
MUS,ECU_XDC,PA_RT,A,1981,0.100122381148041
MUS,ECU_XDC,PA_RT,A,1982,0.093736203312059
MUS,ECU_XDC,PA_RT,A,1983,0.0958447380798235
MUS,ECU_XDC,PA_RT,A,1984,0.0918412968158793
MUS,ECU_XDC,PA_RT,A,1985,0.0849608135851071
MUS,ECU_XDC,PA_RT,A,1986,0.0756825893504976
MUS,ECU_XDC,PA_RT,A,1987,0.0672696713943729
MUS,ECU_XDC,PA_RT,A,1988,0.0628586926581158
MUS,ECU_XDC,PA_RT,A,1989,0.0594831985924841
MUS,ECU_XDC,PA_RT,A,1990,0.052850789930456
MUS,ECU_XDC,PA_RT,A,1991,0.0515017420693314
MUS,ECU_XDC,PA_RT,A,1992,0.0495478799063482
MUS,ECU_XDC,PA_RT,A,1993,0.0483367530168213
MUS,ECU_XDC,PA_RT,A,1994,0.0468451139780407
MUS,ECU_XDC,PA_RT,A,1995,0.0439682616634352
MUS,ECU_XDC,PA_RT,A,1996,0.0439413740373269
MUS,ECU_XDC,PA_RT,A,1997,0.0418758598856102
MUS,ECU_XDC,PA_RT,A,1998,0.0372131131519152
MWI,ECU_XDC,EOP_RT,A,1971,
MWI,ECU_XDC,EOP_RT,A,1972,
MWI,ECU_XDC,EOP_RT,A,1979,0.867345388090531
MWI,ECU_XDC,EOP_RT,A,1980,0.924669336373084
MWI,ECU_XDC,EOP_RT,A,1981,1.0155269202599
MWI,ECU_XDC,EOP_RT,A,1982,0.942003751195478
MWI,ECU_XDC,EOP_RT,A,1983,0.930268836137601
MWI,ECU_XDC,EOP_RT,A,1984,0.901422581523571
MWI,ECU_XDC,EOP_RT,A,1985,0.67070804971696
MWI,ECU_XDC,EOP_RT,A,1986,0.478503479983549
MWI,ECU_XDC,EOP_RT,A,1987,0.373563240289339
MWI,ECU_XDC,EOP_RT,A,1988,0.336346176633607
MWI,ECU_XDC,EOP_RT,A,1989,0.311864225792693
MWI,ECU_XDC,EOP_RT,A,1990,0.277122017020851
MWI,ECU_XDC,EOP_RT,A,1991,0.279963874133595
MWI,ECU_XDC,EOP_RT,A,1992,0.187868425716811
MWI,ECU_XDC,EOP_RT,A,1993,0.198665241036421
MWI,ECU_XDC,EOP_RT,A,1994,0.0531409208458489
MWI,ECU_XDC,EOP_RT,A,1995,0.0497216924130602
MWI,ECU_XDC,EOP_RT,A,1996,0.0520841713757889
MWI,ECU_XDC,EOP_RT,A,1997,0.0426622087948586
MWI,ECU_XDC,EOP_RT,A,1998,0.0195307959471403
MWI,ECU_XDC,PA_RT,A,1971,
MWI,ECU_XDC,PA_RT,A,1972,
MWI,ECU_XDC,PA_RT,A,1978,0.930316408272429
MWI,ECU_XDC,PA_RT,A,1979,0.893193020209875
MWI,ECU_XDC,PA_RT,A,1980,0.885244171136461
MWI,ECU_XDC,PA_RT,A,1981,0.999384282294859
MWI,ECU_XDC,PA_RT,A,1982,0.965554512281454
MWI,ECU_XDC,PA_RT,A,1983,0.955066984041833
MWI,ECU_XDC,PA_RT,A,1984,0.896744336432659
MWI,ECU_XDC,PA_RT,A,1985,0.763194981130572
MWI,ECU_XDC,PA_RT,A,1986,0.547624239019002
MWI,ECU_XDC,PA_RT,A,1987,0.392220190136334
MWI,ECU_XDC,PA_RT,A,1988,0.329784699558309
MWI,ECU_XDC,PA_RT,A,1989,0.328717867406142
MWI,ECU_XDC,PA_RT,A,1990,0.287863693040923
MWI,ECU_XDC,PA_RT,A,1991,0.287560215485423
MWI,ECU_XDC,PA_RT,A,1992,0.214006393707987
MWI,ECU_XDC,PA_RT,A,1993,0.193752253935039
MWI,ECU_XDC,PA_RT,A,1994,0.0963045352850974
MWI,ECU_XDC,PA_RT,A,1995,0.0500169485480493
MWI,ECU_XDC,PA_RT,A,1996,0.0515180734830973
MWI,ECU_XDC,PA_RT,A,1997,0.0536232921105355
MWI,ECU_XDC,PA_RT,A,1998,0.0287339586892549
MYS,ECU_XDC,EOP_RT,A,1963,
MYS,ECU_XDC,EOP_RT,A,1979,0.316824747266637
MYS,ECU_XDC,EOP_RT,A,1980,0.343588884717338
MYS,ECU_XDC,EOP_RT,A,1981,0.410957109592501
MYS,ECU_XDC,EOP_RT,A,1982,0.445172151193128
MYS,ECU_XDC,EOP_RT,A,1983,0.516873485650505
MYS,ECU_XDC,EOP_RT,A,1984,0.581705648216418
MYS,ECU_XDC,EOP_RT,A,1985,0.464147107526895
MYS,ECU_XDC,EOP_RT,A,1986,0.358905184141329
MYS,ECU_XDC,EOP_RT,A,1987,0.307776068239027
MYS,ECU_XDC,EOP_RT,A,1988,0.314074220474537
MYS,ECU_XDC,EOP_RT,A,1989,0.309037801225712
MYS,ECU_XDC,EOP_RT,A,1990,0.271521105627426
MYS,ECU_XDC,EOP_RT,A,1991,0.273776713625944
MYS,ECU_XDC,EOP_RT,A,1992,0.316168463156952
MYS,ECU_XDC,EOP_RT,A,1993,0.33051307026248
MYS,ECU_XDC,EOP_RT,A,1994,0.317570973301681
MYS,ECU_XDC,EOP_RT,A,1995,0.299329673944257
MYS,ECU_XDC,EOP_RT,A,1996,0.315575708346521
MYS,ECU_XDC,EOP_RT,A,1997,0.232694785543179
MYS,ECU_XDC,EOP_RT,A,1998,0.225547799217349
MYS,ECU_XDC,PA_RT,A,1963,
MYS,ECU_XDC,PA_RT,A,1978,0.338918727629921
MYS,ECU_XDC,PA_RT,A,1979,0.333401462785365
MYS,ECU_XDC,PA_RT,A,1980,0.330244135609469
MYS,ECU_XDC,PA_RT,A,1981,0.388324344886041
MYS,ECU_XDC,PA_RT,A,1982,0.436394276896508
MYS,ECU_XDC,PA_RT,A,1983,0.483350640067598
MYS,ECU_XDC,PA_RT,A,1984,0.540799614580963
MYS,ECU_XDC,PA_RT,A,1985,0.528386601551309
MYS,ECU_XDC,PA_RT,A,1986,0.394806081016093
MYS,ECU_XDC,PA_RT,A,1987,0.343824505228146
MYS,ECU_XDC,PA_RT,A,1988,0.322545899482309
MYS,ECU_XDC,PA_RT,A,1989,0.334868187493072
MYS,ECU_XDC,PA_RT,A,1990,0.290418579209145
MYS,ECU_XDC,PA_RT,A,1991,0.293127856260326
MYS,ECU_XDC,PA_RT,A,1992,0.302712186017343
MYS,ECU_XDC,PA_RT,A,1993,0.331397336018946
MYS,ECU_XDC,PA_RT,A,1994,0.320607139642363
MYS,ECU_XDC,PA_RT,A,1995,0.305240715830948
MYS,ECU_XDC,PA_RT,A,1996,0.313466110869735
MYS,ECU_XDC,PA_RT,A,1997,0.313448532494266
MYS,ECU_XDC,PA_RT,A,1998,0.227511692757267
NAM,ECU_XDC,EOP_RT,A,1979,0.838754421137912
NAM,ECU_XDC,EOP_RT,A,1980,1.02443494198567
NAM,ECU_XDC,EOP_RT,A,1981,0.963324731846664
NAM,ECU_XDC,EOP_RT,A,1982,0.960111605828372
NAM,ECU_XDC,EOP_RT,A,1983,0.989122553769785
NAM,ECU_XDC,EOP_RT,A,1984,0.71067851601072
NAM,ECU_XDC,EOP_RT,A,1985,0.440364904831626
NAM,ECU_XDC,EOP_RT,A,1986,0.427877428998505
NAM,ECU_XDC,EOP_RT,A,1987,0.397537210372872
NAM,ECU_XDC,EOP_RT,A,1988,0.358664506225481
NAM,ECU_XDC,EOP_RT,A,1989,0.329423558897243
NAM,ECU_XDC,EOP_RT,A,1990,0.286249469991216
NAM,ECU_XDC,EOP_RT,A,1991,0.271877364781672
NAM,ECU_XDC,EOP_RT,A,1992,0.270498534479515
NAM,ECU_XDC,EOP_RT,A,1993,0.262805315471402
NAM,ECU_XDC,EOP_RT,A,1994,0.229429008509187
NAM,ECU_XDC,EOP_RT,A,1995,0.20860754795512
NAM,ECU_XDC,EOP_RT,A,1996,0.170441210124581
NAM,ECU_XDC,EOP_RT,A,1997,0.186055436231227
NAM,ECU_XDC,EOP_RT,A,1998,0.146259665021489
NAM,ECU_XDC,PA_RT,A,1978,0.902692377883003
NAM,ECU_XDC,PA_RT,A,1979,0.866520270311498
NAM,ECU_XDC,PA_RT,A,1980,0.92305060763155
NAM,ECU_XDC,PA_RT,A,1981,1.01956392438591
NAM,ECU_XDC,PA_RT,A,1982,0.938604435696466
NAM,ECU_XDC,PA_RT,A,1983,1.00707088511434
NAM,ECU_XDC,PA_RT,A,1984,0.859120070626441
NAM,ECU_XDC,PA_RT,A,1985,0.588693258597015
NAM,ECU_XDC,PA_RT,A,1986,0.446019581595801
NAM,ECU_XDC,PA_RT,A,1987,0.425490776172068
NAM,ECU_XDC,PA_RT,A,1988,0.371537233674675
NAM,ECU_XDC,PA_RT,A,1989,0.345869783502691
NAM,ECU_XDC,PA_RT,A,1990,0.303613662564719
NAM,ECU_XDC,PA_RT,A,1991,0.291933787551576
NAM,ECU_XDC,PA_RT,A,1992,0.270378733201995
NAM,ECU_XDC,PA_RT,A,1993,0.261051311404348
NAM,ECU_XDC,PA_RT,A,1994,0.236948242227424
NAM,ECU_XDC,PA_RT,A,1995,0.210760464825981
NAM,ECU_XDC,PA_RT,A,1996,0.183437697212748
NAM,ECU_XDC,PA_RT,A,1997,0.191362442513468
NAM,ECU_XDC,PA_RT,A,1998,0.161504215837488
NCL,ECU_XDC,EOP_RT,A,1959,
NCL,ECU_XDC,EOP_RT,A,1969,
NCL,ECU_XDC,EOP_RT,A,1979,0.009488595419274
NCL,ECU_XDC,EOP_RT,A,1980,0.00929973395639513
NCL,ECU_XDC,EOP_RT,A,1981,0.00881731952754471
NCL,ECU_XDC,EOP_RT,A,1982,0.00845142797336411
NCL,ECU_XDC,EOP_RT,A,1983,0.00796326521535829
NCL,ECU_XDC,EOP_RT,A,1984,0.00808851839198636
NCL,ECU_XDC,EOP_RT,A,1985,0.00819256375436386
NCL,ECU_XDC,EOP_RT,A,1986,0.00796014129671658
NCL,ECU_XDC,EOP_RT,A,1987,0.00790212963618272
NCL,ECU_XDC,EOP_RT,A,1988,0.00774127118358809
NCL,ECU_XDC,EOP_RT,A,1989,0.0079385365914289
NCL,ECU_XDC,EOP_RT,A,1990,0.00786572919091675
NCL,ECU_XDC,EOP_RT,A,1991,0.00791839155457667
NCL,ECU_XDC,EOP_RT,A,1992,0.00824858019394073
NCL,ECU_XDC,EOP_RT,A,1993,0.00832982908502795
NCL,ECU_XDC,EOP_RT,A,1994,0.00836401753739515
NCL,ECU_XDC,EOP_RT,A,1995,0.00854067827825922
NCL,ECU_XDC,EOP_RT,A,1996,0.00838171606788359
NCL,ECU_XDC,EOP_RT,A,1997,0.00831806679605688
NCL,ECU_XDC,EOP_RT,A,1998,0.00838468493551576
NCL,ECU_XDC,EOP_RT,A,1999,
NCL,ECU_XDC,PA_RT,A,1959,
NCL,ECU_XDC,PA_RT,A,1969,
NCL,ECU_XDC,PA_RT,A,1978,0.00956599396827062
NCL,ECU_XDC,PA_RT,A,1979,0.00943247316296835
NCL,ECU_XDC,PA_RT,A,1980,0.00935723588966407
NCL,ECU_XDC,PA_RT,A,1981,0.00905514747257223
NCL,ECU_XDC,PA_RT,A,1982,0.00852899251558724
NCL,ECU_XDC,PA_RT,A,1983,0.0080968996362033
NCL,ECU_XDC,PA_RT,A,1984,0.00797671359184087
NCL,ECU_XDC,PA_RT,A,1985,0.00803100637871875
NCL,ECU_XDC,PA_RT,A,1986,0.0080932142513324
NCL,ECU_XDC,PA_RT,A,1987,0.00792706652645586
NCL,ECU_XDC,PA_RT,A,1988,0.00779885543218411
NCL,ECU_XDC,PA_RT,A,1989,0.00781970400488237
NCL,ECU_XDC,PA_RT,A,1990,0.00793441482738321
NCL,ECU_XDC,PA_RT,A,1991,0.00785816919741491
NCL,ECU_XDC,PA_RT,A,1992,0.0080115860670803
NCL,ECU_XDC,PA_RT,A,1993,0.00828461837661232
NCL,ECU_XDC,PA_RT,A,1994,0.00833469371590138
NCL,ECU_XDC,PA_RT,A,1995,0.00842326476664249
NCL,ECU_XDC,PA_RT,A,1996,0.00847938650686627
NCL,ECU_XDC,PA_RT,A,1997,0.0083092520974364
NCL,ECU_XDC,PA_RT,A,1998,0.0083237875514614
NCL,ECU_XDC,PA_RT,A,1999,
NER,ECU_XDC,EOP_RT,A,1979,0.00345039732437655
NER,ECU_XDC,EOP_RT,A,1980,0.00338172044888543
NER,ECU_XDC,EOP_RT,A,1981,0.00320629707173397
NER,ECU_XDC,EOP_RT,A,1982,0.00307324563642229
NER,ECU_XDC,EOP_RT,A,1983,0.00289573195818549
NER,ECU_XDC,EOP_RT,A,1984,0.0029412785545398
NER,ECU_XDC,EOP_RT,A,1985,0.00297911322069614
NER,ECU_XDC,EOP_RT,A,1986,0.00289459598810276
NER,ECU_XDC,EOP_RT,A,1987,0.00287350084499095
NER,ECU_XDC,EOP_RT,A,1988,0.00281500687934678
NER,ECU_XDC,EOP_RT,A,1989,0.00288673973393355
NER,ECU_XDC,EOP_RT,A,1990,0.00286026432331318
NER,ECU_XDC,EOP_RT,A,1991,0.00287941426813098
NER,ECU_XDC,EOP_RT,A,1992,0.00299948282912682
NER,ECU_XDC,EOP_RT,A,1993,0.00302902787178529
NER,ECU_XDC,EOP_RT,A,1994,0.00152073001632217
NER,ECU_XDC,EOP_RT,A,1995,0.00155285014162517
NER,ECU_XDC,EOP_RT,A,1996,0.00152394793001475
NER,ECU_XDC,EOP_RT,A,1997,0.00151237533852373
NER,ECU_XDC,EOP_RT,A,1998,0.00152448772397172
NER,ECU_XDC,EOP_RT,A,1999,
NER,ECU_XDC,PA_RT,A,1978,0.00347852652122593
NER,ECU_XDC,PA_RT,A,1979,0.00342997373477008
NER,ECU_XDC,PA_RT,A,1980,0.00340261485795689
NER,ECU_XDC,PA_RT,A,1981,0.00329276505328815
NER,ECU_XDC,PA_RT,A,1982,0.0031014368987526
NER,ECU_XDC,PA_RT,A,1983,0.0029443129714704
NER,ECU_XDC,PA_RT,A,1984,0.00290060916565517
NER,ECU_XDC,PA_RT,A,1985,0.00292035190223884
NER,ECU_XDC,PA_RT,A,1986,0.0029429728379665
NER,ECU_XDC,PA_RT,A,1987,0.00288255577421199
NER,ECU_XDC,PA_RT,A,1988,0.00283593378247298
NER,ECU_XDC,PA_RT,A,1989,0.00284351504515254
NER,ECU_XDC,PA_RT,A,1990,0.00288522787078115
NER,ECU_XDC,PA_RT,A,1991,0.00285750232058045
NER,ECU_XDC,PA_RT,A,1992,0.00291329000471803
NER,ECU_XDC,PA_RT,A,1993,0.00301257400312542
NER,ECU_XDC,PA_RT,A,1994,0.00151539680800747
NER,ECU_XDC,PA_RT,A,1995,0.00153150061363609
NER,ECU_XDC,PA_RT,A,1996,0.0015417045526042
NER,ECU_XDC,PA_RT,A,1997,0.00151077106545153
NER,ECU_XDC,PA_RT,A,1998,0.00151341387170011
NER,ECU_XDC,PA_RT,A,1999,
NGA,ECU_XDC,EOP_RT,A,1958,
NGA,ECU_XDC,EOP_RT,A,1959,
NGA,ECU_XDC,EOP_RT,A,1974,
NGA,ECU_XDC,EOP_RT,A,1979,1.23732575091014
NGA,ECU_XDC,EOP_RT,A,1980,1.40248931002023
NGA,ECU_XDC,EOP_RT,A,1981,1.4468300764836
NGA,ECU_XDC,EOP_RT,A,1982,1.54180014523282
NGA,ECU_XDC,EOP_RT,A,1983,1.61457578029318
NGA,ECU_XDC,EOP_RT,A,1984,1.74523910283538
NGA,ECU_XDC,EOP_RT,A,1985,1.12670345759658
NGA,ECU_XDC,EOP_RT,A,1986,0.281670403587444
NGA,ECU_XDC,EOP_RT,A,1987,0.185284640171858
NGA,ECU_XDC,EOP_RT,A,1988,0.159304110523623
NGA,ECU_XDC,EOP_RT,A,1989,0.109189640768588
NGA,ECU_XDC,EOP_RT,A,1990,0.0814934350473117
NGA,ECU_XDC,EOP_RT,A,1991,0.0756208516667909
NGA,ECU_XDC,EOP_RT,A,1992,0.0420348501114872
NGA,ECU_XDC,EOP_RT,A,1993,0.040804664410654
NGA,ECU_XDC,EOP_RT,A,1994,0.0369581477025137
NGA,ECU_XDC,EOP_RT,A,1995,0.0347653396639883
NGA,ECU_XDC,EOP_RT,A,1996,0.0364656547492861
NGA,ECU_XDC,EOP_RT,A,1997,0.0413791846776706
NGA,ECU_XDC,EOP_RT,A,1998,0.0391611823552009
NGA,ECU_XDC,EOP_RT,A,1999,
NGA,ECU_XDC,PA_RT,A,1958,
NGA,ECU_XDC,PA_RT,A,1959,
NGA,ECU_XDC,PA_RT,A,1974,
NGA,ECU_XDC,PA_RT,A,1978,1.23561230713634
NGA,ECU_XDC,PA_RT,A,1979,1.20798136583072
NGA,ECU_XDC,PA_RT,A,1980,1.31479165615563
NGA,ECU_XDC,PA_RT,A,1981,1.4484960164162
NGA,ECU_XDC,PA_RT,A,1982,1.51330390551098
NGA,ECU_XDC,PA_RT,A,1983,1.54881614471496
NGA,ECU_XDC,PA_RT,A,1984,1.65348352658012
NGA,ECU_XDC,PA_RT,A,1985,1.46793912715299
NGA,ECU_XDC,PA_RT,A,1986,0.580880880684574
NGA,ECU_XDC,PA_RT,A,1987,0.21571348297693
NGA,ECU_XDC,PA_RT,A,1988,0.186176775775139
NGA,ECU_XDC,PA_RT,A,1989,0.123168708598799
NGA,ECU_XDC,PA_RT,A,1990,0.0977255663911313
NGA,ECU_XDC,PA_RT,A,1991,0.0813483853348999
NGA,ECU_XDC,PA_RT,A,1992,0.0445776986897638
NGA,ECU_XDC,PA_RT,A,1993,0.0386599937304417
NGA,ECU_XDC,PA_RT,A,1994,0.0382503829599655
NGA,ECU_XDC,PA_RT,A,1995,0.0349137748879424
NGA,ECU_XDC,PA_RT,A,1996,0.0360376254183913
NGA,ECU_XDC,PA_RT,A,1997,0.0402900843021818
NGA,ECU_XDC,PA_RT,A,1998,0.0407950835814813
NGA,ECU_XDC,PA_RT,A,1999,
NIC,ECU_XDC,EOP_RT,A,1979,345039488.317837
NIC,ECU_XDC,EOP_RT,A,1980,379896486.133434
NIC,ECU_XDC,EOP_RT,A,1981,458452301.751243
NIC,ECU_XDC,EOP_RT,A,1982,514118464.787194
NIC,ECU_XDC,EOP_RT,A,1983,601296154.7761
NIC,ECU_XDC,EOP_RT,A,1984,701809053.196424
NIC,ECU_XDC,EOP_RT,A,1985,201116599.359645
NIC,ECU_XDC,EOP_RT,A,1986,66730728.1657057
NIC,ECU_XDC,EOP_RT,A,1987,54801727.3504461
NIC,ECU_XDC,EOP_RT,A,1988,4634.81375464408
NIC,ECU_XDC,EOP_RT,A,1989,109.491728447374
NIC,ECU_XDC,EOP_RT,A,1990,1.22252377808748
NIC,ECU_XDC,EOP_RT,A,1991,0.149153553583414
NIC,ECU_XDC,EOP_RT,A,1992,0.165166405153192
NIC,ECU_XDC,EOP_RT,A,1993,0.140617833805391
NIC,ECU_XDC,EOP_RT,A,1994,0.114316083587933
NIC,ECU_XDC,EOP_RT,A,1995,0.0955299474157315
NIC,ECU_XDC,EOP_RT,A,1996,0.0894319774101694
NIC,ECU_XDC,EOP_RT,A,1997,0.0906077874792895
NIC,ECU_XDC,EOP_RT,A,1998,0.0765661637507528
NIC,ECU_XDC,PA_RT,A,1978,380924517.893226
NIC,ECU_XDC,PA_RT,A,1979,261679510.561748
NIC,ECU_XDC,PA_RT,A,1980,243909034.236945
NIC,ECU_XDC,PA_RT,A,1981,303569595.810149
NIC,ECU_XDC,PA_RT,A,1982,345777229.796493
NIC,ECU_XDC,PA_RT,A,1983,380632461.211879
NIC,ECU_XDC,PA_RT,A,1984,429980927.739438
NIC,ECU_XDC,PA_RT,A,1985,168789462.396038
NIC,ECU_XDC,PA_RT,A,1986,52257446.377604
NIC,ECU_XDC,PA_RT,A,1987,42198855.6245131
NIC,ECU_XDC,PA_RT,A,1988,15657.7703478069
NIC,ECU_XDC,PA_RT,A,1989,289.726563966393
NIC,ECU_XDC,PA_RT,A,1990,5.57431509492517
NIC,ECU_XDC,PA_RT,A,1991,0.188750540432361
NIC,ECU_XDC,PA_RT,A,1992,0.154224795491496
NIC,ECU_XDC,PA_RT,A,1993,0.15177691282686
NIC,ECU_XDC,PA_RT,A,1994,0.125148158129878
NIC,ECU_XDC,PA_RT,A,1995,0.101310295379533
NIC,ECU_XDC,PA_RT,A,1996,0.0934932974508777
NIC,ECU_XDC,PA_RT,A,1997,0.0933301251091595
NIC,ECU_XDC,PA_RT,A,1998,0.0843742421518753
NLD,ECU_XDC,EOP_RT,A,1971,
NLD,ECU_XDC,EOP_RT,A,1979,0.363961884971821
NLD,ECU_XDC,EOP_RT,A,1980,0.358578040577977
NLD,ECU_XDC,EOP_RT,A,1981,0.373299220904034
NLD,ECU_XDC,EOP_RT,A,1982,0.393742851786313
NLD,ECU_XDC,EOP_RT,A,1983,0.394389059022382
NLD,ECU_XDC,EOP_RT,A,1984,0.397418283399018
NLD,ECU_XDC,EOP_RT,A,1985,0.406296160469086
NLD,ECU_XDC,EOP_RT,A,1986,0.426199906167829
NLD,ECU_XDC,EOP_RT,A,1987,0.431631045235581
NLD,ECU_XDC,EOP_RT,A,1988,0.426509492800456
NLD,ECU_XDC,EOP_RT,A,1989,0.436137764580249
NLD,ECU_XDC,EOP_RT,A,1990,0.434032110563604
NLD,ECU_XDC,EOP_RT,A,1991,0.436019508838325
NLD,ECU_XDC,EOP_RT,A,1992,0.45522960463368
NLD,ECU_XDC,EOP_RT,A,1993,0.460034550628105
NLD,ECU_XDC,EOP_RT,A,1994,0.468550338108642
NLD,ECU_XDC,EOP_RT,A,1995,0.47425581598498
NLD,ECU_XDC,EOP_RT,A,1996,0.457725949993319
NLD,ECU_XDC,EOP_RT,A,1997,0.448951435581746
NLD,ECU_XDC,EOP_RT,A,1998,0.453770455858708
NLD,ECU_XDC,PA_RT,A,1971,
NLD,ECU_XDC,PA_RT,A,1978,0.362800860347097
NLD,ECU_XDC,PA_RT,A,1979,0.363725166507242
NLD,ECU_XDC,PA_RT,A,1980,0.361599983925055
NLD,ECU_XDC,PA_RT,A,1981,0.358587620698001
NLD,ECU_XDC,PA_RT,A,1982,0.38167492210583
NLD,ECU_XDC,PA_RT,A,1983,0.393107405333413
NLD,ECU_XDC,PA_RT,A,1984,0.395003301440384
NLD,ECU_XDC,PA_RT,A,1985,0.395015941398295
NLD,ECU_XDC,PA_RT,A,1986,0.41598304826399
NLD,ECU_XDC,PA_RT,A,1987,0.427661254535322
NLD,ECU_XDC,PA_RT,A,1988,0.427342379931336
NLD,ECU_XDC,PA_RT,A,1989,0.427730871511622
NLD,ECU_XDC,PA_RT,A,1990,0.431395452593667
NLD,ECU_XDC,PA_RT,A,1991,0.4311576822462
NLD,ECU_XDC,PA_RT,A,1992,0.438520751202409
NLD,ECU_XDC,PA_RT,A,1993,0.459293518894725
NLD,ECU_XDC,PA_RT,A,1994,0.462284448618649
NLD,ECU_XDC,PA_RT,A,1995,0.476090118822809
NLD,ECU_XDC,PA_RT,A,1996,0.467800125154093
NLD,ECU_XDC,PA_RT,A,1997,0.451906110994689
NLD,ECU_XDC,PA_RT,A,1998,0.450081336179969
NOR,ECU_XDC,EOP_RT,A,1971,
NOR,ECU_XDC,EOP_RT,A,1972,
NOR,ECU_XDC,EOP_RT,A,1973,
NOR,ECU_XDC,EOP_RT,A,1979,0.140789559803214
NOR,ECU_XDC,EOP_RT,A,1980,0.14741157088796
NOR,ECU_XDC,EOP_RT,A,1981,0.158672255977095
NOR,ECU_XDC,EOP_RT,A,1982,0.146495338001975
NOR,ECU_XDC,EOP_RT,A,1983,0.156510890833897
NOR,ECU_XDC,EOP_RT,A,1984,0.155236733457116
NOR,ECU_XDC,EOP_RT,A,1985,0.148533195702474
NOR,ECU_XDC,EOP_RT,A,1986,0.126247323556741
NOR,ECU_XDC,EOP_RT,A,1987,0.12310055080726
NOR,ECU_XDC,EOP_RT,A,1988,0.129803003174203
NOR,ECU_XDC,EOP_RT,A,1989,0.126292046568929
NOR,ECU_XDC,EOP_RT,A,1990,0.124166613093947
NOR,ECU_XDC,EOP_RT,A,1991,0.12485648215588
NOR,ECU_XDC,EOP_RT,A,1992,0.119262333131051
NOR,ECU_XDC,EOP_RT,A,1993,0.1187657700604
NOR,ECU_XDC,EOP_RT,A,1994,0.12022799344163
NOR,ECU_XDC,EOP_RT,A,1995,0.120413994487467
NOR,ECU_XDC,EOP_RT,A,1996,0.123879078992371
NOR,ECU_XDC,EOP_RT,A,1997,0.12379195919126
NOR,ECU_XDC,EOP_RT,A,1998,0.112773899608675
NOR,ECU_XDC,PA_RT,A,1971,
NOR,ECU_XDC,PA_RT,A,1972,
NOR,ECU_XDC,PA_RT,A,1973,
NOR,ECU_XDC,PA_RT,A,1978,0.149735303475341
NOR,ECU_XDC,PA_RT,A,1979,0.144079788203382
NOR,ECU_XDC,PA_RT,A,1980,0.145549748104642
NOR,ECU_XDC,PA_RT,A,1981,0.155892766249055
NOR,ECU_XDC,PA_RT,A,1982,0.157909249116477
NOR,ECU_XDC,PA_RT,A,1983,0.153772106620358
NOR,ECU_XDC,PA_RT,A,1984,0.155295837842946
NOR,ECU_XDC,PA_RT,A,1985,0.152607925937234
NOR,ECU_XDC,PA_RT,A,1986,0.137823458036733
NOR,ECU_XDC,PA_RT,A,1987,0.1285817933064
NOR,ECU_XDC,PA_RT,A,1988,0.129611782414555
NOR,ECU_XDC,PA_RT,A,1989,0.131378796309998
NOR,ECU_XDC,PA_RT,A,1990,0.12549175289795
NOR,ECU_XDC,PA_RT,A,1991,0.124344947772247
NOR,ECU_XDC,PA_RT,A,1992,0.124084620492981
NOR,ECU_XDC,PA_RT,A,1993,0.120247067063273
NOR,ECU_XDC,PA_RT,A,1994,0.119212949320699
NOR,ECU_XDC,PA_RT,A,1995,0.120667279561623
NOR,ECU_XDC,PA_RT,A,1996,0.122276922024331
NOR,ECU_XDC,PA_RT,A,1997,0.124662919622247
NOR,ECU_XDC,PA_RT,A,1998,0.118333951186754
NPL,ECU_XDC,EOP_RT,A,1957,
NPL,ECU_XDC,EOP_RT,A,1979,0.057794114287487
NPL,ECU_XDC,EOP_RT,A,1980,0.0636326614210186
NPL,ECU_XDC,EOP_RT,A,1981,0.0698097823104635
NPL,ECU_XDC,EOP_RT,A,1982,0.0722642037896294
NPL,ECU_XDC,EOP_RT,A,1983,0.0795135046749484
NPL,ECU_XDC,EOP_RT,A,1984,0.0783686776069341
NPL,ECU_XDC,EOP_RT,A,1985,0.0544083553823193
NPL,ECU_XDC,EOP_RT,A,1986,0.0424650088327218
NPL,ECU_XDC,EOP_RT,A,1987,0.0355196380975114
NPL,ECU_XDC,EOP_RT,A,1988,0.0338414972561314
NPL,ECU_XDC,EOP_RT,A,1989,0.029210555526345
NPL,ECU_XDC,EOP_RT,A,1990,0.0241287587780424
NPL,ECU_XDC,EOP_RT,A,1991,0.0174652873048494
NPL,ECU_XDC,EOP_RT,A,1992,0.0191164820779157
NPL,ECU_XDC,EOP_RT,A,1993,0.0181332465335924
NPL,ECU_XDC,EOP_RT,A,1994,0.0162987508350502
NPL,ECU_XDC,EOP_RT,A,1995,0.0135874291279697
NPL,ECU_XDC,EOP_RT,A,1996,0.0139942305174181
NPL,ECU_XDC,EOP_RT,A,1997,0.0143068694447946
NPL,ECU_XDC,EOP_RT,A,1998,0.012664671400457
NPL,ECU_XDC,PA_RT,A,1957,
NPL,ECU_XDC,PA_RT,A,1978,0.0648156471238902
NPL,ECU_XDC,PA_RT,A,1979,0.0608024710530881
NPL,ECU_XDC,PA_RT,A,1980,0.0599085795363834
NPL,ECU_XDC,PA_RT,A,1981,0.0725294791154412
NPL,ECU_XDC,PA_RT,A,1982,0.0769529132314669
NPL,ECU_XDC,PA_RT,A,1983,0.0771370497515764
NPL,ECU_XDC,PA_RT,A,1984,0.0770039750176132
NPL,ECU_XDC,PA_RT,A,1985,0.0719048551691308
NPL,ECU_XDC,PA_RT,A,1986,0.0480064469557613
NPL,ECU_XDC,PA_RT,A,1987,0.0397042387799199
NPL,ECU_XDC,PA_RT,A,1988,0.0362690007535356
NPL,ECU_XDC,PA_RT,A,1989,0.0333631416987015
NPL,ECU_XDC,PA_RT,A,1990,0.0267473014591834
NPL,ECU_XDC,PA_RT,A,1991,0.0216379317292438
NPL,ECU_XDC,PA_RT,A,1992,0.0180517112999936
NPL,ECU_XDC,PA_RT,A,1993,0.0175498452884403
NPL,ECU_XDC,PA_RT,A,1994,0.0170323419470176
NPL,ECU_XDC,PA_RT,A,1995,0.0147319562519033
NPL,ECU_XDC,PA_RT,A,1996,0.0139113697071358
NPL,ECU_XDC,PA_RT,A,1997,0.0152007869774733
NPL,ECU_XDC,PA_RT,A,1998,0.0135328615708346
NRU,ECU_XDC,EOP_RT,A,1966,
NRU,ECU_XDC,EOP_RT,A,1971,
NRU,ECU_XDC,EOP_RT,A,1973,
NRU,ECU_XDC,EOP_RT,A,1974,
NRU,ECU_XDC,EOP_RT,A,1975,
NRU,ECU_XDC,EOP_RT,A,1979,0.766696719444272
NRU,ECU_XDC,EOP_RT,A,1980,0.901572999313968
NRU,ECU_XDC,EOP_RT,A,1981,1.039347584777
NRU,ECU_XDC,EOP_RT,A,1982,1.01333057767214
NRU,ECU_XDC,EOP_RT,A,1983,1.0901619544237
NRU,ECU_XDC,EOP_RT,A,1984,1.16772464381436
NRU,ECU_XDC,EOP_RT,A,1985,0.7668656380223
NRU,ECU_XDC,EOP_RT,A,1986,0.621076233183856
NRU,ECU_XDC,EOP_RT,A,1987,0.554319472149762
NRU,ECU_XDC,EOP_RT,A,1988,0.729575302746031
NRU,ECU_XDC,EOP_RT,A,1989,0.662238930659983
NRU,ECU_XDC,EOP_RT,A,1990,0.567226582557031
NRU,ECU_XDC,EOP_RT,A,1991,0.566634350063391
NRU,ECU_XDC,EOP_RT,A,1992,0.568667932942441
NRU,ECU_XDC,EOP_RT,A,1993,0.60456976526157
NRU,ECU_XDC,EOP_RT,A,1994,0.631524161815876
NRU,ECU_XDC,EOP_RT,A,1995,0.566867543218895
NRU,ECU_XDC,EOP_RT,A,1996,0.635679526572441
NRU,ECU_XDC,EOP_RT,A,1997,0.591101339419132
NRU,ECU_XDC,EOP_RT,A,1998,0.526162425541034
NRU,ECU_XDC,PA_RT,A,1966,
NRU,ECU_XDC,PA_RT,A,1971,
NRU,ECU_XDC,PA_RT,A,1973,
NRU,ECU_XDC,PA_RT,A,1974,
NRU,ECU_XDC,PA_RT,A,1975,
NRU,ECU_XDC,PA_RT,A,1978,0.898462295674583
NRU,ECU_XDC,PA_RT,A,1979,0.815555872596497
NRU,ECU_XDC,PA_RT,A,1980,0.818568282161992
NRU,ECU_XDC,PA_RT,A,1981,1.0281921827118
NRU,ECU_XDC,PA_RT,A,1982,1.03376608170667
NRU,ECU_XDC,PA_RT,A,1983,1.01077703787465
NRU,ECU_XDC,PA_RT,A,1984,1.11225905424701
NRU,ECU_XDC,PA_RT,A,1985,0.916272455884289
NRU,ECU_XDC,PA_RT,A,1986,0.681274376702339
NRU,ECU_XDC,PA_RT,A,1987,0.606585586769316
NRU,ECU_XDC,PA_RT,A,1988,0.659951813579838
NRU,ECU_XDC,PA_RT,A,1989,0.717307678434265
NRU,ECU_XDC,PA_RT,A,1990,0.613201566236986
NRU,ECU_XDC,PA_RT,A,1991,0.627939617208866
NRU,ECU_XDC,PA_RT,A,1992,0.566316543398366
NRU,ECU_XDC,PA_RT,A,1993,0.580083931060064
NRU,ECU_XDC,PA_RT,A,1994,0.615137935275056
NRU,ECU_XDC,PA_RT,A,1995,0.566662493722979
NRU,ECU_XDC,PA_RT,A,1996,0.617172971533378
NRU,ECU_XDC,PA_RT,A,1997,0.654448484868237
NRU,ECU_XDC,PA_RT,A,1998,0.560890380305436
NZL,ECU_XDC,EOP_RT,A,1961,
NZL,ECU_XDC,EOP_RT,A,1967,
NZL,ECU_XDC,EOP_RT,A,1971,
NZL,ECU_XDC,EOP_RT,A,1973,
NZL,ECU_XDC,EOP_RT,A,1979,0.683958665430306
NZL,ECU_XDC,EOP_RT,A,1980,0.734804520261765
NZL,ECU_XDC,EOP_RT,A,1981,0.759675634906006
NZL,ECU_XDC,EOP_RT,A,1982,0.756949467559107
NZL,ECU_XDC,EOP_RT,A,1983,0.791153009174709
NZL,ECU_XDC,EOP_RT,A,1984,0.673719847651289
NZL,ECU_XDC,EOP_RT,A,1985,0.56143709764613
NZL,ECU_XDC,EOP_RT,A,1986,0.489069506726456
NZL,ECU_XDC,EOP_RT,A,1987,0.504449900260855
NZL,ECU_XDC,EOP_RT,A,1988,0.535817840695891
NZL,ECU_XDC,EOP_RT,A,1989,0.498913951545529
NZL,ECU_XDC,EOP_RT,A,1990,0.431159686055894
NZL,ECU_XDC,EOP_RT,A,1991,0.403534939219928
NZL,ECU_XDC,EOP_RT,A,1992,0.424725410851432
NZL,ECU_XDC,EOP_RT,A,1993,0.498941918087091
NZL,ECU_XDC,EOP_RT,A,1994,0.522340736886604
NZL,ECU_XDC,EOP_RT,A,1995,0.497093377160943
NZL,ECU_XDC,EOP_RT,A,1996,0.563452222284296
NZL,ECU_XDC,EOP_RT,A,1997,0.526801967017144
NZL,ECU_XDC,EOP_RT,A,1998,0.451596314548961
NZL,ECU_XDC,EOP_RT,A,2007,
NZL,ECU_XDC,PA_RT,A,1961,
NZL,ECU_XDC,PA_RT,A,1967,
NZL,ECU_XDC,PA_RT,A,1971,
NZL,ECU_XDC,PA_RT,A,1973,
NZL,ECU_XDC,PA_RT,A,1978,0.813904549662002
NZL,ECU_XDC,PA_RT,A,1979,0.745659467791567
NZL,ECU_XDC,PA_RT,A,1980,0.700221057213658
NZL,ECU_XDC,PA_RT,A,1981,0.776155197948517
NZL,ECU_XDC,PA_RT,A,1982,0.764779517397271
NZL,ECU_XDC,PA_RT,A,1983,0.749597583426382
NZL,ECU_XDC,PA_RT,A,1984,0.718506745565854
NZL,ECU_XDC,PA_RT,A,1985,0.648425313666386
NZL,ECU_XDC,PA_RT,A,1986,0.532714683556312
NZL,ECU_XDC,PA_RT,A,1987,0.5112318107861
NZL,ECU_XDC,PA_RT,A,1988,0.553378776631485
NZL,ECU_XDC,PA_RT,A,1989,0.54247872694052
NZL,ECU_XDC,PA_RT,A,1990,0.468645980363362
NZL,ECU_XDC,PA_RT,A,1991,0.46502137800411
NZL,ECU_XDC,PA_RT,A,1992,0.414183816193619
NZL,ECU_XDC,PA_RT,A,1993,0.460979237649205
NZL,ECU_XDC,PA_RT,A,1994,0.498870213301382
NZL,ECU_XDC,PA_RT,A,1995,0.501645662857675
NZL,ECU_XDC,PA_RT,A,1996,0.542093044560945
NZL,ECU_XDC,PA_RT,A,1997,0.583032698378218
NZL,ECU_XDC,PA_RT,A,1998,0.47790263482751
NZL,ECU_XDC,PA_RT,A,2007,
OMN,ECU_XDC,EOP_RT,A,1979,2.00790206559857
OMN,ECU_XDC,EOP_RT,A,1980,2.21074678420084
OMN,ECU_XDC,EOP_RT,A,1981,2.66788977734858
OMN,ECU_XDC,EOP_RT,A,1982,2.99183010165393
OMN,ECU_XDC,EOP_RT,A,1983,3.499146712446
OMN,ECU_XDC,EOP_RT,A,1984,4.08406542248064
OMN,ECU_XDC,EOP_RT,A,1985,3.26072077711063
OMN,ECU_XDC,EOP_RT,A,1986,2.42972742345873
OMN,ECU_XDC,EOP_RT,A,1987,1.99538149000324
OMN,ECU_XDC,EOP_RT,A,1988,2.21796028830822
OMN,ECU_XDC,EOP_RT,A,1989,2.17274873355908
OMN,ECU_XDC,EOP_RT,A,1990,1.90770940663847
OMN,ECU_XDC,EOP_RT,A,1991,1.93957807000539
OMN,ECU_XDC,EOP_RT,A,1992,2.14780760927428
OMN,ECU_XDC,EOP_RT,A,1993,2.32218741043976
OMN,ECU_XDC,EOP_RT,A,1994,2.11438671431028
OMN,ECU_XDC,EOP_RT,A,1995,1.9789233580398
OMN,ECU_XDC,EOP_RT,A,1996,2.07565921042484
OMN,ECU_XDC,EOP_RT,A,1997,2.35533117257607
OMN,ECU_XDC,EOP_RT,A,1998,2.22908098056158
OMN,ECU_XDC,PA_RT,A,1978,2.27258221414723
OMN,ECU_XDC,PA_RT,A,1979,2.11241938259837
OMN,ECU_XDC,PA_RT,A,1980,2.08136351047471
OMN,ECU_XDC,PA_RT,A,1981,2.59046853916449
OMN,ECU_XDC,PA_RT,A,1982,2.95064145984977
OMN,ECU_XDC,PA_RT,A,1983,3.24834301129839
OMN,ECU_XDC,PA_RT,A,1984,3.66951269568478
OMN,ECU_XDC,PA_RT,A,1985,3.79856670698851
OMN,ECU_XDC,PA_RT,A,1986,2.66810763368594
OMN,ECU_XDC,PA_RT,A,1987,2.25309077584448
OMN,ECU_XDC,PA_RT,A,1988,2.19682139349617
OMN,ECU_XDC,PA_RT,A,1989,2.35918049186574
OMN,ECU_XDC,PA_RT,A,1990,2.04303239125705
OMN,ECU_XDC,PA_RT,A,1991,2.09654394427303
OMN,ECU_XDC,PA_RT,A,1992,2.00552399858902
OMN,ECU_XDC,PA_RT,A,1993,2.21859096400439
OMN,ECU_XDC,PA_RT,A,1994,2.18818055549389
OMN,ECU_XDC,PA_RT,A,1995,1.98815636037281
OMN,ECU_XDC,PA_RT,A,1996,2.05113838919865
OMN,ECU_XDC,PA_RT,A,1997,2.2933440820332
OMN,ECU_XDC,PA_RT,A,1998,2.32208374321014
PAK,ECU_XDC,EOP_RT,A,1957,
PAK,ECU_XDC,EOP_RT,A,1979,0.0700534718636206
PAK,ECU_XDC,EOP_RT,A,1980,0.0771304986921438
PAK,ECU_XDC,EOP_RT,A,1981,0.0930797097402331
PAK,ECU_XDC,EOP_RT,A,1982,0.0804811615420496
PAK,ECU_XDC,EOP_RT,A,1983,0.0895263163688668
PAK,ECU_XDC,EOP_RT,A,1984,0.0918382940766049
PAK,ECU_XDC,EOP_RT,A,1985,0.0704789084158004
PAK,ECU_XDC,EOP_RT,A,1986,0.0541582721344858
PAK,ECU_XDC,EOP_RT,A,1987,0.0439670018857447
PAK,ECU_XDC,EOP_RT,A,1988,0.045726848839384
PAK,ECU_XDC,EOP_RT,A,1989,0.0390019555580517
PAK,ECU_XDC,EOP_RT,A,1990,0.0334938021393831
PAK,ECU_XDC,EOP_RT,A,1991,0.0301685990257715
PAK,ECU_XDC,EOP_RT,A,1992,0.0321335418585976
PAK,ECU_XDC,EOP_RT,A,1993,0.0296441254752354
PAK,ECU_XDC,EOP_RT,A,1994,0.0263955094692306
PAK,ECU_XDC,EOP_RT,A,1995,0.0222159425158044
PAK,ECU_XDC,EOP_RT,A,1996,0.0198925963710955
PAK,ECU_XDC,EOP_RT,A,1997,0.020559020110227
PAK,ECU_XDC,EOP_RT,A,1998,0.0186787899359968
PAK,ECU_XDC,EOP_RT,A,1999,
PAK,ECU_XDC,PA_RT,A,1957,
PAK,ECU_XDC,PA_RT,A,1978,0.0792878681306942
PAK,ECU_XDC,PA_RT,A,1979,0.0736999649128341
PAK,ECU_XDC,PA_RT,A,1980,0.0726164600441012
PAK,ECU_XDC,PA_RT,A,1981,0.0903785687714085
PAK,ECU_XDC,PA_RT,A,1982,0.0860227410658668
PAK,ECU_XDC,PA_RT,A,1983,0.0855363125195514
PAK,ECU_XDC,PA_RT,A,1984,0.0902328372624916
PAK,ECU_XDC,PA_RT,A,1985,0.0823690159842222
PAK,ECU_XDC,PA_RT,A,1986,0.0612205050387595
PAK,ECU_XDC,PA_RT,A,1987,0.0497915605278641
PAK,ECU_XDC,PA_RT,A,1988,0.0469179659719234
PAK,ECU_XDC,PA_RT,A,1989,0.0441596410738937
PAK,ECU_XDC,PA_RT,A,1990,0.0361879754893595
PAK,ECU_XDC,PA_RT,A,1991,0.033869545374854
PAK,ECU_XDC,PA_RT,A,1992,0.0307431480397076
PAK,ECU_XDC,PA_RT,A,1993,0.0303498296340504
PAK,ECU_XDC,PA_RT,A,1994,0.0275253267607495
PAK,ECU_XDC,PA_RT,A,1995,0.0241587008443767
PAK,ECU_XDC,PA_RT,A,1996,0.0218595202979103
PAK,ECU_XDC,PA_RT,A,1997,0.0214487494575248
PAK,ECU_XDC,PA_RT,A,1998,0.0198203610906682
PAK,ECU_XDC,PA_RT,A,1999,
PAN,ECU_XDC,EOP_RT,A,1979,0.693529371449844
PAN,ECU_XDC,EOP_RT,A,1980,0.763591937052224
PAN,ECU_XDC,EOP_RT,A,1981,0.921489126428308
PAN,ECU_XDC,EOP_RT,A,1982,1.03337811411944
PAN,ECU_XDC,EOP_RT,A,1983,1.2086052709797
PAN,ECU_XDC,EOP_RT,A,1984,1.41063619692481
PAN,ECU_XDC,EOP_RT,A,1985,1.12625295641401
PAN,ECU_XDC,EOP_RT,A,1986,0.93423019431988
PAN,ECU_XDC,EOP_RT,A,1987,0.767224182906245
PAN,ECU_XDC,EOP_RT,A,1988,0.852805730854511
PAN,ECU_XDC,EOP_RT,A,1989,0.835421888053467
PAN,ECU_XDC,EOP_RT,A,1990,0.73351426685249
PAN,ECU_XDC,EOP_RT,A,1991,0.745767767917071
PAN,ECU_XDC,EOP_RT,A,1992,0.825832025765959
PAN,ECU_XDC,EOP_RT,A,1993,0.892881059314089
PAN,ECU_XDC,EOP_RT,A,1994,0.812981691652304
PAN,ECU_XDC,EOP_RT,A,1995,0.760896031166301
PAN,ECU_XDC,EOP_RT,A,1996,0.798090966408351
PAN,ECU_XDC,EOP_RT,A,1997,0.905624835855498
PAN,ECU_XDC,EOP_RT,A,1998,0.857081637025927
PAN,ECU_XDC,PA_RT,A,1978,0.784949894493872
PAN,ECU_XDC,PA_RT,A,1979,0.729629652637058
PAN,ECU_XDC,PA_RT,A,1980,0.718902954436601
PAN,ECU_XDC,PA_RT,A,1981,0.894747830836945
PAN,ECU_XDC,PA_RT,A,1982,1.01915155728147
PAN,ECU_XDC,PA_RT,A,1983,1.12197767285412
PAN,ECU_XDC,PA_RT,A,1984,1.26744050977882
PAN,ECU_XDC,PA_RT,A,1985,1.3120059477603
PAN,ECU_XDC,PA_RT,A,1986,1.01916886778832
PAN,ECU_XDC,PA_RT,A,1987,0.866313403312202
PAN,ECU_XDC,PA_RT,A,1988,0.844677825799279
PAN,ECU_XDC,PA_RT,A,1989,0.907104899122379
PAN,ECU_XDC,PA_RT,A,1990,0.785545954438335
PAN,ECU_XDC,PA_RT,A,1991,0.80612114657298
PAN,ECU_XDC,PA_RT,A,1992,0.771123977457478
PAN,ECU_XDC,PA_RT,A,1993,0.853048225659688
PAN,ECU_XDC,PA_RT,A,1994,0.841355423587402
PAN,ECU_XDC,PA_RT,A,1995,0.764446120563344
PAN,ECU_XDC,PA_RT,A,1996,0.788662710646879
PAN,ECU_XDC,PA_RT,A,1997,0.881790799541765
PAN,ECU_XDC,PA_RT,A,1998,0.892841199264299
PER,ECU_XDC,EOP_RT,A,1960,
PER,ECU_XDC,EOP_RT,A,1979,2772742.20567645
PER,ECU_XDC,EOP_RT,A,1980,2234489.0324363
PER,ECU_XDC,EOP_RT,A,1981,1817640.346431
PER,ECU_XDC,EOP_RT,A,1982,1044164.33166449
PER,ECU_XDC,EOP_RT,A,1983,532150.949062771
PER,ECU_XDC,EOP_RT,A,1984,247654.696280554
PER,ECU_XDC,EOP_RT,A,1985,80763.9265983514
PER,ECU_XDC,EOP_RT,A,1986,66969.9064028588
PER,ECU_XDC,EOP_RT,A,1987,23249.2176638256
PER,ECU_XDC,EOP_RT,A,1988,1705.61146170902
PER,ECU_XDC,EOP_RT,A,1989,158.783192316392
PER,ECU_XDC,EOP_RT,A,1990,1.41900102501241
PER,ECU_XDC,EOP_RT,A,1991,0.776841424913615
PER,ECU_XDC,EOP_RT,A,1992,0.506645414580343
PER,ECU_XDC,EOP_RT,A,1993,0.41337086079356
PER,ECU_XDC,EOP_RT,A,1994,0.372927381491883
PER,ECU_XDC,EOP_RT,A,1995,0.329392221284113
PER,ECU_XDC,EOP_RT,A,1996,0.306958064003212
PER,ECU_XDC,EOP_RT,A,1997,0.331730709104578
PER,ECU_XDC,EOP_RT,A,1998,0.271228366147445
PER,ECU_XDC,PA_RT,A,1960,
PER,ECU_XDC,PA_RT,A,1978,5020503.68884621
PER,ECU_XDC,PA_RT,A,1979,3246854.61937586
PER,ECU_XDC,PA_RT,A,1980,2488800.02852612
PER,ECU_XDC,PA_RT,A,1981,2118658.99829068
PER,ECU_XDC,PA_RT,A,1982,1461009.36904587
PER,ECU_XDC,PA_RT,A,1983,688907.119732447
PER,ECU_XDC,PA_RT,A,1984,365588.065966468
PER,ECU_XDC,PA_RT,A,1985,119545.587392399
PER,ECU_XDC,PA_RT,A,1986,73071.7955037332
PER,ECU_XDC,PA_RT,A,1987,51456.5205154998
PER,ECU_XDC,PA_RT,A,1988,6556.44569114177
PER,ECU_XDC,PA_RT,A,1989,340.225471435291
PER,ECU_XDC,PA_RT,A,1990,4.18098056233206
PER,ECU_XDC,PA_RT,A,1991,1.04352251983557
PER,ECU_XDC,PA_RT,A,1992,0.618962389932424
PER,ECU_XDC,PA_RT,A,1993,0.429029879718585
PER,ECU_XDC,PA_RT,A,1994,0.38330543215827
PER,ECU_XDC,PA_RT,A,1995,0.339251236936395
PER,ECU_XDC,PA_RT,A,1996,0.321465778796282
PER,ECU_XDC,PA_RT,A,1997,0.330981845308138
PER,ECU_XDC,PA_RT,A,1998,0.304723958793276
PHL,ECU_XDC,EOP_RT,A,1960,
PHL,ECU_XDC,EOP_RT,A,1965,
PHL,ECU_XDC,EOP_RT,A,1970,
PHL,ECU_XDC,EOP_RT,A,1979,0.0935305962971509
PHL,ECU_XDC,EOP_RT,A,1980,0.100472623309565
PHL,ECU_XDC,EOP_RT,A,1981,0.112376722748864
PHL,ECU_XDC,EOP_RT,A,1982,0.112678891531143
PHL,ECU_XDC,EOP_RT,A,1983,0.086316616988003
PHL,ECU_XDC,EOP_RT,A,1984,0.0713884715042922
PHL,ECU_XDC,EOP_RT,A,1985,0.059176805191993
PHL,ECU_XDC,EOP_RT,A,1986,0.0455056110238617
PHL,ECU_XDC,EOP_RT,A,1987,0.0368857780243387
PHL,ECU_XDC,EOP_RT,A,1988,0.0399721458099138
PHL,ECU_XDC,EOP_RT,A,1989,0.0372291393963221
PHL,ECU_XDC,EOP_RT,A,1990,0.0261969381018747
PHL,ECU_XDC,EOP_RT,A,1991,0.0279837811601152
PHL,ECU_XDC,EOP_RT,A,1992,0.0329069184637376
PHL,ECU_XDC,EOP_RT,A,1993,0.0322351369837932
PHL,ECU_XDC,EOP_RT,A,1994,0.033294360375637
PHL,ECU_XDC,EOP_RT,A,1995,0.02902632300169
PHL,ECU_XDC,EOP_RT,A,1996,0.030359516372807
PHL,ECU_XDC,EOP_RT,A,1997,0.0226547801339712
PHL,ECU_XDC,EOP_RT,A,1998,0.0219432560236034
PHL,ECU_XDC,PA_RT,A,1960,
PHL,ECU_XDC,PA_RT,A,1965,
PHL,ECU_XDC,PA_RT,A,1970,
PHL,ECU_XDC,PA_RT,A,1978,0.106567424433467
PHL,ECU_XDC,PA_RT,A,1979,0.0988986388077283
PHL,ECU_XDC,PA_RT,A,1980,0.0957078260073278
PHL,ECU_XDC,PA_RT,A,1981,0.113264237142249
PHL,ECU_XDC,PA_RT,A,1982,0.119338589853757
PHL,ECU_XDC,PA_RT,A,1983,0.100963401352948
PHL,ECU_XDC,PA_RT,A,1984,0.0759005118545862
PHL,ECU_XDC,PA_RT,A,1985,0.0705101229007036
PHL,ECU_XDC,PA_RT,A,1986,0.0499943441249203
PHL,ECU_XDC,PA_RT,A,1987,0.0421201425689682
PHL,ECU_XDC,PA_RT,A,1988,0.0400422298897366
PHL,ECU_XDC,PA_RT,A,1989,0.0417315229380615
PHL,ECU_XDC,PA_RT,A,1990,0.0323130315887511
PHL,ECU_XDC,PA_RT,A,1991,0.0293362896470948
PHL,ECU_XDC,PA_RT,A,1992,0.0302253495084915
PHL,ECU_XDC,PA_RT,A,1993,0.0314547642329409
PHL,ECU_XDC,PA_RT,A,1994,0.0318488138491032
PHL,ECU_XDC,PA_RT,A,1995,0.0297282510453264
PHL,ECU_XDC,PA_RT,A,1996,0.0300831439705707
PHL,ECU_XDC,PA_RT,A,1997,0.0299209739249157
PHL,ECU_XDC,PA_RT,A,1998,0.0218335682778442
PLW,ECU_XDC,EOP_RT,A,2005,
PLW,ECU_XDC,PA_RT,A,2005,
PNG,ECU_XDC,EOP_RT,A,1966,
PNG,ECU_XDC,EOP_RT,A,1971,
PNG,ECU_XDC,EOP_RT,A,1972,
PNG,ECU_XDC,EOP_RT,A,1975,
PNG,ECU_XDC,EOP_RT,A,1979,1.004785352663
PNG,ECU_XDC,EOP_RT,A,1980,1.18593463667222
PNG,ECU_XDC,EOP_RT,A,1981,1.35412827036491
PNG,ECU_XDC,EOP_RT,A,1982,1.38172987535572
PNG,ECU_XDC,EOP_RT,A,1983,1.38046894051302
PNG,ECU_XDC,EOP_RT,A,1984,1.49851883199323
PNG,ECU_XDC,EOP_RT,A,1985,1.11240004505012
PNG,ECU_XDC,EOP_RT,A,1986,0.971973094170404
PNG,ECU_XDC,EOP_RT,A,1987,0.873408009820469
PNG,ECU_XDC,EOP_RT,A,1988,1.03189493433396
PNG,ECU_XDC,EOP_RT,A,1989,0.971846282372598
PNG,ECU_XDC,EOP_RT,A,1990,0.769676520208317
PNG,ECU_XDC,EOP_RT,A,1991,0.78290700275934
PNG,ECU_XDC,EOP_RT,A,1992,0.836320092493186
PNG,ECU_XDC,EOP_RT,A,1993,0.909845799441056
PNG,ECU_XDC,EOP_RT,A,1994,0.689814965366983
PNG,ECU_XDC,EOP_RT,A,1995,0.569911127343562
PNG,ECU_XDC,EOP_RT,A,1996,0.592582542558199
PNG,ECU_XDC,EOP_RT,A,1997,0.517111781273488
PNG,ECU_XDC,EOP_RT,A,1998,0.408827940861367
PNG,ECU_XDC,PA_RT,A,1966,
PNG,ECU_XDC,PA_RT,A,1971,
PNG,ECU_XDC,PA_RT,A,1972,
PNG,ECU_XDC,PA_RT,A,1975,
PNG,ECU_XDC,PA_RT,A,1978,1.10723968769773
PNG,ECU_XDC,PA_RT,A,1979,1.02510989158831
PNG,ECU_XDC,PA_RT,A,1980,1.07147689096822
PNG,ECU_XDC,PA_RT,A,1981,1.32955578414485
PNG,ECU_XDC,PA_RT,A,1982,1.38010705906889
PNG,ECU_XDC,PA_RT,A,1983,1.34184448390199
PNG,ECU_XDC,PA_RT,A,1984,1.41053715371575
PNG,ECU_XDC,PA_RT,A,1985,1.31159388900807
PNG,ECU_XDC,PA_RT,A,1986,1.04915998012003
PNG,ECU_XDC,PA_RT,A,1987,0.954195614577833
PNG,ECU_XDC,PA_RT,A,1988,0.974194556614829
PNG,ECU_XDC,PA_RT,A,1989,1.0562500462826
PNG,ECU_XDC,PA_RT,A,1990,0.822561208835953
PNG,ECU_XDC,PA_RT,A,1991,0.847024673931003
PNG,ECU_XDC,PA_RT,A,1992,0.799371087105495
PNG,ECU_XDC,PA_RT,A,1993,0.87207991636789
PNG,ECU_XDC,PA_RT,A,1994,0.831921434519946
PNG,ECU_XDC,PA_RT,A,1995,0.597297416136119
PNG,ECU_XDC,PA_RT,A,1996,0.597890726946443
PNG,ECU_XDC,PA_RT,A,1997,0.613218479878555
PNG,ECU_XDC,PA_RT,A,1998,0.430577154420936
POL,ECU_XDC,EOP_RT,A,1979,209.298008159779
POL,ECU_XDC,EOP_RT,A,1980,167.741136895132
POL,ECU_XDC,EOP_RT,A,1981,165.341976851426
POL,ECU_XDC,EOP_RT,A,1982,119.765734506963
POL,ECU_XDC,EOP_RT,A,1983,123.100589618248
POL,ECU_XDC,EOP_RT,A,1984,111.958316208906
POL,ECU_XDC,EOP_RT,A,1985,76.307077830968
POL,ECU_XDC,EOP_RT,A,1986,47.3654126364043
POL,ECU_XDC,EOP_RT,A,1987,24.3616210098221
POL,ECU_XDC,EOP_RT,A,1988,17.0023578801646
POL,ECU_XDC,EOP_RT,A,1989,1.28774779069581
POL,ECU_XDC,EOP_RT,A,1990,0.7736121474216
POL,ECU_XDC,EOP_RT,A,1991,0.681946442406222
POL,ECU_XDC,EOP_RT,A,1992,0.535413273220168
POL,ECU_XDC,EOP_RT,A,1993,0.426368437716407
POL,ECU_XDC,EOP_RT,A,1994,0.338705355444863
POL,ECU_XDC,EOP_RT,A,1995,0.308304712790236
POL,ECU_XDC,EOP_RT,A,1996,0.277548588561416
POL,ECU_XDC,EOP_RT,A,1997,0.257426047713331
POL,ECU_XDC,EOP_RT,A,1998,0.244600923808769
POL,ECU_XDC,PA_RT,A,1978,1351.0325206435
POL,ECU_XDC,PA_RT,A,1979,219.767967661764
POL,ECU_XDC,PA_RT,A,1980,162.586420151512
POL,ECU_XDC,PA_RT,A,1981,174.917712885381
POL,ECU_XDC,PA_RT,A,1982,120.148726163079
POL,ECU_XDC,PA_RT,A,1983,122.5535415465
POL,ECU_XDC,PA_RT,A,1984,111.925159818475
POL,ECU_XDC,PA_RT,A,1985,89.1661741697867
POL,ECU_XDC,PA_RT,A,1986,58.1429772822606
POL,ECU_XDC,PA_RT,A,1987,32.6808975814021
POL,ECU_XDC,PA_RT,A,1988,19.6187667003926
POL,ECU_XDC,PA_RT,A,1989,6.30291049701685
POL,ECU_XDC,PA_RT,A,1990,0.826890478356142
POL,ECU_XDC,PA_RT,A,1991,0.762213218919442
POL,ECU_XDC,PA_RT,A,1992,0.565903019956905
POL,ECU_XDC,PA_RT,A,1993,0.470907974249482
POL,ECU_XDC,PA_RT,A,1994,0.37026979853718
POL,ECU_XDC,PA_RT,A,1995,0.315237680216363
POL,ECU_XDC,PA_RT,A,1996,0.292519828881302
POL,ECU_XDC,PA_RT,A,1997,0.268896728066304
POL,ECU_XDC,PA_RT,A,1998,0.25690314762741
PRT,ECU_XDC,EOP_RT,A,1979,0.0139316078717538
PRT,ECU_XDC,EOP_RT,A,1980,0.0143965297335336
PRT,ECU_XDC,EOP_RT,A,1981,0.0141226551585838
PRT,ECU_XDC,EOP_RT,A,1982,0.0116026465701006
PRT,ECU_XDC,EOP_RT,A,1983,0.00919441058188586
PRT,ECU_XDC,EOP_RT,A,1984,0.00833315333722125
PRT,ECU_XDC,EOP_RT,A,1985,0.00715140269622992
PRT,ECU_XDC,EOP_RT,A,1986,0.00639371321831054
PRT,ECU_XDC,EOP_RT,A,1987,0.00590785956883106
PRT,ECU_XDC,EOP_RT,A,1988,0.00582632987992506
PRT,ECU_XDC,EOP_RT,A,1989,0.00557538916620596
PRT,ECU_XDC,EOP_RT,A,1990,0.00549037624889589
PRT,ECU_XDC,EOP_RT,A,1991,0.00555779949857711
PRT,ECU_XDC,EOP_RT,A,1992,0.00562716871152482
PRT,ECU_XDC,EOP_RT,A,1993,0.00504988948325956
PRT,ECU_XDC,EOP_RT,A,1994,0.00511010347188314
PRT,ECU_XDC,EOP_RT,A,1995,0.00509256946913586
PRT,ECU_XDC,EOP_RT,A,1996,0.00510337319718696
PRT,ECU_XDC,EOP_RT,A,1997,0.00493996943071631
PRT,ECU_XDC,EOP_RT,A,1998,0.00498799205550779
PRT,ECU_XDC,PA_RT,A,1978,0.0178652147264423
PRT,ECU_XDC,PA_RT,A,1979,0.0149136948455268
PRT,ECU_XDC,PA_RT,A,1980,0.0143602141295942
PRT,ECU_XDC,PA_RT,A,1981,0.0145377827832727
PRT,ECU_XDC,PA_RT,A,1982,0.0128238179341651
PRT,ECU_XDC,PA_RT,A,1983,0.0101279956748601
PRT,ECU_XDC,PA_RT,A,1984,0.00865795220847294
PRT,ECU_XDC,PA_RT,A,1985,0.00769980641664204
PRT,ECU_XDC,PA_RT,A,1986,0.00681322956604324
PRT,ECU_XDC,PA_RT,A,1987,0.00614919465331101
PRT,ECU_XDC,PA_RT,A,1988,0.00586769603327415
PRT,ECU_XDC,PA_RT,A,1989,0.00576092328679113
PRT,ECU_XDC,PA_RT,A,1990,0.00551048600231374
PRT,ECU_XDC,PA_RT,A,1991,0.00557938806614651
PRT,ECU_XDC,PA_RT,A,1992,0.00571212113866627
PRT,ECU_XDC,PA_RT,A,1993,0.00530502014807284
PRT,ECU_XDC,PA_RT,A,1994,0.00506862672269735
PRT,ECU_XDC,PA_RT,A,1995,0.00505902152618139
PRT,ECU_XDC,PA_RT,A,1996,0.00511309639647458
PRT,ECU_XDC,PA_RT,A,1997,0.00502982432046832
PRT,ECU_XDC,PA_RT,A,1998,0.00495735141771209
PRY,ECU_XDC,EOP_RT,A,1957,
PRY,ECU_XDC,EOP_RT,A,1979,0.00550420136071304
PRY,ECU_XDC,EOP_RT,A,1980,0.00606025346866844
PRY,ECU_XDC,EOP_RT,A,1981,0.00731340576530403
PRY,ECU_XDC,EOP_RT,A,1982,0.00820141360412251
PRY,ECU_XDC,EOP_RT,A,1983,0.00959210532523573
PRY,ECU_XDC,EOP_RT,A,1984,0.00587765082052006
PRY,ECU_XDC,EOP_RT,A,1985,0.00351954048879378
PRY,ECU_XDC,EOP_RT,A,1986,0.00169860035330887
PRY,ECU_XDC,EOP_RT,A,1987,0.00139495305982954
PRY,ECU_XDC,EOP_RT,A,1988,0.00155055587428093
PRY,ECU_XDC,EOP_RT,A,1989,0.000685896459814012
PRY,ECU_XDC,EOP_RT,A,1990,0.000583079703380358
PRY,ECU_XDC,EOP_RT,A,1991,0.000540411426026863
PRY,ECU_XDC,EOP_RT,A,1992,0.000506645414580343
PRY,ECU_XDC,EOP_RT,A,1993,0.000474936733677707
PRY,ECU_XDC,EOP_RT,A,1994,0.000422393979140803
PRY,ECU_XDC,EOP_RT,A,1995,0.000384356925515645
PRY,ECU_XDC,EOP_RT,A,1996,0.000378301329785394
PRY,ECU_XDC,EOP_RT,A,1997,0.000383739337226906
PRY,ECU_XDC,EOP_RT,A,1998,0.000301769120032789
PRY,ECU_XDC,PA_RT,A,1957,
PRY,ECU_XDC,PA_RT,A,1978,0.00622976106741168
PRY,ECU_XDC,PA_RT,A,1979,0.00579071152886554
PRY,ECU_XDC,PA_RT,A,1980,0.00570557900346509
PRY,ECU_XDC,PA_RT,A,1981,0.00710117326061067
PRY,ECU_XDC,PA_RT,A,1982,0.00808850442286881
PRY,ECU_XDC,PA_RT,A,1983,0.00890458470519143
PRY,ECU_XDC,PA_RT,A,1984,0.00630567417800408
PRY,ECU_XDC,PA_RT,A,1985,0.00427828026443575
PRY,ECU_XDC,PA_RT,A,1986,0.00300492049470757
PRY,ECU_XDC,PA_RT,A,1987,0.00157511527874946
PRY,ECU_XDC,PA_RT,A,1988,0.0015357778650896
PRY,ECU_XDC,PA_RT,A,1989,0.000858824640577891
PRY,ECU_XDC,PA_RT,A,1990,0.000638754782470169
PRY,ECU_XDC,PA_RT,A,1991,0.000608309149606706
PRY,ECU_XDC,PA_RT,A,1992,0.000513994130426967
PRY,ECU_XDC,PA_RT,A,1993,0.000489036181563588
PRY,ECU_XDC,PA_RT,A,1994,0.000441711845846299
PRY,ECU_XDC,PA_RT,A,1995,0.000389423666128244
PRY,ECU_XDC,PA_RT,A,1996,0.000383439438538877
PRY,ECU_XDC,PA_RT,A,1997,0.000404888187175162
PRY,ECU_XDC,PA_RT,A,1998,0.000327469090025747
PYF,ECU_XDC,EOP_RT,A,1969,
PYF,ECU_XDC,EOP_RT,A,1979,0.009488595419274
PYF,ECU_XDC,EOP_RT,A,1980,0.00929973395639513
PYF,ECU_XDC,EOP_RT,A,1981,0.00881731952754471
PYF,ECU_XDC,EOP_RT,A,1982,0.00845142797336411
PYF,ECU_XDC,EOP_RT,A,1983,0.00796326521535829
PYF,ECU_XDC,EOP_RT,A,1984,0.00808851839198636
PYF,ECU_XDC,EOP_RT,A,1985,0.00819256375436386
PYF,ECU_XDC,EOP_RT,A,1986,0.00796014129671658
PYF,ECU_XDC,EOP_RT,A,1987,0.00790212963618272
PYF,ECU_XDC,EOP_RT,A,1988,0.00774127118358809
PYF,ECU_XDC,EOP_RT,A,1989,0.0079385365914289
PYF,ECU_XDC,EOP_RT,A,1990,0.00786572919091675
PYF,ECU_XDC,EOP_RT,A,1991,0.00791839155457667
PYF,ECU_XDC,EOP_RT,A,1992,0.00824858019394073
PYF,ECU_XDC,EOP_RT,A,1993,0.00832982908502795
PYF,ECU_XDC,EOP_RT,A,1994,0.00836401753739515
PYF,ECU_XDC,EOP_RT,A,1995,0.00854067827825922
PYF,ECU_XDC,EOP_RT,A,1996,0.00838171606788359
PYF,ECU_XDC,EOP_RT,A,1997,0.00831806679605688
PYF,ECU_XDC,EOP_RT,A,1998,0.00838468493551576
PYF,ECU_XDC,EOP_RT,A,1999,
PYF,ECU_XDC,PA_RT,A,1969,
PYF,ECU_XDC,PA_RT,A,1978,0.00956599396827062
PYF,ECU_XDC,PA_RT,A,1979,0.00943247316296835
PYF,ECU_XDC,PA_RT,A,1980,0.00935723588966407
PYF,ECU_XDC,PA_RT,A,1981,0.00905514747257223
PYF,ECU_XDC,PA_RT,A,1982,0.00852899251558724
PYF,ECU_XDC,PA_RT,A,1983,0.0080968996362033
PYF,ECU_XDC,PA_RT,A,1984,0.00797671359184087
PYF,ECU_XDC,PA_RT,A,1985,0.00803100637871875
PYF,ECU_XDC,PA_RT,A,1986,0.0080932142513324
PYF,ECU_XDC,PA_RT,A,1987,0.00792706652645586
PYF,ECU_XDC,PA_RT,A,1988,0.00779885543218411
PYF,ECU_XDC,PA_RT,A,1989,0.00781970400488237
PYF,ECU_XDC,PA_RT,A,1990,0.00793441482738321
PYF,ECU_XDC,PA_RT,A,1991,0.00785816919741491
PYF,ECU_XDC,PA_RT,A,1992,0.0080115860670803
PYF,ECU_XDC,PA_RT,A,1993,0.00828461837661232
PYF,ECU_XDC,PA_RT,A,1994,0.00833469371590138
PYF,ECU_XDC,PA_RT,A,1995,0.00842326476664249
PYF,ECU_XDC,PA_RT,A,1996,0.00847938650686627
PYF,ECU_XDC,PA_RT,A,1997,0.0083092520974364
PYF,ECU_XDC,PA_RT,A,1998,0.0083237875514614
PYF,ECU_XDC,PA_RT,A,1999,
QAT,ECU_XDC,EOP_RT,A,1979,0.187187414746837
QAT,ECU_XDC,EOP_RT,A,1980,0.209778004742308
QAT,ECU_XDC,EOP_RT,A,1981,0.253156353483919
QAT,ECU_XDC,EOP_RT,A,1982,0.283895086374542
QAT,ECU_XDC,EOP_RT,A,1983,0.332034415195532
QAT,ECU_XDC,EOP_RT,A,1984,0.387537416737586
QAT,ECU_XDC,EOP_RT,A,1985,0.309410152860992
QAT,ECU_XDC,EOP_RT,A,1986,0.256656646791176
QAT,ECU_XDC,EOP_RT,A,1987,0.210775874424793
QAT,ECU_XDC,EOP_RT,A,1988,0.234287288696294
QAT,ECU_XDC,EOP_RT,A,1989,0.229511507706996
QAT,ECU_XDC,EOP_RT,A,1990,0.201514908475959
QAT,ECU_XDC,EOP_RT,A,1991,0.204881254922272
QAT,ECU_XDC,EOP_RT,A,1992,0.226876930155483
QAT,ECU_XDC,EOP_RT,A,1993,0.245296994317057
QAT,ECU_XDC,EOP_RT,A,1994,0.223346618585798
QAT,ECU_XDC,EOP_RT,A,1995,0.209037371199533
QAT,ECU_XDC,EOP_RT,A,1996,0.219255760002294
QAT,ECU_XDC,EOP_RT,A,1997,0.248798031828434
QAT,ECU_XDC,EOP_RT,A,1998,0.235461988193936
QAT,ECU_XDC,PA_RT,A,1978,0.202468439912389
QAT,ECU_XDC,PA_RT,A,1979,0.193365176026561
QAT,ECU_XDC,PA_RT,A,1980,0.196584497525231
QAT,ECU_XDC,PA_RT,A,1981,0.245809843704053
QAT,ECU_XDC,PA_RT,A,1982,0.279986691637763
QAT,ECU_XDC,PA_RT,A,1983,0.308235624495153
QAT,ECU_XDC,PA_RT,A,1984,0.348197942286786
QAT,ECU_XDC,PA_RT,A,1985,0.360441194439642
QAT,ECU_XDC,PA_RT,A,1986,0.279991447194593
QAT,ECU_XDC,PA_RT,A,1987,0.237998187723133
QAT,ECU_XDC,PA_RT,A,1988,0.232054347747055
QAT,ECU_XDC,PA_RT,A,1989,0.249204642616038
QAT,ECU_XDC,PA_RT,A,1990,0.2158093281424
QAT,ECU_XDC,PA_RT,A,1991,0.221461853454115
QAT,ECU_XDC,PA_RT,A,1992,0.211847246554252
QAT,ECU_XDC,PA_RT,A,1993,0.234353908148266
QAT,ECU_XDC,PA_RT,A,1994,0.231141599886649
QAT,ECU_XDC,PA_RT,A,1995,0.210012670484435
QAT,ECU_XDC,PA_RT,A,1996,0.216665579848044
QAT,ECU_XDC,PA_RT,A,1997,0.242250219654331
QAT,ECU_XDC,PA_RT,A,1998,0.245286043753928
REU,ECU_XDC,EOP_RT,A,1960,
REU,ECU_XDC,EOP_RT,A,1979,0.172519744184668
REU,ECU_XDC,EOP_RT,A,1980,0.169085902839085
REU,ECU_XDC,EOP_RT,A,1981,0.160314740185912
REU,ECU_XDC,EOP_RT,A,1982,0.153662173126111
REU,ECU_XDC,EOP_RT,A,1983,0.144786495492601
REU,ECU_XDC,EOP_RT,A,1984,0.147063823699418
REU,ECU_XDC,EOP_RT,A,1985,0.148955555669093
REU,ECU_XDC,EOP_RT,A,1986,0.144729697028641
REU,ECU_XDC,EOP_RT,A,1987,0.143674940619147
REU,ECU_XDC,EOP_RT,A,1988,0.140750244405762
REU,ECU_XDC,EOP_RT,A,1989,0.144336884598042
REU,ECU_XDC,EOP_RT,A,1990,0.14301311500341
REU,ECU_XDC,EOP_RT,A,1991,0.143970611567002
REU,ECU_XDC,EOP_RT,A,1992,0.149974035370191
REU,ECU_XDC,EOP_RT,A,1993,0.151451286458161
REU,ECU_XDC,EOP_RT,A,1994,0.152072894061411
REU,ECU_XDC,EOP_RT,A,1995,0.155284904319653
REU,ECU_XDC,EOP_RT,A,1996,0.152394685203046
REU,ECU_XDC,EOP_RT,A,1997,0.151237426872547
REU,ECU_XDC,EOP_RT,A,1998,0.15244866456056
REU,ECU_XDC,PA_RT,A,1960,
REU,ECU_XDC,PA_RT,A,1978,0.173926989122737
REU,ECU_XDC,PA_RT,A,1979,0.171499340545026
REU,ECU_XDC,PA_RT,A,1980,0.170131391489337
REU,ECU_XDC,PA_RT,A,1981,0.164638880316814
REU,ECU_XDC,PA_RT,A,1982,0.155072436119904
REU,ECU_XDC,PA_RT,A,1983,0.147216209805521
REU,ECU_XDC,PA_RT,A,1984,0.145031011184132
REU,ECU_XDC,PA_RT,A,1985,0.146018151776589
REU,ECU_XDC,PA_RT,A,1986,0.147149202874876
REU,ECU_XDC,PA_RT,A,1987,0.144128338170715
REU,ECU_XDC,PA_RT,A,1988,0.141797229696885
REU,ECU_XDC,PA_RT,A,1989,0.14217629427597
REU,ECU_XDC,PA_RT,A,1990,0.144261943508516
REU,ECU_XDC,PA_RT,A,1991,0.142875660713558
REU,ECU_XDC,PA_RT,A,1992,0.145665055554441
REU,ECU_XDC,PA_RT,A,1993,0.15062927439989
REU,ECU_XDC,PA_RT,A,1994,0.151539734203776
REU,ECU_XDC,PA_RT,A,1995,0.153150115334141
REU,ECU_XDC,PA_RT,A,1996,0.154170509590541
REU,ECU_XDC,PA_RT,A,1997,0.151077159785169
REU,ECU_XDC,PA_RT,A,1998,0.151341440503161
ROU,ECU_XDC,EOP_RT,A,1979,385.294095249913
ROU,ECU_XDC,EOP_RT,A,1980,424.217742806791
ROU,ECU_XDC,EOP_RT,A,1981,614.326084285539
ROU,ECU_XDC,EOP_RT,A,1982,688.918742746291
ROU,ECU_XDC,EOP_RT,A,1983,659.359122228935
ROU,ECU_XDC,EOP_RT,A,1984,792.937716090395
ROU,ECU_XDC,EOP_RT,A,1985,715.990436418061
ROU,ECU_XDC,EOP_RT,A,1986,611.407195235524
ROU,ECU_XDC,EOP_RT,A,1987,558.387323803672
ROU,ECU_XDC,EOP_RT,A,1988,593.462582362221
ROU,ECU_XDC,EOP_RT,A,1989,578.547013887443
ROU,ECU_XDC,EOP_RT,A,1990,211.326495780032
ROU,ECU_XDC,EOP_RT,A,1991,39.4586120591043
ROU,ECU_XDC,EOP_RT,A,1992,17.9528701253469
ROU,ECU_XDC,EOP_RT,A,1993,6.99750046484396
ROU,ECU_XDC,EOP_RT,A,1994,4.60091506311434
ROU,ECU_XDC,EOP_RT,A,1995,2.95149740561017
ROU,ECU_XDC,EOP_RT,A,1996,1.97792061067745
ROU,ECU_XDC,EOP_RT,A,1997,1.12878578568553
ROU,ECU_XDC,EOP_RT,A,1998,0.78265148116695
ROU,ECU_XDC,EOP_RT,A,2005,
ROU,ECU_XDC,PA_RT,A,1978,427.526800831925
ROU,ECU_XDC,PA_RT,A,1979,405.349807020588
ROU,ECU_XDC,PA_RT,A,1980,399.390530242556
ROU,ECU_XDC,PA_RT,A,1981,596.498553891296
ROU,ECU_XDC,PA_RT,A,1982,679.43437152098
ROU,ECU_XDC,PA_RT,A,1983,653.129011780293
ROU,ECU_XDC,PA_RT,A,1984,595.59707856469
ROU,ECU_XDC,PA_RT,A,1985,765.401117833818
ROU,ECU_XDC,PA_RT,A,1986,630.930835766737
ROU,ECU_XDC,PA_RT,A,1987,595.118089793365
ROU,ECU_XDC,PA_RT,A,1988,591.63882897167
ROU,ECU_XDC,PA_RT,A,1989,607.914642071527
ROU,ECU_XDC,PA_RT,A,1990,350.188586037856
ROU,ECU_XDC,PA_RT,A,1991,105.530850576893
ROU,ECU_XDC,PA_RT,A,1992,25.0402867574355
ROU,ECU_XDC,PA_RT,A,1993,11.2235680595007
ROU,ECU_XDC,PA_RT,A,1994,5.08345492809226
ROU,ECU_XDC,PA_RT,A,1995,3.759677403484
ROU,ECU_XDC,PA_RT,A,1996,2.5570917441681
ROU,ECU_XDC,PA_RT,A,1997,1.23018662192981
ROU,ECU_XDC,PA_RT,A,1998,1.00595298381782
ROU,ECU_XDC,PA_RT,A,2005,
RUS,ECU_XDC,EOP_RT,A,1992,1.98995668859267
RUS,ECU_XDC,EOP_RT,A,1993,0.716023303379382
RUS,ECU_XDC,EOP_RT,A,1994,0.229008927226001
RUS,ECU_XDC,EOP_RT,A,1995,0.163986213613427
RUS,ECU_XDC,EOP_RT,A,1996,0.143541540720927
RUS,ECU_XDC,EOP_RT,A,1997,0.151950475814681
RUS,ECU_XDC,EOP_RT,A,1998,0.041505164020626
RUS,ECU_XDC,PA_RT,A,1993,0.860216698144224
RUS,ECU_XDC,PA_RT,A,1996,0.154010618840725
RUS,ECU_XDC,PA_RT,A,1997,0.152431496074522
RUS,ECU_XDC,PA_RT,A,1998,0.0919972728310043
RWA,ECU_XDC,EOP_RT,A,1979,0.00815721903144392
RWA,ECU_XDC,EOP_RT,A,1980,0.00869548907092249
RWA,ECU_XDC,EOP_RT,A,1981,0.0104427179147421
RWA,ECU_XDC,EOP_RT,A,1982,0.0110985016203878
RWA,ECU_XDC,EOP_RT,A,1983,0.0123197012150643
RWA,ECU_XDC,EOP_RT,A,1984,0.0134623610133862
RWA,ECU_XDC,EOP_RT,A,1985,0.0120445607303714
RWA,ECU_XDC,EOP_RT,A,1986,0.0111259594279561
RWA,ECU_XDC,EOP_RT,A,1987,0.0105971285996982
RWA,ECU_XDC,EOP_RT,A,1988,0.0111733724409726
RWA,ECU_XDC,EOP_RT,A,1989,0.0106891385494965
RWA,ECU_XDC,EOP_RT,A,1990,0.00609615248152728
RWA,ECU_XDC,EOP_RT,A,1991,0.00623185725972222
RWA,ECU_XDC,EOP_RT,A,1992,0.00563842938398404
RWA,ECU_XDC,EOP_RT,A,1993,0.00608979761196807
RWA,ECU_XDC,EOP_RT,A,1994,0.00589318944938968
RWA,ECU_XDC,EOP_RT,A,1995,0.00253791899285317
RWA,ECU_XDC,EOP_RT,A,1996,0.00262388026477902
RWA,ECU_XDC,EOP_RT,A,1997,0.00297245641661923
RWA,ECU_XDC,EOP_RT,A,1998,0.00267555072081876
RWA,ECU_XDC,PA_RT,A,1978,0.00877157511796702
RWA,ECU_XDC,PA_RT,A,1979,0.00841646909610729
RWA,ECU_XDC,PA_RT,A,1980,0.00835313206158208
RWA,ECU_XDC,PA_RT,A,1981,0.0102655426737783
RWA,ECU_XDC,PA_RT,A,1982,0.0109515572090651
RWA,ECU_XDC,PA_RT,A,1983,0.011675842705024
RWA,ECU_XDC,PA_RT,A,1984,0.0126449560669397
RWA,ECU_XDC,PA_RT,A,1985,0.0129587655265502
RWA,ECU_XDC,PA_RT,A,1986,0.0116355542883688
RWA,ECU_XDC,PA_RT,A,1987,0.0109024202973806
RWA,ECU_XDC,PA_RT,A,1988,0.0110490885779472
RWA,ECU_XDC,PA_RT,A,1989,0.0113177350451278
RWA,ECU_XDC,PA_RT,A,1990,0.00938479688991197
RWA,ECU_XDC,PA_RT,A,1991,0.0064405064347195
RWA,ECU_XDC,PA_RT,A,1992,0.00575729530889808
RWA,ECU_XDC,PA_RT,A,1993,0.00591421136184335
RWA,ECU_XDC,PA_RT,A,1994,0.00597961916984033
RWA,ECU_XDC,PA_RT,A,1995,0.00291570494152514
RWA,ECU_XDC,PA_RT,A,1996,0.00257044100986532
RWA,ECU_XDC,PA_RT,A,1997,0.00292439006294546
RWA,ECU_XDC,PA_RT,A,1998,0.00285879255239379
SAU,ECU_XDC,EOP_RT,A,1976,
SAU,ECU_XDC,EOP_RT,A,1977,
SAU,ECU_XDC,EOP_RT,A,1979,0.206100853389582
SAU,ECU_XDC,EOP_RT,A,1980,0.229651710460714
SAU,ECU_XDC,EOP_RT,A,1981,0.269835761844259
SAU,ECU_XDC,EOP_RT,A,1982,0.300837879016091
SAU,ECU_XDC,EOP_RT,A,1983,0.345809805815597
SAU,ECU_XDC,EOP_RT,A,1984,0.39458355158736
SAU,ECU_XDC,EOP_RT,A,1985,0.308985721924283
SAU,ECU_XDC,EOP_RT,A,1986,0.249128051818635
SAU,ECU_XDC,EOP_RT,A,1987,0.204593115441665
SAU,ECU_XDC,EOP_RT,A,1988,0.227414861561203
SAU,ECU_XDC,EOP_RT,A,1989,0.222779170147591
SAU,ECU_XDC,EOP_RT,A,1990,0.195603804493997
SAU,ECU_XDC,EOP_RT,A,1991,0.198871404777886
SAU,ECU_XDC,EOP_RT,A,1992,0.220221873537589
SAU,ECU_XDC,EOP_RT,A,1993,0.23810161581709
SAU,ECU_XDC,EOP_RT,A,1994,0.216795117773948
SAU,ECU_XDC,EOP_RT,A,1995,0.202905608311014
SAU,ECU_XDC,EOP_RT,A,1996,0.212824257708894
SAU,ECU_XDC,EOP_RT,A,1997,0.241499956228133
SAU,ECU_XDC,EOP_RT,A,1998,0.228555103206914
SAU,ECU_XDC,PA_RT,A,1976,
SAU,ECU_XDC,PA_RT,A,1977,
SAU,ECU_XDC,PA_RT,A,1978,0.230897383748425
SAU,ECU_XDC,PA_RT,A,1979,0.217097623365855
SAU,ECU_XDC,PA_RT,A,1980,0.2160982206271
SAU,ECU_XDC,PA_RT,A,1981,0.264521988672707
SAU,ECU_XDC,PA_RT,A,1982,0.297287272747439
SAU,ECU_XDC,PA_RT,A,1983,0.324762919504563
SAU,ECU_XDC,PA_RT,A,1984,0.359678929955438
SAU,ECU_XDC,PA_RT,A,1985,0.36221886980237
SAU,ECU_XDC,PA_RT,A,1986,0.27498654105587
SAU,ECU_XDC,PA_RT,A,1987,0.231016907549921
SAU,ECU_XDC,PA_RT,A,1988,0.225247420213141
SAU,ECU_XDC,PA_RT,A,1989,0.241894639765968
SAU,ECU_XDC,PA_RT,A,1990,0.209478921183556
SAU,ECU_XDC,PA_RT,A,1991,0.214965639086128
SAU,ECU_XDC,PA_RT,A,1992,0.205633060655327
SAU,ECU_XDC,PA_RT,A,1993,0.227479526842584
SAU,ECU_XDC,PA_RT,A,1994,0.224361446289974
SAU,ECU_XDC,PA_RT,A,1995,0.203852298816892
SAU,ECU_XDC,PA_RT,A,1996,0.210310056172501
SAU,ECU_XDC,PA_RT,A,1997,0.235144213211137
SAU,ECU_XDC,PA_RT,A,1998,0.23809098647048
SDN,ECU_XDC,EOP_RT,A,1979,1387.02295678412
SDN,ECU_XDC,EOP_RT,A,1980,1527.14447276049
SDN,ECU_XDC,EOP_RT,A,1981,1022.82648359749
SDN,ECU_XDC,EOP_RT,A,1982,794.853881156196
SDN,ECU_XDC,EOP_RT,A,1983,929.635123192691
SDN,ECU_XDC,EOP_RT,A,1984,1085.03329101424
SDN,ECU_XDC,EOP_RT,A,1985,450.489582160153
SDN,ECU_XDC,EOP_RT,A,1986,373.682455156951
SDN,ECU_XDC,EOP_RT,A,1987,170.472840263925
SDN,ECU_XDC,EOP_RT,A,1988,189.488572403207
SDN,ECU_XDC,EOP_RT,A,1989,185.625981620718
SDN,ECU_XDC,EOP_RT,A,1990,162.982689063302
SDN,ECU_XDC,EOP_RT,A,1991,49.7414423148632
SDN,ECU_XDC,EOP_RT,A,1992,6.11099182426296
SDN,ECU_XDC,EOP_RT,A,1993,4.10716358473887
SDN,ECU_XDC,EOP_RT,A,1994,2.03237293096159
SDN,ECU_XDC,EOP_RT,A,1995,1.44570245921597
SDN,ECU_XDC,EOP_RT,A,1996,0.550682766821763
SDN,ECU_XDC,EOP_RT,A,1997,0.525914538824331
SDN,ECU_XDC,EOP_RT,A,1998,0.360421209851105
SDN,ECU_XDC,EOP_RT,A,1999,
SDN,ECU_XDC,EOP_RT,A,2007,
SDN,ECU_XDC,PA_RT,A,1978,2079.60281883245
SDN,ECU_XDC,PA_RT,A,1979,1700.10793243611
SDN,ECU_XDC,PA_RT,A,1980,1437.80591174882
SDN,ECU_XDC,PA_RT,A,1981,1601.0279870056
SDN,ECU_XDC,PA_RT,A,1982,1070.20010309073
SDN,ECU_XDC,PA_RT,A,1983,863.059748349323
SDN,ECU_XDC,PA_RT,A,1984,974.954238291399
SDN,ECU_XDC,PA_RT,A,1985,569.440847129588
SDN,ECU_XDC,PA_RT,A,1986,407.667547115327
SDN,ECU_XDC,PA_RT,A,1987,288.771134437401
SDN,ECU_XDC,PA_RT,A,1988,187.706183510951
SDN,ECU_XDC,PA_RT,A,1989,201.57886647164
SDN,ECU_XDC,PA_RT,A,1990,174.565767652963
SDN,ECU_XDC,PA_RT,A,1991,115.894576691052
SDN,ECU_XDC,PA_RT,A,1992,7.9145107934533
SDN,ECU_XDC,PA_RT,A,1993,5.35451166795757
SDN,ECU_XDC,PA_RT,A,1994,2.90514336806757
SDN,ECU_XDC,PA_RT,A,1995,1.31602800189085
SDN,ECU_XDC,PA_RT,A,1996,0.630530832323696
SDN,ECU_XDC,PA_RT,A,1997,0.559603361299048
SDN,ECU_XDC,PA_RT,A,1998,0.444637787370537
SDN,ECU_XDC,PA_RT,A,1999,
SDN,ECU_XDC,PA_RT,A,2007,
SEN,ECU_XDC,EOP_RT,A,1979,0.00345039732437655
SEN,ECU_XDC,EOP_RT,A,1980,0.00338172044888543
SEN,ECU_XDC,EOP_RT,A,1981,0.00320629707173397
SEN,ECU_XDC,EOP_RT,A,1982,0.00307324563642229
SEN,ECU_XDC,EOP_RT,A,1983,0.00289573195818549
SEN,ECU_XDC,EOP_RT,A,1984,0.0029412785545398
SEN,ECU_XDC,EOP_RT,A,1985,0.00297911322069614
SEN,ECU_XDC,EOP_RT,A,1986,0.00289459598810276
SEN,ECU_XDC,EOP_RT,A,1987,0.00287350084499095
SEN,ECU_XDC,EOP_RT,A,1988,0.00281500687934678
SEN,ECU_XDC,EOP_RT,A,1989,0.00288673973393355
SEN,ECU_XDC,EOP_RT,A,1990,0.00286026432331318
SEN,ECU_XDC,EOP_RT,A,1991,0.00287941426813098
SEN,ECU_XDC,EOP_RT,A,1992,0.00299948282912682
SEN,ECU_XDC,EOP_RT,A,1993,0.00302902787178529
SEN,ECU_XDC,EOP_RT,A,1994,0.00152073001632217
SEN,ECU_XDC,EOP_RT,A,1995,0.00155285014162517
SEN,ECU_XDC,EOP_RT,A,1996,0.00152394793001475
SEN,ECU_XDC,EOP_RT,A,1997,0.00151237533852373
SEN,ECU_XDC,EOP_RT,A,1998,0.00152448772397172
SEN,ECU_XDC,EOP_RT,A,1999,
SEN,ECU_XDC,PA_RT,A,1978,0.00347852652122593
SEN,ECU_XDC,PA_RT,A,1979,0.00342997373477008
SEN,ECU_XDC,PA_RT,A,1980,0.00340261485795689
SEN,ECU_XDC,PA_RT,A,1981,0.00329276505328815
SEN,ECU_XDC,PA_RT,A,1982,0.0031014368987526
SEN,ECU_XDC,PA_RT,A,1983,0.0029443129714704
SEN,ECU_XDC,PA_RT,A,1984,0.00290060916565517
SEN,ECU_XDC,PA_RT,A,1985,0.00292035190223884
SEN,ECU_XDC,PA_RT,A,1986,0.0029429728379665
SEN,ECU_XDC,PA_RT,A,1987,0.00288255577421199
SEN,ECU_XDC,PA_RT,A,1988,0.00283593378247298
SEN,ECU_XDC,PA_RT,A,1989,0.00284351504515254
SEN,ECU_XDC,PA_RT,A,1990,0.00288522787078115
SEN,ECU_XDC,PA_RT,A,1991,0.00285750232058045
SEN,ECU_XDC,PA_RT,A,1992,0.00291329000471803
SEN,ECU_XDC,PA_RT,A,1993,0.00301257400312542
SEN,ECU_XDC,PA_RT,A,1994,0.00151539680800747
SEN,ECU_XDC,PA_RT,A,1995,0.00153150061363609
SEN,ECU_XDC,PA_RT,A,1996,0.0015417045526042
SEN,ECU_XDC,PA_RT,A,1997,0.00151077106545153
SEN,ECU_XDC,PA_RT,A,1998,0.00151341387170011
SEN,ECU_XDC,PA_RT,A,1999,
SGP,ECU_XDC,EOP_RT,A,1957,
SGP,ECU_XDC,EOP_RT,A,1963,
SGP,ECU_XDC,EOP_RT,A,1973,
SGP,ECU_XDC,EOP_RT,A,1979,0.321227129120459
SGP,ECU_XDC,EOP_RT,A,1980,0.3647441783697
SGP,ECU_XDC,EOP_RT,A,1981,0.449989806830896
SGP,ECU_XDC,EOP_RT,A,1982,0.490101073805756
SGP,ECU_XDC,EOP_RT,A,1983,0.56822062602159
SGP,ECU_XDC,EOP_RT,A,1984,0.647675021842281
SGP,ECU_XDC,EOP_RT,A,1985,0.535037033925896
SGP,ECU_XDC,EOP_RT,A,1986,0.429531123825232
SGP,ECU_XDC,EOP_RT,A,1987,0.383900016465472
SGP,ECU_XDC,EOP_RT,A,1988,0.438190181304343
SGP,ECU_XDC,EOP_RT,A,1989,0.440995506784981
SGP,ECU_XDC,EOP_RT,A,1990,0.420472494613064
SGP,ECU_XDC,EOP_RT,A,1991,0.457385935551715
SGP,ECU_XDC,EOP_RT,A,1992,0.502056067703787
SGP,ECU_XDC,EOP_RT,A,1993,0.555274290618215
SGP,ECU_XDC,EOP_RT,A,1994,0.556569926509416
SGP,ECU_XDC,EOP_RT,A,1995,0.538001860401825
SGP,ECU_XDC,EOP_RT,A,1996,0.570146425495322
SGP,ECU_XDC,EOP_RT,A,1997,0.540510197466726
SGP,ECU_XDC,EOP_RT,A,1998,0.51615876966331
SGP,ECU_XDC,PA_RT,A,1957,
SGP,ECU_XDC,PA_RT,A,1963,
SGP,ECU_XDC,PA_RT,A,1973,
SGP,ECU_XDC,PA_RT,A,1978,0.345180855435416
SGP,ECU_XDC,PA_RT,A,1979,0.33553004384032
SGP,ECU_XDC,PA_RT,A,1980,0.335746383710947
SGP,ECU_XDC,PA_RT,A,1981,0.423510844121891
SGP,ECU_XDC,PA_RT,A,1982,0.476233482168821
SGP,ECU_XDC,PA_RT,A,1983,0.530975449414399
SGP,ECU_XDC,PA_RT,A,1984,0.594182369798123
SGP,ECU_XDC,PA_RT,A,1985,0.596325681412209
SGP,ECU_XDC,PA_RT,A,1986,0.468063317172335
SGP,ECU_XDC,PA_RT,A,1987,0.411358147806901
SGP,ECU_XDC,PA_RT,A,1988,0.419731331999592
SGP,ECU_XDC,PA_RT,A,1989,0.46512038103792
SGP,ECU_XDC,PA_RT,A,1990,0.433396694003789
SGP,ECU_XDC,PA_RT,A,1991,0.466626810554241
SGP,ECU_XDC,PA_RT,A,1992,0.473382293963952
SGP,ECU_XDC,PA_RT,A,1993,0.527944711692585
SGP,ECU_XDC,PA_RT,A,1994,0.550825648457899
SGP,ECU_XDC,PA_RT,A,1995,0.539339356601707
SGP,ECU_XDC,PA_RT,A,1996,0.55931905800379
SGP,ECU_XDC,PA_RT,A,1997,0.593876168685422
SGP,ECU_XDC,PA_RT,A,1998,0.533484888935718
SLB,ECU_XDC,EOP_RT,A,1957,
SLB,ECU_XDC,EOP_RT,A,1966,
SLB,ECU_XDC,EOP_RT,A,1979,0.808100422919829
SLB,ECU_XDC,EOP_RT,A,1980,0.957467929106191
SLB,ECU_XDC,EOP_RT,A,1981,1.03667526723185
SLB,ECU_XDC,EOP_RT,A,1982,0.988942854178923
SLB,ECU_XDC,EOP_RT,A,1983,0.989485134142473
SLB,ECU_XDC,EOP_RT,A,1984,1.04993652137114
SLB,ECU_XDC,EOP_RT,A,1985,0.69838945827233
SLB,ECU_XDC,EOP_RT,A,1986,0.470291479820628
SLB,ECU_XDC,EOP_RT,A,1987,0.388599048642014
SLB,ECU_XDC,EOP_RT,A,1988,0.402609585536415
SLB,ECU_XDC,EOP_RT,A,1989,0.348538011695906
SLB,ECU_XDC,EOP_RT,A,1990,0.280642558497763
SLB,ECU_XDC,EOP_RT,A,1991,0.266835707360728
SLB,ECU_XDC,EOP_RT,A,1992,0.266413411512099
SLB,ECU_XDC,EOP_RT,A,1993,0.274918078162808
SLB,ECU_XDC,EOP_RT,A,1994,0.244219700172352
SLB,ECU_XDC,EOP_RT,A,1995,0.218909788166545
SLB,ECU_XDC,EOP_RT,A,1996,0.220352915825346
SLB,ECU_XDC,EOP_RT,A,1997,0.190724590431168
SLB,ECU_XDC,EOP_RT,A,1998,0.176387400899936
SLB,ECU_XDC,PA_RT,A,1957,
SLB,ECU_XDC,PA_RT,A,1966,
SLB,ECU_XDC,PA_RT,A,1978,0.898463237337866
SLB,ECU_XDC,PA_RT,A,1979,0.842563179833626
SLB,ECU_XDC,PA_RT,A,1980,0.866328462525663
SLB,ECU_XDC,PA_RT,A,1981,1.02824924731792
SLB,ECU_XDC,PA_RT,A,1982,1.04947683962135
SLB,ECU_XDC,PA_RT,A,1983,0.976857388297203
SLB,ECU_XDC,PA_RT,A,1984,0.995073758181166
SLB,ECU_XDC,PA_RT,A,1985,0.886031525048716
SLB,ECU_XDC,PA_RT,A,1986,0.58522473033928
SLB,ECU_XDC,PA_RT,A,1987,0.432444969310777
SLB,ECU_XDC,PA_RT,A,1988,0.405604353290144
SLB,ECU_XDC,PA_RT,A,1989,0.395555737673691
SLB,ECU_XDC,PA_RT,A,1990,0.310641858511011
SLB,ECU_XDC,PA_RT,A,1991,0.296941208793804
SLB,ECU_XDC,PA_RT,A,1992,0.263353019861848
SLB,ECU_XDC,PA_RT,A,1993,0.267603383488693
SLB,ECU_XDC,PA_RT,A,1994,0.255625592347861
SLB,ECU_XDC,PA_RT,A,1995,0.224447611663098
SLB,ECU_XDC,PA_RT,A,1996,0.221139503362733
SLB,ECU_XDC,PA_RT,A,1997,0.237235576616555
SLB,ECU_XDC,PA_RT,A,1998,0.185404120683134
SLE,ECU_XDC,EOP_RT,A,1979,668.354254572682
SLE,ECU_XDC,EOP_RT,A,1980,720.907147007414
SLE,ECU_XDC,EOP_RT,A,1981,784.740139144856
SLE,ECU_XDC,EOP_RT,A,1982,838.379662951717
SLE,ECU_XDC,EOP_RT,A,1983,481.508338749708
SLE,ECU_XDC,EOP_RT,A,1984,561.997460854846
SLE,ECU_XDC,EOP_RT,A,1985,216.24056763149
SLE,ECU_XDC,EOP_RT,A,1986,26.2518684603887
SLE,ECU_XDC,EOP_RT,A,1987,33.297529538131
SLE,ECU_XDC,EOP_RT,A,1988,21.8318267098755
SLE,ECU_XDC,EOP_RT,A,1989,12.7819548872181
SLE,ECU_XDC,EOP_RT,A,1990,3.8876256143182
SLE,ECU_XDC,EOP_RT,A,1991,1.71526586620926
SLE,ECU_XDC,EOP_RT,A,1992,1.56908084895532
SLE,ECU_XDC,EOP_RT,A,1993,1.54575568988455
SLE,ECU_XDC,EOP_RT,A,1994,1.3262170335924
SLE,ECU_XDC,EOP_RT,A,1995,0.80654979303628
SLE,ECU_XDC,EOP_RT,A,1996,0.877900063049187
SLE,ECU_XDC,EOP_RT,A,1997,0.679218626891626
SLE,ECU_XDC,EOP_RT,A,1998,0.538787486608098
SLE,ECU_XDC,EOP_RT,A,2010,
SLE,ECU_XDC,PA_RT,A,1978,749.682338953123
SLE,ECU_XDC,PA_RT,A,1979,690.301424059675
SLE,ECU_XDC,PA_RT,A,1980,684.801451998372
SLE,ECU_XDC,PA_RT,A,1981,771.93426884649
SLE,ECU_XDC,PA_RT,A,1982,822.791915558495
SLE,ECU_XDC,PA_RT,A,1983,595.10938432575
SLE,ECU_XDC,PA_RT,A,1984,504.966437574144
SLE,ECU_XDC,PA_RT,A,1985,257.550862926006
SLE,ECU_XDC,PA_RT,A,1986,63.3333596411661
SLE,ECU_XDC,PA_RT,A,1987,25.4479772964021
SLE,ECU_XDC,PA_RT,A,1988,25.9788294549063
SLE,ECU_XDC,PA_RT,A,1989,15.1657426341573
SLE,ECU_XDC,PA_RT,A,1990,5.186976340969
SLE,ECU_XDC,PA_RT,A,1991,2.7294297215045
SLE,ECU_XDC,PA_RT,A,1992,1.5439715418128
SLE,ECU_XDC,PA_RT,A,1993,1.50327839020208
SLE,ECU_XDC,PA_RT,A,1994,1.43395003208036
SLE,ECU_XDC,PA_RT,A,1995,1.01222205205798
SLE,ECU_XDC,PA_RT,A,1996,0.856560087372694
SLE,ECU_XDC,PA_RT,A,1997,0.898427429466919
SLE,ECU_XDC,PA_RT,A,1998,0.571009798598058
SLE,ECU_XDC,PA_RT,A,2010,
SLV,ECU_XDC,EOP_RT,A,1974,
SLV,ECU_XDC,EOP_RT,A,1979,0.277411748690902
SLV,ECU_XDC,EOP_RT,A,1980,0.305436774943064
SLV,ECU_XDC,EOP_RT,A,1981,0.368595650718762
SLV,ECU_XDC,EOP_RT,A,1982,0.413351245813115
SLV,ECU_XDC,EOP_RT,A,1983,0.483442108585258
SLV,ECU_XDC,EOP_RT,A,1984,0.564254478769925
SLV,ECU_XDC,EOP_RT,A,1985,0.450501182565604
SLV,ECU_XDC,EOP_RT,A,1986,0.186846038863976
SLV,ECU_XDC,EOP_RT,A,1987,0.153444836581249
SLV,ECU_XDC,EOP_RT,A,1988,0.170561146170902
SLV,ECU_XDC,EOP_RT,A,1989,0.167084377610693
SLV,ECU_XDC,EOP_RT,A,1990,0.0913467331074085
SLV,ECU_XDC,EOP_RT,A,1991,0.0922979910788454
SLV,ECU_XDC,EOP_RT,A,1992,0.0900580180769858
SLV,ECU_XDC,EOP_RT,A,1993,0.102985127948568
SLV,ECU_XDC,EOP_RT,A,1994,0.0929121933316919
SLV,ECU_XDC,EOP_RT,A,1995,0.0869098836283611
SLV,ECU_XDC,EOP_RT,A,1996,0.0911583057005541
SLV,ECU_XDC,EOP_RT,A,1997,0.103440872170817
SLV,ECU_XDC,EOP_RT,A,1998,0.0978962463764622
SLV,ECU_XDC,EOP_RT,A,2001,
SLV,ECU_XDC,PA_RT,A,1974,
SLV,ECU_XDC,PA_RT,A,1978,0.313979957797549
SLV,ECU_XDC,PA_RT,A,1979,0.291851861054823
SLV,ECU_XDC,PA_RT,A,1980,0.287561181774641
SLV,ECU_XDC,PA_RT,A,1981,0.357899132334778
SLV,ECU_XDC,PA_RT,A,1982,0.407660622912588
SLV,ECU_XDC,PA_RT,A,1983,0.448791069141648
SLV,ECU_XDC,PA_RT,A,1984,0.506976203911528
SLV,ECU_XDC,PA_RT,A,1985,0.524802379104119
SLV,ECU_XDC,PA_RT,A,1986,0.21004479824167
SLV,ECU_XDC,PA_RT,A,1987,0.17326268066244
SLV,ECU_XDC,PA_RT,A,1988,0.168935565159856
SLV,ECU_XDC,PA_RT,A,1989,0.181420979824476
SLV,ECU_XDC,PA_RT,A,1990,0.114706150562911
SLV,ECU_XDC,PA_RT,A,1991,0.100555652379166
SLV,ECU_XDC,PA_RT,A,1992,0.0922305165901498
SLV,ECU_XDC,PA_RT,A,1993,0.0980232586956851
SLV,ECU_XDC,PA_RT,A,1994,0.0963889931075357
SLV,ECU_XDC,PA_RT,A,1995,0.0873195321189865
SLV,ECU_XDC,PA_RT,A,1996,0.0900814061275704
SLV,ECU_XDC,PA_RT,A,1997,0.100704159833464
SLV,ECU_XDC,PA_RT,A,1998,0.101980719504774
SLV,ECU_XDC,PA_RT,A,2001,
SMR,ECU_XDC,EOP_RT,A,1979,0.000862598720708761
SMR,ECU_XDC,EOP_RT,A,1980,0.000820625402527914
SMR,ECU_XDC,EOP_RT,A,1981,0.000767907605356924
SMR,ECU_XDC,EOP_RT,A,1982,0.000754290594247763
SMR,ECU_XDC,EOP_RT,A,1983,0.000728294830358362
SMR,ECU_XDC,EOP_RT,A,1984,0.000728679565328665
SMR,ECU_XDC,EOP_RT,A,1985,0.000670987760747102
SMR,ECU_XDC,EOP_RT,A,1986,0.000687879801138242
SMR,ECU_XDC,EOP_RT,A,1987,0.000656167785252294
SMR,ECU_XDC,EOP_RT,A,1988,0.000653105624156254
SMR,ECU_XDC,EOP_RT,A,1989,0.000657553630896078
SMR,ECU_XDC,EOP_RT,A,1990,0.000649041513827802
SMR,ECU_XDC,EOP_RT,A,1991,0.000647896519657594
SMR,ECU_XDC,EOP_RT,A,1992,0.000561462019339678
SMR,ECU_XDC,EOP_RT,A,1993,0.000524000457352001
SMR,ECU_XDC,EOP_RT,A,1994,0.00049884134380472
SMR,ECU_XDC,EOP_RT,A,1995,0.000480145408126547
SMR,ECU_XDC,EOP_RT,A,1996,0.000521433857028255
SMR,ECU_XDC,EOP_RT,A,1997,0.000514796518474497
SMR,ECU_XDC,EOP_RT,A,1998,0.000518469322500712
SMR,ECU_XDC,EOP_RT,A,1999,
SMR,ECU_XDC,PA_RT,A,1978,0.0009249249539426
SMR,ECU_XDC,PA_RT,A,1979,0.000878160206337256
SMR,ECU_XDC,PA_RT,A,1980,0.00083940107763613
SMR,ECU_XDC,PA_RT,A,1981,0.000787100087385937
SMR,ECU_XDC,PA_RT,A,1982,0.000753526079129113
SMR,ECU_XDC,PA_RT,A,1983,0.000738702902871249
SMR,ECU_XDC,PA_RT,A,1984,0.000721382335754916
SMR,ECU_XDC,PA_RT,A,1985,0.000687115866619891
SMR,ECU_XDC,PA_RT,A,1986,0.000683634311407338
SMR,ECU_XDC,PA_RT,A,1987,0.000668415597392272
SMR,ECU_XDC,PA_RT,A,1988,0.000648939751041891
SMR,ECU_XDC,PA_RT,A,1989,0.000661110200804402
SMR,ECU_XDC,PA_RT,A,1990,0.000655658844565221
SMR,ECU_XDC,PA_RT,A,1991,0.00064977630411811
SMR,ECU_XDC,PA_RT,A,1992,0.000625706205375378
SMR,ECU_XDC,PA_RT,A,1993,0.000542077097641197
SMR,ECU_XDC,PA_RT,A,1994,0.000521788608159584
SMR,ECU_XDC,PA_RT,A,1995,0.000469292503902063
SMR,ECU_XDC,PA_RT,A,1996,0.000511140517260084
SMR,ECU_XDC,PA_RT,A,1997,0.000517757266322969
SMR,ECU_XDC,PA_RT,A,1998,0.000514248014283951
SMR,ECU_XDC,PA_RT,A,1999,
SOM,ECU_XDC,EOP_RT,A,1979,0.110171464902306
SOM,ECU_XDC,EOP_RT,A,1980,0.121301340297621
SOM,ECU_XDC,EOP_RT,A,1981,0.146384293339904
SOM,ECU_XDC,EOP_RT,A,1982,0.0679585764908218
SOM,ECU_XDC,EOP_RT,A,1983,0.0688428611898237
SOM,ECU_XDC,EOP_RT,A,1984,0.054255238343262
SOM,ECU_XDC,EOP_RT,A,1985,0.0265000695626826
SOM,ECU_XDC,EOP_RT,A,1986,0.0103229855725954
SOM,ECU_XDC,EOP_RT,A,1987,0.00767224182906245
SOM,ECU_XDC,EOP_RT,A,1988,0.0031585397439056
SOM,ECU_XDC,EOP_RT,A,1989,0.000898786323887538
SOM,ECU_XDC,PA_RT,A,1978,0.124694185006921
SOM,ECU_XDC,PA_RT,A,1979,0.11590621965893
SOM,ECU_XDC,PA_RT,A,1980,0.114202216767403
SOM,ECU_XDC,PA_RT,A,1981,0.142136271799695
SOM,ECU_XDC,PA_RT,A,1982,0.094801709467717
SOM,ECU_XDC,PA_RT,A,1983,0.0710667566548673
SOM,ECU_XDC,PA_RT,A,1984,0.063313302402282
SOM,ECU_XDC,PA_RT,A,1985,0.0332261564748262
SOM,ECU_XDC,PA_RT,A,1986,0.0141551231637266
SOM,ECU_XDC,PA_RT,A,1987,0.00823671255996551
SOM,ECU_XDC,PA_RT,A,1988,0.00495549544257443
SOM,ECU_XDC,PA_RT,A,1989,0.0018486871982633
SPM,ECU_XDC,EOP_RT,A,1960,
SPM,ECU_XDC,EOP_RT,A,1979,0.172519744184668
SPM,ECU_XDC,EOP_RT,A,1980,0.169085902839085
SPM,ECU_XDC,EOP_RT,A,1981,0.160314740185912
SPM,ECU_XDC,EOP_RT,A,1982,0.153662173126111
SPM,ECU_XDC,EOP_RT,A,1983,0.144786495492601
SPM,ECU_XDC,EOP_RT,A,1984,0.147063823699418
SPM,ECU_XDC,EOP_RT,A,1985,0.148955555669093
SPM,ECU_XDC,EOP_RT,A,1986,0.144729697028641
SPM,ECU_XDC,EOP_RT,A,1987,0.143674940619147
SPM,ECU_XDC,EOP_RT,A,1988,0.140750244405762
SPM,ECU_XDC,EOP_RT,A,1989,0.144336884598042
SPM,ECU_XDC,EOP_RT,A,1990,0.14301311500341
SPM,ECU_XDC,EOP_RT,A,1991,0.143970611567002
SPM,ECU_XDC,EOP_RT,A,1992,0.149974035370191
SPM,ECU_XDC,EOP_RT,A,1993,0.151451286458161
SPM,ECU_XDC,EOP_RT,A,1994,0.152072894061411
SPM,ECU_XDC,EOP_RT,A,1995,0.155284904319653
SPM,ECU_XDC,EOP_RT,A,1996,0.152394685203046
SPM,ECU_XDC,EOP_RT,A,1997,0.151237426872547
SPM,ECU_XDC,EOP_RT,A,1998,0.15244866456056
SPM,ECU_XDC,PA_RT,A,1960,
SPM,ECU_XDC,PA_RT,A,1978,0.173926989122737
SPM,ECU_XDC,PA_RT,A,1979,0.171499340545026
SPM,ECU_XDC,PA_RT,A,1980,0.170131391489337
SPM,ECU_XDC,PA_RT,A,1981,0.164638880316814
SPM,ECU_XDC,PA_RT,A,1982,0.155072436119904
SPM,ECU_XDC,PA_RT,A,1983,0.147216209805521
SPM,ECU_XDC,PA_RT,A,1984,0.145031011184132
SPM,ECU_XDC,PA_RT,A,1985,0.146018151776589
SPM,ECU_XDC,PA_RT,A,1986,0.147149202874876
SPM,ECU_XDC,PA_RT,A,1987,0.144128338170715
SPM,ECU_XDC,PA_RT,A,1988,0.141797229696885
SPM,ECU_XDC,PA_RT,A,1989,0.14217629427597
SPM,ECU_XDC,PA_RT,A,1990,0.144261943508516
SPM,ECU_XDC,PA_RT,A,1991,0.142875660713558
SPM,ECU_XDC,PA_RT,A,1992,0.145665055554441
SPM,ECU_XDC,PA_RT,A,1993,0.15062927439989
SPM,ECU_XDC,PA_RT,A,1994,0.151539734203776
SPM,ECU_XDC,PA_RT,A,1995,0.153150115334141
SPM,ECU_XDC,PA_RT,A,1996,0.154170509590541
SPM,ECU_XDC,PA_RT,A,1997,0.151077159785169
SPM,ECU_XDC,PA_RT,A,1998,0.151341440503161
SRB,ECU_XDC,EOP_RT,A,1997,0.153176401037752
SRB,ECU_XDC,EOP_RT,A,1998,0.0854449931237715
SRB,ECU_XDC,PA_RT,A,1997,0.149145138024418
SRB,ECU_XDC,PA_RT,A,1998,0.0890099692212285
STP,ECU_XDC,EOP_RT,A,1979,20.1902109657126
STP,ECU_XDC,EOP_RT,A,1980,21.5224926336395
STP,ECU_XDC,EOP_RT,A,1981,23.7033476834476
STP,ECU_XDC,EOP_RT,A,1982,25.1918172471362
STP,ECU_XDC,EOP_RT,A,1983,27.9635201600794
STP,ECU_XDC,EOP_RT,A,1984,30.557341582048
STP,ECU_XDC,EOP_RT,A,1985,27.3391993648183
STP,ECU_XDC,EOP_RT,A,1986,25.2539454450858
STP,ECU_XDC,EOP_RT,A,1987,10.5348865517768
STP,ECU_XDC,EOP_RT,A,1988,8.68649905123973
STP,ECU_XDC,EOP_RT,A,1989,5.9517396524334
STP,ECU_XDC,EOP_RT,A,1990,5.20289304203721
STP,ECU_XDC,EOP_RT,A,1991,2.66325656974681
STP,ECU_XDC,EOP_RT,A,1992,2.19905210035139
STP,ECU_XDC,EOP_RT,A,1993,1.72804540219487
STP,ECU_XDC,EOP_RT,A,1994,0.685881070481396
STP,ECU_XDC,EOP_RT,A,1995,0.433096282414117
STP,ECU_XDC,EOP_RT,A,1996,0.281691525901672
STP,ECU_XDC,EOP_RT,A,1997,0.129936842018078
STP,ECU_XDC,EOP_RT,A,1998,0.124485350330563
STP,ECU_XDC,EOP_RT,A,2018,
STP,ECU_XDC,PA_RT,A,1978,21.7108526383256
STP,ECU_XDC,PA_RT,A,1979,20.8319294146331
STP,ECU_XDC,PA_RT,A,1980,20.6751232274251
STP,ECU_XDC,PA_RT,A,1981,23.3010497350323
STP,ECU_XDC,PA_RT,A,1982,24.8582026394616
STP,ECU_XDC,PA_RT,A,1983,26.5022419476268
STP,ECU_XDC,PA_RT,A,1984,28.7019646318728
STP,ECU_XDC,PA_RT,A,1985,29.4142792141122
STP,ECU_XDC,PA_RT,A,1986,26.4108565868985
STP,ECU_XDC,PA_RT,A,1987,15.9803354253151
STP,ECU_XDC,PA_RT,A,1988,9.78277989961717
STP,ECU_XDC,PA_RT,A,1989,7.27591664642596
STP,ECU_XDC,PA_RT,A,1990,5.48064557673357
STP,ECU_XDC,PA_RT,A,1992,2.39973541011314
STP,ECU_XDC,PA_RT,A,1993,1.98450612279673
STP,ECU_XDC,PA_RT,A,1994,1.14840714822012
STP,ECU_XDC,PA_RT,A,1995,0.538212775701538
STP,ECU_XDC,PA_RT,A,1996,0.357968294598284
STP,ECU_XDC,PA_RT,A,1997,0.193693498851598
STP,ECU_XDC,PA_RT,A,1998,0.129712291267796
STP,ECU_XDC,PA_RT,A,2018,
SUR,ECU_XDC,EOP_RT,A,1979,388.531860756215
SUR,ECU_XDC,EOP_RT,A,1980,427.782597788361
SUR,ECU_XDC,EOP_RT,A,1981,516.240406962638
SUR,ECU_XDC,EOP_RT,A,1982,578.923313232177
SUR,ECU_XDC,EOP_RT,A,1983,677.089787663699
SUR,ECU_XDC,EOP_RT,A,1984,790.272379229587
SUR,ECU_XDC,EOP_RT,A,1985,630.954037206729
SUR,ECU_XDC,EOP_RT,A,1986,523.378260123182
SUR,ECU_XDC,EOP_RT,A,1987,429.817469415263
SUR,ECU_XDC,EOP_RT,A,1988,477.762314204208
SUR,ECU_XDC,EOP_RT,A,1989,468.02346669662
SUR,ECU_XDC,EOP_RT,A,1990,410.932362382348
SUR,ECU_XDC,EOP_RT,A,1991,417.797068861104
SUR,ECU_XDC,EOP_RT,A,1992,462.650994826868
SUR,ECU_XDC,EOP_RT,A,1993,500.213478607333
SUR,ECU_XDC,EOP_RT,A,1994,1.9853032763182
SUR,ECU_XDC,EOP_RT,A,1995,1.86952341809902
SUR,ECU_XDC,EOP_RT,A,1996,1.99025178655449
SUR,ECU_XDC,EOP_RT,A,1997,2.25841604951496
SUR,ECU_XDC,EOP_RT,A,1998,2.13736069083772
SUR,ECU_XDC,EOP_RT,A,2003,
SUR,ECU_XDC,EOP_RT,A,2004,
SUR,ECU_XDC,PA_RT,A,1978,439.747840052589
SUR,ECU_XDC,PA_RT,A,1979,408.75610791992
SUR,ECU_XDC,PA_RT,A,1980,402.746753185771
SUR,ECU_XDC,PA_RT,A,1981,501.259288984283
SUR,ECU_XDC,PA_RT,A,1982,570.953253378974
SUR,ECU_XDC,PA_RT,A,1983,628.558920366454
SUR,ECU_XDC,PA_RT,A,1984,710.050705758442
SUR,ECU_XDC,PA_RT,A,1985,735.017337680839
SUR,ECU_XDC,PA_RT,A,1986,570.962951141915
SUR,ECU_XDC,PA_RT,A,1987,485.329637709917
SUR,ECU_XDC,PA_RT,A,1988,473.208865993994
SUR,ECU_XDC,PA_RT,A,1989,508.182016315058
SUR,ECU_XDC,PA_RT,A,1990,440.081767192344
SUR,ECU_XDC,PA_RT,A,1991,451.608485475059
SUR,ECU_XDC,PA_RT,A,1992,432.002228267495
SUR,ECU_XDC,PA_RT,A,1993,477.89816563568
SUR,ECU_XDC,PA_RT,A,1994,3.78203973009923
SUR,ECU_XDC,PA_RT,A,1995,1.72650063535054
SUR,ECU_XDC,PA_RT,A,1996,1.96664991353259
SUR,ECU_XDC,PA_RT,A,1997,2.19587929536114
SUR,ECU_XDC,PA_RT,A,1998,2.22317458616811
SUR,ECU_XDC,PA_RT,A,2003,
SUR,ECU_XDC,PA_RT,A,2004,
SVK,ECU_XDC,EOP_RT,A,1993,0.0268923877873046
SVK,ECU_XDC,EOP_RT,A,1994,0.0259929562187008
SVK,ECU_XDC,EOP_RT,A,1995,0.0257328969923332
SVK,ECU_XDC,EOP_RT,A,1996,0.0250224476064697
SVK,ECU_XDC,EOP_RT,A,1997,0.026037169681315
SVK,ECU_XDC,EOP_RT,A,1998,0.0232189645118502
SVK,ECU_XDC,PA_RT,A,1993,0.027723749665975
SVK,ECU_XDC,PA_RT,A,1994,0.0262555718369806
SVK,ECU_XDC,PA_RT,A,1995,0.0257273045755428
SVK,ECU_XDC,PA_RT,A,1996,0.0257280988670841
SVK,ECU_XDC,PA_RT,A,1997,0.0262311526559671
SVK,ECU_XDC,PA_RT,A,1998,0.0253407498827382
SVN,ECU_XDC,EOP_RT,A,1991,0.0131545643075223
SVN,ECU_XDC,EOP_RT,A,1992,0.00836705007336294
SVN,ECU_XDC,EOP_RT,A,1993,0.00677235675516215
SVN,ECU_XDC,EOP_RT,A,1994,0.00642888756114543
SVN,ECU_XDC,EOP_RT,A,1995,0.00603932711565107
SVN,ECU_XDC,EOP_RT,A,1996,0.0056410161606471
SVN,ECU_XDC,EOP_RT,A,1997,0.00535302539221834
SVN,ECU_XDC,EOP_RT,A,1998,0.0053168836043792
SVN,ECU_XDC,PA_RT,A,1991,0.0292377969247976
SVN,ECU_XDC,PA_RT,A,1992,0.00948643764084201
SVN,ECU_XDC,PA_RT,A,1993,0.00753297455455328
SVN,ECU_XDC,PA_RT,A,1994,0.00653182858712018
SVN,ECU_XDC,PA_RT,A,1995,0.00645001696413562
SVN,ECU_XDC,PA_RT,A,1996,0.00582622347321279
SVN,ECU_XDC,PA_RT,A,1997,0.00552194879322284
SVN,ECU_XDC,PA_RT,A,1998,0.00537421782152556
SWE,ECU_XDC,EOP_RT,A,1971,
SWE,ECU_XDC,EOP_RT,A,1972,
SWE,ECU_XDC,EOP_RT,A,1979,0.167256570991704
SWE,ECU_XDC,EOP_RT,A,1980,0.174623110415946
SWE,ECU_XDC,EOP_RT,A,1981,0.165408207968716
SWE,ECU_XDC,EOP_RT,A,1982,0.141665379979588
SWE,ECU_XDC,EOP_RT,A,1983,0.151056776794246
SWE,ECU_XDC,EOP_RT,A,1984,0.156920429047757
SWE,ECU_XDC,EOP_RT,A,1985,0.147889561606462
SWE,ECU_XDC,EOP_RT,A,1986,0.137003988021687
SWE,ECU_XDC,EOP_RT,A,1987,0.131194285722682
SWE,ECU_XDC,EOP_RT,A,1988,0.138509944917088
SWE,ECU_XDC,EOP_RT,A,1989,0.134161215361084
SWE,ECU_XDC,EOP_RT,A,1990,0.128731882564495
SWE,ECU_XDC,EOP_RT,A,1991,0.134870742005077
SWE,ECU_XDC,EOP_RT,A,1992,0.1172557185526
SWE,ECU_XDC,EOP_RT,A,1993,0.107530686977069
SWE,ECU_XDC,EOP_RT,A,1994,0.10895687082387
SWE,ECU_XDC,EOP_RT,A,1995,0.114279539690352
SWE,ECU_XDC,EOP_RT,A,1996,0.116153538991173
SWE,ECU_XDC,EOP_RT,A,1997,0.114970780227942
SWE,ECU_XDC,EOP_RT,A,1998,0.106324480464698
SWE,ECU_XDC,PA_RT,A,1971,
SWE,ECU_XDC,PA_RT,A,1972,
SWE,ECU_XDC,PA_RT,A,1978,0.173720092435521
SWE,ECU_XDC,PA_RT,A,1979,0.170192551923161
SWE,ECU_XDC,PA_RT,A,1980,0.169970494578432
SWE,ECU_XDC,PA_RT,A,1981,0.176707443260164
SWE,ECU_XDC,PA_RT,A,1982,0.162217904311562
SWE,ECU_XDC,PA_RT,A,1983,0.146336483615677
SWE,ECU_XDC,PA_RT,A,1984,0.153224269187867
SWE,ECU_XDC,PA_RT,A,1985,0.152489235762879
SWE,ECU_XDC,PA_RT,A,1986,0.143069691207139
SWE,ECU_XDC,PA_RT,A,1987,0.136632974303136
SWE,ECU_XDC,PA_RT,A,1988,0.137858192764871
SWE,ECU_XDC,PA_RT,A,1989,0.140704571109037
SWE,ECU_XDC,PA_RT,A,1990,0.132720700419906
SWE,ECU_XDC,PA_RT,A,1991,0.133298981376165
SWE,ECU_XDC,PA_RT,A,1992,0.132408318253867
SWE,ECU_XDC,PA_RT,A,1993,0.109598029530227
SWE,ECU_XDC,PA_RT,A,1994,0.10904078470852
SWE,ECU_XDC,PA_RT,A,1995,0.107166320519745
SWE,ECU_XDC,PA_RT,A,1996,0.117606308518566
SWE,ECU_XDC,PA_RT,A,1997,0.11549482943609
SWE,ECU_XDC,PA_RT,A,1998,0.112308931487434
SWZ,ECU_XDC,EOP_RT,A,1961,
SWZ,ECU_XDC,EOP_RT,A,1972,
SWZ,ECU_XDC,EOP_RT,A,1973,
SWZ,ECU_XDC,EOP_RT,A,1979,0.838754421137912
SWZ,ECU_XDC,EOP_RT,A,1980,1.02443494198567
SWZ,ECU_XDC,EOP_RT,A,1981,0.963324731846664
SWZ,ECU_XDC,EOP_RT,A,1982,0.960111605828372
SWZ,ECU_XDC,EOP_RT,A,1983,0.989122553769785
SWZ,ECU_XDC,EOP_RT,A,1984,0.71067851601072
SWZ,ECU_XDC,EOP_RT,A,1985,0.440364904831626
SWZ,ECU_XDC,EOP_RT,A,1986,0.427877428998505
SWZ,ECU_XDC,EOP_RT,A,1987,0.397537210372872
SWZ,ECU_XDC,EOP_RT,A,1988,0.358664506225481
SWZ,ECU_XDC,EOP_RT,A,1989,0.329423558897243
SWZ,ECU_XDC,EOP_RT,A,1990,0.286246607496516
SWZ,ECU_XDC,EOP_RT,A,1991,0.271877097471847
SWZ,ECU_XDC,EOP_RT,A,1992,0.270498534479515
SWZ,ECU_XDC,EOP_RT,A,1993,0.262805315471402
SWZ,ECU_XDC,EOP_RT,A,1994,0.229429008509187
SWZ,ECU_XDC,EOP_RT,A,1995,0.20860754795512
SWZ,ECU_XDC,EOP_RT,A,1996,0.170441210124581
SWZ,ECU_XDC,EOP_RT,A,1997,0.186055436231227
SWZ,ECU_XDC,EOP_RT,A,1998,0.146259665021489
SWZ,ECU_XDC,PA_RT,A,1961,
SWZ,ECU_XDC,PA_RT,A,1972,
SWZ,ECU_XDC,PA_RT,A,1973,
SWZ,ECU_XDC,PA_RT,A,1978,0.902692377883003
SWZ,ECU_XDC,PA_RT,A,1979,0.866520270311498
SWZ,ECU_XDC,PA_RT,A,1980,0.923050607631551
SWZ,ECU_XDC,PA_RT,A,1981,1.01956392438591
SWZ,ECU_XDC,PA_RT,A,1982,0.938604435696469
SWZ,ECU_XDC,PA_RT,A,1983,1.00707088511434
SWZ,ECU_XDC,PA_RT,A,1984,0.859120070626441
SWZ,ECU_XDC,PA_RT,A,1985,0.588693258597014
SWZ,ECU_XDC,PA_RT,A,1986,0.446019581595801
SWZ,ECU_XDC,PA_RT,A,1987,0.425490776172069
SWZ,ECU_XDC,PA_RT,A,1988,0.371537233674675
SWZ,ECU_XDC,PA_RT,A,1989,0.345869783502691
SWZ,ECU_XDC,PA_RT,A,1990,0.30361366256472
SWZ,ECU_XDC,PA_RT,A,1991,0.291933787551576
SWZ,ECU_XDC,PA_RT,A,1992,0.270378733201995
SWZ,ECU_XDC,PA_RT,A,1993,0.261051311404349
SWZ,ECU_XDC,PA_RT,A,1994,0.236948242227425
SWZ,ECU_XDC,PA_RT,A,1995,0.210760464825981
SWZ,ECU_XDC,PA_RT,A,1996,0.183437697212748
SWZ,ECU_XDC,PA_RT,A,1997,0.191362442513468
SWZ,ECU_XDC,PA_RT,A,1998,0.161504215837488
SXM,ECU_XDC,EOP_RT,A,2010,
SXM,ECU_XDC,PA_RT,A,2010,
SYC,ECU_XDC,EOP_RT,A,1972,
SYC,ECU_XDC,EOP_RT,A,1979,0.109812111526958
SYC,ECU_XDC,EOP_RT,A,1980,0.117144074798933
SYC,ECU_XDC,EOP_RT,A,1981,0.147975708023748
SYC,ECU_XDC,EOP_RT,A,1982,0.157827890687631
SYC,ECU_XDC,EOP_RT,A,1983,0.174585822172604
SYC,ECU_XDC,EOP_RT,A,1984,0.191719834315259
SYC,ECU_XDC,EOP_RT,A,1985,0.170597860646189
SYC,ECU_XDC,EOP_RT,A,1986,0.157569606058337
SYC,ECU_XDC,EOP_RT,A,1987,0.149163834530231
SYC,ECU_XDC,EOP_RT,A,1988,0.158026485352724
SYC,ECU_XDC,EOP_RT,A,1989,0.152806169164008
SYC,ECU_XDC,EOP_RT,A,1990,0.143298090734643
SYC,ECU_XDC,EOP_RT,A,1991,0.147306332177903
SYC,ECU_XDC,EOP_RT,A,1992,0.157166623991999
SYC,ECU_XDC,EOP_RT,A,1993,0.169817048501129
SYC,ECU_XDC,EOP_RT,A,1994,0.163594263336815
SYC,ECU_XDC,EOP_RT,A,1995,0.156437433163984
SYC,ECU_XDC,EOP_RT,A,1996,0.159790767310365
SYC,ECU_XDC,EOP_RT,A,1997,0.176710733059279
SYC,ECU_XDC,EOP_RT,A,1998,0.157202112401813
SYC,ECU_XDC,EOP_RT,A,2008,
SYC,ECU_XDC,PA_RT,A,1972,
SYC,ECU_XDC,PA_RT,A,1978,0.112902360017084
SYC,ECU_XDC,PA_RT,A,1979,0.11521711333364
SYC,ECU_XDC,PA_RT,A,1980,0.112470052886689
SYC,ECU_XDC,PA_RT,A,1981,0.141687800089254
SYC,ECU_XDC,PA_RT,A,1982,0.15553530359395
SYC,ECU_XDC,PA_RT,A,1983,0.16578562049851
SYC,ECU_XDC,PA_RT,A,1984,0.179552974961084
SYC,ECU_XDC,PA_RT,A,1985,0.183900287028963
SYC,ECU_XDC,PA_RT,A,1986,0.16499971551385
SYC,ECU_XDC,PA_RT,A,1987,0.154698591813798
SYC,ECU_XDC,PA_RT,A,1988,0.156899297082965
SYC,ECU_XDC,PA_RT,A,1989,0.160671346558727
SYC,ECU_XDC,PA_RT,A,1990,0.147191432186913
SYC,ECU_XDC,PA_RT,A,1991,0.152405777045136
SYC,ECU_XDC,PA_RT,A,1992,0.150551832615129
SYC,ECU_XDC,PA_RT,A,1993,0.164632391761709
SYC,ECU_XDC,PA_RT,A,1994,0.166411985486289
SYC,ECU_XDC,PA_RT,A,1995,0.160531317481369
SYC,ECU_XDC,PA_RT,A,1996,0.158685182173021
SYC,ECU_XDC,PA_RT,A,1997,0.175433915563194
SYC,ECU_XDC,PA_RT,A,1998,0.169670976623675
SYC,ECU_XDC,PA_RT,A,2008,
SYR,ECU_XDC,EOP_RT,A,1979,0.176695381306125
SYR,ECU_XDC,EOP_RT,A,1980,0.194545716495992
SYR,ECU_XDC,EOP_RT,A,1981,0.234774299786773
SYR,ECU_XDC,EOP_RT,A,1982,0.263281048250374
SYR,ECU_XDC,EOP_RT,A,1983,0.307924909882198
SYR,ECU_XDC,EOP_RT,A,1984,0.359397757178296
SYR,ECU_XDC,EOP_RT,A,1985,0.286943428385735
SYR,ECU_XDC,EOP_RT,A,1986,0.238020431673855
SYR,ECU_XDC,EOP_RT,A,1987,0.195471129402865
SYR,ECU_XDC,EOP_RT,A,1988,0.0759737844859253
SYR,ECU_XDC,EOP_RT,A,1989,0.074425112521467
SYR,ECU_XDC,EOP_RT,A,1990,0.0653464825703778
SYR,ECU_XDC,EOP_RT,A,1991,0.0664381085004072
SYR,ECU_XDC,EOP_RT,A,1992,0.0735707818054307
SYR,ECU_XDC,EOP_RT,A,1993,0.079543969649362
SYR,ECU_XDC,EOP_RT,A,1994,0.072425985893301
SYR,ECU_XDC,EOP_RT,A,1995,0.0677858379658175
SYR,ECU_XDC,EOP_RT,A,1996,0.0710994179428375
SYR,ECU_XDC,EOP_RT,A,1997,0.0806792726820043
SYR,ECU_XDC,EOP_RT,A,1998,0.0763547115390581
SYR,ECU_XDC,EOP_RT,A,2001,
SYR,ECU_XDC,EOP_RT,A,2007,
SYR,ECU_XDC,PA_RT,A,1978,0.199987234316907
SYR,ECU_XDC,PA_RT,A,1979,0.185892905177822
SYR,ECU_XDC,PA_RT,A,1980,0.183159988438156
SYR,ECU_XDC,PA_RT,A,1981,0.227961230844562
SYR,ECU_XDC,PA_RT,A,1982,0.259656447781179
SYR,ECU_XDC,PA_RT,A,1983,0.285854184239484
SYR,ECU_XDC,PA_RT,A,1984,0.322914779595763
SYR,ECU_XDC,PA_RT,A,1985,0.334269031276509
SYR,ECU_XDC,PA_RT,A,1986,0.25966085803524
SYR,ECU_XDC,PA_RT,A,1987,0.22071679065279
SYR,ECU_XDC,PA_RT,A,1988,0.0752496949487108
SYR,ECU_XDC,PA_RT,A,1989,0.0808111268705905
SYR,ECU_XDC,PA_RT,A,1990,0.0699818222216779
SYR,ECU_XDC,PA_RT,A,1991,0.0718148014764347
SYR,ECU_XDC,PA_RT,A,1992,0.0686970135819579
SYR,ECU_XDC,PA_RT,A,1993,0.0759953875866092
SYR,ECU_XDC,PA_RT,A,1994,0.0749537125690336
SYR,ECU_XDC,PA_RT,A,1995,0.0681021042818124
SYR,ECU_XDC,PA_RT,A,1996,0.0702594842447108
SYR,ECU_XDC,PA_RT,A,1997,0.0785559732331194
SYR,ECU_XDC,PA_RT,A,1998,0.0795404186426992
SYR,ECU_XDC,PA_RT,A,2001,
SYR,ECU_XDC,PA_RT,A,2007,
TCD,ECU_XDC,EOP_RT,A,1979,0.00345039488123583
TCD,ECU_XDC,EOP_RT,A,1980,0.00338171805437311
TCD,ECU_XDC,EOP_RT,A,1981,0.00320629480143459
TCD,ECU_XDC,EOP_RT,A,1982,0.00307324346033334
TCD,ECU_XDC,EOP_RT,A,1983,0.00289572990778956
TCD,ECU_XDC,EOP_RT,A,1984,0.00294127647189345
TCD,ECU_XDC,EOP_RT,A,1985,0.00297911111126001
TCD,ECU_XDC,EOP_RT,A,1986,0.00289459393851118
TCD,ECU_XDC,EOP_RT,A,1987,0.00287349881033631
TCD,ECU_XDC,EOP_RT,A,1988,0.00281500488611027
TCD,ECU_XDC,EOP_RT,A,1989,0.00288673768990478
TCD,ECU_XDC,EOP_RT,A,1990,0.00286026229803101
TCD,ECU_XDC,EOP_RT,A,1991,0.0028794122292892
TCD,ECU_XDC,EOP_RT,A,1992,0.00299948070526747
TCD,ECU_XDC,EOP_RT,A,1993,0.00302902572700582
TCD,ECU_XDC,EOP_RT,A,1994,0.00152072893953099
TCD,ECU_XDC,EOP_RT,A,1995,0.00155284904209053
TCD,ECU_XDC,EOP_RT,A,1996,0.00152394685094504
TCD,ECU_XDC,EOP_RT,A,1997,0.0015123742676483
TCD,ECU_XDC,EOP_RT,A,1998,0.0015244866445198
TCD,ECU_XDC,EOP_RT,A,1999,
TCD,ECU_XDC,PA_RT,A,1978,0.00347852652122593
TCD,ECU_XDC,PA_RT,A,1979,0.00342997373477008
TCD,ECU_XDC,PA_RT,A,1980,0.00340261485795689
TCD,ECU_XDC,PA_RT,A,1981,0.00329276505328815
TCD,ECU_XDC,PA_RT,A,1982,0.0031014368987526
TCD,ECU_XDC,PA_RT,A,1983,0.0029443129714704
TCD,ECU_XDC,PA_RT,A,1984,0.00290060916565517
TCD,ECU_XDC,PA_RT,A,1985,0.00292035190223884
TCD,ECU_XDC,PA_RT,A,1986,0.0029429728379665
TCD,ECU_XDC,PA_RT,A,1987,0.00288255577421199
TCD,ECU_XDC,PA_RT,A,1988,0.00283593378247298
TCD,ECU_XDC,PA_RT,A,1989,0.00284351504515254
TCD,ECU_XDC,PA_RT,A,1990,0.00288522787078115
TCD,ECU_XDC,PA_RT,A,1991,0.00285750232058045
TCD,ECU_XDC,PA_RT,A,1992,0.00291329000471803
TCD,ECU_XDC,PA_RT,A,1993,0.00301257400312542
TCD,ECU_XDC,PA_RT,A,1994,0.00151539680800747
TCD,ECU_XDC,PA_RT,A,1995,0.00153150061363609
TCD,ECU_XDC,PA_RT,A,1996,0.0015417045526042
TCD,ECU_XDC,PA_RT,A,1997,0.00151077106545153
TCD,ECU_XDC,PA_RT,A,1998,0.00151341387170011
TCD,ECU_XDC,PA_RT,A,1999,
TGO,ECU_XDC,EOP_RT,A,1979,0.00345039488369335
TGO,ECU_XDC,EOP_RT,A,1980,0.00338171805678171
TGO,ECU_XDC,EOP_RT,A,1981,0.00320629480371824
TGO,ECU_XDC,EOP_RT,A,1982,0.00307324346252223
TGO,ECU_XDC,EOP_RT,A,1983,0.00289572990985202
TGO,ECU_XDC,EOP_RT,A,1984,0.00294127647398835
TGO,ECU_XDC,EOP_RT,A,1985,0.00297911111338186
TGO,ECU_XDC,EOP_RT,A,1986,0.00289459394057283
TGO,ECU_XDC,EOP_RT,A,1987,0.00287349881238294
TGO,ECU_XDC,EOP_RT,A,1988,0.00281500488811524
TGO,ECU_XDC,EOP_RT,A,1989,0.00288673769196084
TGO,ECU_XDC,EOP_RT,A,1990,0.0028602623000682
TGO,ECU_XDC,EOP_RT,A,1991,0.00287941223134004
TGO,ECU_XDC,EOP_RT,A,1992,0.00299948070740383
TGO,ECU_XDC,EOP_RT,A,1993,0.00302902572916322
TGO,ECU_XDC,EOP_RT,A,1994,0.00152072894061411
TGO,ECU_XDC,EOP_RT,A,1995,0.00155284904319653
TGO,ECU_XDC,EOP_RT,A,1996,0.00152394685203046
TGO,ECU_XDC,EOP_RT,A,1997,0.00151237426872547
TGO,ECU_XDC,EOP_RT,A,1998,0.00152448664560561
TGO,ECU_XDC,EOP_RT,A,1999,
TGO,ECU_XDC,PA_RT,A,1978,0.00347852652122593
TGO,ECU_XDC,PA_RT,A,1979,0.00342997373477008
TGO,ECU_XDC,PA_RT,A,1980,0.00340261485795689
TGO,ECU_XDC,PA_RT,A,1981,0.00329276505328815
TGO,ECU_XDC,PA_RT,A,1982,0.0031014368987526
TGO,ECU_XDC,PA_RT,A,1983,0.0029443129714704
TGO,ECU_XDC,PA_RT,A,1984,0.00290060916565517
TGO,ECU_XDC,PA_RT,A,1985,0.00292035190223884
TGO,ECU_XDC,PA_RT,A,1986,0.0029429728379665
TGO,ECU_XDC,PA_RT,A,1987,0.00288255577421199
TGO,ECU_XDC,PA_RT,A,1988,0.00283593378247298
TGO,ECU_XDC,PA_RT,A,1989,0.00284351504515254
TGO,ECU_XDC,PA_RT,A,1990,0.00288522787078115
TGO,ECU_XDC,PA_RT,A,1991,0.00285750232058045
TGO,ECU_XDC,PA_RT,A,1992,0.00291329000471803
TGO,ECU_XDC,PA_RT,A,1993,0.00301257400312542
TGO,ECU_XDC,PA_RT,A,1994,0.00151539680800747
TGO,ECU_XDC,PA_RT,A,1995,0.00153150061363609
TGO,ECU_XDC,PA_RT,A,1996,0.0015417045526042
TGO,ECU_XDC,PA_RT,A,1997,0.00151077106545153
TGO,ECU_XDC,PA_RT,A,1998,0.00151341387170011
TGO,ECU_XDC,PA_RT,A,1999,
THA,ECU_XDC,EOP_RT,A,1971,
THA,ECU_XDC,EOP_RT,A,1979,0.0339549263884357
THA,ECU_XDC,EOP_RT,A,1980,0.0370136663622018
THA,ECU_XDC,EOP_RT,A,1981,0.0400647446273178
THA,ECU_XDC,EOP_RT,A,1982,0.0449294832225842
THA,ECU_XDC,EOP_RT,A,1983,0.052548055259987
THA,ECU_XDC,EOP_RT,A,1984,0.0519571343250392
THA,ECU_XDC,EOP_RT,A,1985,0.042260898927355
THA,ECU_XDC,EOP_RT,A,1986,0.035753164727129
THA,ECU_XDC,EOP_RT,A,1987,0.0306032781374649
THA,ECU_XDC,EOP_RT,A,1988,0.0337878657232374
THA,ECU_XDC,EOP_RT,A,1989,0.0325193416914545
THA,ECU_XDC,EOP_RT,A,1990,0.0290041228490506
THA,ECU_XDC,EOP_RT,A,1991,0.0295003072752006
THA,ECU_XDC,EOP_RT,A,1992,0.0323601890974122
THA,ECU_XDC,EOP_RT,A,1993,0.034960104123496
THA,ECU_XDC,EOP_RT,A,1994,0.0324026182404266
THA,ECU_XDC,EOP_RT,A,1995,0.0302062735675388
THA,ECU_XDC,EOP_RT,A,1996,0.0311632552287525
THA,ECU_XDC,EOP_RT,A,1997,0.0191678802009757
THA,ECU_XDC,EOP_RT,A,1998,0.0233594515555838
THA,ECU_XDC,PA_RT,A,1971,
THA,ECU_XDC,PA_RT,A,1978,0.0385988362627542
THA,ECU_XDC,PA_RT,A,1979,0.0357329902042835
THA,ECU_XDC,PA_RT,A,1980,0.0351089348587305
THA,ECU_XDC,PA_RT,A,1981,0.0410050251265421
THA,ECU_XDC,PA_RT,A,1982,0.0443107137119597
THA,ECU_XDC,PA_RT,A,1983,0.0487813918330884
THA,ECU_XDC,PA_RT,A,1984,0.0536156652683027
THA,ECU_XDC,PA_RT,A,1985,0.048308531443206
THA,ECU_XDC,PA_RT,A,1986,0.0387533143512367
THA,ECU_XDC,PA_RT,A,1987,0.0336788189087693
THA,ECU_XDC,PA_RT,A,1988,0.0333945565272827
THA,ECU_XDC,PA_RT,A,1989,0.0352931002884832
THA,ECU_XDC,PA_RT,A,1990,0.0307028241885172
THA,ECU_XDC,PA_RT,A,1991,0.0315917862625063
THA,ECU_XDC,PA_RT,A,1992,0.0303590585401582
THA,ECU_XDC,PA_RT,A,1993,0.0336912057233136
THA,ECU_XDC,PA_RT,A,1994,0.0334535599636392
THA,ECU_XDC,PA_RT,A,1995,0.0306819478073514
THA,ECU_XDC,PA_RT,A,1996,0.0311199376551249
THA,ECU_XDC,PA_RT,A,1997,0.0281144432006592
THA,ECU_XDC,PA_RT,A,1998,0.0215873893022303
TJK,ECU_XDC,EOP_RT,A,1992,179.095795568486
TJK,ECU_XDC,EOP_RT,A,1993,64.4420766330692
TJK,ECU_XDC,EOP_RT,A,1994,20.6108266738068
TJK,ECU_XDC,EOP_RT,A,1995,2.5924907365121
TJK,ECU_XDC,EOP_RT,A,1996,2.43320416587912
TJK,ECU_XDC,EOP_RT,A,1997,1.21234917785207
TJK,ECU_XDC,EOP_RT,A,1998,0.87654084375734
TJK,ECU_XDC,EOP_RT,A,2000,
TJK,ECU_XDC,PA_RT,A,1992,312.383376532096
TJK,ECU_XDC,PA_RT,A,1993,82.3611923700665
TJK,ECU_XDC,PA_RT,A,1994,34.3489615589104
TJK,ECU_XDC,PA_RT,A,1995,6.22215683401192
TJK,ECU_XDC,PA_RT,A,1996,2.66890934229062
TJK,ECU_XDC,PA_RT,A,1997,1.56809270813592
TJK,ECU_XDC,PA_RT,A,1998,1.14964261936494
TJK,ECU_XDC,PA_RT,A,2000,
TKM,ECU_XDC,EOP_RT,A,1993,0.448683949404065
TKM,ECU_XDC,EOP_RT,A,1994,0.0108397558886974
TKM,ECU_XDC,EOP_RT,A,1995,0.00380448015583151
TKM,ECU_XDC,EOP_RT,A,1996,0.000196091146537678
TKM,ECU_XDC,EOP_RT,A,1997,0.000217436935379471
TKM,ECU_XDC,EOP_RT,A,1998,0.000164823391735755
TKM,ECU_XDC,PA_RT,A,1994,0.0438243991798283
TKM,ECU_XDC,PA_RT,A,1995,0.00689207621845237
TKM,ECU_XDC,PA_RT,A,1996,0.000242094355053784
TKM,ECU_XDC,PA_RT,A,1997,0.000212817312493739
TKM,ECU_XDC,PA_RT,A,1998,0.000182578889457953
TLS,ECU_XDC,EOP_RT,A,1979,0.693529371449844
TLS,ECU_XDC,EOP_RT,A,1980,0.763591937052224
TLS,ECU_XDC,EOP_RT,A,1981,0.921489126428308
TLS,ECU_XDC,EOP_RT,A,1982,1.03337811411944
TLS,ECU_XDC,EOP_RT,A,1983,1.2086052709797
TLS,ECU_XDC,EOP_RT,A,1984,1.41063619692481
TLS,ECU_XDC,EOP_RT,A,1985,1.12625295641401
TLS,ECU_XDC,EOP_RT,A,1986,0.93423019431988
TLS,ECU_XDC,EOP_RT,A,1987,0.767224182906245
TLS,ECU_XDC,EOP_RT,A,1988,0.852805730854511
TLS,ECU_XDC,EOP_RT,A,1989,0.835421888053467
TLS,ECU_XDC,EOP_RT,A,1990,0.73351426685249
TLS,ECU_XDC,EOP_RT,A,1991,0.745767767917071
TLS,ECU_XDC,EOP_RT,A,1992,0.825832025765959
TLS,ECU_XDC,EOP_RT,A,1993,0.892881059314089
TLS,ECU_XDC,EOP_RT,A,1994,0.812981691652304
TLS,ECU_XDC,EOP_RT,A,1995,0.760896031166301
TLS,ECU_XDC,EOP_RT,A,1996,0.798090966408351
TLS,ECU_XDC,EOP_RT,A,1997,0.905624835855498
TLS,ECU_XDC,EOP_RT,A,1998,0.857081637025927
TLS,ECU_XDC,PA_RT,A,1978,0.784949894493872
TLS,ECU_XDC,PA_RT,A,1979,0.729629652637058
TLS,ECU_XDC,PA_RT,A,1980,0.718902954436601
TLS,ECU_XDC,PA_RT,A,1981,0.894747830836945
TLS,ECU_XDC,PA_RT,A,1982,1.01915155728147
TLS,ECU_XDC,PA_RT,A,1983,1.12197767285412
TLS,ECU_XDC,PA_RT,A,1984,1.26744050977882
TLS,ECU_XDC,PA_RT,A,1985,1.3120059477603
TLS,ECU_XDC,PA_RT,A,1986,1.01916886778832
TLS,ECU_XDC,PA_RT,A,1987,0.866313403312202
TLS,ECU_XDC,PA_RT,A,1988,0.844677825799279
TLS,ECU_XDC,PA_RT,A,1989,0.907104899122379
TLS,ECU_XDC,PA_RT,A,1990,0.785545954438335
TLS,ECU_XDC,PA_RT,A,1991,0.80612114657298
TLS,ECU_XDC,PA_RT,A,1992,0.771123977457478
TLS,ECU_XDC,PA_RT,A,1993,0.853048225659688
TLS,ECU_XDC,PA_RT,A,1994,0.841355423587402
TLS,ECU_XDC,PA_RT,A,1995,0.764446120563344
TLS,ECU_XDC,PA_RT,A,1996,0.788662710646879
TLS,ECU_XDC,PA_RT,A,1997,0.881790799541765
TLS,ECU_XDC,PA_RT,A,1998,0.892841199264299
TON,ECU_XDC,EOP_RT,A,1961,
TON,ECU_XDC,EOP_RT,A,1966,
TON,ECU_XDC,EOP_RT,A,1971,
TON,ECU_XDC,EOP_RT,A,1972,
TON,ECU_XDC,EOP_RT,A,1975,
TON,ECU_XDC,EOP_RT,A,1979,0.766698739447887
TON,ECU_XDC,EOP_RT,A,1980,0.901575374673966
TON,ECU_XDC,EOP_RT,A,1981,1.0393503231295
TON,ECU_XDC,EOP_RT,A,1982,1.01333324747804
TON,ECU_XDC,EOP_RT,A,1983,1.090164826656
TON,ECU_XDC,EOP_RT,A,1984,1.16772772039985
TON,ECU_XDC,EOP_RT,A,1985,0.76686765847096
TON,ECU_XDC,EOP_RT,A,1986,0.621077869523498
TON,ECU_XDC,EOP_RT,A,1987,0.554320932606432
TON,ECU_XDC,EOP_RT,A,1988,0.728722497015179
TON,ECU_XDC,EOP_RT,A,1989,0.663826232247282
TON,ECU_XDC,EOP_RT,A,1990,0.566052959730065
TON,ECU_XDC,EOP_RT,A,1991,0.559998492344134
TON,ECU_XDC,EOP_RT,A,1992,0.594022541191044
TON,ECU_XDC,EOP_RT,A,1993,0.647322615867603
TON,ECU_XDC,EOP_RT,A,1994,0.646021343695313
TON,ECU_XDC,EOP_RT,A,1995,0.598978933850193
TON,ECU_XDC,EOP_RT,A,1996,0.658131487593279
TON,ECU_XDC,EOP_RT,A,1997,0.664918810733463
TON,ECU_XDC,EOP_RT,A,1998,0.530490679237198
TON,ECU_XDC,PA_RT,A,1961,
TON,ECU_XDC,PA_RT,A,1966,
TON,ECU_XDC,PA_RT,A,1971,
TON,ECU_XDC,PA_RT,A,1972,
TON,ECU_XDC,PA_RT,A,1975,
TON,ECU_XDC,PA_RT,A,1978,0.898426269505482
TON,ECU_XDC,PA_RT,A,1979,0.815523170774819
TON,ECU_XDC,PA_RT,A,1980,0.818535459549962
TON,ECU_XDC,PA_RT,A,1981,1.0281509546874
TON,ECU_XDC,PA_RT,A,1982,1.03372463018238
TON,ECU_XDC,PA_RT,A,1983,1.01073650815553
TON,ECU_XDC,PA_RT,A,1984,1.11221445534402
TON,ECU_XDC,PA_RT,A,1985,0.91623571557076
TON,ECU_XDC,PA_RT,A,1986,0.681247059244483
TON,ECU_XDC,PA_RT,A,1987,0.60656126415163
TON,ECU_XDC,PA_RT,A,1988,0.660040475838829
TON,ECU_XDC,PA_RT,A,1989,0.717791617691553
TON,ECU_XDC,PA_RT,A,1990,0.613262759912776
TON,ECU_XDC,PA_RT,A,1991,0.621952065899318
TON,ECU_XDC,PA_RT,A,1992,0.572402581251958
TON,ECU_XDC,PA_RT,A,1993,0.616324766131713
TON,ECU_XDC,PA_RT,A,1994,0.637284449387208
TON,ECU_XDC,PA_RT,A,1995,0.60147964470038
TON,ECU_XDC,PA_RT,A,1996,0.640161606571887
TON,ECU_XDC,PA_RT,A,1997,0.697885190983927
TON,ECU_XDC,PA_RT,A,1998,0.598396826908
TTO,ECU_XDC,EOP_RT,A,1971,
TTO,ECU_XDC,EOP_RT,A,1972,
TTO,ECU_XDC,EOP_RT,A,1974,
TTO,ECU_XDC,EOP_RT,A,1979,0.288970571557839
TTO,ECU_XDC,EOP_RT,A,1980,0.318163307237661
TTO,ECU_XDC,EOP_RT,A,1981,0.383953802838442
TTO,ECU_XDC,EOP_RT,A,1982,0.430574214395837
TTO,ECU_XDC,EOP_RT,A,1983,0.503585529784703
TTO,ECU_XDC,EOP_RT,A,1984,0.587765082052006
TTO,ECU_XDC,EOP_RT,A,1985,0.312848043448336
TTO,ECU_XDC,EOP_RT,A,1986,0.259508387311078
TTO,ECU_XDC,EOP_RT,A,1987,0.213117828585068
TTO,ECU_XDC,EOP_RT,A,1988,0.200660171965767
TTO,ECU_XDC,EOP_RT,A,1989,0.196569856012581
TTO,ECU_XDC,EOP_RT,A,1990,0.172591592200586
TTO,ECU_XDC,EOP_RT,A,1991,0.175474768921664
TTO,ECU_XDC,EOP_RT,A,1992,0.194313417827285
TTO,ECU_XDC,EOP_RT,A,1993,0.153571672195884
TTO,ECU_XDC,EOP_RT,A,1994,0.13702246539006
TTO,ECU_XDC,EOP_RT,A,1995,0.126877329236848
TTO,ECU_XDC,EOP_RT,A,1996,0.128838641764202
TTO,ECU_XDC,EOP_RT,A,1997,0.143752255727154
TTO,ECU_XDC,EOP_RT,A,1998,0.129929756238297
TTO,ECU_XDC,PA_RT,A,1971,
TTO,ECU_XDC,PA_RT,A,1972,
TTO,ECU_XDC,PA_RT,A,1974,
TTO,ECU_XDC,PA_RT,A,1978,0.327062456175389
TTO,ECU_XDC,PA_RT,A,1979,0.304012355392113
TTO,ECU_XDC,PA_RT,A,1980,0.299542897806727
TTO,ECU_XDC,PA_RT,A,1981,0.372811596337398
TTO,ECU_XDC,PA_RT,A,1982,0.424646482377548
TTO,ECU_XDC,PA_RT,A,1983,0.467490697217338
TTO,ECU_XDC,PA_RT,A,1984,0.528100212499526
TTO,ECU_XDC,PA_RT,A,1985,0.535512631738897
TTO,ECU_XDC,PA_RT,A,1986,0.283102463274533
TTO,ECU_XDC,PA_RT,A,1987,0.240642612031167
TTO,ECU_XDC,PA_RT,A,1988,0.219753580695747
TTO,ECU_XDC,PA_RT,A,1989,0.213436446852324
TTO,ECU_XDC,PA_RT,A,1990,0.184834342220785
TTO,ECU_XDC,PA_RT,A,1991,0.189675563899525
TTO,ECU_XDC,PA_RT,A,1992,0.181440935872348
TTO,ECU_XDC,PA_RT,A,1993,0.159415588765858
TTO,ECU_XDC,PA_RT,A,1994,0.142002613013641
TTO,ECU_XDC,PA_RT,A,1995,0.12852595179531
TTO,ECU_XDC,PA_RT,A,1996,0.131332900010707
TTO,ECU_XDC,PA_RT,A,1997,0.141048651662089
TTO,ECU_XDC,PA_RT,A,1998,0.141758908923437
TUN,ECU_XDC,EOP_RT,A,1957,
TUN,ECU_XDC,EOP_RT,A,1958,
TUN,ECU_XDC,EOP_RT,A,1972,
TUN,ECU_XDC,EOP_RT,A,1979,1.75200043754413
TUN,ECU_XDC,EOP_RT,A,1980,1.82372089533304
TUN,ECU_XDC,EOP_RT,A,1981,1.78704378593106
TUN,ECU_XDC,EOP_RT,A,1982,1.67824298140102
TUN,ECU_XDC,EOP_RT,A,1983,1.66222702651589
TUN,ECU_XDC,EOP_RT,A,1984,1.62778236432589
TUN,ECU_XDC,EOP_RT,A,1985,1.48788289373672
TUN,ECU_XDC,EOP_RT,A,1986,1.11191406131859
TUN,ECU_XDC,EOP_RT,A,1987,0.986339503639834
TUN,ECU_XDC,EOP_RT,A,1988,0.949196650736837
TUN,ECU_XDC,EOP_RT,A,1989,0.923526296764832
TUN,ECU_XDC,EOP_RT,A,1990,0.876622966062134
TUN,ECU_XDC,EOP_RT,A,1991,0.862657915462199
TUN,ECU_XDC,EOP_RT,A,1992,0.868702493836806
TUN,ECU_XDC,EOP_RT,A,1993,0.853125414976198
TUN,ECU_XDC,EOP_RT,A,1994,0.820199446784003
TUN,ECU_XDC,EOP_RT,A,1995,0.800269279728967
TUN,ECU_XDC,EOP_RT,A,1996,0.799289901260242
TUN,ECU_XDC,EOP_RT,A,1997,0.789215543229193
TUN,ECU_XDC,EOP_RT,A,1998,0.778457435990851
TUN,ECU_XDC,PA_RT,A,1957,
TUN,ECU_XDC,PA_RT,A,1958,
TUN,ECU_XDC,PA_RT,A,1972,
TUN,ECU_XDC,PA_RT,A,1978,1.88612423915659
TUN,ECU_XDC,PA_RT,A,1979,1.79507249606576
TUN,ECU_XDC,PA_RT,A,1980,1.77526993271717
TUN,ECU_XDC,PA_RT,A,1981,1.81194872997675
TUN,ECU_XDC,PA_RT,A,1982,1.7253650348227
TUN,ECU_XDC,PA_RT,A,1983,1.65296519329569
TUN,ECU_XDC,PA_RT,A,1984,1.63154753545415
TUN,ECU_XDC,PA_RT,A,1985,1.57221389908036
TUN,ECU_XDC,PA_RT,A,1986,1.28354084531528
TUN,ECU_XDC,PA_RT,A,1987,1.04543575136102
TUN,ECU_XDC,PA_RT,A,1988,0.984697741772001
TUN,ECU_XDC,PA_RT,A,1989,0.955530382639215
TUN,ECU_XDC,PA_RT,A,1990,0.894359720423151
TUN,ECU_XDC,PA_RT,A,1991,0.871839696350824
TUN,ECU_XDC,PA_RT,A,1992,0.871884797185555
TUN,ECU_XDC,PA_RT,A,1993,0.849868301763921
TUN,ECU_XDC,PA_RT,A,1994,0.831745299769647
TUN,ECU_XDC,PA_RT,A,1995,0.808296188806074
TUN,ECU_XDC,PA_RT,A,1996,0.810207477828125
TUN,ECU_XDC,PA_RT,A,1997,0.797345288902877
TUN,ECU_XDC,PA_RT,A,1998,0.78407095590621
TUR,ECU_XDC,EOP_RT,A,1957,
TUR,ECU_XDC,EOP_RT,A,1979,19618.9355436906
TUR,ECU_XDC,EOP_RT,A,1980,8470.70760508841
TUR,ECU_XDC,EOP_RT,A,1981,6896.18648312943
TUR,ECU_XDC,EOP_RT,A,1982,5533.48387748025
TUR,ECU_XDC,EOP_RT,A,1983,4273.71029345208
TUR,ECU_XDC,EOP_RT,A,1984,3171.85784101726
TUR,ECU_XDC,EOP_RT,A,1985,1952.40217456068
TUR,ECU_XDC,EOP_RT,A,1986,1232.83521070466
TUR,ECU_XDC,EOP_RT,A,1987,751.517467828627
TUR,ECU_XDC,EOP_RT,A,1988,469.906840743268
TUR,ECU_XDC,EOP_RT,A,1989,361.077710520194
TUR,ECU_XDC,EOP_RT,A,1990,250.340185337719
TUR,ECU_XDC,EOP_RT,A,1991,146.806990644945
TUR,ECU_XDC,EOP_RT,A,1992,96.4258013394889
TUR,ECU_XDC,EOP_RT,A,1993,61.6949266136159
TUR,ECU_XDC,EOP_RT,A,1994,20.9931749122632
TUR,ECU_XDC,EOP_RT,A,1995,12.7560105811618
TUR,ECU_XDC,EOP_RT,A,1996,7.40515858416471
TUR,ECU_XDC,EOP_RT,A,1997,4.40468293988716
TUR,ECU_XDC,EOP_RT,A,1998,2.72553181612498
TUR,ECU_XDC,EOP_RT,A,2005,
TUR,ECU_XDC,PA_RT,A,1957,
TUR,ECU_XDC,PA_RT,A,1978,32326.1884040907
TUR,ECU_XDC,PA_RT,A,1979,23477.7460432961
TUR,ECU_XDC,PA_RT,A,1980,9454.51177786564
TUR,ECU_XDC,PA_RT,A,1981,8044.94900065988
TUR,ECU_XDC,PA_RT,A,1982,6269.64094749001
TUR,ECU_XDC,PA_RT,A,1983,4976.4578529595
TUR,ECU_XDC,PA_RT,A,1984,3456.55066808255
TUR,ECU_XDC,PA_RT,A,1985,2513.50281197309
TUR,ECU_XDC,PA_RT,A,1986,1510.97274107966
TUR,ECU_XDC,PA_RT,A,1987,1010.61489298633
TUR,ECU_XDC,PA_RT,A,1988,593.862481264305
TUR,ECU_XDC,PA_RT,A,1989,427.541031355611
TUR,ECU_XDC,PA_RT,A,1990,301.132180964551
TUR,ECU_XDC,PA_RT,A,1991,193.230281196013
TUR,ECU_XDC,PA_RT,A,1992,112.205540906843
TUR,ECU_XDC,PA_RT,A,1993,77.6583603717457
TUR,ECU_XDC,PA_RT,A,1994,28.4158409624049
TUR,ECU_XDC,PA_RT,A,1995,16.6745578840529
TUR,ECU_XDC,PA_RT,A,1996,9.68814888761552
TUR,ECU_XDC,PA_RT,A,1997,5.80641227104181
TUR,ECU_XDC,PA_RT,A,1998,3.42446550048298
TUR,ECU_XDC,PA_RT,A,2005,
TUV,ECU_XDC,EOP_RT,A,1966,
TUV,ECU_XDC,EOP_RT,A,1971,
TUV,ECU_XDC,EOP_RT,A,1973,
TUV,ECU_XDC,EOP_RT,A,1974,
TUV,ECU_XDC,EOP_RT,A,1975,
TUV,ECU_XDC,EOP_RT,A,1979,0.766696719444272
TUV,ECU_XDC,EOP_RT,A,1980,0.901572999313968
TUV,ECU_XDC,EOP_RT,A,1981,1.039347584777
TUV,ECU_XDC,EOP_RT,A,1982,1.01333057767214
TUV,ECU_XDC,EOP_RT,A,1983,1.0901619544237
TUV,ECU_XDC,EOP_RT,A,1984,1.16772464381436
TUV,ECU_XDC,EOP_RT,A,1985,0.7668656380223
TUV,ECU_XDC,EOP_RT,A,1986,0.621076233183856
TUV,ECU_XDC,EOP_RT,A,1987,0.554319472149762
TUV,ECU_XDC,EOP_RT,A,1988,0.729575302746031
TUV,ECU_XDC,EOP_RT,A,1989,0.662238930659983
TUV,ECU_XDC,EOP_RT,A,1990,0.567226582557031
TUV,ECU_XDC,EOP_RT,A,1991,0.566634350063391
TUV,ECU_XDC,EOP_RT,A,1992,0.568667932942441
TUV,ECU_XDC,EOP_RT,A,1993,0.60456976526157
TUV,ECU_XDC,EOP_RT,A,1994,0.631524161815876
TUV,ECU_XDC,EOP_RT,A,1995,0.566867543218895
TUV,ECU_XDC,EOP_RT,A,1996,0.635679526572441
TUV,ECU_XDC,EOP_RT,A,1997,0.591101339419132
TUV,ECU_XDC,EOP_RT,A,1998,0.526162425541034
TUV,ECU_XDC,PA_RT,A,1966,
TUV,ECU_XDC,PA_RT,A,1971,
TUV,ECU_XDC,PA_RT,A,1973,
TUV,ECU_XDC,PA_RT,A,1974,
TUV,ECU_XDC,PA_RT,A,1975,
TUV,ECU_XDC,PA_RT,A,1978,0.898462295674583
TUV,ECU_XDC,PA_RT,A,1979,0.815555872596498
TUV,ECU_XDC,PA_RT,A,1980,0.818568282161991
TUV,ECU_XDC,PA_RT,A,1981,1.0281921827118
TUV,ECU_XDC,PA_RT,A,1982,1.03376608170667
TUV,ECU_XDC,PA_RT,A,1983,1.01077703787465
TUV,ECU_XDC,PA_RT,A,1984,1.11225905424702
TUV,ECU_XDC,PA_RT,A,1985,0.916272455884289
TUV,ECU_XDC,PA_RT,A,1986,0.681274376702341
TUV,ECU_XDC,PA_RT,A,1987,0.606585586769316
TUV,ECU_XDC,PA_RT,A,1988,0.659951813579836
TUV,ECU_XDC,PA_RT,A,1989,0.717307678434267
TUV,ECU_XDC,PA_RT,A,1990,0.613201566236988
TUV,ECU_XDC,PA_RT,A,1991,0.627939617208864
TUV,ECU_XDC,PA_RT,A,1992,0.566316543398365
TUV,ECU_XDC,PA_RT,A,1993,0.580083931060064
TUV,ECU_XDC,PA_RT,A,1994,0.615137935275054
TUV,ECU_XDC,PA_RT,A,1995,0.566662493722979
TUV,ECU_XDC,PA_RT,A,1996,0.617172971533377
TUV,ECU_XDC,PA_RT,A,1997,0.654448484868237
TUV,ECU_XDC,PA_RT,A,1998,0.560890380305434
TWN,ECU_XDC,EOP_RT,A,1957,
TWN,ECU_XDC,EOP_RT,A,1963,
TWN,ECU_XDC,EOP_RT,A,1979,0.0192486642095224
TWN,ECU_XDC,EOP_RT,A,1980,0.0212049968640219
TWN,ECU_XDC,EOP_RT,A,1981,0.0243522496419836
TWN,ECU_XDC,EOP_RT,A,1982,0.0258927114544056
TWN,ECU_XDC,EOP_RT,A,1983,0.0300125470824364
TWN,ECU_XDC,EOP_RT,A,1984,0.0357394526710112
TWN,ECU_XDC,EOP_RT,A,1985,0.0282623075637142
TWN,ECU_XDC,EOP_RT,A,1986,0.0263163435019685
TWN,ECU_XDC,EOP_RT,A,1987,0.026873001152583
TWN,ECU_XDC,EOP_RT,A,1988,0.0302735438712997
TWN,ECU_XDC,EOP_RT,A,1989,0.0319350874638175
TWN,ECU_XDC,EOP_RT,A,1990,0.027058959231684
TWN,ECU_XDC,EOP_RT,A,1991,0.0289641047039409
TWN,ECU_XDC,EOP_RT,A,1992,0.0325092322074542
TWN,ECU_XDC,EOP_RT,A,1993,0.0335341793477837
TWN,ECU_XDC,EOP_RT,A,1994,0.0309825339806518
TWN,ECU_XDC,EOP_RT,A,1995,0.0279074282474345
TWN,ECU_XDC,EOP_RT,A,1996,0.029030990739091
TWN,ECU_XDC,EOP_RT,A,1997,0.0277475591597371
TWN,ECU_XDC,EOP_RT,A,1998,0.0266042226541447
TWN,ECU_XDC,PA_RT,A,1957,
TWN,ECU_XDC,PA_RT,A,1963,
TWN,ECU_XDC,PA_RT,A,1978,0.0211840878322722
TWN,ECU_XDC,PA_RT,A,1979,0.020255857300212
TWN,ECU_XDC,PA_RT,A,1980,0.01997161151194
TWN,ECU_XDC,PA_RT,A,1981,0.0242817979255934
TWN,ECU_XDC,PA_RT,A,1982,0.0260492678996912
TWN,ECU_XDC,PA_RT,A,1983,0.0280038189337069
TWN,ECU_XDC,PA_RT,A,1984,0.0320084983655029
TWN,ECU_XDC,PA_RT,A,1985,0.0329247827152441
TWN,ECU_XDC,PA_RT,A,1986,0.0268741584834917
TWN,ECU_XDC,PA_RT,A,1987,0.0272043482941843
TWN,ECU_XDC,PA_RT,A,1988,0.0295461562509039
TWN,ECU_XDC,PA_RT,A,1989,0.0343509366978522
TWN,ECU_XDC,PA_RT,A,1990,0.0292535640128974
TWN,ECU_XDC,PA_RT,A,1991,0.030062573583891
TWN,ECU_XDC,PA_RT,A,1992,0.0306438334050506
TWN,ECU_XDC,PA_RT,A,1993,0.0323282499578906
TWN,ECU_XDC,PA_RT,A,1994,0.0318014636700774
TWN,ECU_XDC,PA_RT,A,1995,0.0288626346538383
TWN,ECU_XDC,PA_RT,A,1996,0.0287225111314327
TWN,ECU_XDC,PA_RT,A,1997,0.0307212960195717
TWN,ECU_XDC,PA_RT,A,1998,0.0266874265595881
TZA,ECU_XDC,EOP_RT,A,1979,0.0843566024581998
TZA,ECU_XDC,EOP_RT,A,1980,0.0933281108132958
TZA,ECU_XDC,EOP_RT,A,1981,0.110726625956963
TZA,ECU_XDC,EOP_RT,A,1982,0.108018241841748
TZA,ECU_XDC,EOP_RT,A,1983,0.0970260724181534
TZA,ECU_XDC,EOP_RT,A,1984,0.0779137478900869
TZA,ECU_XDC,EOP_RT,A,1985,0.0682606508405818
TZA,ECU_XDC,EOP_RT,A,1986,0.0180636129987274
TZA,ECU_XDC,EOP_RT,A,1987,0.00916445306359544
TZA,ECU_XDC,EOP_RT,A,1988,0.00682244584683609
TZA,ECU_XDC,EOP_RT,A,1989,0.00434436759258173
TZA,ECU_XDC,EOP_RT,A,1990,0.00373099830545519
TZA,ECU_XDC,EOP_RT,A,1991,0.00318840430917944
TZA,ECU_XDC,EOP_RT,A,1992,0.00246517022616704
TZA,ECU_XDC,EOP_RT,A,1993,0.00186066970383297
TZA,ECU_XDC,EOP_RT,A,1994,0.00155311306201761
TZA,ECU_XDC,EOP_RT,A,1995,0.00138254239255451
TZA,ECU_XDC,EOP_RT,A,1996,0.00133988813109991
TZA,ECU_XDC,EOP_RT,A,1997,0.00144999733553565
TZA,ECU_XDC,EOP_RT,A,1998,0.00125856334365041
TZA,ECU_XDC,PA_RT,A,1978,0.1017822621217
TZA,ECU_XDC,PA_RT,A,1979,0.0887991909970161
TZA,ECU_XDC,PA_RT,A,1980,0.0877075476912283
TZA,ECU_XDC,PA_RT,A,1981,0.108015564771926
TZA,ECU_XDC,PA_RT,A,1982,0.109791704081166
TZA,ECU_XDC,PA_RT,A,1983,0.100690970953231
TZA,ECU_XDC,PA_RT,A,1984,0.0828812313309199
TZA,ECU_XDC,PA_RT,A,1985,0.0750904829222811
TZA,ECU_XDC,PA_RT,A,1986,0.0311691341461417
TZA,ECU_XDC,PA_RT,A,1987,0.0134813053976862
TZA,ECU_XDC,PA_RT,A,1988,0.00850699859210978
TZA,ECU_XDC,PA_RT,A,1989,0.00632671506830687
TZA,ECU_XDC,PA_RT,A,1990,0.00402728595913737
TZA,ECU_XDC,PA_RT,A,1991,0.00367827454271863
TZA,ECU_XDC,PA_RT,A,1992,0.00259020167952268
TZA,ECU_XDC,PA_RT,A,1993,0.00210486779457492
TZA,ECU_XDC,PA_RT,A,1994,0.00165091140443051
TZA,ECU_XDC,PA_RT,A,1995,0.00133002262528233
TZA,ECU_XDC,PA_RT,A,1996,0.00135981799954058
TZA,ECU_XDC,PA_RT,A,1997,0.00144054629513172
TZA,ECU_XDC,PA_RT,A,1998,0.00134328249527026
UGA,ECU_XDC,EOP_RT,A,1979,9.46461831356092
UGA,ECU_XDC,EOP_RT,A,1980,10.089078908015
UGA,ECU_XDC,EOP_RT,A,1981,1.08219509857796
UGA,ECU_XDC,EOP_RT,A,1982,0.97654329439539
UGA,ECU_XDC,EOP_RT,A,1983,0.503585529576974
UGA,ECU_XDC,EOP_RT,A,1984,0.27127619171631
UGA,ECU_XDC,EOP_RT,A,1985,0.0804466397438579
UGA,ECU_XDC,EOP_RT,A,1986,0.0667307281657057
UGA,ECU_XDC,EOP_RT,A,1987,0.0127870697151041
UGA,ECU_XDC,EOP_RT,A,1988,0.00516851958093643
UGA,ECU_XDC,EOP_RT,A,1989,0.0022578969947391
UGA,ECU_XDC,EOP_RT,A,1990,0.00135835975343054
UGA,ECU_XDC,EOP_RT,A,1991,0.000815046740892973
UGA,ECU_XDC,EOP_RT,A,1992,0.00067849650886576
UGA,ECU_XDC,EOP_RT,A,1993,0.000790055354876865
UGA,ECU_XDC,EOP_RT,A,1994,0.000877220552728621
UGA,ECU_XDC,EOP_RT,A,1995,0.000753772877474171
UGA,ECU_XDC,EOP_RT,A,1996,0.000775154154962996
UGA,ECU_XDC,EOP_RT,A,1997,0.000794331104766644
UGA,ECU_XDC,EOP_RT,A,1998,0.000628963034164723
UGA,ECU_XDC,PA_RT,A,1978,10.1471525134056
UGA,ECU_XDC,PA_RT,A,1979,9.75071366997213
UGA,ECU_XDC,PA_RT,A,1980,9.6926379200961
UGA,ECU_XDC,PA_RT,A,1981,1.78762461460111
UGA,ECU_XDC,PA_RT,A,1982,1.08366579423714
UGA,ECU_XDC,PA_RT,A,1983,0.729208009007776
UGA,ECU_XDC,PA_RT,A,1984,0.352357993002712
UGA,ECU_XDC,PA_RT,A,1985,0.195233169810297
UGA,ECU_XDC,PA_RT,A,1986,0.0727977762705942
UGA,ECU_XDC,PA_RT,A,1987,0.0202214703419647
UGA,ECU_XDC,PA_RT,A,1988,0.00795846039241487
UGA,ECU_XDC,PA_RT,A,1989,0.00406606467241831
UGA,ECU_XDC,PA_RT,A,1990,0.00183172999035804
UGA,ECU_XDC,PA_RT,A,1991,0.00109824285512897
UGA,ECU_XDC,PA_RT,A,1992,0.000680102864049343
UGA,ECU_XDC,PA_RT,A,1993,0.000713837881903905
UGA,ECU_XDC,PA_RT,A,1994,0.00085901205852877
UGA,ECU_XDC,PA_RT,A,1995,0.000788969936076384
UGA,ECU_XDC,PA_RT,A,1996,0.000753918562188082
UGA,ECU_XDC,PA_RT,A,1997,0.000814204748938696
UGA,ECU_XDC,PA_RT,A,1998,0.000719855680162996
UKR,ECU_XDC,EOP_RT,A,1992,129.440756389649
UKR,ECU_XDC,EOP_RT,A,1993,7.08073798028619
UKR,ECU_XDC,EOP_RT,A,1994,0.780212755904322
UKR,ECU_XDC,EOP_RT,A,1995,0.424133796636734
UKR,ECU_XDC,EOP_RT,A,1996,0.422493894340048
UKR,ECU_XDC,EOP_RT,A,1997,0.47689564815982
UKR,ECU_XDC,EOP_RT,A,1998,0.250096771819646
UKR,ECU_XDC,PA_RT,A,1993,18.8206999593974
UKR,ECU_XDC,PA_RT,A,1994,2.56891307069384
UKR,ECU_XDC,PA_RT,A,1995,0.518945824593686
UKR,ECU_XDC,PA_RT,A,1996,0.431088420216065
UKR,ECU_XDC,PA_RT,A,1997,0.473658771726874
UKR,ECU_XDC,PA_RT,A,1998,0.364493166788739
URY,ECU_XDC,EOP_RT,A,1964,
URY,ECU_XDC,EOP_RT,A,1975,
URY,ECU_XDC,EOP_RT,A,1979,82.1425288937396
URY,ECU_XDC,EOP_RT,A,1980,76.3591937052224
URY,ECU_XDC,EOP_RT,A,1981,79.7066972085726
URY,ECU_XDC,EOP_RT,A,1982,30.8471078841623
URY,ECU_XDC,EOP_RT,A,1983,28.1070993251093
URY,ECU_XDC,EOP_RT,A,1984,19.0626513097948
URY,ECU_XDC,EOP_RT,A,1985,9.02807981093395
URY,ECU_XDC,EOP_RT,A,1986,5.19016774622156
URY,ECU_XDC,EOP_RT,A,1987,2.74498813204381
URY,ECU_XDC,EOP_RT,A,1988,1.89512384634336
URY,ECU_XDC,EOP_RT,A,1989,1.03908195031526
URY,ECU_XDC,EOP_RT,A,1990,0.460460933366284
URY,ECU_XDC,EOP_RT,A,1991,0.299745887426475
URY,ECU_XDC,EOP_RT,A,1992,0.237308053381023
URY,ECU_XDC,EOP_RT,A,1993,0.202192268866415
URY,ECU_XDC,EOP_RT,A,1994,0.145149382548171
URY,ECU_XDC,EOP_RT,A,1995,0.107002676299578
URY,ECU_XDC,EOP_RT,A,1996,0.0915977236782224
URY,ECU_XDC,EOP_RT,A,1997,0.0902016768780377
URY,ECU_XDC,EOP_RT,A,1998,0.0792346895651222
URY,ECU_XDC,PA_RT,A,1964,
URY,ECU_XDC,PA_RT,A,1975,
URY,ECU_XDC,PA_RT,A,1978,130.318189456647
URY,ECU_XDC,PA_RT,A,1979,93.0847951482532
URY,ECU_XDC,PA_RT,A,1980,79.2397855537726
URY,ECU_XDC,PA_RT,A,1981,82.8981930979257
URY,ECU_XDC,PA_RT,A,1982,73.567244269596
URY,ECU_XDC,PA_RT,A,1983,32.6385592452291
URY,ECU_XDC,PA_RT,A,1984,22.6760587388863
URY,ECU_XDC,PA_RT,A,1985,12.9701462043906
URY,ECU_XDC,PA_RT,A,1986,6.73011177214512
URY,ECU_XDC,PA_RT,A,1987,3.84137549228323
URY,ECU_XDC,PA_RT,A,1988,2.35609527220289
URY,ECU_XDC,PA_RT,A,1989,1.4602970684034
URY,ECU_XDC,PA_RT,A,1990,0.671702941201286
URY,ECU_XDC,PA_RT,A,1991,0.399532039491051
URY,ECU_XDC,PA_RT,A,1992,0.254932889196124
URY,ECU_XDC,PA_RT,A,1993,0.216449729620521
URY,ECU_XDC,PA_RT,A,1994,0.16680597226112
URY,ECU_XDC,PA_RT,A,1995,0.120404177124483
URY,ECU_XDC,PA_RT,A,1996,0.0989311589530069
URY,ECU_XDC,PA_RT,A,1997,0.0933919047722122
URY,ECU_XDC,PA_RT,A,1998,0.0852605332609566
USA,ECU_XDC,EOP_RT,A,1979,0.693529371449844
USA,ECU_XDC,EOP_RT,A,1980,0.763591937052224
USA,ECU_XDC,EOP_RT,A,1981,0.921489126428308
USA,ECU_XDC,EOP_RT,A,1982,1.03337811411944
USA,ECU_XDC,EOP_RT,A,1983,1.2086052709797
USA,ECU_XDC,EOP_RT,A,1984,1.41063619692481
USA,ECU_XDC,EOP_RT,A,1985,1.12625295641401
USA,ECU_XDC,EOP_RT,A,1986,0.93423019431988
USA,ECU_XDC,EOP_RT,A,1987,0.767224182906245
USA,ECU_XDC,EOP_RT,A,1988,0.852805730854511
USA,ECU_XDC,EOP_RT,A,1989,0.835421888053467
USA,ECU_XDC,EOP_RT,A,1990,0.73351426685249
USA,ECU_XDC,EOP_RT,A,1991,0.745767767917071
USA,ECU_XDC,EOP_RT,A,1992,0.825832025765959
USA,ECU_XDC,EOP_RT,A,1993,0.892881059314089
USA,ECU_XDC,EOP_RT,A,1994,0.812981691652304
USA,ECU_XDC,EOP_RT,A,1995,0.760896031166301
USA,ECU_XDC,EOP_RT,A,1996,0.798090966408351
USA,ECU_XDC,EOP_RT,A,1997,0.905624835855498
USA,ECU_XDC,EOP_RT,A,1998,0.857081637025927
USA,ECU_XDC,PA_RT,A,1978,0.784949894493872
USA,ECU_XDC,PA_RT,A,1979,0.729629652637058
USA,ECU_XDC,PA_RT,A,1980,0.718902954436601
USA,ECU_XDC,PA_RT,A,1981,0.894747830836945
USA,ECU_XDC,PA_RT,A,1982,1.01915155728147
USA,ECU_XDC,PA_RT,A,1983,1.12197767285412
USA,ECU_XDC,PA_RT,A,1984,1.26744050977882
USA,ECU_XDC,PA_RT,A,1985,1.3120059477603
USA,ECU_XDC,PA_RT,A,1986,1.01916886778832
USA,ECU_XDC,PA_RT,A,1987,0.866313403312202
USA,ECU_XDC,PA_RT,A,1988,0.844677825799279
USA,ECU_XDC,PA_RT,A,1989,0.907104899122379
USA,ECU_XDC,PA_RT,A,1990,0.785545954438335
USA,ECU_XDC,PA_RT,A,1991,0.80612114657298
USA,ECU_XDC,PA_RT,A,1992,0.771123977457478
USA,ECU_XDC,PA_RT,A,1993,0.853048225659688
USA,ECU_XDC,PA_RT,A,1994,0.841355423587402
USA,ECU_XDC,PA_RT,A,1995,0.764446120563344
USA,ECU_XDC,PA_RT,A,1996,0.788662710646879
USA,ECU_XDC,PA_RT,A,1997,0.881790799541765
USA,ECU_XDC,PA_RT,A,1998,0.892841199264299
UZB,ECU_XDC,PA_RT,A,1995,0.0256740930499864
UZB,ECU_XDC,PA_RT,A,1996,0.0196837614970103
UZB,ECU_XDC,PA_RT,A,1997,0.0140152180059618
UZB,ECU_XDC,PA_RT,A,1998,0.00944888825396559
VCT,ECU_XDC,EOP_RT,A,1971,
VCT,ECU_XDC,EOP_RT,A,1972,
VCT,ECU_XDC,EOP_RT,A,1974,
VCT,ECU_XDC,EOP_RT,A,1976,
VCT,ECU_XDC,EOP_RT,A,1979,0.256862730166609
VCT,ECU_XDC,EOP_RT,A,1980,0.282811828537861
VCT,ECU_XDC,EOP_RT,A,1981,0.341292269047522
VCT,ECU_XDC,EOP_RT,A,1982,0.38273263485905
VCT,ECU_XDC,EOP_RT,A,1983,0.447631581844334
VCT,ECU_XDC,EOP_RT,A,1984,0.522457850712894
VCT,ECU_XDC,EOP_RT,A,1985,0.417130724597782
VCT,ECU_XDC,EOP_RT,A,1986,0.346011183081437
VCT,ECU_XDC,EOP_RT,A,1987,0.284157104780091
VCT,ECU_XDC,EOP_RT,A,1988,0.31585397439056
VCT,ECU_XDC,EOP_RT,A,1989,0.309415514093877
VCT,ECU_XDC,EOP_RT,A,1990,0.271671950686108
VCT,ECU_XDC,EOP_RT,A,1991,0.27621028441373
VCT,ECU_XDC,EOP_RT,A,1992,0.305863713246652
VCT,ECU_XDC,EOP_RT,A,1993,0.330696688634848
VCT,ECU_XDC,EOP_RT,A,1994,0.301104330241594
VCT,ECU_XDC,EOP_RT,A,1995,0.281813344876408
VCT,ECU_XDC,EOP_RT,A,1996,0.295589246817908
VCT,ECU_XDC,EOP_RT,A,1997,0.335416605872407
VCT,ECU_XDC,EOP_RT,A,1998,0.317437643342936
VCT,ECU_XDC,PA_RT,A,1971,
VCT,ECU_XDC,PA_RT,A,1972,
VCT,ECU_XDC,PA_RT,A,1974,
VCT,ECU_XDC,PA_RT,A,1976,
VCT,ECU_XDC,PA_RT,A,1978,0.290722183145879
VCT,ECU_XDC,PA_RT,A,1979,0.270233204680392
VCT,ECU_XDC,PA_RT,A,1980,0.266260353495038
VCT,ECU_XDC,PA_RT,A,1981,0.331388085495165
VCT,ECU_XDC,PA_RT,A,1982,0.377463539733878
VCT,ECU_XDC,PA_RT,A,1983,0.415547286242267
VCT,ECU_XDC,PA_RT,A,1984,0.469422411029192
VCT,ECU_XDC,PA_RT,A,1985,0.48592812880011
VCT,ECU_XDC,PA_RT,A,1986,0.377469951032711
VCT,ECU_XDC,PA_RT,A,1987,0.320856816041556
VCT,ECU_XDC,PA_RT,A,1988,0.312843639184918
VCT,ECU_XDC,PA_RT,A,1989,0.335964777452733
VCT,ECU_XDC,PA_RT,A,1990,0.290942946088272
VCT,ECU_XDC,PA_RT,A,1991,0.298563387619622
VCT,ECU_XDC,PA_RT,A,1992,0.285601473132399
VCT,ECU_XDC,PA_RT,A,1993,0.315943787281366
VCT,ECU_XDC,PA_RT,A,1994,0.311613119847186
VCT,ECU_XDC,PA_RT,A,1995,0.283128192801239
VCT,ECU_XDC,PA_RT,A,1996,0.292097300239585
VCT,ECU_XDC,PA_RT,A,1997,0.326589185015469
VCT,ECU_XDC,PA_RT,A,1998,0.330681925653444
VEN,ECU_XDC,EOP_RT,A,1957,
VEN,ECU_XDC,EOP_RT,A,1964,
VEN,ECU_XDC,EOP_RT,A,1979,161.285900337173
VEN,ECU_XDC,EOP_RT,A,1980,177.579520244703
VEN,ECU_XDC,EOP_RT,A,1981,214.299796843793
VEN,ECU_XDC,EOP_RT,A,1982,240.320491655683
VEN,ECU_XDC,EOP_RT,A,1983,281.070993251093
VEN,ECU_XDC,EOP_RT,A,1984,188.084826256642
VEN,ECU_XDC,EOP_RT,A,1985,150.167060855201
VEN,ECU_XDC,EOP_RT,A,1986,64.4296685737849
VEN,ECU_XDC,EOP_RT,A,1987,52.9120126142238
VEN,ECU_XDC,EOP_RT,A,1988,58.8141883347939
VEN,ECU_XDC,EOP_RT,A,1989,19.383338469918
VEN,ECU_XDC,EOP_RT,A,1990,14.5538545010415
VEN,ECU_XDC,EOP_RT,A,1991,12.1066196090434
VEN,ECU_XDC,EOP_RT,A,1992,10.3878242234712
VEN,ECU_XDC,EOP_RT,A,1993,8.45531306168645
VEN,ECU_XDC,EOP_RT,A,1994,4.78224524501355
VEN,ECU_XDC,EOP_RT,A,1995,2.62377941781483
VEN,ECU_XDC,EOP_RT,A,1996,1.67490234293463
VEN,ECU_XDC,EOP_RT,A,1997,1.79580574232699
VEN,ECU_XDC,EOP_RT,A,1998,1.51830227993964
VEN,ECU_XDC,EOP_RT,A,2008,
VEN,ECU_XDC,EOP_RT,A,2010,
VEN,ECU_XDC,PA_RT,A,1957,
VEN,ECU_XDC,PA_RT,A,1964,
VEN,ECU_XDC,PA_RT,A,1978,182.546487091598
VEN,ECU_XDC,PA_RT,A,1979,169.681314566758
VEN,ECU_XDC,PA_RT,A,1980,167.186733589907
VEN,ECU_XDC,PA_RT,A,1981,208.080890892313
VEN,ECU_XDC,PA_RT,A,1982,237.011990065458
VEN,ECU_XDC,PA_RT,A,1983,260.925040198633
VEN,ECU_XDC,PA_RT,A,1984,180.63285174995
VEN,ECU_XDC,PA_RT,A,1985,174.93412636804
VEN,ECU_XDC,PA_RT,A,1986,126.082746530514
VEN,ECU_XDC,PA_RT,A,1987,59.7457519525657
VEN,ECU_XDC,PA_RT,A,1988,58.253643158571
VEN,ECU_XDC,PA_RT,A,1989,26.1476310100133
VEN,ECU_XDC,PA_RT,A,1990,16.7523573009775
VEN,ECU_XDC,PA_RT,A,1991,14.1860298561017
VEN,ECU_XDC,PA_RT,A,1992,11.2764900432485
VEN,ECU_XDC,PA_RT,A,1993,9.39049509945533
VEN,ECU_XDC,PA_RT,A,1994,5.72902745449062
VEN,ECU_XDC,PA_RT,A,1995,4.32277152196415
VEN,ECU_XDC,PA_RT,A,1996,1.88969141163742
VEN,ECU_XDC,PA_RT,A,1997,1.80460631600061
VEN,ECU_XDC,PA_RT,A,1998,1.63056163498685
VEN,ECU_XDC,PA_RT,A,2008,
VEN,ECU_XDC,PA_RT,A,2010,
VNM,ECU_XDC,EOP_RT,A,1975,
VNM,ECU_XDC,EOP_RT,A,1979,2.75778624775713
VNM,ECU_XDC,EOP_RT,A,1980,2.93974087790562
VNM,ECU_XDC,EOP_RT,A,1981,0.819121923852703
VNM,ECU_XDC,EOP_RT,A,1982,0.851505790680564
VNM,ECU_XDC,EOP_RT,A,1983,0.945505163163188
VNM,ECU_XDC,EOP_RT,A,1984,1.07860987601184
VNM,ECU_XDC,EOP_RT,A,1985,0.0503072230670692
VNM,ECU_XDC,EOP_RT,A,1986,0.0417299919294196
VNM,ECU_XDC,EOP_RT,A,1987,0.0027416162873255
VNM,ECU_XDC,EOP_RT,A,1988,0.000761858832700848
VNM,ECU_XDC,EOP_RT,A,1989,0.000156208369859244
VNM,ECU_XDC,EOP_RT,A,1990,9.07323407007332e-05
VNM,ECU_XDC,EOP_RT,A,1991,6.51752473600237e-05
VNM,ECU_XDC,EOP_RT,A,1992,7.81667795329824e-05
VNM,ECU_XDC,EOP_RT,A,1993,8.23501092288761e-05
VNM,ECU_XDC,EOP_RT,A,1994,7.35663461815495e-05
VNM,ECU_XDC,EOP_RT,A,1995,6.90781689665276e-05
VNM,ECU_XDC,EOP_RT,A,1996,7.15840852460625e-05
VNM,ECU_XDC,EOP_RT,A,1997,7.36759547555726e-05
VNM,ECU_XDC,EOP_RT,A,1998,6.17049414705491e-05
VNM,ECU_XDC,PA_RT,A,1975,
VNM,ECU_XDC,PA_RT,A,1983,1.11999424963046
VNM,ECU_XDC,PA_RT,A,1985,
VNM,ECU_XDC,PA_RT,A,1986,0.0444339251961685
VNM,ECU_XDC,PA_RT,A,1987,0.010972476524401
VNM,ECU_XDC,PA_RT,A,1988,0.0013809911381961
VNM,ECU_XDC,PA_RT,A,1989,0.000201503346192747
VNM,ECU_XDC,PA_RT,A,1990,0.00012015806892668
VNM,ECU_XDC,PA_RT,A,1991,7.9641340626858e-05
VNM,ECU_XDC,PA_RT,A,1992,6.8836884817106e-05
VNM,ECU_XDC,PA_RT,A,1993,8.01664849102427e-05
VNM,ECU_XDC,PA_RT,A,1994,7.6726335859264e-05
VNM,ECU_XDC,PA_RT,A,1995,6.92542858300314e-05
VNM,ECU_XDC,PA_RT,A,1996,7.14848632290908e-05
VNM,ECU_XDC,PA_RT,A,1997,7.54742481776118e-05
VNM,ECU_XDC,PA_RT,A,1998,6.72928247862752e-05
VUT,ECU_XDC,EOP_RT,A,1979,0.0106746591688854
VUT,ECU_XDC,EOP_RT,A,1980,0.0104621902359748
VUT,ECU_XDC,EOP_RT,A,1981,0.010100724832165
VUT,ECU_XDC,EOP_RT,A,1982,0.0107475622893337
VUT,ECU_XDC,EOP_RT,A,1983,0.0118758501620475
VUT,ECU_XDC,EOP_RT,A,1984,0.0137515714264458
VUT,ECU_XDC,EOP_RT,A,1985,0.0112344434555014
VUT,ECU_XDC,EOP_RT,A,1986,0.00803708013007468
VUT,ECU_XDC,EOP_RT,A,1987,0.00762951653645829
VUT,ECU_XDC,EOP_RT,A,1988,0.00811809358262267
VUT,ECU_XDC,EOP_RT,A,1989,0.00754671985594821
VUT,ECU_XDC,EOP_RT,A,1990,0.00671408939910746
VUT,ECU_XDC,EOP_RT,A,1991,0.00673136355191868
VUT,ECU_XDC,EOP_RT,A,1992,0.00693976492240302
VUT,ECU_XDC,EOP_RT,A,1993,0.00739139949763319
VUT,ECU_XDC,EOP_RT,A,1994,0.00725358397262941
VUT,ECU_XDC,EOP_RT,A,1995,0.00668978399126342
VUT,ECU_XDC,EOP_RT,A,1996,0.00720493785689583
VUT,ECU_XDC,EOP_RT,A,1997,0.00728521306295148
VUT,ECU_XDC,EOP_RT,A,1998,0.00660411185872959
VUT,ECU_XDC,PA_RT,A,1978,0.0107617324503904
VUT,ECU_XDC,PA_RT,A,1979,0.0106115216947555
VUT,ECU_XDC,PA_RT,A,1980,0.0105268798461121
VUT,ECU_XDC,PA_RT,A,1981,0.0101877415057757
VUT,ECU_XDC,PA_RT,A,1982,0.0105932651538357
VUT,ECU_XDC,PA_RT,A,1983,0.0112911751201499
VUT,ECU_XDC,PA_RT,A,1984,0.0127723262659227
VUT,ECU_XDC,PA_RT,A,1985,0.0123737180506001
VUT,ECU_XDC,PA_RT,A,1986,0.00960792704394487
VUT,ECU_XDC,PA_RT,A,1987,0.00788639030772987
VUT,ECU_XDC,PA_RT,A,1988,0.00808878223746626
VUT,ECU_XDC,PA_RT,A,1989,0.00781706196730236
VUT,ECU_XDC,PA_RT,A,1990,0.00671055498244154
VUT,ECU_XDC,PA_RT,A,1991,0.0072184566516497
VUT,ECU_XDC,PA_RT,A,1992,0.00680053481993807
VUT,ECU_XDC,PA_RT,A,1993,0.00701630513849925
VUT,ECU_XDC,PA_RT,A,1994,0.00722782890414846
VUT,ECU_XDC,PA_RT,A,1995,0.00681861347076585
VUT,ECU_XDC,PA_RT,A,1996,0.00705933220035547
VUT,ECU_XDC,PA_RT,A,1997,0.00760995454411511
VUT,ECU_XDC,PA_RT,A,1998,0.00700171505294802
WSM,ECU_XDC,EOP_RT,A,1971,
WSM,ECU_XDC,EOP_RT,A,1979,0.761217837409819
WSM,ECU_XDC,EOP_RT,A,1980,0.82177000597264
WSM,ECU_XDC,EOP_RT,A,1981,0.838324731846661
WSM,ECU_XDC,EOP_RT,A,1982,0.835320863733925
WSM,ECU_XDC,EOP_RT,A,1983,0.745914913881938
WSM,ECU_XDC,EOP_RT,A,1984,0.646212440400621
WSM,ECU_XDC,EOP_RT,A,1985,0.488343281901115
WSM,ECU_XDC,EOP_RT,A,1986,0.425074738415545
WSM,ECU_XDC,EOP_RT,A,1987,0.381540586159277
WSM,ECU_XDC,EOP_RT,A,1988,0.396981067712774
WSM,ECU_XDC,EOP_RT,A,1989,0.364828738512949
WSM,ECU_XDC,EOP_RT,A,1990,0.314384214772977
WSM,ECU_XDC,EOP_RT,A,1991,0.304571556417332
WSM,ECU_XDC,EOP_RT,A,1992,0.32290032207449
WSM,ECU_XDC,EOP_RT,A,1993,0.342419886246953
WSM,ECU_XDC,EOP_RT,A,1994,0.331615232024975
WSM,ECU_XDC,EOP_RT,A,1995,0.301086559532506
WSM,ECU_XDC,EOP_RT,A,1996,0.327855769000551
WSM,ECU_XDC,EOP_RT,A,1997,0.327383378161763
WSM,ECU_XDC,EOP_RT,A,1998,0.284722519820013
WSM,ECU_XDC,PA_RT,A,1971,
WSM,ECU_XDC,PA_RT,A,1978,1.06602593287397
WSM,ECU_XDC,PA_RT,A,1979,0.883159588279346
WSM,ECU_XDC,PA_RT,A,1980,0.782005593220913
WSM,ECU_XDC,PA_RT,A,1981,0.865255594685249
WSM,ECU_XDC,PA_RT,A,1982,0.844134948786072
WSM,ECU_XDC,PA_RT,A,1983,0.724262695501952
WSM,ECU_XDC,PA_RT,A,1984,0.680575922296565
WSM,ECU_XDC,PA_RT,A,1985,0.584341304209309
WSM,ECU_XDC,PA_RT,A,1986,0.455848958665646
WSM,ECU_XDC,PA_RT,A,1987,0.408301677301755
WSM,ECU_XDC,PA_RT,A,1988,0.406009872510392
WSM,ECU_XDC,PA_RT,A,1989,0.399571944713499
WSM,ECU_XDC,PA_RT,A,1990,0.340085021810925
WSM,ECU_XDC,PA_RT,A,1991,0.335936674440428
WSM,ECU_XDC,PA_RT,A,1992,0.312663249373718
WSM,ECU_XDC,PA_RT,A,1993,0.332105851812152
WSM,ECU_XDC,PA_RT,A,1994,0.331890764620901
WSM,ECU_XDC,PA_RT,A,1995,0.309066399606485
WSM,ECU_XDC,PA_RT,A,1996,0.320311666702347
WSM,ECU_XDC,PA_RT,A,1997,0.344534094452257
WSM,ECU_XDC,PA_RT,A,1998,0.302895541401407
YAR,ECU_XDC,EOP_RT,A,1970,
YAR,ECU_XDC,EOP_RT,A,1979,0.152006437611364
YAR,ECU_XDC,EOP_RT,A,1980,0.167362616376896
YAR,ECU_XDC,EOP_RT,A,1981,0.201970219535403
YAR,ECU_XDC,EOP_RT,A,1982,0.2264938332813
YAR,ECU_XDC,EOP_RT,A,1983,0.258442269055521
YAR,ECU_XDC,EOP_RT,A,1984,0.240722900499115
YAR,ECU_XDC,EOP_RT,A,1985,0.139043574865927
YAR,ECU_XDC,EOP_RT,A,1986,0.0762636893322351
YAR,ECU_XDC,EOP_RT,A,1987,0.077497392212752
YAR,ECU_XDC,EOP_RT,A,1988,0.0873776363580442
YAR,ECU_XDC,EOP_RT,A,1989,0.085596504923511
YAR,ECU_XDC,PA_RT,A,1970,
YAR,ECU_XDC,PA_RT,A,1978,0.172043812529516
YAR,ECU_XDC,PA_RT,A,1979,0.159918828010296
YAR,ECU_XDC,PA_RT,A,1980,0.157567770869955
YAR,ECU_XDC,PA_RT,A,1981,0.19610911365108
YAR,ECU_XDC,PA_RT,A,1982,0.223375683836678
YAR,ECU_XDC,PA_RT,A,1983,0.245045520640089
YAR,ECU_XDC,PA_RT,A,1984,0.236760941450199
YAR,ECU_XDC,PA_RT,A,1985,0.178180979777315
YAR,ECU_XDC,PA_RT,A,1986,0.105732051642257
YAR,ECU_XDC,PA_RT,A,1987,0.0837692251389717
YAR,ECU_XDC,PA_RT,A,1988,0.0864415308680824
YAR,ECU_XDC,PA_RT,A,1989,0.0929410757297519
YEM,ECU_XDC,EOP_RT,A,1990,0.0610752928270183
YEM,ECU_XDC,EOP_RT,A,1991,0.0620955676866837
YEM,ECU_XDC,EOP_RT,A,1992,0.0687620337856752
YEM,ECU_XDC,EOP_RT,A,1993,0.0743448009420557
YEM,ECU_XDC,EOP_RT,A,1994,0.0676920642508163
YEM,ECU_XDC,EOP_RT,A,1995,0.0132176496438848
YEM,ECU_XDC,EOP_RT,A,1996,0.0062886373525203
YEM,ECU_XDC,EOP_RT,A,1997,0.00694178166377049
YEM,ECU_XDC,EOP_RT,A,1998,0.00605069987310926
YEM,ECU_XDC,EOP_RT,A,2010,
YEM,ECU_XDC,EOP_RT,A,2012,
YEM,ECU_XDC,PA_RT,A,1990,0.065407323191146
YEM,ECU_XDC,PA_RT,A,1991,0.0671208272368763
YEM,ECU_XDC,PA_RT,A,1992,0.0642068248540239
YEM,ECU_XDC,PA_RT,A,1993,0.07102816099372
YEM,ECU_XDC,PA_RT,A,1994,0.0700545721589085
YEM,ECU_XDC,PA_RT,A,1995,0.0187184553762001
YEM,ECU_XDC,PA_RT,A,1996,0.00837606871769579
YEM,ECU_XDC,PA_RT,A,1997,0.00682073882729535
YEM,ECU_XDC,PA_RT,A,1998,0.00657072599392338
YEM,ECU_XDC,PA_RT,A,2010,
YEM,ECU_XDC,PA_RT,A,2012,
YMD,ECU_XDC,EOP_RT,A,1979,2.00790623552806
YMD,ECU_XDC,EOP_RT,A,1980,2.21075137539001
YMD,ECU_XDC,EOP_RT,A,1981,2.66789531791375
YMD,ECU_XDC,EOP_RT,A,1982,2.99183631496521
YMD,ECU_XDC,EOP_RT,A,1983,3.49915397933183
YMD,ECU_XDC,EOP_RT,A,1984,4.08407391592608
YMD,ECU_XDC,EOP_RT,A,1985,3.26072755828359
YMD,ECU_XDC,EOP_RT,A,1986,2.70478325859492
YMD,ECU_XDC,EOP_RT,A,1987,2.22126745435016
YMD,ECU_XDC,EOP_RT,A,1988,2.46904315196998
YMD,ECU_XDC,EOP_RT,A,1989,2.4187134502924
YMD,ECU_XDC,PA_RT,A,1978,2.27261511245527
YMD,ECU_XDC,PA_RT,A,1979,2.11244996236051
YMD,ECU_XDC,PA_RT,A,1980,2.08139364066647
YMD,ECU_XDC,PA_RT,A,1981,2.59050603925202
YMD,ECU_XDC,PA_RT,A,1982,2.95068417386515
YMD,ECU_XDC,PA_RT,A,1983,3.24839003489486
YMD,ECU_XDC,PA_RT,A,1984,3.66953925594695
YMD,ECU_XDC,PA_RT,A,1985,3.79856670698851
YMD,ECU_XDC,PA_RT,A,1986,2.95073428332292
YMD,ECU_XDC,PA_RT,A,1987,2.50818165668931
YMD,ECU_XDC,PA_RT,A,1988,2.4455415561872
YMD,ECU_XDC,PA_RT,A,1989,2.62628265933896
YUG,ECU_XDC,EOP_RT,A,1957,
YUG,ECU_XDC,EOP_RT,A,1966,
YUG,ECU_XDC,EOP_RT,A,1979,361.910646290265
YUG,ECU_XDC,EOP_RT,A,1980,260.638269132774
YUG,ECU_XDC,EOP_RT,A,1981,220.330709525941
YUG,ECU_XDC,EOP_RT,A,1982,165.374896240174
YUG,ECU_XDC,EOP_RT,A,1983,96.1706389589903
YUG,ECU_XDC,EOP_RT,A,1984,66.6183168247064
YUG,ECU_XDC,EOP_RT,A,1985,36.0049537703685
YUG,ECU_XDC,EOP_RT,A,1986,20.4346251874509
YUG,ECU_XDC,EOP_RT,A,1987,6.16739696869972
YUG,ECU_XDC,EOP_RT,A,1988,1.63662446716892
YUG,ECU_XDC,EOP_RT,A,1989,0.0707025971609231
YUG,ECU_XDC,EOP_RT,A,1990,0.0688267557614888
YUG,ECU_XDC,EOP_RT,A,1991,0.0377887109285475
YUG,ECU_XDC,PA_RT,A,1957,
YUG,ECU_XDC,PA_RT,A,1966,
YUG,ECU_XDC,PA_RT,A,1978,421.168828577968
YUG,ECU_XDC,PA_RT,A,1979,384.558711513224
YUG,ECU_XDC,PA_RT,A,1980,291.777364706318
YUG,ECU_XDC,PA_RT,A,1981,255.88776779506
YUG,ECU_XDC,PA_RT,A,1982,202.711680834605
YUG,ECU_XDC,PA_RT,A,1983,120.852628259093
YUG,ECU_XDC,PA_RT,A,1984,82.9355667604011
YUG,ECU_XDC,PA_RT,A,1985,48.563420019931
YUG,ECU_XDC,PA_RT,A,1986,26.8752746325479
YUG,ECU_XDC,PA_RT,A,1987,11.7546195436991
YUG,ECU_XDC,PA_RT,A,1988,3.34845134836197
YUG,ECU_XDC,PA_RT,A,1989,0.315357818157867
YUG,ECU_XDC,PA_RT,A,1990,0.0694091835750048
YUG,ECU_XDC,PA_RT,A,1991,0.0410486095722233
ZAF,ECU_XDC,EOP_RT,A,1961,
ZAF,ECU_XDC,EOP_RT,A,1972,
ZAF,ECU_XDC,EOP_RT,A,1973,
ZAF,ECU_XDC,EOP_RT,A,1979,0.838754421137912
ZAF,ECU_XDC,EOP_RT,A,1980,1.02443494198567
ZAF,ECU_XDC,EOP_RT,A,1981,0.963324731846664
ZAF,ECU_XDC,EOP_RT,A,1982,0.960111605828372
ZAF,ECU_XDC,EOP_RT,A,1983,0.989122553769785
ZAF,ECU_XDC,EOP_RT,A,1984,0.71067851601072
ZAF,ECU_XDC,EOP_RT,A,1985,0.440364904831626
ZAF,ECU_XDC,EOP_RT,A,1986,0.427877428998505
ZAF,ECU_XDC,EOP_RT,A,1987,0.397537210372872
ZAF,ECU_XDC,EOP_RT,A,1988,0.358664506225481
ZAF,ECU_XDC,EOP_RT,A,1989,0.329423558897243
ZAF,ECU_XDC,EOP_RT,A,1990,0.286246607496516
ZAF,ECU_XDC,EOP_RT,A,1991,0.271877097471847
ZAF,ECU_XDC,EOP_RT,A,1992,0.270498534479515
ZAF,ECU_XDC,EOP_RT,A,1993,0.262805315471402
ZAF,ECU_XDC,EOP_RT,A,1994,0.229429008509187
ZAF,ECU_XDC,EOP_RT,A,1995,0.20860754795512
ZAF,ECU_XDC,EOP_RT,A,1996,0.170441210124581
ZAF,ECU_XDC,EOP_RT,A,1997,0.186055436231227
ZAF,ECU_XDC,EOP_RT,A,1998,0.146259665021489
ZAF,ECU_XDC,PA_RT,A,1961,
ZAF,ECU_XDC,PA_RT,A,1972,
ZAF,ECU_XDC,PA_RT,A,1973,
ZAF,ECU_XDC,PA_RT,A,1978,0.902692377883003
ZAF,ECU_XDC,PA_RT,A,1979,0.866520270311498
ZAF,ECU_XDC,PA_RT,A,1980,0.92305060763155
ZAF,ECU_XDC,PA_RT,A,1981,1.01956392438591
ZAF,ECU_XDC,PA_RT,A,1982,0.938604435696466
ZAF,ECU_XDC,PA_RT,A,1983,1.00707088511434
ZAF,ECU_XDC,PA_RT,A,1984,0.859120070626441
ZAF,ECU_XDC,PA_RT,A,1985,0.588693258597015
ZAF,ECU_XDC,PA_RT,A,1986,0.446019581595801
ZAF,ECU_XDC,PA_RT,A,1987,0.425490776172068
ZAF,ECU_XDC,PA_RT,A,1988,0.371537233674675
ZAF,ECU_XDC,PA_RT,A,1989,0.345869783502691
ZAF,ECU_XDC,PA_RT,A,1990,0.303613662564719
ZAF,ECU_XDC,PA_RT,A,1991,0.291933787551576
ZAF,ECU_XDC,PA_RT,A,1992,0.270378733201995
ZAF,ECU_XDC,PA_RT,A,1993,0.261051311404348
ZAF,ECU_XDC,PA_RT,A,1994,0.236948242227424
ZAF,ECU_XDC,PA_RT,A,1995,0.210760464825981
ZAF,ECU_XDC,PA_RT,A,1996,0.183437697212748
ZAF,ECU_XDC,PA_RT,A,1997,0.191362442513468
ZAF,ECU_XDC,PA_RT,A,1998,0.161504215837488
ZMB,ECU_XDC,EOP_RT,A,1979,890.845412227509
ZMB,ECU_XDC,EOP_RT,A,1980,950.343616333494
ZMB,ECU_XDC,EOP_RT,A,1981,1043.8628814965
ZMB,ECU_XDC,EOP_RT,A,1982,1111.54283363805
ZMB,ECU_XDC,EOP_RT,A,1983,799.963741600151
ZMB,ECU_XDC,EOP_RT,A,1984,640.978981520667
ZMB,ECU_XDC,EOP_RT,A,1985,197.589818673274
ZMB,ECU_XDC,EOP_RT,A,1986,73.5052316890883
ZMB,ECU_XDC,EOP_RT,A,1987,95.9030228632807
ZMB,ECU_XDC,EOP_RT,A,1988,85.2464608562165
ZMB,ECU_XDC,EOP_RT,A,1989,38.5881370091896
ZMB,ECU_XDC,EOP_RT,A,1990,17.1568987016797
ZMB,ECU_XDC,EOP_RT,A,1991,8.38242971138788
ZMB,ECU_XDC,EOP_RT,A,1992,2.29581303162937
ZMB,ECU_XDC,EOP_RT,A,1993,1.78576211862818
ZMB,ECU_XDC,EOP_RT,A,1994,1.19508308672889
ZMB,ECU_XDC,EOP_RT,A,1995,0.795808134005105
ZMB,ECU_XDC,EOP_RT,A,1996,0.622200973273629
ZMB,ECU_XDC,EOP_RT,A,1997,0.640089929501215
ZMB,ECU_XDC,EOP_RT,A,1998,0.372819252964839
ZMB,ECU_XDC,PA_RT,A,1978,980.370392790015
ZMB,ECU_XDC,PA_RT,A,1979,919.701242819821
ZMB,ECU_XDC,PA_RT,A,1980,911.542207654186
ZMB,ECU_XDC,PA_RT,A,1981,1028.93856924229
ZMB,ECU_XDC,PA_RT,A,1982,1097.33680460993
ZMB,ECU_XDC,PA_RT,A,1983,891.165744919872
ZMB,ECU_XDC,PA_RT,A,1984,699.012058971577
ZMB,ECU_XDC,PA_RT,A,1985,417.883977609255
ZMB,ECU_XDC,PA_RT,A,1986,130.856457555261
ZMB,ECU_XDC,PA_RT,A,1987,91.0043256915116
ZMB,ECU_XDC,PA_RT,A,1988,102.186701080541
ZMB,ECU_XDC,PA_RT,A,1989,65.6670676744942
ZMB,ECU_XDC,PA_RT,A,1990,25.9349316524395
ZMB,ECU_XDC,PA_RT,A,1991,12.4709898506346
ZMB,ECU_XDC,PA_RT,A,1992,4.47771347061638
ZMB,ECU_XDC,PA_RT,A,1993,1.88409577127904
ZMB,ECU_XDC,PA_RT,A,1994,1.25693509149313
ZMB,ECU_XDC,PA_RT,A,1995,0.884653587203938
ZMB,ECU_XDC,PA_RT,A,1996,0.652920532036492
ZMB,ECU_XDC,PA_RT,A,1997,0.670819685500935
ZMB,ECU_XDC,PA_RT,A,1998,0.479488740400871
ZWE,ECU_XDC,EOP_RT,A,1957,
ZWE,ECU_XDC,EOP_RT,A,1979,992.860086226797
ZWE,ECU_XDC,EOP_RT,A,1980,1168.78121865702
ZWE,ECU_XDC,EOP_RT,A,1981,1240.22666786046
ZWE,ECU_XDC,EOP_RT,A,1982,1084.80564059585
ZWE,ECU_XDC,EOP_RT,A,1983,1055.27231276749
ZWE,ECU_XDC,EOP_RT,A,1984,906.257917332493
ZWE,ECU_XDC,EOP_RT,A,1985,662.354664243714
ZWE,ECU_XDC,EOP_RT,A,1986,537.341968259156
ZWE,ECU_XDC,EOP_RT,A,1987,445.2838704891
ZWE,ECU_XDC,EOP_RT,A,1988,423.670041379499
ZWE,ECU_XDC,EOP_RT,A,1989,355.201866421715
ZWE,ECU_XDC,EOP_RT,A,1990,268.54364833129
ZWE,ECU_XDC,EOP_RT,A,1991,142.525402540037
ZWE,ECU_XDC,EOP_RT,A,1992,145.391839600509
ZWE,ECU_XDC,EOP_RT,A,1993,124.271145157383
ZWE,ECU_XDC,EOP_RT,A,1994,93.5599080109882
ZWE,ECU_XDC,EOP_RT,A,1995,78.877489042181
ZWE,ECU_XDC,EOP_RT,A,1996,71.0704920281405
ZWE,ECU_XDC,EOP_RT,A,1997,46.9752892541549
ZWE,ECU_XDC,EOP_RT,A,1998,22.1376632242131
ZWE,ECU_XDC,EOP_RT,A,2006,
ZWE,ECU_XDC,EOP_RT,A,2008,
ZWE,ECU_XDC,EOP_RT,A,2019,
ZWE,ECU_XDC,PA_RT,A,1957,
ZWE,ECU_XDC,PA_RT,A,1978,1163.19198834448
ZWE,ECU_XDC,PA_RT,A,1979,1072.20093438061
ZWE,ECU_XDC,PA_RT,A,1980,1114.0764394241
ZWE,ECU_XDC,PA_RT,A,1981,1294.90495252987
ZWE,ECU_XDC,PA_RT,A,1982,1341.08487774686
ZWE,ECU_XDC,PA_RT,A,1983,1106.23142845269
ZWE,ECU_XDC,PA_RT,A,1984,1006.75468840207
ZWE,ECU_XDC,PA_RT,A,1985,812.127915475436
ZWE,ECU_XDC,PA_RT,A,1986,610.838023216158
ZWE,ECU_XDC,PA_RT,A,1987,520.789276221569
ZWE,ECU_XDC,PA_RT,A,1988,467.257684299901
ZWE,ECU_XDC,PA_RT,A,1989,427.609325485935
ZWE,ECU_XDC,PA_RT,A,1990,320.040774746814
ZWE,ECU_XDC,PA_RT,A,1991,222.348274339211
ZWE,ECU_XDC,PA_RT,A,1992,151.074394279489
ZWE,ECU_XDC,PA_RT,A,1993,131.430398452076
ZWE,ECU_XDC,PA_RT,A,1994,103.097186617608
ZWE,ECU_XDC,PA_RT,A,1995,88.1183623773418
ZWE,ECU_XDC,PA_RT,A,1996,78.7582681441898
ZWE,ECU_XDC,PA_RT,A,1997,72.7247349571946
ZWE,ECU_XDC,PA_RT,A,1998,37.6630690855139
ZWE,ECU_XDC,PA_RT,A,2006,
ZWE,ECU_XDC,PA_RT,A,2008,
ZWE,ECU_XDC,PA_RT,A,2019,
