DATAFLOW,FREQ,iso3,SECTOR,COUNTERPART_SECTOR,TRANSACTION,INSTR_ASSET,ACTIVITY,EXPENDITURE,UNIT_MEASURE,PRICE_BASE,TRANSFORMATION,TABLE_IDENTIFIER,year,value,REF_YEAR_PRICE,CONF_STATUS,DECIMALS,OBS_STATUS,UNIT_MULT,CURRENCY
OECD.SDD.NAD:DSD_NAMAIN10@DF_TABLE4(2.0),A,AUT,S1,S1,EXC_A,F21,_Z,_Z,XDC_USD,_Z,N,T001,1950,1.453166,,F,6,A,0,EUR
OECD.SDD.NAD:DSD_NAMAIN10@DF_TABLE4(2.0),A,AUT,S1,S1,EXC_A,F21,_Z,_Z,XDC_USD,_Z,N,T001,1951,1.552146,,F,6,A,0,EUR
OECD.SDD.NAD:DSD_NAMAIN10@DF_TABLE4(2.0),A,AUT,S1,S1,EXC_A,F21,_Z,_Z,XDC_USD,_Z,N,T001,1952,1.552146,,F,6,A,0,EUR
OECD.SDD.NAD:DSD_NAMAIN10@DF_TABLE4(2.0),A,AUT,S1,S1,EXC_A,F21,_Z,_Z,XDC_USD,_Z,N,T001,1953,1.774235,,F,6,A,0,EUR
OECD.SDD.NAD:DSD_NAMAIN10@DF_TABLE4(2.0),A,AUT,S1,S1,EXC_A,F21,_Z,_Z,XDC_USD,_Z,N,T001,1954,1.889494,,F,6,A,0,EUR
OECD.SDD.NAD:DSD_NAMAIN10@DF_TABLE4(2.0),A,AUT,S1,S1,EXC_A,F21,_Z,_Z,XDC_USD,_Z,N,T001,1955,1.889494,,F,6,A,0,EUR
OECD.SDD.NAD:DSD_NAMAIN10@DF_TABLE4(2.0),A,AUT,S1,S1,EXC_A,F21,_Z,_Z,XDC_USD,_Z,N,T001,1956,1.889494,,F,6,A,0,EUR
OECD.SDD.NAD:DSD_NAMAIN10@DF_TABLE4(2.0),A,AUT,S1,S1,EXC_A,F21,_Z,_Z,XDC_USD,_Z,N,T001,1957,1.889494,,F,6,A,0,EUR
OECD.SDD.NAD:DSD_NAMAIN10@DF_TABLE4(2.0),A,AUT,S1,S1,EXC_A,F21,_Z,_Z,XDC_USD,_Z,N,T001,1958,1.889494,,F,6,A,0,EUR
OECD.SDD.NAD:DSD_NAMAIN10@DF_TABLE4(2.0),A,AUT,S1,S1,EXC_A,F21,_Z,_Z,XDC_USD,_Z,N,T001,1959,1.889494,,F,6,A,0,EUR
OECD.SDD.NAD:DSD_NAMAIN10@DF_TABLE4(2.0),A,AUT,S1,S1,EXC_A,F21,_Z,_Z,XDC_USD,_Z,N,T001,1960,1.889494,,F,6,A,0,EUR
OECD.SDD.NAD:DSD_NAMAIN10@DF_TABLE4(2.0),A,AUT,S1,S1,EXC_A,F21,_Z,_Z,XDC_USD,_Z,N,T001,1961,1.889494,,F,6,A,0,EUR
OECD.SDD.NAD:DSD_NAMAIN10@DF_TABLE4(2.0),A,AUT,S1,S1,EXC_A,F21,_Z,_Z,XDC_USD,_Z,N,T001,1962,1.889494,,F,6,A,0,EUR
OECD.SDD.NAD:DSD_NAMAIN10@DF_TABLE4(2.0),A,AUT,S1,S1,EXC_A,F21,_Z,_Z,XDC_USD,_Z,N,T001,1963,1.889494,,F,6,A,0,EUR
OECD.SDD.NAD:DSD_NAMAIN10@DF_TABLE4(2.0),A,AUT,S1,S1,EXC_A,F21,_Z,_Z,XDC_USD,_Z,N,T001,1964,1.889494,,F,6,A,0,EUR
OECD.SDD.NAD:DSD_NAMAIN10@DF_TABLE4(2.0),A,AUT,S1,S1,EXC_A,F21,_Z,_Z,XDC_USD,_Z,N,T001,1965,1.889494,,F,6,A,0,EUR
OECD.SDD.NAD:DSD_NAMAIN10@DF_TABLE4(2.0),A,AUT,S1,S1,EXC_A,F21,_Z,_Z,XDC_USD,_Z,N,T001,1966,1.889494,,F,6,A,0,EUR
OECD.SDD.NAD:DSD_NAMAIN10@DF_TABLE4(2.0),A,AUT,S1,S1,EXC_A,F21,_Z,_Z,XDC_USD,_Z,N,T001,1967,1.889494,,F,6,A,0,EUR
OECD.SDD.NAD:DSD_NAMAIN10@DF_TABLE4(2.0),A,AUT,S1,S1,EXC_A,F21,_Z,_Z,XDC_USD,_Z,N,T001,1968,1.889494,,F,6,A,0,EUR
OECD.SDD.NAD:DSD_NAMAIN10@DF_TABLE4(2.0),A,AUT,S1,S1,EXC_A,F21,_Z,_Z,XDC_USD,_Z,N,T001,1969,1.889494,,F,6,A,0,EUR
OECD.SDD.NAD:DSD_NAMAIN10@DF_TABLE4(2.0),A,AUT,S1,S1,EXC_A,F21,_Z,_Z,XDC_USD,_Z,N,T001,1970,1.889494,,F,6,A,0,EUR
OECD.SDD.NAD:DSD_NAMAIN10@DF_TABLE4(2.0),A,AUT,S1,S1,EXC_A,F21,_Z,_Z,XDC_USD,_Z,N,T001,1971,1.815773,,F,6,A,0,EUR
OECD.SDD.NAD:DSD_NAMAIN10@DF_TABLE4(2.0),A,AUT,S1,S1,EXC_A,F21,_Z,_Z,XDC_USD,_Z,N,T001,1972,1.679857,,F,6,A,0,EUR
OECD.SDD.NAD:DSD_NAMAIN10@DF_TABLE4(2.0),A,AUT,S1,S1,EXC_A,F21,_Z,_Z,XDC_USD,_Z,N,T001,1973,1.422934,,F,6,A,0,EUR
OECD.SDD.NAD:DSD_NAMAIN10@DF_TABLE4(2.0),A,AUT,S1,S1,EXC_A,F21,_Z,_Z,XDC_USD,_Z,N,T001,1974,1.358437,,F,6,A,0,EUR
OECD.SDD.NAD:DSD_NAMAIN10@DF_TABLE4(2.0),A,AUT,S1,S1,EXC_A,F21,_Z,_Z,XDC_USD,_Z,N,T001,1975,1.265725,,F,6,A,0,EUR
OECD.SDD.NAD:DSD_NAMAIN10@DF_TABLE4(2.0),A,AUT,S1,S1,EXC_A,F21,_Z,_Z,XDC_USD,_Z,N,T001,1976,1.303726,,F,6,A,0,EUR
OECD.SDD.NAD:DSD_NAMAIN10@DF_TABLE4(2.0),A,AUT,S1,S1,EXC_A,F21,_Z,_Z,XDC_USD,_Z,N,T001,1977,1.201058,,F,6,A,0,EUR
OECD.SDD.NAD:DSD_NAMAIN10@DF_TABLE4(2.0),A,AUT,S1,S1,EXC_A,F21,_Z,_Z,XDC_USD,_Z,N,T001,1978,1.055331,,F,6,A,0,EUR
OECD.SDD.NAD:DSD_NAMAIN10@DF_TABLE4(2.0),A,AUT,S1,S1,EXC_A,F21,_Z,_Z,XDC_USD,_Z,N,T001,1979,0.971454,,F,6,A,0,EUR
OECD.SDD.NAD:DSD_NAMAIN10@DF_TABLE4(2.0),A,AUT,S1,S1,EXC_A,F21,_Z,_Z,XDC_USD,_Z,N,T001,1980,0.940241,,F,6,A,0,EUR
OECD.SDD.NAD:DSD_NAMAIN10@DF_TABLE4(2.0),A,AUT,S1,S1,EXC_A,F21,_Z,_Z,XDC_USD,_Z,N,T001,1981,1.157448,,F,6,A,0,EUR
OECD.SDD.NAD:DSD_NAMAIN10@DF_TABLE4(2.0),A,AUT,S1,S1,EXC_A,F21,_Z,_Z,XDC_USD,_Z,N,T001,1982,1.239744,,F,6,A,0,EUR
OECD.SDD.NAD:DSD_NAMAIN10@DF_TABLE4(2.0),A,AUT,S1,S1,EXC_A,F21,_Z,_Z,XDC_USD,_Z,N,T001,1983,1.305446,,F,6,A,0,EUR
OECD.SDD.NAD:DSD_NAMAIN10@DF_TABLE4(2.0),A,AUT,S1,S1,EXC_A,F21,_Z,_Z,XDC_USD,_Z,N,T001,1984,1.454117,,F,6,A,0,EUR
OECD.SDD.NAD:DSD_NAMAIN10@DF_TABLE4(2.0),A,AUT,S1,S1,EXC_A,F21,_Z,_Z,XDC_USD,_Z,N,T001,1985,1.503565,,F,6,A,0,EUR
OECD.SDD.NAD:DSD_NAMAIN10@DF_TABLE4(2.0),A,AUT,S1,S1,EXC_A,F21,_Z,_Z,XDC_USD,_Z,N,T001,1986,1.109506,,F,6,A,0,EUR
OECD.SDD.NAD:DSD_NAMAIN10@DF_TABLE4(2.0),A,AUT,S1,S1,EXC_A,F21,_Z,_Z,XDC_USD,_Z,N,T001,1987,0.918766,,F,6,A,0,EUR
OECD.SDD.NAD:DSD_NAMAIN10@DF_TABLE4(2.0),A,AUT,S1,S1,EXC_A,F21,_Z,_Z,XDC_USD,_Z,N,T001,1988,0.89734,,F,6,A,0,EUR
OECD.SDD.NAD:DSD_NAMAIN10@DF_TABLE4(2.0),A,AUT,S1,S1,EXC_A,F21,_Z,_Z,XDC_USD,_Z,N,T001,1989,0.96151,,F,6,A,0,EUR
OECD.SDD.NAD:DSD_NAMAIN10@DF_TABLE4(2.0),A,AUT,S1,S1,EXC_A,F21,_Z,_Z,XDC_USD,_Z,N,T001,1990,0.826278,,F,6,A,0,EUR
OECD.SDD.NAD:DSD_NAMAIN10@DF_TABLE4(2.0),A,AUT,S1,S1,EXC_A,F21,_Z,_Z,XDC_USD,_Z,N,T001,1991,0.848522,,F,6,A,0,EUR
OECD.SDD.NAD:DSD_NAMAIN10@DF_TABLE4(2.0),A,AUT,S1,S1,EXC_A,F21,_Z,_Z,XDC_USD,_Z,N,T001,1992,0.798626,,F,6,A,0,EUR
OECD.SDD.NAD:DSD_NAMAIN10@DF_TABLE4(2.0),A,AUT,S1,S1,EXC_A,F21,_Z,_Z,XDC_USD,_Z,N,T001,1993,0.845344,,F,6,A,0,EUR
OECD.SDD.NAD:DSD_NAMAIN10@DF_TABLE4(2.0),A,AUT,S1,S1,EXC_A,F21,_Z,_Z,XDC_USD,_Z,N,T001,1994,0.830056,,F,6,A,0,EUR
OECD.SDD.NAD:DSD_NAMAIN10@DF_TABLE4(2.0),A,AUT,S1,S1,EXC_A,F21,_Z,_Z,XDC_USD,_Z,N,T001,1995,0.732651,,F,6,A,0,EUR
OECD.SDD.NAD:DSD_NAMAIN10@DF_TABLE4(2.0),A,AUT,S1,S1,EXC_A,F21,_Z,_Z,XDC_USD,_Z,N,T001,1996,0.769355,,F,6,A,0,EUR
OECD.SDD.NAD:DSD_NAMAIN10@DF_TABLE4(2.0),A,AUT,S1,S1,EXC_A,F21,_Z,_Z,XDC_USD,_Z,N,T001,1997,0.886917,,F,6,A,0,EUR
OECD.SDD.NAD:DSD_NAMAIN10@DF_TABLE4(2.0),A,AUT,S1,S1,EXC_A,F21,_Z,_Z,XDC_USD,_Z,N,T001,1998,0.899622,,F,6,A,0,EUR
OECD.SDD.NAD:DSD_NAMAIN10@DF_TABLE4(2.0),A,AUT,S1,S1,EXC_A,F21,_Z,_Z,XDC_USD,_Z,N,T001,1999,0.938283,,F,6,A,0,EUR
OECD.SDD.NAD:DSD_NAMAIN10@DF_TABLE4(2.0),A,AUT,S1,S1,EXC_A,F21,_Z,_Z,XDC_USD,_Z,N,T001,2000,1.082705,,F,6,A,0,EUR
OECD.SDD.NAD:DSD_NAMAIN10@DF_TABLE4(2.0),A,AUT,S1,S1,EXC_A,F21,_Z,_Z,XDC_USD,_Z,N,T001,2001,1.116533,,F,6,A,0,EUR
OECD.SDD.NAD:DSD_NAMAIN10@DF_TABLE4(2.0),A,AUT,S1,S1,EXC_A,F21,_Z,_Z,XDC_USD,_Z,N,T001,2002,1.057559,,F,6,A,0,EUR
OECD.SDD.NAD:DSD_NAMAIN10@DF_TABLE4(2.0),A,AUT,S1,S1,EXC_A,F21,_Z,_Z,XDC_USD,_Z,N,T001,2003,0.884048,,F,6,A,0,EUR
OECD.SDD.NAD:DSD_NAMAIN10@DF_TABLE4(2.0),A,AUT,S1,S1,EXC_A,F21,_Z,_Z,XDC_USD,_Z,N,T001,2004,0.803922,,F,6,A,0,EUR
OECD.SDD.NAD:DSD_NAMAIN10@DF_TABLE4(2.0),A,AUT,S1,S1,EXC_A,F21,_Z,_Z,XDC_USD,_Z,N,T001,2005,0.8038,,F,6,A,0,EUR
OECD.SDD.NAD:DSD_NAMAIN10@DF_TABLE4(2.0),A,AUT,S1,S1,EXC_A,F21,_Z,_Z,XDC_USD,_Z,N,T001,2006,0.796433,,F,6,A,0,EUR
OECD.SDD.NAD:DSD_NAMAIN10@DF_TABLE4(2.0),A,AUT,S1,S1,EXC_A,F21,_Z,_Z,XDC_USD,_Z,N,T001,2007,0.729672,,F,6,A,0,EUR
OECD.SDD.NAD:DSD_NAMAIN10@DF_TABLE4(2.0),A,AUT,S1,S1,EXC_A,F21,_Z,_Z,XDC_USD,_Z,N,T001,2008,0.679923,,F,6,A,0,EUR
OECD.SDD.NAD:DSD_NAMAIN10@DF_TABLE4(2.0),A,AUT,S1,S1,EXC_A,F21,_Z,_Z,XDC_USD,_Z,N,T001,2009,0.716958,,F,6,A,0,EUR
OECD.SDD.NAD:DSD_NAMAIN10@DF_TABLE4(2.0),A,AUT,S1,S1,EXC_A,F21,_Z,_Z,XDC_USD,_Z,N,T001,2010,0.754309,,F,6,A,0,EUR
OECD.SDD.NAD:DSD_NAMAIN10@DF_TABLE4(2.0),A,AUT,S1,S1,EXC_A,F21,_Z,_Z,XDC_USD,_Z,N,T001,2011,0.718414,,F,6,A,0,EUR
OECD.SDD.NAD:DSD_NAMAIN10@DF_TABLE4(2.0),A,AUT,S1,S1,EXC_A,F21,_Z,_Z,XDC_USD,_Z,N,T001,2012,0.778338,,F,6,A,0,EUR
OECD.SDD.NAD:DSD_NAMAIN10@DF_TABLE4(2.0),A,AUT,S1,S1,EXC_A,F21,_Z,_Z,XDC_USD,_Z,N,T001,2013,0.752945,,F,6,A,0,EUR
OECD.SDD.NAD:DSD_NAMAIN10@DF_TABLE4(2.0),A,AUT,S1,S1,EXC_A,F21,_Z,_Z,XDC_USD,_Z,N,T001,2014,0.752728,,F,6,A,0,EUR
OECD.SDD.NAD:DSD_NAMAIN10@DF_TABLE4(2.0),A,AUT,S1,S1,EXC_A,F21,_Z,_Z,XDC_USD,_Z,N,T001,2015,0.901296,,F,6,A,0,EUR
OECD.SDD.NAD:DSD_NAMAIN10@DF_TABLE4(2.0),A,AUT,S1,S1,EXC_A,F21,_Z,_Z,XDC_USD,_Z,N,T001,2016,0.903421,,F,6,A,0,EUR
OECD.SDD.NAD:DSD_NAMAIN10@DF_TABLE4(2.0),A,AUT,S1,S1,EXC_A,F21,_Z,_Z,XDC_USD,_Z,N,T001,2017,0.885206,,F,6,A,0,EUR
OECD.SDD.NAD:DSD_NAMAIN10@DF_TABLE4(2.0),A,AUT,S1,S1,EXC_A,F21,_Z,_Z,XDC_USD,_Z,N,T001,2018,0.846773,,F,6,A,0,EUR
OECD.SDD.NAD:DSD_NAMAIN10@DF_TABLE4(2.0),A,AUT,S1,S1,EXC_A,F21,_Z,_Z,XDC_USD,_Z,N,T001,2019,0.893276,,F,6,A,0,EUR
OECD.SDD.NAD:DSD_NAMAIN10@DF_TABLE4(2.0),A,AUT,S1,S1,EXC_A,F21,_Z,_Z,XDC_USD,_Z,N,T001,2020,0.875506,,F,6,A,0,EUR
OECD.SDD.NAD:DSD_NAMAIN10@DF_TABLE4(2.0),A,AUT,S1,S1,EXC_A,F21,_Z,_Z,XDC_USD,_Z,N,T001,2021,0.845494,,F,6,A,0,EUR
OECD.SDD.NAD:DSD_NAMAIN10@DF_TABLE4(2.0),A,AUT,S1,S1,EXC_A,F21,_Z,_Z,XDC_USD,_Z,N,T001,2022,0.949624,,F,6,A,0,EUR
OECD.SDD.NAD:DSD_NAMAIN10@DF_TABLE4(2.0),A,AUT,S1,S1,EXC_A,F21,_Z,_Z,XDC_USD,_Z,N,T001,2023,0.92484,,F,6,A,0,EUR
OECD.SDD.NAD:DSD_NAMAIN10@DF_TABLE4(2.0),A,BEL,S1,S1,EXC_A,F21,_Z,_Z,XDC_USD,_Z,N,T001,1950,1.239468,,F,6,A,0,EUR
OECD.SDD.NAD:DSD_NAMAIN10@DF_TABLE4(2.0),A,BEL,S1,S1,EXC_A,F21,_Z,_Z,XDC_USD,_Z,N,T001,1951,1.239468,,F,6,A,0,EUR
OECD.SDD.NAD:DSD_NAMAIN10@DF_TABLE4(2.0),A,BEL,S1,S1,EXC_A,F21,_Z,_Z,XDC_USD,_Z,N,T001,1952,1.239468,,F,6,A,0,EUR
OECD.SDD.NAD:DSD_NAMAIN10@DF_TABLE4(2.0),A,BEL,S1,S1,EXC_A,F21,_Z,_Z,XDC_USD,_Z,N,T001,1953,1.239468,,F,6,A,0,EUR
OECD.SDD.NAD:DSD_NAMAIN10@DF_TABLE4(2.0),A,BEL,S1,S1,EXC_A,F21,_Z,_Z,XDC_USD,_Z,N,T001,1954,1.239468,,F,6,A,0,EUR
OECD.SDD.NAD:DSD_NAMAIN10@DF_TABLE4(2.0),A,BEL,S1,S1,EXC_A,F21,_Z,_Z,XDC_USD,_Z,N,T001,1955,1.239468,,F,6,A,0,EUR
OECD.SDD.NAD:DSD_NAMAIN10@DF_TABLE4(2.0),A,BEL,S1,S1,EXC_A,F21,_Z,_Z,XDC_USD,_Z,N,T001,1956,1.239468,,F,6,A,0,EUR
OECD.SDD.NAD:DSD_NAMAIN10@DF_TABLE4(2.0),A,BEL,S1,S1,EXC_A,F21,_Z,_Z,XDC_USD,_Z,N,T001,1957,1.239468,,F,6,A,0,EUR
OECD.SDD.NAD:DSD_NAMAIN10@DF_TABLE4(2.0),A,BEL,S1,S1,EXC_A,F21,_Z,_Z,XDC_USD,_Z,N,T001,1958,1.239468,,F,6,A,0,EUR
OECD.SDD.NAD:DSD_NAMAIN10@DF_TABLE4(2.0),A,BEL,S1,S1,EXC_A,F21,_Z,_Z,XDC_USD,_Z,N,T001,1959,1.239468,,F,6,A,0,EUR
OECD.SDD.NAD:DSD_NAMAIN10@DF_TABLE4(2.0),A,BEL,S1,S1,EXC_A,F21,_Z,_Z,XDC_USD,_Z,N,T001,1960,1.239468,,F,6,A,0,EUR
OECD.SDD.NAD:DSD_NAMAIN10@DF_TABLE4(2.0),A,BEL,S1,S1,EXC_A,F21,_Z,_Z,XDC_USD,_Z,N,T001,1961,1.239468,,F,6,A,0,EUR
OECD.SDD.NAD:DSD_NAMAIN10@DF_TABLE4(2.0),A,BEL,S1,S1,EXC_A,F21,_Z,_Z,XDC_USD,_Z,N,T001,1962,1.239468,,F,6,A,0,EUR
OECD.SDD.NAD:DSD_NAMAIN10@DF_TABLE4(2.0),A,BEL,S1,S1,EXC_A,F21,_Z,_Z,XDC_USD,_Z,N,T001,1963,1.239468,,F,6,A,0,EUR
OECD.SDD.NAD:DSD_NAMAIN10@DF_TABLE4(2.0),A,BEL,S1,S1,EXC_A,F21,_Z,_Z,XDC_USD,_Z,N,T001,1964,1.239468,,F,6,A,0,EUR
OECD.SDD.NAD:DSD_NAMAIN10@DF_TABLE4(2.0),A,BEL,S1,S1,EXC_A,F21,_Z,_Z,XDC_USD,_Z,N,T001,1965,1.239468,,F,6,A,0,EUR
OECD.SDD.NAD:DSD_NAMAIN10@DF_TABLE4(2.0),A,BEL,S1,S1,EXC_A,F21,_Z,_Z,XDC_USD,_Z,N,T001,1966,1.239468,,F,6,A,0,EUR
OECD.SDD.NAD:DSD_NAMAIN10@DF_TABLE4(2.0),A,BEL,S1,S1,EXC_A,F21,_Z,_Z,XDC_USD,_Z,N,T001,1967,1.239468,,F,6,A,0,EUR
OECD.SDD.NAD:DSD_NAMAIN10@DF_TABLE4(2.0),A,BEL,S1,S1,EXC_A,F21,_Z,_Z,XDC_USD,_Z,N,T001,1968,1.239468,,F,6,A,0,EUR
OECD.SDD.NAD:DSD_NAMAIN10@DF_TABLE4(2.0),A,BEL,S1,S1,EXC_A,F21,_Z,_Z,XDC_USD,_Z,N,T001,1969,1.239468,,F,6,A,0,EUR
OECD.SDD.NAD:DSD_NAMAIN10@DF_TABLE4(2.0),A,BEL,S1,S1,EXC_A,F21,_Z,_Z,XDC_USD,_Z,N,T001,1970,1.239468,,F,6,A,0,EUR
OECD.SDD.NAD:DSD_NAMAIN10@DF_TABLE4(2.0),A,BEL,S1,S1,EXC_A,F21,_Z,_Z,XDC_USD,_Z,N,T001,1971,1.216091,,F,6,A,0,EUR
OECD.SDD.NAD:DSD_NAMAIN10@DF_TABLE4(2.0),A,BEL,S1,S1,EXC_A,F21,_Z,_Z,XDC_USD,_Z,N,T001,1972,1.091093,,F,6,A,0,EUR
OECD.SDD.NAD:DSD_NAMAIN10@DF_TABLE4(2.0),A,BEL,S1,S1,EXC_A,F21,_Z,_Z,XDC_USD,_Z,N,T001,1973,0.966202,,F,6,A,0,EUR
OECD.SDD.NAD:DSD_NAMAIN10@DF_TABLE4(2.0),A,BEL,S1,S1,EXC_A,F21,_Z,_Z,XDC_USD,_Z,N,T001,1974,0.965582,,F,6,A,0,EUR
OECD.SDD.NAD:DSD_NAMAIN10@DF_TABLE4(2.0),A,BEL,S1,S1,EXC_A,F21,_Z,_Z,XDC_USD,_Z,N,T001,1975,0.911726,,F,6,A,0,EUR
OECD.SDD.NAD:DSD_NAMAIN10@DF_TABLE4(2.0),A,BEL,S1,S1,EXC_A,F21,_Z,_Z,XDC_USD,_Z,N,T001,1976,0.956997,,F,6,A,0,EUR
OECD.SDD.NAD:DSD_NAMAIN10@DF_TABLE4(2.0),A,BEL,S1,S1,EXC_A,F21,_Z,_Z,XDC_USD,_Z,N,T001,1977,0.888519,,F,6,A,0,EUR
OECD.SDD.NAD:DSD_NAMAIN10@DF_TABLE4(2.0),A,BEL,S1,S1,EXC_A,F21,_Z,_Z,XDC_USD,_Z,N,T001,1978,0.780668,,F,6,A,0,EUR
OECD.SDD.NAD:DSD_NAMAIN10@DF_TABLE4(2.0),A,BEL,S1,S1,EXC_A,F21,_Z,_Z,XDC_USD,_Z,N,T001,1979,0.726791,,F,6,A,0,EUR
OECD.SDD.NAD:DSD_NAMAIN10@DF_TABLE4(2.0),A,BEL,S1,S1,EXC_A,F21,_Z,_Z,XDC_USD,_Z,N,T001,1980,0.724882,,F,6,A,0,EUR
OECD.SDD.NAD:DSD_NAMAIN10@DF_TABLE4(2.0),A,BEL,S1,S1,EXC_A,F21,_Z,_Z,XDC_USD,_Z,N,T001,1981,0.92041,,F,6,A,0,EUR
OECD.SDD.NAD:DSD_NAMAIN10@DF_TABLE4(2.0),A,BEL,S1,S1,EXC_A,F21,_Z,_Z,XDC_USD,_Z,N,T001,1982,1.13264,,F,6,A,0,EUR
OECD.SDD.NAD:DSD_NAMAIN10@DF_TABLE4(2.0),A,BEL,S1,S1,EXC_A,F21,_Z,_Z,XDC_USD,_Z,N,T001,1983,1.267521,,F,6,A,0,EUR
OECD.SDD.NAD:DSD_NAMAIN10@DF_TABLE4(2.0),A,BEL,S1,S1,EXC_A,F21,_Z,_Z,XDC_USD,_Z,N,T001,1984,1.432426,,F,6,A,0,EUR
OECD.SDD.NAD:DSD_NAMAIN10@DF_TABLE4(2.0),A,BEL,S1,S1,EXC_A,F21,_Z,_Z,XDC_USD,_Z,N,T001,1985,1.471942,,F,6,A,0,EUR
OECD.SDD.NAD:DSD_NAMAIN10@DF_TABLE4(2.0),A,BEL,S1,S1,EXC_A,F21,_Z,_Z,XDC_USD,_Z,N,T001,1986,1.107388,,F,6,A,0,EUR
OECD.SDD.NAD:DSD_NAMAIN10@DF_TABLE4(2.0),A,BEL,S1,S1,EXC_A,F21,_Z,_Z,XDC_USD,_Z,N,T001,1987,0.925488,,F,6,A,0,EUR
OECD.SDD.NAD:DSD_NAMAIN10@DF_TABLE4(2.0),A,BEL,S1,S1,EXC_A,F21,_Z,_Z,XDC_USD,_Z,N,T001,1988,0.911463,,F,6,A,0,EUR
OECD.SDD.NAD:DSD_NAMAIN10@DF_TABLE4(2.0),A,BEL,S1,S1,EXC_A,F21,_Z,_Z,XDC_USD,_Z,N,T001,1989,0.9768,,F,6,A,0,EUR
OECD.SDD.NAD:DSD_NAMAIN10@DF_TABLE4(2.0),A,BEL,S1,S1,EXC_A,F21,_Z,_Z,XDC_USD,_Z,N,T001,1990,0.828409,,F,6,A,0,EUR
OECD.SDD.NAD:DSD_NAMAIN10@DF_TABLE4(2.0),A,BEL,S1,S1,EXC_A,F21,_Z,_Z,XDC_USD,_Z,N,T001,1991,0.846513,,F,6,A,0,EUR
OECD.SDD.NAD:DSD_NAMAIN10@DF_TABLE4(2.0),A,BEL,S1,S1,EXC_A,F21,_Z,_Z,XDC_USD,_Z,N,T001,1992,0.796965,,F,6,A,0,EUR
OECD.SDD.NAD:DSD_NAMAIN10@DF_TABLE4(2.0),A,BEL,S1,S1,EXC_A,F21,_Z,_Z,XDC_USD,_Z,N,T001,1993,0.857625,,F,6,A,0,EUR
OECD.SDD.NAD:DSD_NAMAIN10@DF_TABLE4(2.0),A,BEL,S1,S1,EXC_A,F21,_Z,_Z,XDC_USD,_Z,N,T001,1994,0.829365,,F,6,A,0,EUR
OECD.SDD.NAD:DSD_NAMAIN10@DF_TABLE4(2.0),A,BEL,S1,S1,EXC_A,F21,_Z,_Z,XDC_USD,_Z,N,T001,1995,0.730791,,F,6,A,0,EUR
OECD.SDD.NAD:DSD_NAMAIN10@DF_TABLE4(2.0),A,BEL,S1,S1,EXC_A,F21,_Z,_Z,XDC_USD,_Z,N,T001,1996,0.767516,,F,6,A,0,EUR
OECD.SDD.NAD:DSD_NAMAIN10@DF_TABLE4(2.0),A,BEL,S1,S1,EXC_A,F21,_Z,_Z,XDC_USD,_Z,N,T001,1997,0.886812,,F,6,A,0,EUR
OECD.SDD.NAD:DSD_NAMAIN10@DF_TABLE4(2.0),A,BEL,S1,S1,EXC_A,F21,_Z,_Z,XDC_USD,_Z,N,T001,1998,0.89982,,F,6,A,0,EUR
OECD.SDD.NAD:DSD_NAMAIN10@DF_TABLE4(2.0),A,BEL,S1,S1,EXC_A,F21,_Z,_Z,XDC_USD,_Z,N,T001,1999,0.938283,,F,6,A,0,EUR
OECD.SDD.NAD:DSD_NAMAIN10@DF_TABLE4(2.0),A,BEL,S1,S1,EXC_A,F21,_Z,_Z,XDC_USD,_Z,N,T001,2000,1.082705,,F,6,A,0,EUR
OECD.SDD.NAD:DSD_NAMAIN10@DF_TABLE4(2.0),A,BEL,S1,S1,EXC_A,F21,_Z,_Z,XDC_USD,_Z,N,T001,2001,1.116533,,F,6,A,0,EUR
OECD.SDD.NAD:DSD_NAMAIN10@DF_TABLE4(2.0),A,BEL,S1,S1,EXC_A,F21,_Z,_Z,XDC_USD,_Z,N,T001,2002,1.057559,,F,6,A,0,EUR
OECD.SDD.NAD:DSD_NAMAIN10@DF_TABLE4(2.0),A,BEL,S1,S1,EXC_A,F21,_Z,_Z,XDC_USD,_Z,N,T001,2003,0.884048,,F,6,A,0,EUR
OECD.SDD.NAD:DSD_NAMAIN10@DF_TABLE4(2.0),A,BEL,S1,S1,EXC_A,F21,_Z,_Z,XDC_USD,_Z,N,T001,2004,0.803922,,F,6,A,0,EUR
OECD.SDD.NAD:DSD_NAMAIN10@DF_TABLE4(2.0),A,BEL,S1,S1,EXC_A,F21,_Z,_Z,XDC_USD,_Z,N,T001,2005,0.8038,,F,6,A,0,EUR
OECD.SDD.NAD:DSD_NAMAIN10@DF_TABLE4(2.0),A,BEL,S1,S1,EXC_A,F21,_Z,_Z,XDC_USD,_Z,N,T001,2006,0.796433,,F,6,A,0,EUR
OECD.SDD.NAD:DSD_NAMAIN10@DF_TABLE4(2.0),A,BEL,S1,S1,EXC_A,F21,_Z,_Z,XDC_USD,_Z,N,T001,2007,0.729672,,F,6,A,0,EUR
OECD.SDD.NAD:DSD_NAMAIN10@DF_TABLE4(2.0),A,BEL,S1,S1,EXC_A,F21,_Z,_Z,XDC_USD,_Z,N,T001,2008,0.679923,,F,6,A,0,EUR
OECD.SDD.NAD:DSD_NAMAIN10@DF_TABLE4(2.0),A,BEL,S1,S1,EXC_A,F21,_Z,_Z,XDC_USD,_Z,N,T001,2009,0.716958,,F,6,A,0,EUR
OECD.SDD.NAD:DSD_NAMAIN10@DF_TABLE4(2.0),A,BEL,S1,S1,EXC_A,F21,_Z,_Z,XDC_USD,_Z,N,T001,2010,0.754309,,F,6,A,0,EUR
OECD.SDD.NAD:DSD_NAMAIN10@DF_TABLE4(2.0),A,BEL,S1,S1,EXC_A,F21,_Z,_Z,XDC_USD,_Z,N,T001,2011,0.718414,,F,6,A,0,EUR
OECD.SDD.NAD:DSD_NAMAIN10@DF_TABLE4(2.0),A,BEL,S1,S1,EXC_A,F21,_Z,_Z,XDC_USD,_Z,N,T001,2012,0.778338,,F,6,A,0,EUR
OECD.SDD.NAD:DSD_NAMAIN10@DF_TABLE4(2.0),A,BEL,S1,S1,EXC_A,F21,_Z,_Z,XDC_USD,_Z,N,T001,2013,0.752945,,F,6,A,0,EUR
OECD.SDD.NAD:DSD_NAMAIN10@DF_TABLE4(2.0),A,BEL,S1,S1,EXC_A,F21,_Z,_Z,XDC_USD,_Z,N,T001,2014,0.752728,,F,6,A,0,EUR
OECD.SDD.NAD:DSD_NAMAIN10@DF_TABLE4(2.0),A,BEL,S1,S1,EXC_A,F21,_Z,_Z,XDC_USD,_Z,N,T001,2015,0.901296,,F,6,A,0,EUR
OECD.SDD.NAD:DSD_NAMAIN10@DF_TABLE4(2.0),A,BEL,S1,S1,EXC_A,F21,_Z,_Z,XDC_USD,_Z,N,T001,2016,0.903421,,F,6,A,0,EUR
OECD.SDD.NAD:DSD_NAMAIN10@DF_TABLE4(2.0),A,BEL,S1,S1,EXC_A,F21,_Z,_Z,XDC_USD,_Z,N,T001,2017,0.885206,,F,6,A,0,EUR
OECD.SDD.NAD:DSD_NAMAIN10@DF_TABLE4(2.0),A,BEL,S1,S1,EXC_A,F21,_Z,_Z,XDC_USD,_Z,N,T001,2018,0.846773,,F,6,A,0,EUR
OECD.SDD.NAD:DSD_NAMAIN10@DF_TABLE4(2.0),A,BEL,S1,S1,EXC_A,F21,_Z,_Z,XDC_USD,_Z,N,T001,2019,0.893276,,F,6,A,0,EUR
OECD.SDD.NAD:DSD_NAMAIN10@DF_TABLE4(2.0),A,BEL,S1,S1,EXC_A,F21,_Z,_Z,XDC_USD,_Z,N,T001,2020,0.875506,,F,6,A,0,EUR
OECD.SDD.NAD:DSD_NAMAIN10@DF_TABLE4(2.0),A,BEL,S1,S1,EXC_A,F21,_Z,_Z,XDC_USD,_Z,N,T001,2021,0.845494,,F,6,A,0,EUR
OECD.SDD.NAD:DSD_NAMAIN10@DF_TABLE4(2.0),A,BEL,S1,S1,EXC_A,F21,_Z,_Z,XDC_USD,_Z,N,T001,2022,0.949624,,F,6,A,0,EUR
OECD.SDD.NAD:DSD_NAMAIN10@DF_TABLE4(2.0),A,BEL,S1,S1,EXC_A,F21,_Z,_Z,XDC_USD,_Z,N,T001,2023,0.92484,,F,6,A,0,EUR
OECD.SDD.NAD:DSD_NAMAIN10@DF_TABLE4(2.0),A,FIN,S1,S1,EXC_A,F21,_Z,_Z,XDC_USD,_Z,N,T001,1950,0.388514,,F,6,A,0,EUR
OECD.SDD.NAD:DSD_NAMAIN10@DF_TABLE4(2.0),A,FIN,S1,S1,EXC_A,F21,_Z,_Z,XDC_USD,_Z,N,T001,1951,0.386832,,F,6,A,0,EUR
OECD.SDD.NAD:DSD_NAMAIN10@DF_TABLE4(2.0),A,FIN,S1,S1,EXC_A,F21,_Z,_Z,XDC_USD,_Z,N,T001,1952,0.386832,,F,6,A,0,EUR
OECD.SDD.NAD:DSD_NAMAIN10@DF_TABLE4(2.0),A,FIN,S1,S1,EXC_A,F21,_Z,_Z,XDC_USD,_Z,N,T001,1953,0.386832,,F,6,A,0,EUR
OECD.SDD.NAD:DSD_NAMAIN10@DF_TABLE4(2.0),A,FIN,S1,S1,EXC_A,F21,_Z,_Z,XDC_USD,_Z,N,T001,1954,0.386832,,F,6,A,0,EUR
OECD.SDD.NAD:DSD_NAMAIN10@DF_TABLE4(2.0),A,FIN,S1,S1,EXC_A,F21,_Z,_Z,XDC_USD,_Z,N,T001,1955,0.386832,,F,6,A,0,EUR
OECD.SDD.NAD:DSD_NAMAIN10@DF_TABLE4(2.0),A,FIN,S1,S1,EXC_A,F21,_Z,_Z,XDC_USD,_Z,N,T001,1956,0.386832,,F,6,A,0,EUR
OECD.SDD.NAD:DSD_NAMAIN10@DF_TABLE4(2.0),A,FIN,S1,S1,EXC_A,F21,_Z,_Z,XDC_USD,_Z,N,T001,1957,0.424675,,F,6,A,0,EUR
OECD.SDD.NAD:DSD_NAMAIN10@DF_TABLE4(2.0),A,FIN,S1,S1,EXC_A,F21,_Z,_Z,XDC_USD,_Z,N,T001,1958,0.538201,,F,6,A,0,EUR
OECD.SDD.NAD:DSD_NAMAIN10@DF_TABLE4(2.0),A,FIN,S1,S1,EXC_A,F21,_Z,_Z,XDC_USD,_Z,N,T001,1959,0.538201,,F,6,A,0,EUR
OECD.SDD.NAD:DSD_NAMAIN10@DF_TABLE4(2.0),A,FIN,S1,S1,EXC_A,F21,_Z,_Z,XDC_USD,_Z,N,T001,1960,0.538201,,F,6,A,0,EUR
OECD.SDD.NAD:DSD_NAMAIN10@DF_TABLE4(2.0),A,FIN,S1,S1,EXC_A,F21,_Z,_Z,XDC_USD,_Z,N,T001,1961,0.538201,,F,6,A,0,EUR
OECD.SDD.NAD:DSD_NAMAIN10@DF_TABLE4(2.0),A,FIN,S1,S1,EXC_A,F21,_Z,_Z,XDC_USD,_Z,N,T001,1962,0.538201,,F,6,A,0,EUR
OECD.SDD.NAD:DSD_NAMAIN10@DF_TABLE4(2.0),A,FIN,S1,S1,EXC_A,F21,_Z,_Z,XDC_USD,_Z,N,T001,1963,0.538201,,F,6,A,0,EUR
OECD.SDD.NAD:DSD_NAMAIN10@DF_TABLE4(2.0),A,FIN,S1,S1,EXC_A,F21,_Z,_Z,XDC_USD,_Z,N,T001,1964,0.538201,,F,6,A,0,EUR
OECD.SDD.NAD:DSD_NAMAIN10@DF_TABLE4(2.0),A,FIN,S1,S1,EXC_A,F21,_Z,_Z,XDC_USD,_Z,N,T001,1965,0.538201,,F,6,A,0,EUR
OECD.SDD.NAD:DSD_NAMAIN10@DF_TABLE4(2.0),A,FIN,S1,S1,EXC_A,F21,_Z,_Z,XDC_USD,_Z,N,T001,1966,0.538201,,F,6,A,0,EUR
OECD.SDD.NAD:DSD_NAMAIN10@DF_TABLE4(2.0),A,FIN,S1,S1,EXC_A,F21,_Z,_Z,XDC_USD,_Z,N,T001,1967,0.580247,,F,6,A,0,EUR
OECD.SDD.NAD:DSD_NAMAIN10@DF_TABLE4(2.0),A,FIN,S1,S1,EXC_A,F21,_Z,_Z,XDC_USD,_Z,N,T001,1968,0.706384,,F,6,A,0,EUR
OECD.SDD.NAD:DSD_NAMAIN10@DF_TABLE4(2.0),A,FIN,S1,S1,EXC_A,F21,_Z,_Z,XDC_USD,_Z,N,T001,1969,0.706384,,F,6,A,0,EUR
OECD.SDD.NAD:DSD_NAMAIN10@DF_TABLE4(2.0),A,FIN,S1,S1,EXC_A,F21,_Z,_Z,XDC_USD,_Z,N,T001,1970,0.706384,,F,6,A,0,EUR
OECD.SDD.NAD:DSD_NAMAIN10@DF_TABLE4(2.0),A,FIN,S1,S1,EXC_A,F21,_Z,_Z,XDC_USD,_Z,N,T001,1971,0.703769,,F,6,A,0,EUR
OECD.SDD.NAD:DSD_NAMAIN10@DF_TABLE4(2.0),A,FIN,S1,S1,EXC_A,F21,_Z,_Z,XDC_USD,_Z,N,T001,1972,0.697363,,F,6,A,0,EUR
OECD.SDD.NAD:DSD_NAMAIN10@DF_TABLE4(2.0),A,FIN,S1,S1,EXC_A,F21,_Z,_Z,XDC_USD,_Z,N,T001,1973,0.642674,,F,6,A,0,EUR
OECD.SDD.NAD:DSD_NAMAIN10@DF_TABLE4(2.0),A,FIN,S1,S1,EXC_A,F21,_Z,_Z,XDC_USD,_Z,N,T001,1974,0.634699,,F,6,A,0,EUR
OECD.SDD.NAD:DSD_NAMAIN10@DF_TABLE4(2.0),A,FIN,S1,S1,EXC_A,F21,_Z,_Z,XDC_USD,_Z,N,T001,1975,0.618707,,F,6,A,0,EUR
OECD.SDD.NAD:DSD_NAMAIN10@DF_TABLE4(2.0),A,FIN,S1,S1,EXC_A,F21,_Z,_Z,XDC_USD,_Z,N,T001,1976,0.649948,,F,6,A,0,EUR
OECD.SDD.NAD:DSD_NAMAIN10@DF_TABLE4(2.0),A,FIN,S1,S1,EXC_A,F21,_Z,_Z,XDC_USD,_Z,N,T001,1977,0.677699,,F,6,A,0,EUR
OECD.SDD.NAD:DSD_NAMAIN10@DF_TABLE4(2.0),A,FIN,S1,S1,EXC_A,F21,_Z,_Z,XDC_USD,_Z,N,T001,1978,0.692486,,F,6,A,0,EUR
OECD.SDD.NAD:DSD_NAMAIN10@DF_TABLE4(2.0),A,FIN,S1,S1,EXC_A,F21,_Z,_Z,XDC_USD,_Z,N,T001,1979,0.655148,,F,6,A,0,EUR
OECD.SDD.NAD:DSD_NAMAIN10@DF_TABLE4(2.0),A,FIN,S1,S1,EXC_A,F21,_Z,_Z,XDC_USD,_Z,N,T001,1980,0.627355,,F,6,A,0,EUR
OECD.SDD.NAD:DSD_NAMAIN10@DF_TABLE4(2.0),A,FIN,S1,S1,EXC_A,F21,_Z,_Z,XDC_USD,_Z,N,T001,1981,0.725773,,F,6,A,0,EUR
OECD.SDD.NAD:DSD_NAMAIN10@DF_TABLE4(2.0),A,FIN,S1,S1,EXC_A,F21,_Z,_Z,XDC_USD,_Z,N,T001,1982,0.810736,,F,6,A,0,EUR
OECD.SDD.NAD:DSD_NAMAIN10@DF_TABLE4(2.0),A,FIN,S1,S1,EXC_A,F21,_Z,_Z,XDC_USD,_Z,N,T001,1983,0.936821,,F,6,A,0,EUR
OECD.SDD.NAD:DSD_NAMAIN10@DF_TABLE4(2.0),A,FIN,S1,S1,EXC_A,F21,_Z,_Z,XDC_USD,_Z,N,T001,1984,1.010809,,F,6,A,0,EUR
OECD.SDD.NAD:DSD_NAMAIN10@DF_TABLE4(2.0),A,FIN,S1,S1,EXC_A,F21,_Z,_Z,XDC_USD,_Z,N,T001,1985,1.042411,,F,6,A,0,EUR
OECD.SDD.NAD:DSD_NAMAIN10@DF_TABLE4(2.0),A,FIN,S1,S1,EXC_A,F21,_Z,_Z,XDC_USD,_Z,N,T001,1986,0.852632,,F,6,A,0,EUR
OECD.SDD.NAD:DSD_NAMAIN10@DF_TABLE4(2.0),A,FIN,S1,S1,EXC_A,F21,_Z,_Z,XDC_USD,_Z,N,T001,1987,0.739281,,F,6,A,0,EUR
OECD.SDD.NAD:DSD_NAMAIN10@DF_TABLE4(2.0),A,FIN,S1,S1,EXC_A,F21,_Z,_Z,XDC_USD,_Z,N,T001,1988,0.703502,,F,6,A,0,EUR
OECD.SDD.NAD:DSD_NAMAIN10@DF_TABLE4(2.0),A,FIN,S1,S1,EXC_A,F21,_Z,_Z,XDC_USD,_Z,N,T001,1989,0.721731,,F,6,A,0,EUR
OECD.SDD.NAD:DSD_NAMAIN10@DF_TABLE4(2.0),A,FIN,S1,S1,EXC_A,F21,_Z,_Z,XDC_USD,_Z,N,T001,1990,0.643067,,F,6,A,0,EUR
OECD.SDD.NAD:DSD_NAMAIN10@DF_TABLE4(2.0),A,FIN,S1,S1,EXC_A,F21,_Z,_Z,XDC_USD,_Z,N,T001,1991,0.680148,,F,6,A,0,EUR
OECD.SDD.NAD:DSD_NAMAIN10@DF_TABLE4(2.0),A,FIN,S1,S1,EXC_A,F21,_Z,_Z,XDC_USD,_Z,N,T001,1992,0.753388,,F,6,A,0,EUR
OECD.SDD.NAD:DSD_NAMAIN10@DF_TABLE4(2.0),A,FIN,S1,S1,EXC_A,F21,_Z,_Z,XDC_USD,_Z,N,T001,1993,0.960738,,F,6,A,0,EUR
OECD.SDD.NAD:DSD_NAMAIN10@DF_TABLE4(2.0),A,FIN,S1,S1,EXC_A,F21,_Z,_Z,XDC_USD,_Z,N,T001,1994,0.878532,,F,6,A,0,EUR
OECD.SDD.NAD:DSD_NAMAIN10@DF_TABLE4(2.0),A,FIN,S1,S1,EXC_A,F21,_Z,_Z,XDC_USD,_Z,N,T001,1995,0.734421,,F,6,A,0,EUR
OECD.SDD.NAD:DSD_NAMAIN10@DF_TABLE4(2.0),A,FIN,S1,S1,EXC_A,F21,_Z,_Z,XDC_USD,_Z,N,T001,1996,0.77258,,F,6,A,0,EUR
OECD.SDD.NAD:DSD_NAMAIN10@DF_TABLE4(2.0),A,FIN,S1,S1,EXC_A,F21,_Z,_Z,XDC_USD,_Z,N,T001,1997,0.873137,,F,6,A,0,EUR
OECD.SDD.NAD:DSD_NAMAIN10@DF_TABLE4(2.0),A,FIN,S1,S1,EXC_A,F21,_Z,_Z,XDC_USD,_Z,N,T001,1998,0.898807,,F,6,A,0,EUR
OECD.SDD.NAD:DSD_NAMAIN10@DF_TABLE4(2.0),A,FIN,S1,S1,EXC_A,F21,_Z,_Z,XDC_USD,_Z,N,T001,1999,0.938283,,F,6,A,0,EUR
OECD.SDD.NAD:DSD_NAMAIN10@DF_TABLE4(2.0),A,FIN,S1,S1,EXC_A,F21,_Z,_Z,XDC_USD,_Z,N,T001,2000,1.082705,,F,6,A,0,EUR
OECD.SDD.NAD:DSD_NAMAIN10@DF_TABLE4(2.0),A,FIN,S1,S1,EXC_A,F21,_Z,_Z,XDC_USD,_Z,N,T001,2001,1.116533,,F,6,A,0,EUR
OECD.SDD.NAD:DSD_NAMAIN10@DF_TABLE4(2.0),A,FIN,S1,S1,EXC_A,F21,_Z,_Z,XDC_USD,_Z,N,T001,2002,1.057559,,F,6,A,0,EUR
OECD.SDD.NAD:DSD_NAMAIN10@DF_TABLE4(2.0),A,FIN,S1,S1,EXC_A,F21,_Z,_Z,XDC_USD,_Z,N,T001,2003,0.884048,,F,6,A,0,EUR
OECD.SDD.NAD:DSD_NAMAIN10@DF_TABLE4(2.0),A,FIN,S1,S1,EXC_A,F21,_Z,_Z,XDC_USD,_Z,N,T001,2004,0.803922,,F,6,A,0,EUR
OECD.SDD.NAD:DSD_NAMAIN10@DF_TABLE4(2.0),A,FIN,S1,S1,EXC_A,F21,_Z,_Z,XDC_USD,_Z,N,T001,2005,0.8038,,F,6,A,0,EUR
OECD.SDD.NAD:DSD_NAMAIN10@DF_TABLE4(2.0),A,FIN,S1,S1,EXC_A,F21,_Z,_Z,XDC_USD,_Z,N,T001,2006,0.796433,,F,6,A,0,EUR
OECD.SDD.NAD:DSD_NAMAIN10@DF_TABLE4(2.0),A,FIN,S1,S1,EXC_A,F21,_Z,_Z,XDC_USD,_Z,N,T001,2007,0.729672,,F,6,A,0,EUR
OECD.SDD.NAD:DSD_NAMAIN10@DF_TABLE4(2.0),A,FIN,S1,S1,EXC_A,F21,_Z,_Z,XDC_USD,_Z,N,T001,2008,0.679923,,F,6,A,0,EUR
OECD.SDD.NAD:DSD_NAMAIN10@DF_TABLE4(2.0),A,FIN,S1,S1,EXC_A,F21,_Z,_Z,XDC_USD,_Z,N,T001,2009,0.716958,,F,6,A,0,EUR
OECD.SDD.NAD:DSD_NAMAIN10@DF_TABLE4(2.0),A,FIN,S1,S1,EXC_A,F21,_Z,_Z,XDC_USD,_Z,N,T001,2010,0.754309,,F,6,A,0,EUR
OECD.SDD.NAD:DSD_NAMAIN10@DF_TABLE4(2.0),A,FIN,S1,S1,EXC_A,F21,_Z,_Z,XDC_USD,_Z,N,T001,2011,0.718414,,F,6,A,0,EUR
OECD.SDD.NAD:DSD_NAMAIN10@DF_TABLE4(2.0),A,FIN,S1,S1,EXC_A,F21,_Z,_Z,XDC_USD,_Z,N,T001,2012,0.778338,,F,6,A,0,EUR
OECD.SDD.NAD:DSD_NAMAIN10@DF_TABLE4(2.0),A,FIN,S1,S1,EXC_A,F21,_Z,_Z,XDC_USD,_Z,N,T001,2013,0.752945,,F,6,A,0,EUR
OECD.SDD.NAD:DSD_NAMAIN10@DF_TABLE4(2.0),A,FIN,S1,S1,EXC_A,F21,_Z,_Z,XDC_USD,_Z,N,T001,2014,0.752728,,F,6,A,0,EUR
OECD.SDD.NAD:DSD_NAMAIN10@DF_TABLE4(2.0),A,FIN,S1,S1,EXC_A,F21,_Z,_Z,XDC_USD,_Z,N,T001,2015,0.901296,,F,6,A,0,EUR
OECD.SDD.NAD:DSD_NAMAIN10@DF_TABLE4(2.0),A,FIN,S1,S1,EXC_A,F21,_Z,_Z,XDC_USD,_Z,N,T001,2016,0.903421,,F,6,A,0,EUR
OECD.SDD.NAD:DSD_NAMAIN10@DF_TABLE4(2.0),A,FIN,S1,S1,EXC_A,F21,_Z,_Z,XDC_USD,_Z,N,T001,2017,0.885206,,F,6,A,0,EUR
OECD.SDD.NAD:DSD_NAMAIN10@DF_TABLE4(2.0),A,FIN,S1,S1,EXC_A,F21,_Z,_Z,XDC_USD,_Z,N,T001,2018,0.846773,,F,6,A,0,EUR
OECD.SDD.NAD:DSD_NAMAIN10@DF_TABLE4(2.0),A,FIN,S1,S1,EXC_A,F21,_Z,_Z,XDC_USD,_Z,N,T001,2019,0.893276,,F,6,A,0,EUR
OECD.SDD.NAD:DSD_NAMAIN10@DF_TABLE4(2.0),A,FIN,S1,S1,EXC_A,F21,_Z,_Z,XDC_USD,_Z,N,T001,2020,0.875506,,F,6,A,0,EUR
OECD.SDD.NAD:DSD_NAMAIN10@DF_TABLE4(2.0),A,FIN,S1,S1,EXC_A,F21,_Z,_Z,XDC_USD,_Z,N,T001,2021,0.845494,,F,6,A,0,EUR
OECD.SDD.NAD:DSD_NAMAIN10@DF_TABLE4(2.0),A,FIN,S1,S1,EXC_A,F21,_Z,_Z,XDC_USD,_Z,N,T001,2022,0.949624,,F,6,A,0,EUR
OECD.SDD.NAD:DSD_NAMAIN10@DF_TABLE4(2.0),A,FIN,S1,S1,EXC_A,F21,_Z,_Z,XDC_USD,_Z,N,T001,2023,0.92484,,F,6,A,0,EUR
OECD.SDD.NAD:DSD_NAMAIN10@DF_TABLE4(2.0),A,FRA,S1,S1,EXC_A,F21,_Z,_Z,XDC_USD,_Z,N,T001,1950,0.533084,,F,6,A,0,EUR
OECD.SDD.NAD:DSD_NAMAIN10@DF_TABLE4(2.0),A,FRA,S1,S1,EXC_A,F21,_Z,_Z,XDC_USD,_Z,N,T001,1951,0.533511,,F,6,A,0,EUR
OECD.SDD.NAD:DSD_NAMAIN10@DF_TABLE4(2.0),A,FRA,S1,S1,EXC_A,F21,_Z,_Z,XDC_USD,_Z,N,T001,1952,0.533526,,F,6,A,0,EUR
OECD.SDD.NAD:DSD_NAMAIN10@DF_TABLE4(2.0),A,FRA,S1,S1,EXC_A,F21,_Z,_Z,XDC_USD,_Z,N,T001,1953,0.533511,,F,6,A,0,EUR
OECD.SDD.NAD:DSD_NAMAIN10@DF_TABLE4(2.0),A,FRA,S1,S1,EXC_A,F21,_Z,_Z,XDC_USD,_Z,N,T001,1954,0.533526,,F,6,A,0,EUR
OECD.SDD.NAD:DSD_NAMAIN10@DF_TABLE4(2.0),A,FRA,S1,S1,EXC_A,F21,_Z,_Z,XDC_USD,_Z,N,T001,1955,0.533526,,F,6,A,0,EUR
OECD.SDD.NAD:DSD_NAMAIN10@DF_TABLE4(2.0),A,FRA,S1,S1,EXC_A,F21,_Z,_Z,XDC_USD,_Z,N,T001,1956,0.533251,,F,6,A,0,EUR
OECD.SDD.NAD:DSD_NAMAIN10@DF_TABLE4(2.0),A,FRA,S1,S1,EXC_A,F21,_Z,_Z,XDC_USD,_Z,N,T001,1957,0.551318,,F,6,A,0,EUR
OECD.SDD.NAD:DSD_NAMAIN10@DF_TABLE4(2.0),A,FRA,S1,S1,EXC_A,F21,_Z,_Z,XDC_USD,_Z,N,T001,1958,0.639863,,F,6,A,0,EUR
OECD.SDD.NAD:DSD_NAMAIN10@DF_TABLE4(2.0),A,FRA,S1,S1,EXC_A,F21,_Z,_Z,XDC_USD,_Z,N,T001,1959,0.75265,,F,6,A,0,EUR
OECD.SDD.NAD:DSD_NAMAIN10@DF_TABLE4(2.0),A,FRA,S1,S1,EXC_A,F21,_Z,_Z,XDC_USD,_Z,N,T001,1960,0.75265,,F,6,A,0,EUR
OECD.SDD.NAD:DSD_NAMAIN10@DF_TABLE4(2.0),A,FRA,S1,S1,EXC_A,F21,_Z,_Z,XDC_USD,_Z,N,T001,1961,0.75265,,F,6,A,0,EUR
OECD.SDD.NAD:DSD_NAMAIN10@DF_TABLE4(2.0),A,FRA,S1,S1,EXC_A,F21,_Z,_Z,XDC_USD,_Z,N,T001,1962,0.75265,,F,6,A,0,EUR
OECD.SDD.NAD:DSD_NAMAIN10@DF_TABLE4(2.0),A,FRA,S1,S1,EXC_A,F21,_Z,_Z,XDC_USD,_Z,N,T001,1963,0.75265,,F,6,A,0,EUR
OECD.SDD.NAD:DSD_NAMAIN10@DF_TABLE4(2.0),A,FRA,S1,S1,EXC_A,F21,_Z,_Z,XDC_USD,_Z,N,T001,1964,0.75265,,F,6,A,0,EUR
OECD.SDD.NAD:DSD_NAMAIN10@DF_TABLE4(2.0),A,FRA,S1,S1,EXC_A,F21,_Z,_Z,XDC_USD,_Z,N,T001,1965,0.75265,,F,6,A,0,EUR
OECD.SDD.NAD:DSD_NAMAIN10@DF_TABLE4(2.0),A,FRA,S1,S1,EXC_A,F21,_Z,_Z,XDC_USD,_Z,N,T001,1966,0.75265,,F,6,A,0,EUR
OECD.SDD.NAD:DSD_NAMAIN10@DF_TABLE4(2.0),A,FRA,S1,S1,EXC_A,F21,_Z,_Z,XDC_USD,_Z,N,T001,1967,0.75265,,F,6,A,0,EUR
OECD.SDD.NAD:DSD_NAMAIN10@DF_TABLE4(2.0),A,FRA,S1,S1,EXC_A,F21,_Z,_Z,XDC_USD,_Z,N,T001,1968,0.75265,,F,6,A,0,EUR
OECD.SDD.NAD:DSD_NAMAIN10@DF_TABLE4(2.0),A,FRA,S1,S1,EXC_A,F21,_Z,_Z,XDC_USD,_Z,N,T001,1969,0.79185,,F,6,A,0,EUR
OECD.SDD.NAD:DSD_NAMAIN10@DF_TABLE4(2.0),A,FRA,S1,S1,EXC_A,F21,_Z,_Z,XDC_USD,_Z,N,T001,1970,0.846731,,F,6,A,0,EUR
OECD.SDD.NAD:DSD_NAMAIN10@DF_TABLE4(2.0),A,FRA,S1,S1,EXC_A,F21,_Z,_Z,XDC_USD,_Z,N,T001,1971,0.844659,,F,6,A,0,EUR
OECD.SDD.NAD:DSD_NAMAIN10@DF_TABLE4(2.0),A,FRA,S1,S1,EXC_A,F21,_Z,_Z,XDC_USD,_Z,N,T001,1972,0.769036,,F,6,A,0,EUR
OECD.SDD.NAD:DSD_NAMAIN10@DF_TABLE4(2.0),A,FRA,S1,S1,EXC_A,F21,_Z,_Z,XDC_USD,_Z,N,T001,1973,0.678822,,F,6,A,0,EUR
OECD.SDD.NAD:DSD_NAMAIN10@DF_TABLE4(2.0),A,FRA,S1,S1,EXC_A,F21,_Z,_Z,XDC_USD,_Z,N,T001,1974,0.733222,,F,6,A,0,EUR
OECD.SDD.NAD:DSD_NAMAIN10@DF_TABLE4(2.0),A,FRA,S1,S1,EXC_A,F21,_Z,_Z,XDC_USD,_Z,N,T001,1975,0.653671,,F,6,A,0,EUR
OECD.SDD.NAD:DSD_NAMAIN10@DF_TABLE4(2.0),A,FRA,S1,S1,EXC_A,F21,_Z,_Z,XDC_USD,_Z,N,T001,1976,0.732194,,F,6,A,0,EUR
OECD.SDD.NAD:DSD_NAMAIN10@DF_TABLE4(2.0),A,FRA,S1,S1,EXC_A,F21,_Z,_Z,XDC_USD,_Z,N,T001,1977,0.747789,,F,6,A,0,EUR
OECD.SDD.NAD:DSD_NAMAIN10@DF_TABLE4(2.0),A,FRA,S1,S1,EXC_A,F21,_Z,_Z,XDC_USD,_Z,N,T001,1978,0.688018,,F,6,A,0,EUR
OECD.SDD.NAD:DSD_NAMAIN10@DF_TABLE4(2.0),A,FRA,S1,S1,EXC_A,F21,_Z,_Z,XDC_USD,_Z,N,T001,1979,0.648582,,F,6,A,0,EUR
OECD.SDD.NAD:DSD_NAMAIN10@DF_TABLE4(2.0),A,FRA,S1,S1,EXC_A,F21,_Z,_Z,XDC_USD,_Z,N,T001,1980,0.644185,,F,6,A,0,EUR
OECD.SDD.NAD:DSD_NAMAIN10@DF_TABLE4(2.0),A,FRA,S1,S1,EXC_A,F21,_Z,_Z,XDC_USD,_Z,N,T001,1981,0.828501,,F,6,A,0,EUR
OECD.SDD.NAD:DSD_NAMAIN10@DF_TABLE4(2.0),A,FRA,S1,S1,EXC_A,F21,_Z,_Z,XDC_USD,_Z,N,T001,1982,1.00191,,F,6,A,0,EUR
OECD.SDD.NAD:DSD_NAMAIN10@DF_TABLE4(2.0),A,FRA,S1,S1,EXC_A,F21,_Z,_Z,XDC_USD,_Z,N,T001,1983,1.161858,,F,6,A,0,EUR
OECD.SDD.NAD:DSD_NAMAIN10@DF_TABLE4(2.0),A,FRA,S1,S1,EXC_A,F21,_Z,_Z,XDC_USD,_Z,N,T001,1984,1.332267,,F,6,A,0,EUR
OECD.SDD.NAD:DSD_NAMAIN10@DF_TABLE4(2.0),A,FRA,S1,S1,EXC_A,F21,_Z,_Z,XDC_USD,_Z,N,T001,1985,1.369789,,F,6,A,0,EUR
OECD.SDD.NAD:DSD_NAMAIN10@DF_TABLE4(2.0),A,FRA,S1,S1,EXC_A,F21,_Z,_Z,XDC_USD,_Z,N,T001,1986,1.055876,,F,6,A,0,EUR
OECD.SDD.NAD:DSD_NAMAIN10@DF_TABLE4(2.0),A,FRA,S1,S1,EXC_A,F21,_Z,_Z,XDC_USD,_Z,N,T001,1987,0.916327,,F,6,A,0,EUR
OECD.SDD.NAD:DSD_NAMAIN10@DF_TABLE4(2.0),A,FRA,S1,S1,EXC_A,F21,_Z,_Z,XDC_USD,_Z,N,T001,1988,0.90813,,F,6,A,0,EUR
OECD.SDD.NAD:DSD_NAMAIN10@DF_TABLE4(2.0),A,FRA,S1,S1,EXC_A,F21,_Z,_Z,XDC_USD,_Z,N,T001,1989,0.972646,,F,6,A,0,EUR
OECD.SDD.NAD:DSD_NAMAIN10@DF_TABLE4(2.0),A,FRA,S1,S1,EXC_A,F21,_Z,_Z,XDC_USD,_Z,N,T001,1990,0.830127,,F,6,A,0,EUR
OECD.SDD.NAD:DSD_NAMAIN10@DF_TABLE4(2.0),A,FRA,S1,S1,EXC_A,F21,_Z,_Z,XDC_USD,_Z,N,T001,1991,0.860135,,F,6,A,0,EUR
OECD.SDD.NAD:DSD_NAMAIN10@DF_TABLE4(2.0),A,FRA,S1,S1,EXC_A,F21,_Z,_Z,XDC_USD,_Z,N,T001,1992,0.807037,,F,6,A,0,EUR
OECD.SDD.NAD:DSD_NAMAIN10@DF_TABLE4(2.0),A,FRA,S1,S1,EXC_A,F21,_Z,_Z,XDC_USD,_Z,N,T001,1993,0.863354,,F,6,A,0,EUR
OECD.SDD.NAD:DSD_NAMAIN10@DF_TABLE4(2.0),A,FRA,S1,S1,EXC_A,F21,_Z,_Z,XDC_USD,_Z,N,T001,1994,0.846404,,F,6,A,0,EUR
OECD.SDD.NAD:DSD_NAMAIN10@DF_TABLE4(2.0),A,FRA,S1,S1,EXC_A,F21,_Z,_Z,XDC_USD,_Z,N,T001,1995,0.760947,,F,6,A,0,EUR
OECD.SDD.NAD:DSD_NAMAIN10@DF_TABLE4(2.0),A,FRA,S1,S1,EXC_A,F21,_Z,_Z,XDC_USD,_Z,N,T001,1996,0.779856,,F,6,A,0,EUR
OECD.SDD.NAD:DSD_NAMAIN10@DF_TABLE4(2.0),A,FRA,S1,S1,EXC_A,F21,_Z,_Z,XDC_USD,_Z,N,T001,1997,0.889798,,F,6,A,0,EUR
OECD.SDD.NAD:DSD_NAMAIN10@DF_TABLE4(2.0),A,FRA,S1,S1,EXC_A,F21,_Z,_Z,XDC_USD,_Z,N,T001,1998,0.899375,,F,6,A,0,EUR
OECD.SDD.NAD:DSD_NAMAIN10@DF_TABLE4(2.0),A,FRA,S1,S1,EXC_A,F21,_Z,_Z,XDC_USD,_Z,N,T001,1999,0.938283,,F,6,A,0,EUR
OECD.SDD.NAD:DSD_NAMAIN10@DF_TABLE4(2.0),A,FRA,S1,S1,EXC_A,F21,_Z,_Z,XDC_USD,_Z,N,T001,2000,1.082705,,F,6,A,0,EUR
OECD.SDD.NAD:DSD_NAMAIN10@DF_TABLE4(2.0),A,FRA,S1,S1,EXC_A,F21,_Z,_Z,XDC_USD,_Z,N,T001,2001,1.116533,,F,6,A,0,EUR
OECD.SDD.NAD:DSD_NAMAIN10@DF_TABLE4(2.0),A,FRA,S1,S1,EXC_A,F21,_Z,_Z,XDC_USD,_Z,N,T001,2002,1.057559,,F,6,A,0,EUR
OECD.SDD.NAD:DSD_NAMAIN10@DF_TABLE4(2.0),A,FRA,S1,S1,EXC_A,F21,_Z,_Z,XDC_USD,_Z,N,T001,2003,0.884048,,F,6,A,0,EUR
OECD.SDD.NAD:DSD_NAMAIN10@DF_TABLE4(2.0),A,FRA,S1,S1,EXC_A,F21,_Z,_Z,XDC_USD,_Z,N,T001,2004,0.803922,,F,6,A,0,EUR
OECD.SDD.NAD:DSD_NAMAIN10@DF_TABLE4(2.0),A,FRA,S1,S1,EXC_A,F21,_Z,_Z,XDC_USD,_Z,N,T001,2005,0.8038,,F,6,A,0,EUR
OECD.SDD.NAD:DSD_NAMAIN10@DF_TABLE4(2.0),A,FRA,S1,S1,EXC_A,F21,_Z,_Z,XDC_USD,_Z,N,T001,2006,0.796433,,F,6,A,0,EUR
OECD.SDD.NAD:DSD_NAMAIN10@DF_TABLE4(2.0),A,FRA,S1,S1,EXC_A,F21,_Z,_Z,XDC_USD,_Z,N,T001,2007,0.729672,,F,6,A,0,EUR
OECD.SDD.NAD:DSD_NAMAIN10@DF_TABLE4(2.0),A,FRA,S1,S1,EXC_A,F21,_Z,_Z,XDC_USD,_Z,N,T001,2008,0.679923,,F,6,A,0,EUR
OECD.SDD.NAD:DSD_NAMAIN10@DF_TABLE4(2.0),A,FRA,S1,S1,EXC_A,F21,_Z,_Z,XDC_USD,_Z,N,T001,2009,0.716958,,F,6,A,0,EUR
OECD.SDD.NAD:DSD_NAMAIN10@DF_TABLE4(2.0),A,FRA,S1,S1,EXC_A,F21,_Z,_Z,XDC_USD,_Z,N,T001,2010,0.754309,,F,6,A,0,EUR
OECD.SDD.NAD:DSD_NAMAIN10@DF_TABLE4(2.0),A,FRA,S1,S1,EXC_A,F21,_Z,_Z,XDC_USD,_Z,N,T001,2011,0.718414,,F,6,A,0,EUR
OECD.SDD.NAD:DSD_NAMAIN10@DF_TABLE4(2.0),A,FRA,S1,S1,EXC_A,F21,_Z,_Z,XDC_USD,_Z,N,T001,2012,0.778338,,F,6,A,0,EUR
OECD.SDD.NAD:DSD_NAMAIN10@DF_TABLE4(2.0),A,FRA,S1,S1,EXC_A,F21,_Z,_Z,XDC_USD,_Z,N,T001,2013,0.752945,,F,6,A,0,EUR
OECD.SDD.NAD:DSD_NAMAIN10@DF_TABLE4(2.0),A,FRA,S1,S1,EXC_A,F21,_Z,_Z,XDC_USD,_Z,N,T001,2014,0.752728,,F,6,A,0,EUR
OECD.SDD.NAD:DSD_NAMAIN10@DF_TABLE4(2.0),A,FRA,S1,S1,EXC_A,F21,_Z,_Z,XDC_USD,_Z,N,T001,2015,0.901296,,F,6,A,0,EUR
OECD.SDD.NAD:DSD_NAMAIN10@DF_TABLE4(2.0),A,FRA,S1,S1,EXC_A,F21,_Z,_Z,XDC_USD,_Z,N,T001,2016,0.903421,,F,6,A,0,EUR
OECD.SDD.NAD:DSD_NAMAIN10@DF_TABLE4(2.0),A,FRA,S1,S1,EXC_A,F21,_Z,_Z,XDC_USD,_Z,N,T001,2017,0.885206,,F,6,A,0,EUR
OECD.SDD.NAD:DSD_NAMAIN10@DF_TABLE4(2.0),A,FRA,S1,S1,EXC_A,F21,_Z,_Z,XDC_USD,_Z,N,T001,2018,0.846773,,F,6,A,0,EUR
OECD.SDD.NAD:DSD_NAMAIN10@DF_TABLE4(2.0),A,FRA,S1,S1,EXC_A,F21,_Z,_Z,XDC_USD,_Z,N,T001,2019,0.893276,,F,6,A,0,EUR
OECD.SDD.NAD:DSD_NAMAIN10@DF_TABLE4(2.0),A,FRA,S1,S1,EXC_A,F21,_Z,_Z,XDC_USD,_Z,N,T001,2020,0.875506,,F,6,A,0,EUR
OECD.SDD.NAD:DSD_NAMAIN10@DF_TABLE4(2.0),A,FRA,S1,S1,EXC_A,F21,_Z,_Z,XDC_USD,_Z,N,T001,2021,0.845494,,F,6,A,0,EUR
OECD.SDD.NAD:DSD_NAMAIN10@DF_TABLE4(2.0),A,FRA,S1,S1,EXC_A,F21,_Z,_Z,XDC_USD,_Z,N,T001,2022,0.949624,,F,6,A,0,EUR
OECD.SDD.NAD:DSD_NAMAIN10@DF_TABLE4(2.0),A,FRA,S1,S1,EXC_A,F21,_Z,_Z,XDC_USD,_Z,N,T001,2023,0.92484,,F,6,A,0,EUR
OECD.SDD.NAD:DSD_NAMAIN10@DF_TABLE4(2.0),A,DEU,S1,S1,EXC_A,F21,_Z,_Z,XDC_USD,_Z,N,T001,1950,2.144861,,F,6,A,0,EUR
OECD.SDD.NAD:DSD_NAMAIN10@DF_TABLE4(2.0),A,DEU,S1,S1,EXC_A,F21,_Z,_Z,XDC_USD,_Z,N,T001,1951,2.144861,,F,6,A,0,EUR
OECD.SDD.NAD:DSD_NAMAIN10@DF_TABLE4(2.0),A,DEU,S1,S1,EXC_A,F21,_Z,_Z,XDC_USD,_Z,N,T001,1952,2.144861,,F,6,A,0,EUR
OECD.SDD.NAD:DSD_NAMAIN10@DF_TABLE4(2.0),A,DEU,S1,S1,EXC_A,F21,_Z,_Z,XDC_USD,_Z,N,T001,1953,2.147426,,F,6,A,0,EUR
OECD.SDD.NAD:DSD_NAMAIN10@DF_TABLE4(2.0),A,DEU,S1,S1,EXC_A,F21,_Z,_Z,XDC_USD,_Z,N,T001,1954,2.147426,,F,6,A,0,EUR
OECD.SDD.NAD:DSD_NAMAIN10@DF_TABLE4(2.0),A,DEU,S1,S1,EXC_A,F21,_Z,_Z,XDC_USD,_Z,N,T001,1955,2.147426,,F,6,A,0,EUR
OECD.SDD.NAD:DSD_NAMAIN10@DF_TABLE4(2.0),A,DEU,S1,S1,EXC_A,F21,_Z,_Z,XDC_USD,_Z,N,T001,1956,2.147426,,F,6,A,0,EUR
OECD.SDD.NAD:DSD_NAMAIN10@DF_TABLE4(2.0),A,DEU,S1,S1,EXC_A,F21,_Z,_Z,XDC_USD,_Z,N,T001,1957,2.147426,,F,6,A,0,EUR
OECD.SDD.NAD:DSD_NAMAIN10@DF_TABLE4(2.0),A,DEU,S1,S1,EXC_A,F21,_Z,_Z,XDC_USD,_Z,N,T001,1958,2.147426,,F,6,A,0,EUR
OECD.SDD.NAD:DSD_NAMAIN10@DF_TABLE4(2.0),A,DEU,S1,S1,EXC_A,F21,_Z,_Z,XDC_USD,_Z,N,T001,1959,2.147426,,F,6,A,0,EUR
OECD.SDD.NAD:DSD_NAMAIN10@DF_TABLE4(2.0),A,DEU,S1,S1,EXC_A,F21,_Z,_Z,XDC_USD,_Z,N,T001,1960,2.147426,,F,6,A,0,EUR
OECD.SDD.NAD:DSD_NAMAIN10@DF_TABLE4(2.0),A,DEU,S1,S1,EXC_A,F21,_Z,_Z,XDC_USD,_Z,N,T001,1961,2.062211,,F,6,A,0,EUR
OECD.SDD.NAD:DSD_NAMAIN10@DF_TABLE4(2.0),A,DEU,S1,S1,EXC_A,F21,_Z,_Z,XDC_USD,_Z,N,T001,1962,2.045168,,F,6,A,0,EUR
OECD.SDD.NAD:DSD_NAMAIN10@DF_TABLE4(2.0),A,DEU,S1,S1,EXC_A,F21,_Z,_Z,XDC_USD,_Z,N,T001,1963,2.045168,,F,6,A,0,EUR
OECD.SDD.NAD:DSD_NAMAIN10@DF_TABLE4(2.0),A,DEU,S1,S1,EXC_A,F21,_Z,_Z,XDC_USD,_Z,N,T001,1964,2.045168,,F,6,A,0,EUR
OECD.SDD.NAD:DSD_NAMAIN10@DF_TABLE4(2.0),A,DEU,S1,S1,EXC_A,F21,_Z,_Z,XDC_USD,_Z,N,T001,1965,2.045168,,F,6,A,0,EUR
OECD.SDD.NAD:DSD_NAMAIN10@DF_TABLE4(2.0),A,DEU,S1,S1,EXC_A,F21,_Z,_Z,XDC_USD,_Z,N,T001,1966,2.045168,,F,6,A,0,EUR
OECD.SDD.NAD:DSD_NAMAIN10@DF_TABLE4(2.0),A,DEU,S1,S1,EXC_A,F21,_Z,_Z,XDC_USD,_Z,N,T001,1967,2.045168,,F,6,A,0,EUR
OECD.SDD.NAD:DSD_NAMAIN10@DF_TABLE4(2.0),A,DEU,S1,S1,EXC_A,F21,_Z,_Z,XDC_USD,_Z,N,T001,1968,2.045168,,F,6,A,0,EUR
OECD.SDD.NAD:DSD_NAMAIN10@DF_TABLE4(2.0),A,DEU,S1,S1,EXC_A,F21,_Z,_Z,XDC_USD,_Z,N,T001,1969,2.016194,,F,6,A,0,EUR
OECD.SDD.NAD:DSD_NAMAIN10@DF_TABLE4(2.0),A,DEU,S1,S1,EXC_A,F21,_Z,_Z,XDC_USD,_Z,N,T001,1970,1.871328,,F,6,A,0,EUR
OECD.SDD.NAD:DSD_NAMAIN10@DF_TABLE4(2.0),A,DEU,S1,S1,EXC_A,F21,_Z,_Z,XDC_USD,_Z,N,T001,1971,1.793302,,F,6,A,0,EUR
OECD.SDD.NAD:DSD_NAMAIN10@DF_TABLE4(2.0),A,DEU,S1,S1,EXC_A,F21,_Z,_Z,XDC_USD,_Z,N,T001,1972,1.630327,,F,6,A,0,EUR
OECD.SDD.NAD:DSD_NAMAIN10@DF_TABLE4(2.0),A,DEU,S1,S1,EXC_A,F21,_Z,_Z,XDC_USD,_Z,N,T001,1973,1.366479,,F,6,A,0,EUR
OECD.SDD.NAD:DSD_NAMAIN10@DF_TABLE4(2.0),A,DEU,S1,S1,EXC_A,F21,_Z,_Z,XDC_USD,_Z,N,T001,1974,1.323096,,F,6,A,0,EUR
OECD.SDD.NAD:DSD_NAMAIN10@DF_TABLE4(2.0),A,DEU,S1,S1,EXC_A,F21,_Z,_Z,XDC_USD,_Z,N,T001,1975,1.257927,,F,6,A,0,EUR
OECD.SDD.NAD:DSD_NAMAIN10@DF_TABLE4(2.0),A,DEU,S1,S1,EXC_A,F21,_Z,_Z,XDC_USD,_Z,N,T001,1976,1.287433,,F,6,A,0,EUR
OECD.SDD.NAD:DSD_NAMAIN10@DF_TABLE4(2.0),A,DEU,S1,S1,EXC_A,F21,_Z,_Z,XDC_USD,_Z,N,T001,1977,1.187313,,F,6,A,0,EUR
OECD.SDD.NAD:DSD_NAMAIN10@DF_TABLE4(2.0),A,DEU,S1,S1,EXC_A,F21,_Z,_Z,XDC_USD,_Z,N,T001,1978,1.026994,,F,6,A,0,EUR
OECD.SDD.NAD:DSD_NAMAIN10@DF_TABLE4(2.0),A,DEU,S1,S1,EXC_A,F21,_Z,_Z,XDC_USD,_Z,N,T001,1979,0.937138,,F,6,A,0,EUR
OECD.SDD.NAD:DSD_NAMAIN10@DF_TABLE4(2.0),A,DEU,S1,S1,EXC_A,F21,_Z,_Z,XDC_USD,_Z,N,T001,1980,0.929358,,F,6,A,0,EUR
OECD.SDD.NAD:DSD_NAMAIN10@DF_TABLE4(2.0),A,DEU,S1,S1,EXC_A,F21,_Z,_Z,XDC_USD,_Z,N,T001,1981,1.15552,,F,6,A,0,EUR
OECD.SDD.NAD:DSD_NAMAIN10@DF_TABLE4(2.0),A,DEU,S1,S1,EXC_A,F21,_Z,_Z,XDC_USD,_Z,N,T001,1982,1.240697,,F,6,A,0,EUR
OECD.SDD.NAD:DSD_NAMAIN10@DF_TABLE4(2.0),A,DEU,S1,S1,EXC_A,F21,_Z,_Z,XDC_USD,_Z,N,T001,1983,1.30546,,F,6,A,0,EUR
OECD.SDD.NAD:DSD_NAMAIN10@DF_TABLE4(2.0),A,DEU,S1,S1,EXC_A,F21,_Z,_Z,XDC_USD,_Z,N,T001,1984,1.455107,,F,6,A,0,EUR
OECD.SDD.NAD:DSD_NAMAIN10@DF_TABLE4(2.0),A,DEU,S1,S1,EXC_A,F21,_Z,_Z,XDC_USD,_Z,N,T001,1985,1.505226,,F,6,A,0,EUR
OECD.SDD.NAD:DSD_NAMAIN10@DF_TABLE4(2.0),A,DEU,S1,S1,EXC_A,F21,_Z,_Z,XDC_USD,_Z,N,T001,1986,1.110262,,F,6,A,0,EUR
OECD.SDD.NAD:DSD_NAMAIN10@DF_TABLE4(2.0),A,DEU,S1,S1,EXC_A,F21,_Z,_Z,XDC_USD,_Z,N,T001,1987,0.918992,,F,6,A,0,EUR
OECD.SDD.NAD:DSD_NAMAIN10@DF_TABLE4(2.0),A,DEU,S1,S1,EXC_A,F21,_Z,_Z,XDC_USD,_Z,N,T001,1988,0.897944,,F,6,A,0,EUR
OECD.SDD.NAD:DSD_NAMAIN10@DF_TABLE4(2.0),A,DEU,S1,S1,EXC_A,F21,_Z,_Z,XDC_USD,_Z,N,T001,1989,0.96125,,F,6,A,0,EUR
OECD.SDD.NAD:DSD_NAMAIN10@DF_TABLE4(2.0),A,DEU,S1,S1,EXC_A,F21,_Z,_Z,XDC_USD,_Z,N,T001,1990,0.826111,,F,6,A,0,EUR
OECD.SDD.NAD:DSD_NAMAIN10@DF_TABLE4(2.0),A,DEU,S1,S1,EXC_A,F21,_Z,_Z,XDC_USD,_Z,N,T001,1991,0.84851,,F,6,A,0,EUR
OECD.SDD.NAD:DSD_NAMAIN10@DF_TABLE4(2.0),A,DEU,S1,S1,EXC_A,F21,_Z,_Z,XDC_USD,_Z,N,T001,1992,0.798459,,F,6,A,0,EUR
OECD.SDD.NAD:DSD_NAMAIN10@DF_TABLE4(2.0),A,DEU,S1,S1,EXC_A,F21,_Z,_Z,XDC_USD,_Z,N,T001,1993,0.84533,,F,6,A,0,EUR
OECD.SDD.NAD:DSD_NAMAIN10@DF_TABLE4(2.0),A,DEU,S1,S1,EXC_A,F21,_Z,_Z,XDC_USD,_Z,N,T001,1994,0.829721,,F,6,A,0,EUR
OECD.SDD.NAD:DSD_NAMAIN10@DF_TABLE4(2.0),A,DEU,S1,S1,EXC_A,F21,_Z,_Z,XDC_USD,_Z,N,T001,1995,0.732749,,F,6,A,0,EUR
OECD.SDD.NAD:DSD_NAMAIN10@DF_TABLE4(2.0),A,DEU,S1,S1,EXC_A,F21,_Z,_Z,XDC_USD,_Z,N,T001,1996,0.769379,,F,6,A,0,EUR
OECD.SDD.NAD:DSD_NAMAIN10@DF_TABLE4(2.0),A,DEU,S1,S1,EXC_A,F21,_Z,_Z,XDC_USD,_Z,N,T001,1997,0.886609,,F,6,A,0,EUR
OECD.SDD.NAD:DSD_NAMAIN10@DF_TABLE4(2.0),A,DEU,S1,S1,EXC_A,F21,_Z,_Z,XDC_USD,_Z,N,T001,1998,0.899704,,F,6,A,0,EUR
OECD.SDD.NAD:DSD_NAMAIN10@DF_TABLE4(2.0),A,DEU,S1,S1,EXC_A,F21,_Z,_Z,XDC_USD,_Z,N,T001,1999,0.938283,,F,6,A,0,EUR
OECD.SDD.NAD:DSD_NAMAIN10@DF_TABLE4(2.0),A,DEU,S1,S1,EXC_A,F21,_Z,_Z,XDC_USD,_Z,N,T001,2000,1.082705,,F,6,A,0,EUR
OECD.SDD.NAD:DSD_NAMAIN10@DF_TABLE4(2.0),A,DEU,S1,S1,EXC_A,F21,_Z,_Z,XDC_USD,_Z,N,T001,2001,1.116533,,F,6,A,0,EUR
OECD.SDD.NAD:DSD_NAMAIN10@DF_TABLE4(2.0),A,DEU,S1,S1,EXC_A,F21,_Z,_Z,XDC_USD,_Z,N,T001,2002,1.057559,,F,6,A,0,EUR
OECD.SDD.NAD:DSD_NAMAIN10@DF_TABLE4(2.0),A,DEU,S1,S1,EXC_A,F21,_Z,_Z,XDC_USD,_Z,N,T001,2003,0.884048,,F,6,A,0,EUR
OECD.SDD.NAD:DSD_NAMAIN10@DF_TABLE4(2.0),A,DEU,S1,S1,EXC_A,F21,_Z,_Z,XDC_USD,_Z,N,T001,2004,0.803922,,F,6,A,0,EUR
OECD.SDD.NAD:DSD_NAMAIN10@DF_TABLE4(2.0),A,DEU,S1,S1,EXC_A,F21,_Z,_Z,XDC_USD,_Z,N,T001,2005,0.8038,,F,6,A,0,EUR
OECD.SDD.NAD:DSD_NAMAIN10@DF_TABLE4(2.0),A,DEU,S1,S1,EXC_A,F21,_Z,_Z,XDC_USD,_Z,N,T001,2006,0.796433,,F,6,A,0,EUR
OECD.SDD.NAD:DSD_NAMAIN10@DF_TABLE4(2.0),A,DEU,S1,S1,EXC_A,F21,_Z,_Z,XDC_USD,_Z,N,T001,2007,0.729672,,F,6,A,0,EUR
OECD.SDD.NAD:DSD_NAMAIN10@DF_TABLE4(2.0),A,DEU,S1,S1,EXC_A,F21,_Z,_Z,XDC_USD,_Z,N,T001,2008,0.679923,,F,6,A,0,EUR
OECD.SDD.NAD:DSD_NAMAIN10@DF_TABLE4(2.0),A,DEU,S1,S1,EXC_A,F21,_Z,_Z,XDC_USD,_Z,N,T001,2009,0.716958,,F,6,A,0,EUR
OECD.SDD.NAD:DSD_NAMAIN10@DF_TABLE4(2.0),A,DEU,S1,S1,EXC_A,F21,_Z,_Z,XDC_USD,_Z,N,T001,2010,0.754309,,F,6,A,0,EUR
OECD.SDD.NAD:DSD_NAMAIN10@DF_TABLE4(2.0),A,DEU,S1,S1,EXC_A,F21,_Z,_Z,XDC_USD,_Z,N,T001,2011,0.718414,,F,6,A,0,EUR
OECD.SDD.NAD:DSD_NAMAIN10@DF_TABLE4(2.0),A,DEU,S1,S1,EXC_A,F21,_Z,_Z,XDC_USD,_Z,N,T001,2012,0.778338,,F,6,A,0,EUR
OECD.SDD.NAD:DSD_NAMAIN10@DF_TABLE4(2.0),A,DEU,S1,S1,EXC_A,F21,_Z,_Z,XDC_USD,_Z,N,T001,2013,0.752945,,F,6,A,0,EUR
OECD.SDD.NAD:DSD_NAMAIN10@DF_TABLE4(2.0),A,DEU,S1,S1,EXC_A,F21,_Z,_Z,XDC_USD,_Z,N,T001,2014,0.752728,,F,6,A,0,EUR
OECD.SDD.NAD:DSD_NAMAIN10@DF_TABLE4(2.0),A,DEU,S1,S1,EXC_A,F21,_Z,_Z,XDC_USD,_Z,N,T001,2015,0.901296,,F,6,A,0,EUR
OECD.SDD.NAD:DSD_NAMAIN10@DF_TABLE4(2.0),A,DEU,S1,S1,EXC_A,F21,_Z,_Z,XDC_USD,_Z,N,T001,2016,0.903421,,F,6,A,0,EUR
OECD.SDD.NAD:DSD_NAMAIN10@DF_TABLE4(2.0),A,DEU,S1,S1,EXC_A,F21,_Z,_Z,XDC_USD,_Z,N,T001,2017,0.885206,,F,6,A,0,EUR
OECD.SDD.NAD:DSD_NAMAIN10@DF_TABLE4(2.0),A,DEU,S1,S1,EXC_A,F21,_Z,_Z,XDC_USD,_Z,N,T001,2018,0.846773,,F,6,A,0,EUR
OECD.SDD.NAD:DSD_NAMAIN10@DF_TABLE4(2.0),A,DEU,S1,S1,EXC_A,F21,_Z,_Z,XDC_USD,_Z,N,T001,2019,0.893276,,F,6,A,0,EUR
OECD.SDD.NAD:DSD_NAMAIN10@DF_TABLE4(2.0),A,DEU,S1,S1,EXC_A,F21,_Z,_Z,XDC_USD,_Z,N,T001,2020,0.875506,,F,6,A,0,EUR
OECD.SDD.NAD:DSD_NAMAIN10@DF_TABLE4(2.0),A,DEU,S1,S1,EXC_A,F21,_Z,_Z,XDC_USD,_Z,N,T001,2021,0.845494,,F,6,A,0,EUR
OECD.SDD.NAD:DSD_NAMAIN10@DF_TABLE4(2.0),A,DEU,S1,S1,EXC_A,F21,_Z,_Z,XDC_USD,_Z,N,T001,2022,0.949624,,F,6,A,0,EUR
OECD.SDD.NAD:DSD_NAMAIN10@DF_TABLE4(2.0),A,DEU,S1,S1,EXC_A,F21,_Z,_Z,XDC_USD,_Z,N,T001,2023,0.92484,,F,6,A,0,EUR
OECD.SDD.NAD:DSD_NAMAIN10@DF_TABLE4(2.0),A,GRC,S1,S1,EXC_A,F21,_Z,_Z,XDC_USD,_Z,N,T001,1950,0.04402,,F,6,A,0,EUR
OECD.SDD.NAD:DSD_NAMAIN10@DF_TABLE4(2.0),A,GRC,S1,S1,EXC_A,F21,_Z,_Z,XDC_USD,_Z,N,T001,1951,0.04402,,F,6,A,0,EUR
OECD.SDD.NAD:DSD_NAMAIN10@DF_TABLE4(2.0),A,GRC,S1,S1,EXC_A,F21,_Z,_Z,XDC_USD,_Z,N,T001,1952,0.04402,,F,6,A,0,EUR
OECD.SDD.NAD:DSD_NAMAIN10@DF_TABLE4(2.0),A,GRC,S1,S1,EXC_A,F21,_Z,_Z,XDC_USD,_Z,N,T001,1953,0.0773,,F,6,A,0,EUR
OECD.SDD.NAD:DSD_NAMAIN10@DF_TABLE4(2.0),A,GRC,S1,S1,EXC_A,F21,_Z,_Z,XDC_USD,_Z,N,T001,1954,0.088042,,F,6,A,0,EUR
OECD.SDD.NAD:DSD_NAMAIN10@DF_TABLE4(2.0),A,GRC,S1,S1,EXC_A,F21,_Z,_Z,XDC_USD,_Z,N,T001,1955,0.088042,,F,6,A,0,EUR
OECD.SDD.NAD:DSD_NAMAIN10@DF_TABLE4(2.0),A,GRC,S1,S1,EXC_A,F21,_Z,_Z,XDC_USD,_Z,N,T001,1956,0.088042,,F,6,A,0,EUR
OECD.SDD.NAD:DSD_NAMAIN10@DF_TABLE4(2.0),A,GRC,S1,S1,EXC_A,F21,_Z,_Z,XDC_USD,_Z,N,T001,1957,0.088042,,F,6,A,0,EUR
OECD.SDD.NAD:DSD_NAMAIN10@DF_TABLE4(2.0),A,GRC,S1,S1,EXC_A,F21,_Z,_Z,XDC_USD,_Z,N,T001,1958,0.088042,,F,6,A,0,EUR
OECD.SDD.NAD:DSD_NAMAIN10@DF_TABLE4(2.0),A,GRC,S1,S1,EXC_A,F21,_Z,_Z,XDC_USD,_Z,N,T001,1959,0.088042,,F,6,A,0,EUR
OECD.SDD.NAD:DSD_NAMAIN10@DF_TABLE4(2.0),A,GRC,S1,S1,EXC_A,F21,_Z,_Z,XDC_USD,_Z,N,T001,1960,0.088042,,F,6,A,0,EUR
OECD.SDD.NAD:DSD_NAMAIN10@DF_TABLE4(2.0),A,GRC,S1,S1,EXC_A,F21,_Z,_Z,XDC_USD,_Z,N,T001,1961,0.088041,,F,6,A,0,EUR
OECD.SDD.NAD:DSD_NAMAIN10@DF_TABLE4(2.0),A,GRC,S1,S1,EXC_A,F21,_Z,_Z,XDC_USD,_Z,N,T001,1962,0.088041,,F,6,A,0,EUR
OECD.SDD.NAD:DSD_NAMAIN10@DF_TABLE4(2.0),A,GRC,S1,S1,EXC_A,F21,_Z,_Z,XDC_USD,_Z,N,T001,1963,0.088041,,F,6,A,0,EUR
OECD.SDD.NAD:DSD_NAMAIN10@DF_TABLE4(2.0),A,GRC,S1,S1,EXC_A,F21,_Z,_Z,XDC_USD,_Z,N,T001,1964,0.088041,,F,6,A,0,EUR
OECD.SDD.NAD:DSD_NAMAIN10@DF_TABLE4(2.0),A,GRC,S1,S1,EXC_A,F21,_Z,_Z,XDC_USD,_Z,N,T001,1965,0.088041,,F,6,A,0,EUR
OECD.SDD.NAD:DSD_NAMAIN10@DF_TABLE4(2.0),A,GRC,S1,S1,EXC_A,F21,_Z,_Z,XDC_USD,_Z,N,T001,1966,0.088041,,F,6,A,0,EUR
OECD.SDD.NAD:DSD_NAMAIN10@DF_TABLE4(2.0),A,GRC,S1,S1,EXC_A,F21,_Z,_Z,XDC_USD,_Z,N,T001,1967,0.088041,,F,6,A,0,EUR
OECD.SDD.NAD:DSD_NAMAIN10@DF_TABLE4(2.0),A,GRC,S1,S1,EXC_A,F21,_Z,_Z,XDC_USD,_Z,N,T001,1968,0.088041,,F,6,A,0,EUR
OECD.SDD.NAD:DSD_NAMAIN10@DF_TABLE4(2.0),A,GRC,S1,S1,EXC_A,F21,_Z,_Z,XDC_USD,_Z,N,T001,1969,0.088041,,F,6,A,0,EUR
OECD.SDD.NAD:DSD_NAMAIN10@DF_TABLE4(2.0),A,GRC,S1,S1,EXC_A,F21,_Z,_Z,XDC_USD,_Z,N,T001,1970,0.088041,,F,6,A,0,EUR
OECD.SDD.NAD:DSD_NAMAIN10@DF_TABLE4(2.0),A,GRC,S1,S1,EXC_A,F21,_Z,_Z,XDC_USD,_Z,N,T001,1971,0.088041,,F,6,A,0,EUR
OECD.SDD.NAD:DSD_NAMAIN10@DF_TABLE4(2.0),A,GRC,S1,S1,EXC_A,F21,_Z,_Z,XDC_USD,_Z,N,T001,1972,0.088042,,F,6,A,0,EUR
OECD.SDD.NAD:DSD_NAMAIN10@DF_TABLE4(2.0),A,GRC,S1,S1,EXC_A,F21,_Z,_Z,XDC_USD,_Z,N,T001,1973,0.086941,,F,6,A,0,EUR
OECD.SDD.NAD:DSD_NAMAIN10@DF_TABLE4(2.0),A,GRC,S1,S1,EXC_A,F21,_Z,_Z,XDC_USD,_Z,N,T001,1974,0.088042,,F,6,A,0,EUR
OECD.SDD.NAD:DSD_NAMAIN10@DF_TABLE4(2.0),A,GRC,S1,S1,EXC_A,F21,_Z,_Z,XDC_USD,_Z,N,T001,1975,0.094061,,F,6,A,0,EUR
OECD.SDD.NAD:DSD_NAMAIN10@DF_TABLE4(2.0),A,GRC,S1,S1,EXC_A,F21,_Z,_Z,XDC_USD,_Z,N,T001,1976,0.107168,,F,6,A,0,EUR
OECD.SDD.NAD:DSD_NAMAIN10@DF_TABLE4(2.0),A,GRC,S1,S1,EXC_A,F21,_Z,_Z,XDC_USD,_Z,N,T001,1977,0.10811,,F,6,A,0,EUR
OECD.SDD.NAD:DSD_NAMAIN10@DF_TABLE4(2.0),A,GRC,S1,S1,EXC_A,F21,_Z,_Z,XDC_USD,_Z,N,T001,1978,0.107837,,F,6,A,0,EUR
OECD.SDD.NAD:DSD_NAMAIN10@DF_TABLE4(2.0),A,GRC,S1,S1,EXC_A,F21,_Z,_Z,XDC_USD,_Z,N,T001,1979,0.108697,,F,6,A,0,EUR
OECD.SDD.NAD:DSD_NAMAIN10@DF_TABLE4(2.0),A,GRC,S1,S1,EXC_A,F21,_Z,_Z,XDC_USD,_Z,N,T001,1980,0.125067,,F,6,A,0,EUR
OECD.SDD.NAD:DSD_NAMAIN10@DF_TABLE4(2.0),A,GRC,S1,S1,EXC_A,F21,_Z,_Z,XDC_USD,_Z,N,T001,1981,0.162607,,F,6,A,0,EUR
OECD.SDD.NAD:DSD_NAMAIN10@DF_TABLE4(2.0),A,GRC,S1,S1,EXC_A,F21,_Z,_Z,XDC_USD,_Z,N,T001,1982,0.196047,,F,6,A,0,EUR
OECD.SDD.NAD:DSD_NAMAIN10@DF_TABLE4(2.0),A,GRC,S1,S1,EXC_A,F21,_Z,_Z,XDC_USD,_Z,N,T001,1983,0.258442,,F,6,A,0,EUR
OECD.SDD.NAD:DSD_NAMAIN10@DF_TABLE4(2.0),A,GRC,S1,S1,EXC_A,F21,_Z,_Z,XDC_USD,_Z,N,T001,1984,0.33079,,F,6,A,0,EUR
OECD.SDD.NAD:DSD_NAMAIN10@DF_TABLE4(2.0),A,GRC,S1,S1,EXC_A,F21,_Z,_Z,XDC_USD,_Z,N,T001,1985,0.405338,,F,6,A,0,EUR
OECD.SDD.NAD:DSD_NAMAIN10@DF_TABLE4(2.0),A,GRC,S1,S1,EXC_A,F21,_Z,_Z,XDC_USD,_Z,N,T001,1986,0.410803,,F,6,A,0,EUR
OECD.SDD.NAD:DSD_NAMAIN10@DF_TABLE4(2.0),A,GRC,S1,S1,EXC_A,F21,_Z,_Z,XDC_USD,_Z,N,T001,1987,0.397445,,F,6,A,0,EUR
OECD.SDD.NAD:DSD_NAMAIN10@DF_TABLE4(2.0),A,GRC,S1,S1,EXC_A,F21,_Z,_Z,XDC_USD,_Z,N,T001,1988,0.416318,,F,6,A,0,EUR
OECD.SDD.NAD:DSD_NAMAIN10@DF_TABLE4(2.0),A,GRC,S1,S1,EXC_A,F21,_Z,_Z,XDC_USD,_Z,N,T001,1989,0.476644,,F,6,A,0,EUR
OECD.SDD.NAD:DSD_NAMAIN10@DF_TABLE4(2.0),A,GRC,S1,S1,EXC_A,F21,_Z,_Z,XDC_USD,_Z,N,T001,1990,0.465191,,F,6,A,0,EUR
OECD.SDD.NAD:DSD_NAMAIN10@DF_TABLE4(2.0),A,GRC,S1,S1,EXC_A,F21,_Z,_Z,XDC_USD,_Z,N,T001,1991,0.534898,,F,6,A,0,EUR
OECD.SDD.NAD:DSD_NAMAIN10@DF_TABLE4(2.0),A,GRC,S1,S1,EXC_A,F21,_Z,_Z,XDC_USD,_Z,N,T001,1992,0.559426,,F,6,A,0,EUR
OECD.SDD.NAD:DSD_NAMAIN10@DF_TABLE4(2.0),A,GRC,S1,S1,EXC_A,F21,_Z,_Z,XDC_USD,_Z,N,T001,1993,0.67278,,F,6,A,0,EUR
OECD.SDD.NAD:DSD_NAMAIN10@DF_TABLE4(2.0),A,GRC,S1,S1,EXC_A,F21,_Z,_Z,XDC_USD,_Z,N,T001,1994,0.711967,,F,6,A,0,EUR
OECD.SDD.NAD:DSD_NAMAIN10@DF_TABLE4(2.0),A,GRC,S1,S1,EXC_A,F21,_Z,_Z,XDC_USD,_Z,N,T001,1995,0.679861,,F,6,A,0,EUR
OECD.SDD.NAD:DSD_NAMAIN10@DF_TABLE4(2.0),A,GRC,S1,S1,EXC_A,F21,_Z,_Z,XDC_USD,_Z,N,T001,1996,0.706417,,F,6,A,0,EUR
OECD.SDD.NAD:DSD_NAMAIN10@DF_TABLE4(2.0),A,GRC,S1,S1,EXC_A,F21,_Z,_Z,XDC_USD,_Z,N,T001,1997,0.801344,,F,6,A,0,EUR
OECD.SDD.NAD:DSD_NAMAIN10@DF_TABLE4(2.0),A,GRC,S1,S1,EXC_A,F21,_Z,_Z,XDC_USD,_Z,N,T001,1998,0.86729,,F,6,A,0,EUR
OECD.SDD.NAD:DSD_NAMAIN10@DF_TABLE4(2.0),A,GRC,S1,S1,EXC_A,F21,_Z,_Z,XDC_USD,_Z,N,T001,1999,0.896982,,F,6,A,0,EUR
OECD.SDD.NAD:DSD_NAMAIN10@DF_TABLE4(2.0),A,GRC,S1,S1,EXC_A,F21,_Z,_Z,XDC_USD,_Z,N,T001,2000,1.072336,,F,6,A,0,EUR
OECD.SDD.NAD:DSD_NAMAIN10@DF_TABLE4(2.0),A,GRC,S1,S1,EXC_A,F21,_Z,_Z,XDC_USD,_Z,N,T001,2001,1.116533,,F,6,A,0,EUR
OECD.SDD.NAD:DSD_NAMAIN10@DF_TABLE4(2.0),A,GRC,S1,S1,EXC_A,F21,_Z,_Z,XDC_USD,_Z,N,T001,2002,1.057559,,F,6,A,0,EUR
OECD.SDD.NAD:DSD_NAMAIN10@DF_TABLE4(2.0),A,GRC,S1,S1,EXC_A,F21,_Z,_Z,XDC_USD,_Z,N,T001,2003,0.884048,,F,6,A,0,EUR
OECD.SDD.NAD:DSD_NAMAIN10@DF_TABLE4(2.0),A,GRC,S1,S1,EXC_A,F21,_Z,_Z,XDC_USD,_Z,N,T001,2004,0.803922,,F,6,A,0,EUR
OECD.SDD.NAD:DSD_NAMAIN10@DF_TABLE4(2.0),A,GRC,S1,S1,EXC_A,F21,_Z,_Z,XDC_USD,_Z,N,T001,2005,0.8038,,F,6,A,0,EUR
OECD.SDD.NAD:DSD_NAMAIN10@DF_TABLE4(2.0),A,GRC,S1,S1,EXC_A,F21,_Z,_Z,XDC_USD,_Z,N,T001,2006,0.796433,,F,6,A,0,EUR
OECD.SDD.NAD:DSD_NAMAIN10@DF_TABLE4(2.0),A,GRC,S1,S1,EXC_A,F21,_Z,_Z,XDC_USD,_Z,N,T001,2007,0.729672,,F,6,A,0,EUR
OECD.SDD.NAD:DSD_NAMAIN10@DF_TABLE4(2.0),A,GRC,S1,S1,EXC_A,F21,_Z,_Z,XDC_USD,_Z,N,T001,2008,0.679923,,F,6,A,0,EUR
OECD.SDD.NAD:DSD_NAMAIN10@DF_TABLE4(2.0),A,GRC,S1,S1,EXC_A,F21,_Z,_Z,XDC_USD,_Z,N,T001,2009,0.716958,,F,6,A,0,EUR
OECD.SDD.NAD:DSD_NAMAIN10@DF_TABLE4(2.0),A,GRC,S1,S1,EXC_A,F21,_Z,_Z,XDC_USD,_Z,N,T001,2010,0.754309,,F,6,A,0,EUR
OECD.SDD.NAD:DSD_NAMAIN10@DF_TABLE4(2.0),A,GRC,S1,S1,EXC_A,F21,_Z,_Z,XDC_USD,_Z,N,T001,2011,0.718414,,F,6,A,0,EUR
OECD.SDD.NAD:DSD_NAMAIN10@DF_TABLE4(2.0),A,GRC,S1,S1,EXC_A,F21,_Z,_Z,XDC_USD,_Z,N,T001,2012,0.778338,,F,6,A,0,EUR
OECD.SDD.NAD:DSD_NAMAIN10@DF_TABLE4(2.0),A,GRC,S1,S1,EXC_A,F21,_Z,_Z,XDC_USD,_Z,N,T001,2013,0.752945,,F,6,A,0,EUR
OECD.SDD.NAD:DSD_NAMAIN10@DF_TABLE4(2.0),A,GRC,S1,S1,EXC_A,F21,_Z,_Z,XDC_USD,_Z,N,T001,2014,0.752728,,F,6,A,0,EUR
OECD.SDD.NAD:DSD_NAMAIN10@DF_TABLE4(2.0),A,GRC,S1,S1,EXC_A,F21,_Z,_Z,XDC_USD,_Z,N,T001,2015,0.901296,,F,6,A,0,EUR
OECD.SDD.NAD:DSD_NAMAIN10@DF_TABLE4(2.0),A,GRC,S1,S1,EXC_A,F21,_Z,_Z,XDC_USD,_Z,N,T001,2016,0.903421,,F,6,A,0,EUR
OECD.SDD.NAD:DSD_NAMAIN10@DF_TABLE4(2.0),A,GRC,S1,S1,EXC_A,F21,_Z,_Z,XDC_USD,_Z,N,T001,2017,0.885206,,F,6,A,0,EUR
OECD.SDD.NAD:DSD_NAMAIN10@DF_TABLE4(2.0),A,GRC,S1,S1,EXC_A,F21,_Z,_Z,XDC_USD,_Z,N,T001,2018,0.846773,,F,6,A,0,EUR
OECD.SDD.NAD:DSD_NAMAIN10@DF_TABLE4(2.0),A,GRC,S1,S1,EXC_A,F21,_Z,_Z,XDC_USD,_Z,N,T001,2019,0.893276,,F,6,A,0,EUR
OECD.SDD.NAD:DSD_NAMAIN10@DF_TABLE4(2.0),A,GRC,S1,S1,EXC_A,F21,_Z,_Z,XDC_USD,_Z,N,T001,2020,0.875506,,F,6,A,0,EUR
OECD.SDD.NAD:DSD_NAMAIN10@DF_TABLE4(2.0),A,GRC,S1,S1,EXC_A,F21,_Z,_Z,XDC_USD,_Z,N,T001,2021,0.845494,,F,6,A,0,EUR
OECD.SDD.NAD:DSD_NAMAIN10@DF_TABLE4(2.0),A,GRC,S1,S1,EXC_A,F21,_Z,_Z,XDC_USD,_Z,N,T001,2022,0.949624,,F,6,A,0,EUR
OECD.SDD.NAD:DSD_NAMAIN10@DF_TABLE4(2.0),A,GRC,S1,S1,EXC_A,F21,_Z,_Z,XDC_USD,_Z,N,T001,2023,0.92484,,F,6,A,0,EUR
OECD.SDD.NAD:DSD_NAMAIN10@DF_TABLE4(2.0),A,IRL,S1,S1,EXC_A,F21,_Z,_Z,XDC_USD,_Z,N,T001,1950,0.453478,,F,6,A,0,EUR
OECD.SDD.NAD:DSD_NAMAIN10@DF_TABLE4(2.0),A,IRL,S1,S1,EXC_A,F21,_Z,_Z,XDC_USD,_Z,N,T001,1951,0.453478,,F,6,A,0,EUR
OECD.SDD.NAD:DSD_NAMAIN10@DF_TABLE4(2.0),A,IRL,S1,S1,EXC_A,F21,_Z,_Z,XDC_USD,_Z,N,T001,1952,0.453478,,F,6,A,0,EUR
OECD.SDD.NAD:DSD_NAMAIN10@DF_TABLE4(2.0),A,IRL,S1,S1,EXC_A,F21,_Z,_Z,XDC_USD,_Z,N,T001,1953,0.453478,,F,6,A,0,EUR
OECD.SDD.NAD:DSD_NAMAIN10@DF_TABLE4(2.0),A,IRL,S1,S1,EXC_A,F21,_Z,_Z,XDC_USD,_Z,N,T001,1954,0.453478,,F,6,A,0,EUR
OECD.SDD.NAD:DSD_NAMAIN10@DF_TABLE4(2.0),A,IRL,S1,S1,EXC_A,F21,_Z,_Z,XDC_USD,_Z,N,T001,1955,0.453478,,F,6,A,0,EUR
OECD.SDD.NAD:DSD_NAMAIN10@DF_TABLE4(2.0),A,IRL,S1,S1,EXC_A,F21,_Z,_Z,XDC_USD,_Z,N,T001,1956,0.453478,,F,6,A,0,EUR
OECD.SDD.NAD:DSD_NAMAIN10@DF_TABLE4(2.0),A,IRL,S1,S1,EXC_A,F21,_Z,_Z,XDC_USD,_Z,N,T001,1957,0.453478,,F,6,A,0,EUR
OECD.SDD.NAD:DSD_NAMAIN10@DF_TABLE4(2.0),A,IRL,S1,S1,EXC_A,F21,_Z,_Z,XDC_USD,_Z,N,T001,1958,0.453478,,F,6,A,0,EUR
OECD.SDD.NAD:DSD_NAMAIN10@DF_TABLE4(2.0),A,IRL,S1,S1,EXC_A,F21,_Z,_Z,XDC_USD,_Z,N,T001,1959,0.453478,,F,6,A,0,EUR
OECD.SDD.NAD:DSD_NAMAIN10@DF_TABLE4(2.0),A,IRL,S1,S1,EXC_A,F21,_Z,_Z,XDC_USD,_Z,N,T001,1960,0.453478,,F,6,A,0,EUR
OECD.SDD.NAD:DSD_NAMAIN10@DF_TABLE4(2.0),A,IRL,S1,S1,EXC_A,F21,_Z,_Z,XDC_USD,_Z,N,T001,1961,0.453478,,F,6,A,0,EUR
OECD.SDD.NAD:DSD_NAMAIN10@DF_TABLE4(2.0),A,IRL,S1,S1,EXC_A,F21,_Z,_Z,XDC_USD,_Z,N,T001,1962,0.453478,,F,6,A,0,EUR
OECD.SDD.NAD:DSD_NAMAIN10@DF_TABLE4(2.0),A,IRL,S1,S1,EXC_A,F21,_Z,_Z,XDC_USD,_Z,N,T001,1963,0.453478,,F,6,A,0,EUR
OECD.SDD.NAD:DSD_NAMAIN10@DF_TABLE4(2.0),A,IRL,S1,S1,EXC_A,F21,_Z,_Z,XDC_USD,_Z,N,T001,1964,0.453478,,F,6,A,0,EUR
OECD.SDD.NAD:DSD_NAMAIN10@DF_TABLE4(2.0),A,IRL,S1,S1,EXC_A,F21,_Z,_Z,XDC_USD,_Z,N,T001,1965,0.453478,,F,6,A,0,EUR
OECD.SDD.NAD:DSD_NAMAIN10@DF_TABLE4(2.0),A,IRL,S1,S1,EXC_A,F21,_Z,_Z,XDC_USD,_Z,N,T001,1966,0.453478,,F,6,A,0,EUR
OECD.SDD.NAD:DSD_NAMAIN10@DF_TABLE4(2.0),A,IRL,S1,S1,EXC_A,F21,_Z,_Z,XDC_USD,_Z,N,T001,1967,0.459776,,F,6,A,0,EUR
OECD.SDD.NAD:DSD_NAMAIN10@DF_TABLE4(2.0),A,IRL,S1,S1,EXC_A,F21,_Z,_Z,XDC_USD,_Z,N,T001,1968,0.529058,,F,6,A,0,EUR
OECD.SDD.NAD:DSD_NAMAIN10@DF_TABLE4(2.0),A,IRL,S1,S1,EXC_A,F21,_Z,_Z,XDC_USD,_Z,N,T001,1969,0.529058,,F,6,A,0,EUR
OECD.SDD.NAD:DSD_NAMAIN10@DF_TABLE4(2.0),A,IRL,S1,S1,EXC_A,F21,_Z,_Z,XDC_USD,_Z,N,T001,1970,0.529058,,F,6,A,0,EUR
OECD.SDD.NAD:DSD_NAMAIN10@DF_TABLE4(2.0),A,IRL,S1,S1,EXC_A,F21,_Z,_Z,XDC_USD,_Z,N,T001,1971,0.521761,,F,6,A,0,EUR
OECD.SDD.NAD:DSD_NAMAIN10@DF_TABLE4(2.0),A,IRL,S1,S1,EXC_A,F21,_Z,_Z,XDC_USD,_Z,N,T001,1972,0.508391,,F,6,A,0,EUR
OECD.SDD.NAD:DSD_NAMAIN10@DF_TABLE4(2.0),A,IRL,S1,S1,EXC_A,F21,_Z,_Z,XDC_USD,_Z,N,T001,1973,0.51827,,F,6,A,0,EUR
OECD.SDD.NAD:DSD_NAMAIN10@DF_TABLE4(2.0),A,IRL,S1,S1,EXC_A,F21,_Z,_Z,XDC_USD,_Z,N,T001,1974,0.543139,,F,6,A,0,EUR
OECD.SDD.NAD:DSD_NAMAIN10@DF_TABLE4(2.0),A,IRL,S1,S1,EXC_A,F21,_Z,_Z,XDC_USD,_Z,N,T001,1975,0.573974,,F,6,A,0,EUR
OECD.SDD.NAD:DSD_NAMAIN10@DF_TABLE4(2.0),A,IRL,S1,S1,EXC_A,F21,_Z,_Z,XDC_USD,_Z,N,T001,1976,0.706622,,F,6,A,0,EUR
OECD.SDD.NAD:DSD_NAMAIN10@DF_TABLE4(2.0),A,IRL,S1,S1,EXC_A,F21,_Z,_Z,XDC_USD,_Z,N,T001,1977,0.727905,,F,6,A,0,EUR
OECD.SDD.NAD:DSD_NAMAIN10@DF_TABLE4(2.0),A,IRL,S1,S1,EXC_A,F21,_Z,_Z,XDC_USD,_Z,N,T001,1978,0.662174,,F,6,A,0,EUR
OECD.SDD.NAD:DSD_NAMAIN10@DF_TABLE4(2.0),A,IRL,S1,S1,EXC_A,F21,_Z,_Z,XDC_USD,_Z,N,T001,1979,0.620388,,F,6,A,0,EUR
OECD.SDD.NAD:DSD_NAMAIN10@DF_TABLE4(2.0),A,IRL,S1,S1,EXC_A,F21,_Z,_Z,XDC_USD,_Z,N,T001,1980,0.617912,,F,6,A,0,EUR
OECD.SDD.NAD:DSD_NAMAIN10@DF_TABLE4(2.0),A,IRL,S1,S1,EXC_A,F21,_Z,_Z,XDC_USD,_Z,N,T001,1981,0.788886,,F,6,A,0,EUR
OECD.SDD.NAD:DSD_NAMAIN10@DF_TABLE4(2.0),A,IRL,S1,S1,EXC_A,F21,_Z,_Z,XDC_USD,_Z,N,T001,1982,0.894609,,F,6,A,0,EUR
OECD.SDD.NAD:DSD_NAMAIN10@DF_TABLE4(2.0),A,IRL,S1,S1,EXC_A,F21,_Z,_Z,XDC_USD,_Z,N,T001,1983,1.02173,,F,6,A,0,EUR
OECD.SDD.NAD:DSD_NAMAIN10@DF_TABLE4(2.0),A,IRL,S1,S1,EXC_A,F21,_Z,_Z,XDC_USD,_Z,N,T001,1984,1.171401,,F,6,A,0,EUR
OECD.SDD.NAD:DSD_NAMAIN10@DF_TABLE4(2.0),A,IRL,S1,S1,EXC_A,F21,_Z,_Z,XDC_USD,_Z,N,T001,1985,1.200683,,F,6,A,0,EUR
OECD.SDD.NAD:DSD_NAMAIN10@DF_TABLE4(2.0),A,IRL,S1,S1,EXC_A,F21,_Z,_Z,XDC_USD,_Z,N,T001,1986,0.943578,,F,6,A,0,EUR
OECD.SDD.NAD:DSD_NAMAIN10@DF_TABLE4(2.0),A,IRL,S1,S1,EXC_A,F21,_Z,_Z,XDC_USD,_Z,N,T001,1987,0.854428,,F,6,A,0,EUR
OECD.SDD.NAD:DSD_NAMAIN10@DF_TABLE4(2.0),A,IRL,S1,S1,EXC_A,F21,_Z,_Z,XDC_USD,_Z,N,T001,1988,0.833542,,F,6,A,0,EUR
OECD.SDD.NAD:DSD_NAMAIN10@DF_TABLE4(2.0),A,IRL,S1,S1,EXC_A,F21,_Z,_Z,XDC_USD,_Z,N,T001,1989,0.895855,,F,6,A,0,EUR
OECD.SDD.NAD:DSD_NAMAIN10@DF_TABLE4(2.0),A,IRL,S1,S1,EXC_A,F21,_Z,_Z,XDC_USD,_Z,N,T001,1990,0.767669,,F,6,A,0,EUR
OECD.SDD.NAD:DSD_NAMAIN10@DF_TABLE4(2.0),A,IRL,S1,S1,EXC_A,F21,_Z,_Z,XDC_USD,_Z,N,T001,1991,0.788885,,F,6,A,0,EUR
OECD.SDD.NAD:DSD_NAMAIN10@DF_TABLE4(2.0),A,IRL,S1,S1,EXC_A,F21,_Z,_Z,XDC_USD,_Z,N,T001,1992,0.746252,,F,6,A,0,EUR
OECD.SDD.NAD:DSD_NAMAIN10@DF_TABLE4(2.0),A,IRL,S1,S1,EXC_A,F21,_Z,_Z,XDC_USD,_Z,N,T001,1993,0.859929,,F,6,A,0,EUR
OECD.SDD.NAD:DSD_NAMAIN10@DF_TABLE4(2.0),A,IRL,S1,S1,EXC_A,F21,_Z,_Z,XDC_USD,_Z,N,T001,1994,0.848983,,F,6,A,0,EUR
OECD.SDD.NAD:DSD_NAMAIN10@DF_TABLE4(2.0),A,IRL,S1,S1,EXC_A,F21,_Z,_Z,XDC_USD,_Z,N,T001,1995,0.791978,,F,6,A,0,EUR
OECD.SDD.NAD:DSD_NAMAIN10@DF_TABLE4(2.0),A,IRL,S1,S1,EXC_A,F21,_Z,_Z,XDC_USD,_Z,N,T001,1996,0.793622,,F,6,A,0,EUR
OECD.SDD.NAD:DSD_NAMAIN10@DF_TABLE4(2.0),A,IRL,S1,S1,EXC_A,F21,_Z,_Z,XDC_USD,_Z,N,T001,1997,0.837574,,F,6,A,0,EUR
OECD.SDD.NAD:DSD_NAMAIN10@DF_TABLE4(2.0),A,IRL,S1,S1,EXC_A,F21,_Z,_Z,XDC_USD,_Z,N,T001,1998,0.8917,,F,6,A,0,EUR
OECD.SDD.NAD:DSD_NAMAIN10@DF_TABLE4(2.0),A,IRL,S1,S1,EXC_A,F21,_Z,_Z,XDC_USD,_Z,N,T001,1999,0.938283,,F,6,A,0,EUR
OECD.SDD.NAD:DSD_NAMAIN10@DF_TABLE4(2.0),A,IRL,S1,S1,EXC_A,F21,_Z,_Z,XDC_USD,_Z,N,T001,2000,1.082705,,F,6,A,0,EUR
OECD.SDD.NAD:DSD_NAMAIN10@DF_TABLE4(2.0),A,IRL,S1,S1,EXC_A,F21,_Z,_Z,XDC_USD,_Z,N,T001,2001,1.116533,,F,6,A,0,EUR
OECD.SDD.NAD:DSD_NAMAIN10@DF_TABLE4(2.0),A,IRL,S1,S1,EXC_A,F21,_Z,_Z,XDC_USD,_Z,N,T001,2002,1.057559,,F,6,A,0,EUR
OECD.SDD.NAD:DSD_NAMAIN10@DF_TABLE4(2.0),A,IRL,S1,S1,EXC_A,F21,_Z,_Z,XDC_USD,_Z,N,T001,2003,0.884048,,F,6,A,0,EUR
OECD.SDD.NAD:DSD_NAMAIN10@DF_TABLE4(2.0),A,IRL,S1,S1,EXC_A,F21,_Z,_Z,XDC_USD,_Z,N,T001,2004,0.803922,,F,6,A,0,EUR
OECD.SDD.NAD:DSD_NAMAIN10@DF_TABLE4(2.0),A,IRL,S1,S1,EXC_A,F21,_Z,_Z,XDC_USD,_Z,N,T001,2005,0.8038,,F,6,A,0,EUR
OECD.SDD.NAD:DSD_NAMAIN10@DF_TABLE4(2.0),A,IRL,S1,S1,EXC_A,F21,_Z,_Z,XDC_USD,_Z,N,T001,2006,0.796433,,F,6,A,0,EUR
OECD.SDD.NAD:DSD_NAMAIN10@DF_TABLE4(2.0),A,IRL,S1,S1,EXC_A,F21,_Z,_Z,XDC_USD,_Z,N,T001,2007,0.729672,,F,6,A,0,EUR
OECD.SDD.NAD:DSD_NAMAIN10@DF_TABLE4(2.0),A,IRL,S1,S1,EXC_A,F21,_Z,_Z,XDC_USD,_Z,N,T001,2008,0.679923,,F,6,A,0,EUR
OECD.SDD.NAD:DSD_NAMAIN10@DF_TABLE4(2.0),A,IRL,S1,S1,EXC_A,F21,_Z,_Z,XDC_USD,_Z,N,T001,2009,0.716958,,F,6,A,0,EUR
OECD.SDD.NAD:DSD_NAMAIN10@DF_TABLE4(2.0),A,IRL,S1,S1,EXC_A,F21,_Z,_Z,XDC_USD,_Z,N,T001,2010,0.754309,,F,6,A,0,EUR
OECD.SDD.NAD:DSD_NAMAIN10@DF_TABLE4(2.0),A,IRL,S1,S1,EXC_A,F21,_Z,_Z,XDC_USD,_Z,N,T001,2011,0.718414,,F,6,A,0,EUR
OECD.SDD.NAD:DSD_NAMAIN10@DF_TABLE4(2.0),A,IRL,S1,S1,EXC_A,F21,_Z,_Z,XDC_USD,_Z,N,T001,2012,0.778338,,F,6,A,0,EUR
OECD.SDD.NAD:DSD_NAMAIN10@DF_TABLE4(2.0),A,IRL,S1,S1,EXC_A,F21,_Z,_Z,XDC_USD,_Z,N,T001,2013,0.752945,,F,6,A,0,EUR
OECD.SDD.NAD:DSD_NAMAIN10@DF_TABLE4(2.0),A,IRL,S1,S1,EXC_A,F21,_Z,_Z,XDC_USD,_Z,N,T001,2014,0.752728,,F,6,A,0,EUR
OECD.SDD.NAD:DSD_NAMAIN10@DF_TABLE4(2.0),A,IRL,S1,S1,EXC_A,F21,_Z,_Z,XDC_USD,_Z,N,T001,2015,0.901296,,F,6,A,0,EUR
OECD.SDD.NAD:DSD_NAMAIN10@DF_TABLE4(2.0),A,IRL,S1,S1,EXC_A,F21,_Z,_Z,XDC_USD,_Z,N,T001,2016,0.903421,,F,6,A,0,EUR
OECD.SDD.NAD:DSD_NAMAIN10@DF_TABLE4(2.0),A,IRL,S1,S1,EXC_A,F21,_Z,_Z,XDC_USD,_Z,N,T001,2017,0.885206,,F,6,A,0,EUR
OECD.SDD.NAD:DSD_NAMAIN10@DF_TABLE4(2.0),A,IRL,S1,S1,EXC_A,F21,_Z,_Z,XDC_USD,_Z,N,T001,2018,0.846773,,F,6,A,0,EUR
OECD.SDD.NAD:DSD_NAMAIN10@DF_TABLE4(2.0),A,IRL,S1,S1,EXC_A,F21,_Z,_Z,XDC_USD,_Z,N,T001,2019,0.893276,,F,6,A,0,EUR
OECD.SDD.NAD:DSD_NAMAIN10@DF_TABLE4(2.0),A,IRL,S1,S1,EXC_A,F21,_Z,_Z,XDC_USD,_Z,N,T001,2020,0.875506,,F,6,A,0,EUR
OECD.SDD.NAD:DSD_NAMAIN10@DF_TABLE4(2.0),A,IRL,S1,S1,EXC_A,F21,_Z,_Z,XDC_USD,_Z,N,T001,2021,0.845494,,F,6,A,0,EUR
OECD.SDD.NAD:DSD_NAMAIN10@DF_TABLE4(2.0),A,IRL,S1,S1,EXC_A,F21,_Z,_Z,XDC_USD,_Z,N,T001,2022,0.949624,,F,6,A,0,EUR
OECD.SDD.NAD:DSD_NAMAIN10@DF_TABLE4(2.0),A,IRL,S1,S1,EXC_A,F21,_Z,_Z,XDC_USD,_Z,N,T001,2023,0.92484,,F,6,A,0,EUR
OECD.SDD.NAD:DSD_NAMAIN10@DF_TABLE4(2.0),A,ITA,S1,S1,EXC_A,F21,_Z,_Z,XDC_USD,_Z,N,T001,1950,0.322584,,F,6,A,0,EUR
OECD.SDD.NAD:DSD_NAMAIN10@DF_TABLE4(2.0),A,ITA,S1,S1,EXC_A,F21,_Z,_Z,XDC_USD,_Z,N,T001,1951,0.322786,,F,6,A,0,EUR
OECD.SDD.NAD:DSD_NAMAIN10@DF_TABLE4(2.0),A,ITA,S1,S1,EXC_A,F21,_Z,_Z,XDC_USD,_Z,N,T001,1952,0.322786,,F,6,A,0,EUR
OECD.SDD.NAD:DSD_NAMAIN10@DF_TABLE4(2.0),A,ITA,S1,S1,EXC_A,F21,_Z,_Z,XDC_USD,_Z,N,T001,1953,0.322786,,F,6,A,0,EUR
OECD.SDD.NAD:DSD_NAMAIN10@DF_TABLE4(2.0),A,ITA,S1,S1,EXC_A,F21,_Z,_Z,XDC_USD,_Z,N,T001,1954,0.322786,,F,6,A,0,EUR
OECD.SDD.NAD:DSD_NAMAIN10@DF_TABLE4(2.0),A,ITA,S1,S1,EXC_A,F21,_Z,_Z,XDC_USD,_Z,N,T001,1955,0.322786,,F,6,A,0,EUR
OECD.SDD.NAD:DSD_NAMAIN10@DF_TABLE4(2.0),A,ITA,S1,S1,EXC_A,F21,_Z,_Z,XDC_USD,_Z,N,T001,1956,0.322786,,F,6,A,0,EUR
OECD.SDD.NAD:DSD_NAMAIN10@DF_TABLE4(2.0),A,ITA,S1,S1,EXC_A,F21,_Z,_Z,XDC_USD,_Z,N,T001,1957,0.322786,,F,6,A,0,EUR
OECD.SDD.NAD:DSD_NAMAIN10@DF_TABLE4(2.0),A,ITA,S1,S1,EXC_A,F21,_Z,_Z,XDC_USD,_Z,N,T001,1958,0.322651,,F,6,A,0,EUR
OECD.SDD.NAD:DSD_NAMAIN10@DF_TABLE4(2.0),A,ITA,S1,S1,EXC_A,F21,_Z,_Z,XDC_USD,_Z,N,T001,1959,0.320764,,F,6,A,0,EUR
OECD.SDD.NAD:DSD_NAMAIN10@DF_TABLE4(2.0),A,ITA,S1,S1,EXC_A,F21,_Z,_Z,XDC_USD,_Z,N,T001,1960,0.322262,,F,6,A,0,EUR
OECD.SDD.NAD:DSD_NAMAIN10@DF_TABLE4(2.0),A,ITA,S1,S1,EXC_A,F21,_Z,_Z,XDC_USD,_Z,N,T001,1961,0.322786,,F,6,A,0,EUR
OECD.SDD.NAD:DSD_NAMAIN10@DF_TABLE4(2.0),A,ITA,S1,S1,EXC_A,F21,_Z,_Z,XDC_USD,_Z,N,T001,1962,0.322786,,F,6,A,0,EUR
OECD.SDD.NAD:DSD_NAMAIN10@DF_TABLE4(2.0),A,ITA,S1,S1,EXC_A,F21,_Z,_Z,XDC_USD,_Z,N,T001,1963,0.322786,,F,6,A,0,EUR
OECD.SDD.NAD:DSD_NAMAIN10@DF_TABLE4(2.0),A,ITA,S1,S1,EXC_A,F21,_Z,_Z,XDC_USD,_Z,N,T001,1964,0.322786,,F,6,A,0,EUR
OECD.SDD.NAD:DSD_NAMAIN10@DF_TABLE4(2.0),A,ITA,S1,S1,EXC_A,F21,_Z,_Z,XDC_USD,_Z,N,T001,1965,0.322786,,F,6,A,0,EUR
OECD.SDD.NAD:DSD_NAMAIN10@DF_TABLE4(2.0),A,ITA,S1,S1,EXC_A,F21,_Z,_Z,XDC_USD,_Z,N,T001,1966,0.322786,,F,6,A,0,EUR
OECD.SDD.NAD:DSD_NAMAIN10@DF_TABLE4(2.0),A,ITA,S1,S1,EXC_A,F21,_Z,_Z,XDC_USD,_Z,N,T001,1967,0.322786,,F,6,A,0,EUR
OECD.SDD.NAD:DSD_NAMAIN10@DF_TABLE4(2.0),A,ITA,S1,S1,EXC_A,F21,_Z,_Z,XDC_USD,_Z,N,T001,1968,0.322786,,F,6,A,0,EUR
OECD.SDD.NAD:DSD_NAMAIN10@DF_TABLE4(2.0),A,ITA,S1,S1,EXC_A,F21,_Z,_Z,XDC_USD,_Z,N,T001,1969,0.322786,,F,6,A,0,EUR
OECD.SDD.NAD:DSD_NAMAIN10@DF_TABLE4(2.0),A,ITA,S1,S1,EXC_A,F21,_Z,_Z,XDC_USD,_Z,N,T001,1970,0.322786,,F,6,A,0,EUR
OECD.SDD.NAD:DSD_NAMAIN10@DF_TABLE4(2.0),A,ITA,S1,S1,EXC_A,F21,_Z,_Z,XDC_USD,_Z,N,T001,1971,0.320389,,F,6,A,0,EUR
OECD.SDD.NAD:DSD_NAMAIN10@DF_TABLE4(2.0),A,ITA,S1,S1,EXC_A,F21,_Z,_Z,XDC_USD,_Z,N,T001,1972,0.301207,,F,6,A,0,EUR
OECD.SDD.NAD:DSD_NAMAIN10@DF_TABLE4(2.0),A,ITA,S1,S1,EXC_A,F21,_Z,_Z,XDC_USD,_Z,N,T001,1973,0.301092,,F,6,A,0,EUR
OECD.SDD.NAD:DSD_NAMAIN10@DF_TABLE4(2.0),A,ITA,S1,S1,EXC_A,F21,_Z,_Z,XDC_USD,_Z,N,T001,1974,0.335874,,F,6,A,0,EUR
OECD.SDD.NAD:DSD_NAMAIN10@DF_TABLE4(2.0),A,ITA,S1,S1,EXC_A,F21,_Z,_Z,XDC_USD,_Z,N,T001,1975,0.337168,,F,6,A,0,EUR
OECD.SDD.NAD:DSD_NAMAIN10@DF_TABLE4(2.0),A,ITA,S1,S1,EXC_A,F21,_Z,_Z,XDC_USD,_Z,N,T001,1976,0.429865,,F,6,A,0,EUR
OECD.SDD.NAD:DSD_NAMAIN10@DF_TABLE4(2.0),A,ITA,S1,S1,EXC_A,F21,_Z,_Z,XDC_USD,_Z,N,T001,1977,0.455716,,F,6,A,0,EUR
OECD.SDD.NAD:DSD_NAMAIN10@DF_TABLE4(2.0),A,ITA,S1,S1,EXC_A,F21,_Z,_Z,XDC_USD,_Z,N,T001,1978,0.438298,,F,6,A,0,EUR
OECD.SDD.NAD:DSD_NAMAIN10@DF_TABLE4(2.0),A,ITA,S1,S1,EXC_A,F21,_Z,_Z,XDC_USD,_Z,N,T001,1979,0.429104,,F,6,A,0,EUR
OECD.SDD.NAD:DSD_NAMAIN10@DF_TABLE4(2.0),A,ITA,S1,S1,EXC_A,F21,_Z,_Z,XDC_USD,_Z,N,T001,1980,0.442318,,F,6,A,0,EUR
OECD.SDD.NAD:DSD_NAMAIN10@DF_TABLE4(2.0),A,ITA,S1,S1,EXC_A,F21,_Z,_Z,XDC_USD,_Z,N,T001,1981,0.58709,,F,6,A,0,EUR
OECD.SDD.NAD:DSD_NAMAIN10@DF_TABLE4(2.0),A,ITA,S1,S1,EXC_A,F21,_Z,_Z,XDC_USD,_Z,N,T001,1982,0.698513,,F,6,A,0,EUR
OECD.SDD.NAD:DSD_NAMAIN10@DF_TABLE4(2.0),A,ITA,S1,S1,EXC_A,F21,_Z,_Z,XDC_USD,_Z,N,T001,1983,0.78442,,F,6,A,0,EUR
OECD.SDD.NAD:DSD_NAMAIN10@DF_TABLE4(2.0),A,ITA,S1,S1,EXC_A,F21,_Z,_Z,XDC_USD,_Z,N,T001,1984,0.907395,,F,6,A,0,EUR
OECD.SDD.NAD:DSD_NAMAIN10@DF_TABLE4(2.0),A,ITA,S1,S1,EXC_A,F21,_Z,_Z,XDC_USD,_Z,N,T001,1985,0.986143,,F,6,A,0,EUR
OECD.SDD.NAD:DSD_NAMAIN10@DF_TABLE4(2.0),A,ITA,S1,S1,EXC_A,F21,_Z,_Z,XDC_USD,_Z,N,T001,1986,0.769939,,F,6,A,0,EUR
OECD.SDD.NAD:DSD_NAMAIN10@DF_TABLE4(2.0),A,ITA,S1,S1,EXC_A,F21,_Z,_Z,XDC_USD,_Z,N,T001,1987,0.669364,,F,6,A,0,EUR
OECD.SDD.NAD:DSD_NAMAIN10@DF_TABLE4(2.0),A,ITA,S1,S1,EXC_A,F21,_Z,_Z,XDC_USD,_Z,N,T001,1988,0.672235,,F,6,A,0,EUR
OECD.SDD.NAD:DSD_NAMAIN10@DF_TABLE4(2.0),A,ITA,S1,S1,EXC_A,F21,_Z,_Z,XDC_USD,_Z,N,T001,1989,0.708627,,F,6,A,0,EUR
OECD.SDD.NAD:DSD_NAMAIN10@DF_TABLE4(2.0),A,ITA,S1,S1,EXC_A,F21,_Z,_Z,XDC_USD,_Z,N,T001,1990,0.618768,,F,6,A,0,EUR
OECD.SDD.NAD:DSD_NAMAIN10@DF_TABLE4(2.0),A,ITA,S1,S1,EXC_A,F21,_Z,_Z,XDC_USD,_Z,N,T001,1991,0.640723,,F,6,A,0,EUR
OECD.SDD.NAD:DSD_NAMAIN10@DF_TABLE4(2.0),A,ITA,S1,S1,EXC_A,F21,_Z,_Z,XDC_USD,_Z,N,T001,1992,0.636484,,F,6,A,0,EUR
OECD.SDD.NAD:DSD_NAMAIN10@DF_TABLE4(2.0),A,ITA,S1,S1,EXC_A,F21,_Z,_Z,XDC_USD,_Z,N,T001,1993,0.812731,,F,6,A,0,EUR
OECD.SDD.NAD:DSD_NAMAIN10@DF_TABLE4(2.0),A,ITA,S1,S1,EXC_A,F21,_Z,_Z,XDC_USD,_Z,N,T001,1994,0.832758,,F,6,A,0,EUR
OECD.SDD.NAD:DSD_NAMAIN10@DF_TABLE4(2.0),A,ITA,S1,S1,EXC_A,F21,_Z,_Z,XDC_USD,_Z,N,T001,1995,0.841274,,F,6,A,0,EUR
OECD.SDD.NAD:DSD_NAMAIN10@DF_TABLE4(2.0),A,ITA,S1,S1,EXC_A,F21,_Z,_Z,XDC_USD,_Z,N,T001,1996,0.796866,,F,6,A,0,EUR
OECD.SDD.NAD:DSD_NAMAIN10@DF_TABLE4(2.0),A,ITA,S1,S1,EXC_A,F21,_Z,_Z,XDC_USD,_Z,N,T001,1997,0.879576,,F,6,A,0,EUR
OECD.SDD.NAD:DSD_NAMAIN10@DF_TABLE4(2.0),A,ITA,S1,S1,EXC_A,F21,_Z,_Z,XDC_USD,_Z,N,T001,1998,0.896676,,F,6,A,0,EUR
OECD.SDD.NAD:DSD_NAMAIN10@DF_TABLE4(2.0),A,ITA,S1,S1,EXC_A,F21,_Z,_Z,XDC_USD,_Z,N,T001,1999,0.938283,,F,6,A,0,EUR
OECD.SDD.NAD:DSD_NAMAIN10@DF_TABLE4(2.0),A,ITA,S1,S1,EXC_A,F21,_Z,_Z,XDC_USD,_Z,N,T001,2000,1.082705,,F,6,A,0,EUR
OECD.SDD.NAD:DSD_NAMAIN10@DF_TABLE4(2.0),A,ITA,S1,S1,EXC_A,F21,_Z,_Z,XDC_USD,_Z,N,T001,2001,1.116533,,F,6,A,0,EUR
OECD.SDD.NAD:DSD_NAMAIN10@DF_TABLE4(2.0),A,ITA,S1,S1,EXC_A,F21,_Z,_Z,XDC_USD,_Z,N,T001,2002,1.057559,,F,6,A,0,EUR
OECD.SDD.NAD:DSD_NAMAIN10@DF_TABLE4(2.0),A,ITA,S1,S1,EXC_A,F21,_Z,_Z,XDC_USD,_Z,N,T001,2003,0.884048,,F,6,A,0,EUR
OECD.SDD.NAD:DSD_NAMAIN10@DF_TABLE4(2.0),A,ITA,S1,S1,EXC_A,F21,_Z,_Z,XDC_USD,_Z,N,T001,2004,0.803922,,F,6,A,0,EUR
OECD.SDD.NAD:DSD_NAMAIN10@DF_TABLE4(2.0),A,ITA,S1,S1,EXC_A,F21,_Z,_Z,XDC_USD,_Z,N,T001,2005,0.8038,,F,6,A,0,EUR
OECD.SDD.NAD:DSD_NAMAIN10@DF_TABLE4(2.0),A,ITA,S1,S1,EXC_A,F21,_Z,_Z,XDC_USD,_Z,N,T001,2006,0.796433,,F,6,A,0,EUR
OECD.SDD.NAD:DSD_NAMAIN10@DF_TABLE4(2.0),A,ITA,S1,S1,EXC_A,F21,_Z,_Z,XDC_USD,_Z,N,T001,2007,0.729672,,F,6,A,0,EUR
OECD.SDD.NAD:DSD_NAMAIN10@DF_TABLE4(2.0),A,ITA,S1,S1,EXC_A,F21,_Z,_Z,XDC_USD,_Z,N,T001,2008,0.679923,,F,6,A,0,EUR
OECD.SDD.NAD:DSD_NAMAIN10@DF_TABLE4(2.0),A,ITA,S1,S1,EXC_A,F21,_Z,_Z,XDC_USD,_Z,N,T001,2009,0.716958,,F,6,A,0,EUR
OECD.SDD.NAD:DSD_NAMAIN10@DF_TABLE4(2.0),A,ITA,S1,S1,EXC_A,F21,_Z,_Z,XDC_USD,_Z,N,T001,2010,0.754309,,F,6,A,0,EUR
OECD.SDD.NAD:DSD_NAMAIN10@DF_TABLE4(2.0),A,ITA,S1,S1,EXC_A,F21,_Z,_Z,XDC_USD,_Z,N,T001,2011,0.718414,,F,6,A,0,EUR
OECD.SDD.NAD:DSD_NAMAIN10@DF_TABLE4(2.0),A,ITA,S1,S1,EXC_A,F21,_Z,_Z,XDC_USD,_Z,N,T001,2012,0.778338,,F,6,A,0,EUR
OECD.SDD.NAD:DSD_NAMAIN10@DF_TABLE4(2.0),A,ITA,S1,S1,EXC_A,F21,_Z,_Z,XDC_USD,_Z,N,T001,2013,0.752945,,F,6,A,0,EUR
OECD.SDD.NAD:DSD_NAMAIN10@DF_TABLE4(2.0),A,ITA,S1,S1,EXC_A,F21,_Z,_Z,XDC_USD,_Z,N,T001,2014,0.752728,,F,6,A,0,EUR
OECD.SDD.NAD:DSD_NAMAIN10@DF_TABLE4(2.0),A,ITA,S1,S1,EXC_A,F21,_Z,_Z,XDC_USD,_Z,N,T001,2015,0.901296,,F,6,A,0,EUR
OECD.SDD.NAD:DSD_NAMAIN10@DF_TABLE4(2.0),A,ITA,S1,S1,EXC_A,F21,_Z,_Z,XDC_USD,_Z,N,T001,2016,0.903421,,F,6,A,0,EUR
OECD.SDD.NAD:DSD_NAMAIN10@DF_TABLE4(2.0),A,ITA,S1,S1,EXC_A,F21,_Z,_Z,XDC_USD,_Z,N,T001,2017,0.885206,,F,6,A,0,EUR
OECD.SDD.NAD:DSD_NAMAIN10@DF_TABLE4(2.0),A,ITA,S1,S1,EXC_A,F21,_Z,_Z,XDC_USD,_Z,N,T001,2018,0.846773,,F,6,A,0,EUR
OECD.SDD.NAD:DSD_NAMAIN10@DF_TABLE4(2.0),A,ITA,S1,S1,EXC_A,F21,_Z,_Z,XDC_USD,_Z,N,T001,2019,0.893276,,F,6,A,0,EUR
OECD.SDD.NAD:DSD_NAMAIN10@DF_TABLE4(2.0),A,ITA,S1,S1,EXC_A,F21,_Z,_Z,XDC_USD,_Z,N,T001,2020,0.875506,,F,6,A,0,EUR
OECD.SDD.NAD:DSD_NAMAIN10@DF_TABLE4(2.0),A,ITA,S1,S1,EXC_A,F21,_Z,_Z,XDC_USD,_Z,N,T001,2021,0.845494,,F,6,A,0,EUR
OECD.SDD.NAD:DSD_NAMAIN10@DF_TABLE4(2.0),A,ITA,S1,S1,EXC_A,F21,_Z,_Z,XDC_USD,_Z,N,T001,2022,0.949624,,F,6,A,0,EUR
OECD.SDD.NAD:DSD_NAMAIN10@DF_TABLE4(2.0),A,ITA,S1,S1,EXC_A,F21,_Z,_Z,XDC_USD,_Z,N,T001,2023,0.92484,,F,6,A,0,EUR
OECD.SDD.NAD:DSD_NAMAIN10@DF_TABLE4(2.0),A,LUX,S1,S1,EXC_A,F21,_Z,_Z,XDC_USD,_Z,N,T001,1950,1.239468,,F,6,A,0,EUR
OECD.SDD.NAD:DSD_NAMAIN10@DF_TABLE4(2.0),A,LUX,S1,S1,EXC_A,F21,_Z,_Z,XDC_USD,_Z,N,T001,1951,1.239468,,F,6,A,0,EUR
OECD.SDD.NAD:DSD_NAMAIN10@DF_TABLE4(2.0),A,LUX,S1,S1,EXC_A,F21,_Z,_Z,XDC_USD,_Z,N,T001,1952,1.239468,,F,6,A,0,EUR
OECD.SDD.NAD:DSD_NAMAIN10@DF_TABLE4(2.0),A,LUX,S1,S1,EXC_A,F21,_Z,_Z,XDC_USD,_Z,N,T001,1953,1.239468,,F,6,A,0,EUR
OECD.SDD.NAD:DSD_NAMAIN10@DF_TABLE4(2.0),A,LUX,S1,S1,EXC_A,F21,_Z,_Z,XDC_USD,_Z,N,T001,1954,1.239468,,F,6,A,0,EUR
OECD.SDD.NAD:DSD_NAMAIN10@DF_TABLE4(2.0),A,LUX,S1,S1,EXC_A,F21,_Z,_Z,XDC_USD,_Z,N,T001,1955,1.239468,,F,6,A,0,EUR
OECD.SDD.NAD:DSD_NAMAIN10@DF_TABLE4(2.0),A,LUX,S1,S1,EXC_A,F21,_Z,_Z,XDC_USD,_Z,N,T001,1956,1.239468,,F,6,A,0,EUR
OECD.SDD.NAD:DSD_NAMAIN10@DF_TABLE4(2.0),A,LUX,S1,S1,EXC_A,F21,_Z,_Z,XDC_USD,_Z,N,T001,1957,1.239468,,F,6,A,0,EUR
OECD.SDD.NAD:DSD_NAMAIN10@DF_TABLE4(2.0),A,LUX,S1,S1,EXC_A,F21,_Z,_Z,XDC_USD,_Z,N,T001,1958,1.239468,,F,6,A,0,EUR
OECD.SDD.NAD:DSD_NAMAIN10@DF_TABLE4(2.0),A,LUX,S1,S1,EXC_A,F21,_Z,_Z,XDC_USD,_Z,N,T001,1959,1.239468,,F,6,A,0,EUR
OECD.SDD.NAD:DSD_NAMAIN10@DF_TABLE4(2.0),A,LUX,S1,S1,EXC_A,F21,_Z,_Z,XDC_USD,_Z,N,T001,1960,1.239468,,F,6,A,0,EUR
OECD.SDD.NAD:DSD_NAMAIN10@DF_TABLE4(2.0),A,LUX,S1,S1,EXC_A,F21,_Z,_Z,XDC_USD,_Z,N,T001,1961,1.239468,,F,6,A,0,EUR
OECD.SDD.NAD:DSD_NAMAIN10@DF_TABLE4(2.0),A,LUX,S1,S1,EXC_A,F21,_Z,_Z,XDC_USD,_Z,N,T001,1962,1.239468,,F,6,A,0,EUR
OECD.SDD.NAD:DSD_NAMAIN10@DF_TABLE4(2.0),A,LUX,S1,S1,EXC_A,F21,_Z,_Z,XDC_USD,_Z,N,T001,1963,1.239468,,F,6,A,0,EUR
OECD.SDD.NAD:DSD_NAMAIN10@DF_TABLE4(2.0),A,LUX,S1,S1,EXC_A,F21,_Z,_Z,XDC_USD,_Z,N,T001,1964,1.239468,,F,6,A,0,EUR
OECD.SDD.NAD:DSD_NAMAIN10@DF_TABLE4(2.0),A,LUX,S1,S1,EXC_A,F21,_Z,_Z,XDC_USD,_Z,N,T001,1965,1.239468,,F,6,A,0,EUR
OECD.SDD.NAD:DSD_NAMAIN10@DF_TABLE4(2.0),A,LUX,S1,S1,EXC_A,F21,_Z,_Z,XDC_USD,_Z,N,T001,1966,1.239468,,F,6,A,0,EUR
OECD.SDD.NAD:DSD_NAMAIN10@DF_TABLE4(2.0),A,LUX,S1,S1,EXC_A,F21,_Z,_Z,XDC_USD,_Z,N,T001,1967,1.239468,,F,6,A,0,EUR
OECD.SDD.NAD:DSD_NAMAIN10@DF_TABLE4(2.0),A,LUX,S1,S1,EXC_A,F21,_Z,_Z,XDC_USD,_Z,N,T001,1968,1.239468,,F,6,A,0,EUR
OECD.SDD.NAD:DSD_NAMAIN10@DF_TABLE4(2.0),A,LUX,S1,S1,EXC_A,F21,_Z,_Z,XDC_USD,_Z,N,T001,1969,1.239468,,F,6,A,0,EUR
OECD.SDD.NAD:DSD_NAMAIN10@DF_TABLE4(2.0),A,LUX,S1,S1,EXC_A,F21,_Z,_Z,XDC_USD,_Z,N,T001,1970,1.239468,,F,6,A,0,EUR
OECD.SDD.NAD:DSD_NAMAIN10@DF_TABLE4(2.0),A,LUX,S1,S1,EXC_A,F21,_Z,_Z,XDC_USD,_Z,N,T001,1971,1.216091,,F,6,A,0,EUR
OECD.SDD.NAD:DSD_NAMAIN10@DF_TABLE4(2.0),A,LUX,S1,S1,EXC_A,F21,_Z,_Z,XDC_USD,_Z,N,T001,1972,1.091093,,F,6,A,0,EUR
OECD.SDD.NAD:DSD_NAMAIN10@DF_TABLE4(2.0),A,LUX,S1,S1,EXC_A,F21,_Z,_Z,XDC_USD,_Z,N,T001,1973,0.966202,,F,6,A,0,EUR
OECD.SDD.NAD:DSD_NAMAIN10@DF_TABLE4(2.0),A,LUX,S1,S1,EXC_A,F21,_Z,_Z,XDC_USD,_Z,N,T001,1974,0.965582,,F,6,A,0,EUR
OECD.SDD.NAD:DSD_NAMAIN10@DF_TABLE4(2.0),A,LUX,S1,S1,EXC_A,F21,_Z,_Z,XDC_USD,_Z,N,T001,1975,0.911726,,F,6,A,0,EUR
OECD.SDD.NAD:DSD_NAMAIN10@DF_TABLE4(2.0),A,LUX,S1,S1,EXC_A,F21,_Z,_Z,XDC_USD,_Z,N,T001,1976,0.956997,,F,6,A,0,EUR
OECD.SDD.NAD:DSD_NAMAIN10@DF_TABLE4(2.0),A,LUX,S1,S1,EXC_A,F21,_Z,_Z,XDC_USD,_Z,N,T001,1977,0.888519,,F,6,A,0,EUR
OECD.SDD.NAD:DSD_NAMAIN10@DF_TABLE4(2.0),A,LUX,S1,S1,EXC_A,F21,_Z,_Z,XDC_USD,_Z,N,T001,1978,0.780668,,F,6,A,0,EUR
OECD.SDD.NAD:DSD_NAMAIN10@DF_TABLE4(2.0),A,LUX,S1,S1,EXC_A,F21,_Z,_Z,XDC_USD,_Z,N,T001,1979,0.726791,,F,6,A,0,EUR
OECD.SDD.NAD:DSD_NAMAIN10@DF_TABLE4(2.0),A,LUX,S1,S1,EXC_A,F21,_Z,_Z,XDC_USD,_Z,N,T001,1980,0.724882,,F,6,A,0,EUR
OECD.SDD.NAD:DSD_NAMAIN10@DF_TABLE4(2.0),A,LUX,S1,S1,EXC_A,F21,_Z,_Z,XDC_USD,_Z,N,T001,1981,0.92041,,F,6,A,0,EUR
OECD.SDD.NAD:DSD_NAMAIN10@DF_TABLE4(2.0),A,LUX,S1,S1,EXC_A,F21,_Z,_Z,XDC_USD,_Z,N,T001,1982,1.13264,,F,6,A,0,EUR
OECD.SDD.NAD:DSD_NAMAIN10@DF_TABLE4(2.0),A,LUX,S1,S1,EXC_A,F21,_Z,_Z,XDC_USD,_Z,N,T001,1983,1.267521,,F,6,A,0,EUR
OECD.SDD.NAD:DSD_NAMAIN10@DF_TABLE4(2.0),A,LUX,S1,S1,EXC_A,F21,_Z,_Z,XDC_USD,_Z,N,T001,1984,1.432426,,F,6,A,0,EUR
OECD.SDD.NAD:DSD_NAMAIN10@DF_TABLE4(2.0),A,LUX,S1,S1,EXC_A,F21,_Z,_Z,XDC_USD,_Z,N,T001,1985,1.471942,,F,6,A,0,EUR
OECD.SDD.NAD:DSD_NAMAIN10@DF_TABLE4(2.0),A,LUX,S1,S1,EXC_A,F21,_Z,_Z,XDC_USD,_Z,N,T001,1986,1.107388,,F,6,A,0,EUR
OECD.SDD.NAD:DSD_NAMAIN10@DF_TABLE4(2.0),A,LUX,S1,S1,EXC_A,F21,_Z,_Z,XDC_USD,_Z,N,T001,1987,0.925488,,F,6,A,0,EUR
OECD.SDD.NAD:DSD_NAMAIN10@DF_TABLE4(2.0),A,LUX,S1,S1,EXC_A,F21,_Z,_Z,XDC_USD,_Z,N,T001,1988,0.911463,,F,6,A,0,EUR
OECD.SDD.NAD:DSD_NAMAIN10@DF_TABLE4(2.0),A,LUX,S1,S1,EXC_A,F21,_Z,_Z,XDC_USD,_Z,N,T001,1989,0.9768,,F,6,A,0,EUR
OECD.SDD.NAD:DSD_NAMAIN10@DF_TABLE4(2.0),A,LUX,S1,S1,EXC_A,F21,_Z,_Z,XDC_USD,_Z,N,T001,1990,0.828409,,F,6,A,0,EUR
OECD.SDD.NAD:DSD_NAMAIN10@DF_TABLE4(2.0),A,LUX,S1,S1,EXC_A,F21,_Z,_Z,XDC_USD,_Z,N,T001,1991,0.846513,,F,6,A,0,EUR
OECD.SDD.NAD:DSD_NAMAIN10@DF_TABLE4(2.0),A,LUX,S1,S1,EXC_A,F21,_Z,_Z,XDC_USD,_Z,N,T001,1992,0.796965,,F,6,A,0,EUR
OECD.SDD.NAD:DSD_NAMAIN10@DF_TABLE4(2.0),A,LUX,S1,S1,EXC_A,F21,_Z,_Z,XDC_USD,_Z,N,T001,1993,0.857625,,F,6,A,0,EUR
OECD.SDD.NAD:DSD_NAMAIN10@DF_TABLE4(2.0),A,LUX,S1,S1,EXC_A,F21,_Z,_Z,XDC_USD,_Z,N,T001,1994,0.829365,,F,6,A,0,EUR
OECD.SDD.NAD:DSD_NAMAIN10@DF_TABLE4(2.0),A,LUX,S1,S1,EXC_A,F21,_Z,_Z,XDC_USD,_Z,N,T001,1995,0.730791,,F,6,A,0,EUR
OECD.SDD.NAD:DSD_NAMAIN10@DF_TABLE4(2.0),A,LUX,S1,S1,EXC_A,F21,_Z,_Z,XDC_USD,_Z,N,T001,1996,0.767516,,F,6,A,0,EUR
OECD.SDD.NAD:DSD_NAMAIN10@DF_TABLE4(2.0),A,LUX,S1,S1,EXC_A,F21,_Z,_Z,XDC_USD,_Z,N,T001,1997,0.886812,,F,6,A,0,EUR
OECD.SDD.NAD:DSD_NAMAIN10@DF_TABLE4(2.0),A,LUX,S1,S1,EXC_A,F21,_Z,_Z,XDC_USD,_Z,N,T001,1998,0.89982,,F,6,A,0,EUR
OECD.SDD.NAD:DSD_NAMAIN10@DF_TABLE4(2.0),A,LUX,S1,S1,EXC_A,F21,_Z,_Z,XDC_USD,_Z,N,T001,1999,0.938283,,F,6,A,0,EUR
OECD.SDD.NAD:DSD_NAMAIN10@DF_TABLE4(2.0),A,LUX,S1,S1,EXC_A,F21,_Z,_Z,XDC_USD,_Z,N,T001,2000,1.082705,,F,6,A,0,EUR
OECD.SDD.NAD:DSD_NAMAIN10@DF_TABLE4(2.0),A,LUX,S1,S1,EXC_A,F21,_Z,_Z,XDC_USD,_Z,N,T001,2001,1.116533,,F,6,A,0,EUR
OECD.SDD.NAD:DSD_NAMAIN10@DF_TABLE4(2.0),A,LUX,S1,S1,EXC_A,F21,_Z,_Z,XDC_USD,_Z,N,T001,2002,1.057559,,F,6,A,0,EUR
OECD.SDD.NAD:DSD_NAMAIN10@DF_TABLE4(2.0),A,LUX,S1,S1,EXC_A,F21,_Z,_Z,XDC_USD,_Z,N,T001,2003,0.884048,,F,6,A,0,EUR
OECD.SDD.NAD:DSD_NAMAIN10@DF_TABLE4(2.0),A,LUX,S1,S1,EXC_A,F21,_Z,_Z,XDC_USD,_Z,N,T001,2004,0.803922,,F,6,A,0,EUR
OECD.SDD.NAD:DSD_NAMAIN10@DF_TABLE4(2.0),A,LUX,S1,S1,EXC_A,F21,_Z,_Z,XDC_USD,_Z,N,T001,2005,0.8038,,F,6,A,0,EUR
OECD.SDD.NAD:DSD_NAMAIN10@DF_TABLE4(2.0),A,LUX,S1,S1,EXC_A,F21,_Z,_Z,XDC_USD,_Z,N,T001,2006,0.796433,,F,6,A,0,EUR
OECD.SDD.NAD:DSD_NAMAIN10@DF_TABLE4(2.0),A,LUX,S1,S1,EXC_A,F21,_Z,_Z,XDC_USD,_Z,N,T001,2007,0.729672,,F,6,A,0,EUR
OECD.SDD.NAD:DSD_NAMAIN10@DF_TABLE4(2.0),A,LUX,S1,S1,EXC_A,F21,_Z,_Z,XDC_USD,_Z,N,T001,2008,0.679923,,F,6,A,0,EUR
OECD.SDD.NAD:DSD_NAMAIN10@DF_TABLE4(2.0),A,LUX,S1,S1,EXC_A,F21,_Z,_Z,XDC_USD,_Z,N,T001,2009,0.716958,,F,6,A,0,EUR
OECD.SDD.NAD:DSD_NAMAIN10@DF_TABLE4(2.0),A,LUX,S1,S1,EXC_A,F21,_Z,_Z,XDC_USD,_Z,N,T001,2010,0.754309,,F,6,A,0,EUR
OECD.SDD.NAD:DSD_NAMAIN10@DF_TABLE4(2.0),A,LUX,S1,S1,EXC_A,F21,_Z,_Z,XDC_USD,_Z,N,T001,2011,0.718414,,F,6,A,0,EUR
OECD.SDD.NAD:DSD_NAMAIN10@DF_TABLE4(2.0),A,LUX,S1,S1,EXC_A,F21,_Z,_Z,XDC_USD,_Z,N,T001,2012,0.778338,,F,6,A,0,EUR
OECD.SDD.NAD:DSD_NAMAIN10@DF_TABLE4(2.0),A,LUX,S1,S1,EXC_A,F21,_Z,_Z,XDC_USD,_Z,N,T001,2013,0.752945,,F,6,A,0,EUR
OECD.SDD.NAD:DSD_NAMAIN10@DF_TABLE4(2.0),A,LUX,S1,S1,EXC_A,F21,_Z,_Z,XDC_USD,_Z,N,T001,2014,0.752728,,F,6,A,0,EUR
OECD.SDD.NAD:DSD_NAMAIN10@DF_TABLE4(2.0),A,LUX,S1,S1,EXC_A,F21,_Z,_Z,XDC_USD,_Z,N,T001,2015,0.901296,,F,6,A,0,EUR
OECD.SDD.NAD:DSD_NAMAIN10@DF_TABLE4(2.0),A,LUX,S1,S1,EXC_A,F21,_Z,_Z,XDC_USD,_Z,N,T001,2016,0.903421,,F,6,A,0,EUR
OECD.SDD.NAD:DSD_NAMAIN10@DF_TABLE4(2.0),A,LUX,S1,S1,EXC_A,F21,_Z,_Z,XDC_USD,_Z,N,T001,2017,0.885206,,F,6,A,0,EUR
OECD.SDD.NAD:DSD_NAMAIN10@DF_TABLE4(2.0),A,LUX,S1,S1,EXC_A,F21,_Z,_Z,XDC_USD,_Z,N,T001,2018,0.846773,,F,6,A,0,EUR
OECD.SDD.NAD:DSD_NAMAIN10@DF_TABLE4(2.0),A,LUX,S1,S1,EXC_A,F21,_Z,_Z,XDC_USD,_Z,N,T001,2019,0.893276,,F,6,A,0,EUR
OECD.SDD.NAD:DSD_NAMAIN10@DF_TABLE4(2.0),A,LUX,S1,S1,EXC_A,F21,_Z,_Z,XDC_USD,_Z,N,T001,2020,0.875506,,F,6,A,0,EUR
OECD.SDD.NAD:DSD_NAMAIN10@DF_TABLE4(2.0),A,LUX,S1,S1,EXC_A,F21,_Z,_Z,XDC_USD,_Z,N,T001,2021,0.845494,,F,6,A,0,EUR
OECD.SDD.NAD:DSD_NAMAIN10@DF_TABLE4(2.0),A,LUX,S1,S1,EXC_A,F21,_Z,_Z,XDC_USD,_Z,N,T001,2022,0.949624,,F,6,A,0,EUR
OECD.SDD.NAD:DSD_NAMAIN10@DF_TABLE4(2.0),A,LUX,S1,S1,EXC_A,F21,_Z,_Z,XDC_USD,_Z,N,T001,2023,0.92484,,F,6,A,0,EUR
OECD.SDD.NAD:DSD_NAMAIN10@DF_TABLE4(2.0),A,NLD,S1,S1,EXC_A,F21,_Z,_Z,XDC_USD,_Z,N,T001,1950,1.724365,,F,6,A,0,EUR
OECD.SDD.NAD:DSD_NAMAIN10@DF_TABLE4(2.0),A,NLD,S1,S1,EXC_A,F21,_Z,_Z,XDC_USD,_Z,N,T001,1951,1.724365,,F,6,A,0,EUR
OECD.SDD.NAD:DSD_NAMAIN10@DF_TABLE4(2.0),A,NLD,S1,S1,EXC_A,F21,_Z,_Z,XDC_USD,_Z,N,T001,1952,1.724365,,F,6,A,0,EUR
OECD.SDD.NAD:DSD_NAMAIN10@DF_TABLE4(2.0),A,NLD,S1,S1,EXC_A,F21,_Z,_Z,XDC_USD,_Z,N,T001,1953,1.724365,,F,6,A,0,EUR
OECD.SDD.NAD:DSD_NAMAIN10@DF_TABLE4(2.0),A,NLD,S1,S1,EXC_A,F21,_Z,_Z,XDC_USD,_Z,N,T001,1954,1.724365,,F,6,A,0,EUR
OECD.SDD.NAD:DSD_NAMAIN10@DF_TABLE4(2.0),A,NLD,S1,S1,EXC_A,F21,_Z,_Z,XDC_USD,_Z,N,T001,1955,1.724365,,F,6,A,0,EUR
OECD.SDD.NAD:DSD_NAMAIN10@DF_TABLE4(2.0),A,NLD,S1,S1,EXC_A,F21,_Z,_Z,XDC_USD,_Z,N,T001,1956,1.724365,,F,6,A,0,EUR
OECD.SDD.NAD:DSD_NAMAIN10@DF_TABLE4(2.0),A,NLD,S1,S1,EXC_A,F21,_Z,_Z,XDC_USD,_Z,N,T001,1957,1.724365,,F,6,A,0,EUR
OECD.SDD.NAD:DSD_NAMAIN10@DF_TABLE4(2.0),A,NLD,S1,S1,EXC_A,F21,_Z,_Z,XDC_USD,_Z,N,T001,1958,1.724365,,F,6,A,0,EUR
OECD.SDD.NAD:DSD_NAMAIN10@DF_TABLE4(2.0),A,NLD,S1,S1,EXC_A,F21,_Z,_Z,XDC_USD,_Z,N,T001,1959,1.724365,,F,6,A,0,EUR
OECD.SDD.NAD:DSD_NAMAIN10@DF_TABLE4(2.0),A,NLD,S1,S1,EXC_A,F21,_Z,_Z,XDC_USD,_Z,N,T001,1960,1.724365,,F,6,A,0,EUR
OECD.SDD.NAD:DSD_NAMAIN10@DF_TABLE4(2.0),A,NLD,S1,S1,EXC_A,F21,_Z,_Z,XDC_USD,_Z,N,T001,1961,1.656298,,F,6,A,0,EUR
OECD.SDD.NAD:DSD_NAMAIN10@DF_TABLE4(2.0),A,NLD,S1,S1,EXC_A,F21,_Z,_Z,XDC_USD,_Z,N,T001,1962,1.642684,,F,6,A,0,EUR
OECD.SDD.NAD:DSD_NAMAIN10@DF_TABLE4(2.0),A,NLD,S1,S1,EXC_A,F21,_Z,_Z,XDC_USD,_Z,N,T001,1963,1.642684,,F,6,A,0,EUR
OECD.SDD.NAD:DSD_NAMAIN10@DF_TABLE4(2.0),A,NLD,S1,S1,EXC_A,F21,_Z,_Z,XDC_USD,_Z,N,T001,1964,1.642684,,F,6,A,0,EUR
OECD.SDD.NAD:DSD_NAMAIN10@DF_TABLE4(2.0),A,NLD,S1,S1,EXC_A,F21,_Z,_Z,XDC_USD,_Z,N,T001,1965,1.642684,,F,6,A,0,EUR
OECD.SDD.NAD:DSD_NAMAIN10@DF_TABLE4(2.0),A,NLD,S1,S1,EXC_A,F21,_Z,_Z,XDC_USD,_Z,N,T001,1966,1.642684,,F,6,A,0,EUR
OECD.SDD.NAD:DSD_NAMAIN10@DF_TABLE4(2.0),A,NLD,S1,S1,EXC_A,F21,_Z,_Z,XDC_USD,_Z,N,T001,1967,1.642684,,F,6,A,0,EUR
OECD.SDD.NAD:DSD_NAMAIN10@DF_TABLE4(2.0),A,NLD,S1,S1,EXC_A,F21,_Z,_Z,XDC_USD,_Z,N,T001,1968,1.642684,,F,6,A,0,EUR
OECD.SDD.NAD:DSD_NAMAIN10@DF_TABLE4(2.0),A,NLD,S1,S1,EXC_A,F21,_Z,_Z,XDC_USD,_Z,N,T001,1969,1.642684,,F,6,A,0,EUR
OECD.SDD.NAD:DSD_NAMAIN10@DF_TABLE4(2.0),A,NLD,S1,S1,EXC_A,F21,_Z,_Z,XDC_USD,_Z,N,T001,1970,1.642684,,F,6,A,0,EUR
OECD.SDD.NAD:DSD_NAMAIN10@DF_TABLE4(2.0),A,NLD,S1,S1,EXC_A,F21,_Z,_Z,XDC_USD,_Z,N,T001,1971,1.595982,,F,6,A,0,EUR
OECD.SDD.NAD:DSD_NAMAIN10@DF_TABLE4(2.0),A,NLD,S1,S1,EXC_A,F21,_Z,_Z,XDC_USD,_Z,N,T001,1972,1.456408,,F,6,A,0,EUR
OECD.SDD.NAD:DSD_NAMAIN10@DF_TABLE4(2.0),A,NLD,S1,S1,EXC_A,F21,_Z,_Z,XDC_USD,_Z,N,T001,1973,1.268565,,F,6,A,0,EUR
OECD.SDD.NAD:DSD_NAMAIN10@DF_TABLE4(2.0),A,NLD,S1,S1,EXC_A,F21,_Z,_Z,XDC_USD,_Z,N,T001,1974,1.219935,,F,6,A,0,EUR
OECD.SDD.NAD:DSD_NAMAIN10@DF_TABLE4(2.0),A,NLD,S1,S1,EXC_A,F21,_Z,_Z,XDC_USD,_Z,N,T001,1975,1.147606,,F,6,A,0,EUR
OECD.SDD.NAD:DSD_NAMAIN10@DF_TABLE4(2.0),A,NLD,S1,S1,EXC_A,F21,_Z,_Z,XDC_USD,_Z,N,T001,1976,1.199768,,F,6,A,0,EUR
OECD.SDD.NAD:DSD_NAMAIN10@DF_TABLE4(2.0),A,NLD,S1,S1,EXC_A,F21,_Z,_Z,XDC_USD,_Z,N,T001,1977,1.11369,,F,6,A,0,EUR
OECD.SDD.NAD:DSD_NAMAIN10@DF_TABLE4(2.0),A,NLD,S1,S1,EXC_A,F21,_Z,_Z,XDC_USD,_Z,N,T001,1978,0.981791,,F,6,A,0,EUR
OECD.SDD.NAD:DSD_NAMAIN10@DF_TABLE4(2.0),A,NLD,S1,S1,EXC_A,F21,_Z,_Z,XDC_USD,_Z,N,T001,1979,0.910279,,F,6,A,0,EUR
OECD.SDD.NAD:DSD_NAMAIN10@DF_TABLE4(2.0),A,NLD,S1,S1,EXC_A,F21,_Z,_Z,XDC_USD,_Z,N,T001,1980,0.902168,,F,6,A,0,EUR
OECD.SDD.NAD:DSD_NAMAIN10@DF_TABLE4(2.0),A,NLD,S1,S1,EXC_A,F21,_Z,_Z,XDC_USD,_Z,N,T001,1981,1.132272,,F,6,A,0,EUR
OECD.SDD.NAD:DSD_NAMAIN10@DF_TABLE4(2.0),A,NLD,S1,S1,EXC_A,F21,_Z,_Z,XDC_USD,_Z,N,T001,1982,1.211688,,F,6,A,0,EUR
OECD.SDD.NAD:DSD_NAMAIN10@DF_TABLE4(2.0),A,NLD,S1,S1,EXC_A,F21,_Z,_Z,XDC_USD,_Z,N,T001,1983,1.295145,,F,6,A,0,EUR
OECD.SDD.NAD:DSD_NAMAIN10@DF_TABLE4(2.0),A,NLD,S1,S1,EXC_A,F21,_Z,_Z,XDC_USD,_Z,N,T001,1984,1.456037,,F,6,A,0,EUR
OECD.SDD.NAD:DSD_NAMAIN10@DF_TABLE4(2.0),A,NLD,S1,S1,EXC_A,F21,_Z,_Z,XDC_USD,_Z,N,T001,1985,1.507186,,F,6,A,0,EUR
OECD.SDD.NAD:DSD_NAMAIN10@DF_TABLE4(2.0),A,NLD,S1,S1,EXC_A,F21,_Z,_Z,XDC_USD,_Z,N,T001,1986,1.111773,,F,6,A,0,EUR
OECD.SDD.NAD:DSD_NAMAIN10@DF_TABLE4(2.0),A,NLD,S1,S1,EXC_A,F21,_Z,_Z,XDC_USD,_Z,N,T001,1987,0.919223,,F,6,A,0,EUR
OECD.SDD.NAD:DSD_NAMAIN10@DF_TABLE4(2.0),A,NLD,S1,S1,EXC_A,F21,_Z,_Z,XDC_USD,_Z,N,T001,1988,0.896934,,F,6,A,0,EUR
OECD.SDD.NAD:DSD_NAMAIN10@DF_TABLE4(2.0),A,NLD,S1,S1,EXC_A,F21,_Z,_Z,XDC_USD,_Z,N,T001,1989,0.962349,,F,6,A,0,EUR
OECD.SDD.NAD:DSD_NAMAIN10@DF_TABLE4(2.0),A,NLD,S1,S1,EXC_A,F21,_Z,_Z,XDC_USD,_Z,N,T001,1990,0.826307,,F,6,A,0,EUR
OECD.SDD.NAD:DSD_NAMAIN10@DF_TABLE4(2.0),A,NLD,S1,S1,EXC_A,F21,_Z,_Z,XDC_USD,_Z,N,T001,1991,0.848418,,F,6,A,0,EUR
OECD.SDD.NAD:DSD_NAMAIN10@DF_TABLE4(2.0),A,NLD,S1,S1,EXC_A,F21,_Z,_Z,XDC_USD,_Z,N,T001,1992,0.797957,,F,6,A,0,EUR
OECD.SDD.NAD:DSD_NAMAIN10@DF_TABLE4(2.0),A,NLD,S1,S1,EXC_A,F21,_Z,_Z,XDC_USD,_Z,N,T001,1993,0.842808,,F,6,A,0,EUR
OECD.SDD.NAD:DSD_NAMAIN10@DF_TABLE4(2.0),A,NLD,S1,S1,EXC_A,F21,_Z,_Z,XDC_USD,_Z,N,T001,1994,0.825878,,F,6,A,0,EUR
OECD.SDD.NAD:DSD_NAMAIN10@DF_TABLE4(2.0),A,NLD,S1,S1,EXC_A,F21,_Z,_Z,XDC_USD,_Z,N,T001,1995,0.728624,,F,6,A,0,EUR
OECD.SDD.NAD:DSD_NAMAIN10@DF_TABLE4(2.0),A,NLD,S1,S1,EXC_A,F21,_Z,_Z,XDC_USD,_Z,N,T001,1996,0.765027,,F,6,A,0,EUR
OECD.SDD.NAD:DSD_NAMAIN10@DF_TABLE4(2.0),A,NLD,S1,S1,EXC_A,F21,_Z,_Z,XDC_USD,_Z,N,T001,1997,0.885448,,F,6,A,0,EUR
OECD.SDD.NAD:DSD_NAMAIN10@DF_TABLE4(2.0),A,NLD,S1,S1,EXC_A,F21,_Z,_Z,XDC_USD,_Z,N,T001,1998,0.900179,,F,6,A,0,EUR
OECD.SDD.NAD:DSD_NAMAIN10@DF_TABLE4(2.0),A,NLD,S1,S1,EXC_A,F21,_Z,_Z,XDC_USD,_Z,N,T001,1999,0.938283,,F,6,A,0,EUR
OECD.SDD.NAD:DSD_NAMAIN10@DF_TABLE4(2.0),A,NLD,S1,S1,EXC_A,F21,_Z,_Z,XDC_USD,_Z,N,T001,2000,1.082705,,F,6,A,0,EUR
OECD.SDD.NAD:DSD_NAMAIN10@DF_TABLE4(2.0),A,NLD,S1,S1,EXC_A,F21,_Z,_Z,XDC_USD,_Z,N,T001,2001,1.116533,,F,6,A,0,EUR
OECD.SDD.NAD:DSD_NAMAIN10@DF_TABLE4(2.0),A,NLD,S1,S1,EXC_A,F21,_Z,_Z,XDC_USD,_Z,N,T001,2002,1.057559,,F,6,A,0,EUR
OECD.SDD.NAD:DSD_NAMAIN10@DF_TABLE4(2.0),A,NLD,S1,S1,EXC_A,F21,_Z,_Z,XDC_USD,_Z,N,T001,2003,0.884048,,F,6,A,0,EUR
OECD.SDD.NAD:DSD_NAMAIN10@DF_TABLE4(2.0),A,NLD,S1,S1,EXC_A,F21,_Z,_Z,XDC_USD,_Z,N,T001,2004,0.803922,,F,6,A,0,EUR
OECD.SDD.NAD:DSD_NAMAIN10@DF_TABLE4(2.0),A,NLD,S1,S1,EXC_A,F21,_Z,_Z,XDC_USD,_Z,N,T001,2005,0.8038,,F,6,A,0,EUR
OECD.SDD.NAD:DSD_NAMAIN10@DF_TABLE4(2.0),A,NLD,S1,S1,EXC_A,F21,_Z,_Z,XDC_USD,_Z,N,T001,2006,0.796433,,F,6,A,0,EUR
OECD.SDD.NAD:DSD_NAMAIN10@DF_TABLE4(2.0),A,NLD,S1,S1,EXC_A,F21,_Z,_Z,XDC_USD,_Z,N,T001,2007,0.729672,,F,6,A,0,EUR
OECD.SDD.NAD:DSD_NAMAIN10@DF_TABLE4(2.0),A,NLD,S1,S1,EXC_A,F21,_Z,_Z,XDC_USD,_Z,N,T001,2008,0.679923,,F,6,A,0,EUR
OECD.SDD.NAD:DSD_NAMAIN10@DF_TABLE4(2.0),A,NLD,S1,S1,EXC_A,F21,_Z,_Z,XDC_USD,_Z,N,T001,2009,0.716958,,F,6,A,0,EUR
OECD.SDD.NAD:DSD_NAMAIN10@DF_TABLE4(2.0),A,NLD,S1,S1,EXC_A,F21,_Z,_Z,XDC_USD,_Z,N,T001,2010,0.754309,,F,6,A,0,EUR
OECD.SDD.NAD:DSD_NAMAIN10@DF_TABLE4(2.0),A,NLD,S1,S1,EXC_A,F21,_Z,_Z,XDC_USD,_Z,N,T001,2011,0.718414,,F,6,A,0,EUR
OECD.SDD.NAD:DSD_NAMAIN10@DF_TABLE4(2.0),A,NLD,S1,S1,EXC_A,F21,_Z,_Z,XDC_USD,_Z,N,T001,2012,0.778338,,F,6,A,0,EUR
OECD.SDD.NAD:DSD_NAMAIN10@DF_TABLE4(2.0),A,NLD,S1,S1,EXC_A,F21,_Z,_Z,XDC_USD,_Z,N,T001,2013,0.752945,,F,6,A,0,EUR
OECD.SDD.NAD:DSD_NAMAIN10@DF_TABLE4(2.0),A,NLD,S1,S1,EXC_A,F21,_Z,_Z,XDC_USD,_Z,N,T001,2014,0.752728,,F,6,A,0,EUR
OECD.SDD.NAD:DSD_NAMAIN10@DF_TABLE4(2.0),A,NLD,S1,S1,EXC_A,F21,_Z,_Z,XDC_USD,_Z,N,T001,2015,0.901296,,F,6,A,0,EUR
OECD.SDD.NAD:DSD_NAMAIN10@DF_TABLE4(2.0),A,NLD,S1,S1,EXC_A,F21,_Z,_Z,XDC_USD,_Z,N,T001,2016,0.903421,,F,6,A,0,EUR
OECD.SDD.NAD:DSD_NAMAIN10@DF_TABLE4(2.0),A,NLD,S1,S1,EXC_A,F21,_Z,_Z,XDC_USD,_Z,N,T001,2017,0.885206,,F,6,A,0,EUR
OECD.SDD.NAD:DSD_NAMAIN10@DF_TABLE4(2.0),A,NLD,S1,S1,EXC_A,F21,_Z,_Z,XDC_USD,_Z,N,T001,2018,0.846773,,F,6,A,0,EUR
OECD.SDD.NAD:DSD_NAMAIN10@DF_TABLE4(2.0),A,NLD,S1,S1,EXC_A,F21,_Z,_Z,XDC_USD,_Z,N,T001,2019,0.893276,,F,6,A,0,EUR
OECD.SDD.NAD:DSD_NAMAIN10@DF_TABLE4(2.0),A,NLD,S1,S1,EXC_A,F21,_Z,_Z,XDC_USD,_Z,N,T001,2020,0.875506,,F,6,A,0,EUR
OECD.SDD.NAD:DSD_NAMAIN10@DF_TABLE4(2.0),A,NLD,S1,S1,EXC_A,F21,_Z,_Z,XDC_USD,_Z,N,T001,2021,0.845494,,F,6,A,0,EUR
OECD.SDD.NAD:DSD_NAMAIN10@DF_TABLE4(2.0),A,NLD,S1,S1,EXC_A,F21,_Z,_Z,XDC_USD,_Z,N,T001,2022,0.949624,,F,6,A,0,EUR
OECD.SDD.NAD:DSD_NAMAIN10@DF_TABLE4(2.0),A,NLD,S1,S1,EXC_A,F21,_Z,_Z,XDC_USD,_Z,N,T001,2023,0.92484,,F,6,A,0,EUR
OECD.SDD.NAD:DSD_NAMAIN10@DF_TABLE4(2.0),A,PRT,S1,S1,EXC_A,F21,_Z,_Z,XDC_USD,_Z,N,T001,1950,0.143404,,F,6,A,0,EUR
OECD.SDD.NAD:DSD_NAMAIN10@DF_TABLE4(2.0),A,PRT,S1,S1,EXC_A,F21,_Z,_Z,XDC_USD,_Z,N,T001,1951,0.143404,,F,6,A,0,EUR
OECD.SDD.NAD:DSD_NAMAIN10@DF_TABLE4(2.0),A,PRT,S1,S1,EXC_A,F21,_Z,_Z,XDC_USD,_Z,N,T001,1952,0.143404,,F,6,A,0,EUR
OECD.SDD.NAD:DSD_NAMAIN10@DF_TABLE4(2.0),A,PRT,S1,S1,EXC_A,F21,_Z,_Z,XDC_USD,_Z,N,T001,1953,0.143404,,F,6,A,0,EUR
OECD.SDD.NAD:DSD_NAMAIN10@DF_TABLE4(2.0),A,PRT,S1,S1,EXC_A,F21,_Z,_Z,XDC_USD,_Z,N,T001,1954,0.143404,,F,6,A,0,EUR
OECD.SDD.NAD:DSD_NAMAIN10@DF_TABLE4(2.0),A,PRT,S1,S1,EXC_A,F21,_Z,_Z,XDC_USD,_Z,N,T001,1955,0.143404,,F,6,A,0,EUR
OECD.SDD.NAD:DSD_NAMAIN10@DF_TABLE4(2.0),A,PRT,S1,S1,EXC_A,F21,_Z,_Z,XDC_USD,_Z,N,T001,1956,0.143404,,F,6,A,0,EUR
OECD.SDD.NAD:DSD_NAMAIN10@DF_TABLE4(2.0),A,PRT,S1,S1,EXC_A,F21,_Z,_Z,XDC_USD,_Z,N,T001,1957,0.143404,,F,6,A,0,EUR
OECD.SDD.NAD:DSD_NAMAIN10@DF_TABLE4(2.0),A,PRT,S1,S1,EXC_A,F21,_Z,_Z,XDC_USD,_Z,N,T001,1958,0.143404,,F,6,A,0,EUR
OECD.SDD.NAD:DSD_NAMAIN10@DF_TABLE4(2.0),A,PRT,S1,S1,EXC_A,F21,_Z,_Z,XDC_USD,_Z,N,T001,1959,0.143404,,F,6,A,0,EUR
OECD.SDD.NAD:DSD_NAMAIN10@DF_TABLE4(2.0),A,PRT,S1,S1,EXC_A,F21,_Z,_Z,XDC_USD,_Z,N,T001,1960,0.143404,,F,6,A,0,EUR
OECD.SDD.NAD:DSD_NAMAIN10@DF_TABLE4(2.0),A,PRT,S1,S1,EXC_A,F21,_Z,_Z,XDC_USD,_Z,N,T001,1961,0.143404,,F,6,A,0,EUR
OECD.SDD.NAD:DSD_NAMAIN10@DF_TABLE4(2.0),A,PRT,S1,S1,EXC_A,F21,_Z,_Z,XDC_USD,_Z,N,T001,1962,0.143404,,F,6,A,0,EUR
OECD.SDD.NAD:DSD_NAMAIN10@DF_TABLE4(2.0),A,PRT,S1,S1,EXC_A,F21,_Z,_Z,XDC_USD,_Z,N,T001,1963,0.143404,,F,6,A,0,EUR
OECD.SDD.NAD:DSD_NAMAIN10@DF_TABLE4(2.0),A,PRT,S1,S1,EXC_A,F21,_Z,_Z,XDC_USD,_Z,N,T001,1964,0.143404,,F,6,A,0,EUR
OECD.SDD.NAD:DSD_NAMAIN10@DF_TABLE4(2.0),A,PRT,S1,S1,EXC_A,F21,_Z,_Z,XDC_USD,_Z,N,T001,1965,0.143404,,F,6,A,0,EUR
OECD.SDD.NAD:DSD_NAMAIN10@DF_TABLE4(2.0),A,PRT,S1,S1,EXC_A,F21,_Z,_Z,XDC_USD,_Z,N,T001,1966,0.143404,,F,6,A,0,EUR
OECD.SDD.NAD:DSD_NAMAIN10@DF_TABLE4(2.0),A,PRT,S1,S1,EXC_A,F21,_Z,_Z,XDC_USD,_Z,N,T001,1967,0.143404,,F,6,A,0,EUR
OECD.SDD.NAD:DSD_NAMAIN10@DF_TABLE4(2.0),A,PRT,S1,S1,EXC_A,F21,_Z,_Z,XDC_USD,_Z,N,T001,1968,0.143404,,F,6,A,0,EUR
OECD.SDD.NAD:DSD_NAMAIN10@DF_TABLE4(2.0),A,PRT,S1,S1,EXC_A,F21,_Z,_Z,XDC_USD,_Z,N,T001,1969,0.143404,,F,6,A,0,EUR
OECD.SDD.NAD:DSD_NAMAIN10@DF_TABLE4(2.0),A,PRT,S1,S1,EXC_A,F21,_Z,_Z,XDC_USD,_Z,N,T001,1970,0.143404,,F,6,A,0,EUR
OECD.SDD.NAD:DSD_NAMAIN10@DF_TABLE4(2.0),A,PRT,S1,S1,EXC_A,F21,_Z,_Z,XDC_USD,_Z,N,T001,1971,0.14146,,F,6,A,0,EUR
OECD.SDD.NAD:DSD_NAMAIN10@DF_TABLE4(2.0),A,PRT,S1,S1,EXC_A,F21,_Z,_Z,XDC_USD,_Z,N,T001,1972,0.134942,,F,6,A,0,EUR
OECD.SDD.NAD:DSD_NAMAIN10@DF_TABLE4(2.0),A,PRT,S1,S1,EXC_A,F21,_Z,_Z,XDC_USD,_Z,N,T001,1973,0.122281,,F,6,A,0,EUR
OECD.SDD.NAD:DSD_NAMAIN10@DF_TABLE4(2.0),A,PRT,S1,S1,EXC_A,F21,_Z,_Z,XDC_USD,_Z,N,T001,1974,0.126735,,F,6,A,0,EUR
OECD.SDD.NAD:DSD_NAMAIN10@DF_TABLE4(2.0),A,PRT,S1,S1,EXC_A,F21,_Z,_Z,XDC_USD,_Z,N,T001,1975,0.127457,,F,6,A,0,EUR
OECD.SDD.NAD:DSD_NAMAIN10@DF_TABLE4(2.0),A,PRT,S1,S1,EXC_A,F21,_Z,_Z,XDC_USD,_Z,N,T001,1976,0.150782,,F,6,A,0,EUR
OECD.SDD.NAD:DSD_NAMAIN10@DF_TABLE4(2.0),A,PRT,S1,S1,EXC_A,F21,_Z,_Z,XDC_USD,_Z,N,T001,1977,0.190925,,F,6,A,0,EUR
OECD.SDD.NAD:DSD_NAMAIN10@DF_TABLE4(2.0),A,PRT,S1,S1,EXC_A,F21,_Z,_Z,XDC_USD,_Z,N,T001,1978,0.219158,,F,6,A,0,EUR
OECD.SDD.NAD:DSD_NAMAIN10@DF_TABLE4(2.0),A,PRT,S1,S1,EXC_A,F21,_Z,_Z,XDC_USD,_Z,N,T001,1979,0.244029,,F,6,A,0,EUR
OECD.SDD.NAD:DSD_NAMAIN10@DF_TABLE4(2.0),A,PRT,S1,S1,EXC_A,F21,_Z,_Z,XDC_USD,_Z,N,T001,1980,0.249709,,F,6,A,0,EUR
OECD.SDD.NAD:DSD_NAMAIN10@DF_TABLE4(2.0),A,PRT,S1,S1,EXC_A,F21,_Z,_Z,XDC_USD,_Z,N,T001,1981,0.306992,,F,6,A,0,EUR
OECD.SDD.NAD:DSD_NAMAIN10@DF_TABLE4(2.0),A,PRT,S1,S1,EXC_A,F21,_Z,_Z,XDC_USD,_Z,N,T001,1982,0.396411,,F,6,A,0,EUR
OECD.SDD.NAD:DSD_NAMAIN10@DF_TABLE4(2.0),A,PRT,S1,S1,EXC_A,F21,_Z,_Z,XDC_USD,_Z,N,T001,1983,0.552567,,F,6,A,0,EUR
OECD.SDD.NAD:DSD_NAMAIN10@DF_TABLE4(2.0),A,PRT,S1,S1,EXC_A,F21,_Z,_Z,XDC_USD,_Z,N,T001,1984,0.730192,,F,6,A,0,EUR
OECD.SDD.NAD:DSD_NAMAIN10@DF_TABLE4(2.0),A,PRT,S1,S1,EXC_A,F21,_Z,_Z,XDC_USD,_Z,N,T001,1985,0.849925,,F,6,A,0,EUR
OECD.SDD.NAD:DSD_NAMAIN10@DF_TABLE4(2.0),A,PRT,S1,S1,EXC_A,F21,_Z,_Z,XDC_USD,_Z,N,T001,1986,0.746136,,F,6,A,0,EUR
OECD.SDD.NAD:DSD_NAMAIN10@DF_TABLE4(2.0),A,PRT,S1,S1,EXC_A,F21,_Z,_Z,XDC_USD,_Z,N,T001,1987,0.702719,,F,6,A,0,EUR
OECD.SDD.NAD:DSD_NAMAIN10@DF_TABLE4(2.0),A,PRT,S1,S1,EXC_A,F21,_Z,_Z,XDC_USD,_Z,N,T001,1988,0.718039,,F,6,A,0,EUR
OECD.SDD.NAD:DSD_NAMAIN10@DF_TABLE4(2.0),A,PRT,S1,S1,EXC_A,F21,_Z,_Z,XDC_USD,_Z,N,T001,1989,0.785398,,F,6,A,0,EUR
OECD.SDD.NAD:DSD_NAMAIN10@DF_TABLE4(2.0),A,PRT,S1,S1,EXC_A,F21,_Z,_Z,XDC_USD,_Z,N,T001,1990,0.71106,,F,6,A,0,EUR
OECD.SDD.NAD:DSD_NAMAIN10@DF_TABLE4(2.0),A,PRT,S1,S1,EXC_A,F21,_Z,_Z,XDC_USD,_Z,N,T001,1991,0.720673,,F,6,A,0,EUR
OECD.SDD.NAD:DSD_NAMAIN10@DF_TABLE4(2.0),A,PRT,S1,S1,EXC_A,F21,_Z,_Z,XDC_USD,_Z,N,T001,1992,0.673366,,F,6,A,0,EUR
OECD.SDD.NAD:DSD_NAMAIN10@DF_TABLE4(2.0),A,PRT,S1,S1,EXC_A,F21,_Z,_Z,XDC_USD,_Z,N,T001,1993,0.802068,,F,6,A,0,EUR
OECD.SDD.NAD:DSD_NAMAIN10@DF_TABLE4(2.0),A,PRT,S1,S1,EXC_A,F21,_Z,_Z,XDC_USD,_Z,N,T001,1994,0.827968,,F,6,A,0,EUR
OECD.SDD.NAD:DSD_NAMAIN10@DF_TABLE4(2.0),A,PRT,S1,S1,EXC_A,F21,_Z,_Z,XDC_USD,_Z,N,T001,1995,0.753711,,F,6,A,0,EUR
OECD.SDD.NAD:DSD_NAMAIN10@DF_TABLE4(2.0),A,PRT,S1,S1,EXC_A,F21,_Z,_Z,XDC_USD,_Z,N,T001,1996,0.769364,,F,6,A,0,EUR
OECD.SDD.NAD:DSD_NAMAIN10@DF_TABLE4(2.0),A,PRT,S1,S1,EXC_A,F21,_Z,_Z,XDC_USD,_Z,N,T001,1997,0.874455,,F,6,A,0,EUR
OECD.SDD.NAD:DSD_NAMAIN10@DF_TABLE4(2.0),A,PRT,S1,S1,EXC_A,F21,_Z,_Z,XDC_USD,_Z,N,T001,1998,0.898357,,F,6,A,0,EUR
OECD.SDD.NAD:DSD_NAMAIN10@DF_TABLE4(2.0),A,PRT,S1,S1,EXC_A,F21,_Z,_Z,XDC_USD,_Z,N,T001,1999,0.938283,,F,6,A,0,EUR
OECD.SDD.NAD:DSD_NAMAIN10@DF_TABLE4(2.0),A,PRT,S1,S1,EXC_A,F21,_Z,_Z,XDC_USD,_Z,N,T001,2000,1.082705,,F,6,A,0,EUR
OECD.SDD.NAD:DSD_NAMAIN10@DF_TABLE4(2.0),A,PRT,S1,S1,EXC_A,F21,_Z,_Z,XDC_USD,_Z,N,T001,2001,1.116533,,F,6,A,0,EUR
OECD.SDD.NAD:DSD_NAMAIN10@DF_TABLE4(2.0),A,PRT,S1,S1,EXC_A,F21,_Z,_Z,XDC_USD,_Z,N,T001,2002,1.057559,,F,6,A,0,EUR
OECD.SDD.NAD:DSD_NAMAIN10@DF_TABLE4(2.0),A,PRT,S1,S1,EXC_A,F21,_Z,_Z,XDC_USD,_Z,N,T001,2003,0.884048,,F,6,A,0,EUR
OECD.SDD.NAD:DSD_NAMAIN10@DF_TABLE4(2.0),A,PRT,S1,S1,EXC_A,F21,_Z,_Z,XDC_USD,_Z,N,T001,2004,0.803922,,F,6,A,0,EUR
OECD.SDD.NAD:DSD_NAMAIN10@DF_TABLE4(2.0),A,PRT,S1,S1,EXC_A,F21,_Z,_Z,XDC_USD,_Z,N,T001,2005,0.8038,,F,6,A,0,EUR
OECD.SDD.NAD:DSD_NAMAIN10@DF_TABLE4(2.0),A,PRT,S1,S1,EXC_A,F21,_Z,_Z,XDC_USD,_Z,N,T001,2006,0.796433,,F,6,A,0,EUR
OECD.SDD.NAD:DSD_NAMAIN10@DF_TABLE4(2.0),A,PRT,S1,S1,EXC_A,F21,_Z,_Z,XDC_USD,_Z,N,T001,2007,0.729672,,F,6,A,0,EUR
OECD.SDD.NAD:DSD_NAMAIN10@DF_TABLE4(2.0),A,PRT,S1,S1,EXC_A,F21,_Z,_Z,XDC_USD,_Z,N,T001,2008,0.679923,,F,6,A,0,EUR
OECD.SDD.NAD:DSD_NAMAIN10@DF_TABLE4(2.0),A,PRT,S1,S1,EXC_A,F21,_Z,_Z,XDC_USD,_Z,N,T001,2009,0.716958,,F,6,A,0,EUR
OECD.SDD.NAD:DSD_NAMAIN10@DF_TABLE4(2.0),A,PRT,S1,S1,EXC_A,F21,_Z,_Z,XDC_USD,_Z,N,T001,2010,0.754309,,F,6,A,0,EUR
OECD.SDD.NAD:DSD_NAMAIN10@DF_TABLE4(2.0),A,PRT,S1,S1,EXC_A,F21,_Z,_Z,XDC_USD,_Z,N,T001,2011,0.718414,,F,6,A,0,EUR
OECD.SDD.NAD:DSD_NAMAIN10@DF_TABLE4(2.0),A,PRT,S1,S1,EXC_A,F21,_Z,_Z,XDC_USD,_Z,N,T001,2012,0.778338,,F,6,A,0,EUR
OECD.SDD.NAD:DSD_NAMAIN10@DF_TABLE4(2.0),A,PRT,S1,S1,EXC_A,F21,_Z,_Z,XDC_USD,_Z,N,T001,2013,0.752945,,F,6,A,0,EUR
OECD.SDD.NAD:DSD_NAMAIN10@DF_TABLE4(2.0),A,PRT,S1,S1,EXC_A,F21,_Z,_Z,XDC_USD,_Z,N,T001,2014,0.752728,,F,6,A,0,EUR
OECD.SDD.NAD:DSD_NAMAIN10@DF_TABLE4(2.0),A,PRT,S1,S1,EXC_A,F21,_Z,_Z,XDC_USD,_Z,N,T001,2015,0.901296,,F,6,A,0,EUR
OECD.SDD.NAD:DSD_NAMAIN10@DF_TABLE4(2.0),A,PRT,S1,S1,EXC_A,F21,_Z,_Z,XDC_USD,_Z,N,T001,2016,0.903421,,F,6,A,0,EUR
OECD.SDD.NAD:DSD_NAMAIN10@DF_TABLE4(2.0),A,PRT,S1,S1,EXC_A,F21,_Z,_Z,XDC_USD,_Z,N,T001,2017,0.885206,,F,6,A,0,EUR
OECD.SDD.NAD:DSD_NAMAIN10@DF_TABLE4(2.0),A,PRT,S1,S1,EXC_A,F21,_Z,_Z,XDC_USD,_Z,N,T001,2018,0.846773,,F,6,A,0,EUR
OECD.SDD.NAD:DSD_NAMAIN10@DF_TABLE4(2.0),A,PRT,S1,S1,EXC_A,F21,_Z,_Z,XDC_USD,_Z,N,T001,2019,0.893276,,F,6,A,0,EUR
OECD.SDD.NAD:DSD_NAMAIN10@DF_TABLE4(2.0),A,PRT,S1,S1,EXC_A,F21,_Z,_Z,XDC_USD,_Z,N,T001,2020,0.875506,,F,6,A,0,EUR
OECD.SDD.NAD:DSD_NAMAIN10@DF_TABLE4(2.0),A,PRT,S1,S1,EXC_A,F21,_Z,_Z,XDC_USD,_Z,N,T001,2021,0.845494,,F,6,A,0,EUR
OECD.SDD.NAD:DSD_NAMAIN10@DF_TABLE4(2.0),A,PRT,S1,S1,EXC_A,F21,_Z,_Z,XDC_USD,_Z,N,T001,2022,0.949624,,F,6,A,0,EUR
OECD.SDD.NAD:DSD_NAMAIN10@DF_TABLE4(2.0),A,PRT,S1,S1,EXC_A,F21,_Z,_Z,XDC_USD,_Z,N,T001,2023,0.92484,,F,6,A,0,EUR
OECD.SDD.NAD:DSD_NAMAIN10@DF_TABLE4(2.0),A,ESP,S1,S1,EXC_A,F21,_Z,_Z,XDC_USD,_Z,N,T001,1950,0.239203,,F,6,A,0,EUR
OECD.SDD.NAD:DSD_NAMAIN10@DF_TABLE4(2.0),A,ESP,S1,S1,EXC_A,F21,_Z,_Z,XDC_USD,_Z,N,T001,1951,0.238301,,F,6,A,0,EUR
OECD.SDD.NAD:DSD_NAMAIN10@DF_TABLE4(2.0),A,ESP,S1,S1,EXC_A,F21,_Z,_Z,XDC_USD,_Z,N,T001,1952,0.238301,,F,6,A,0,EUR
OECD.SDD.NAD:DSD_NAMAIN10@DF_TABLE4(2.0),A,ESP,S1,S1,EXC_A,F21,_Z,_Z,XDC_USD,_Z,N,T001,1953,0.238301,,F,6,A,0,EUR
OECD.SDD.NAD:DSD_NAMAIN10@DF_TABLE4(2.0),A,ESP,S1,S1,EXC_A,F21,_Z,_Z,XDC_USD,_Z,N,T001,1954,0.234094,,F,6,A,0,EUR
OECD.SDD.NAD:DSD_NAMAIN10@DF_TABLE4(2.0),A,ESP,S1,S1,EXC_A,F21,_Z,_Z,XDC_USD,_Z,N,T001,1955,0.234094,,F,6,A,0,EUR
OECD.SDD.NAD:DSD_NAMAIN10@DF_TABLE4(2.0),A,ESP,S1,S1,EXC_A,F21,_Z,_Z,XDC_USD,_Z,N,T001,1956,0.234094,,F,6,A,0,EUR
OECD.SDD.NAD:DSD_NAMAIN10@DF_TABLE4(2.0),A,ESP,S1,S1,EXC_A,F21,_Z,_Z,XDC_USD,_Z,N,T001,1957,0.248228,,F,6,A,0,EUR
OECD.SDD.NAD:DSD_NAMAIN10@DF_TABLE4(2.0),A,ESP,S1,S1,EXC_A,F21,_Z,_Z,XDC_USD,_Z,N,T001,1958,0.25242,,F,6,A,0,EUR
OECD.SDD.NAD:DSD_NAMAIN10@DF_TABLE4(2.0),A,ESP,S1,S1,EXC_A,F21,_Z,_Z,XDC_USD,_Z,N,T001,1959,0.306514,,F,6,A,0,EUR
OECD.SDD.NAD:DSD_NAMAIN10@DF_TABLE4(2.0),A,ESP,S1,S1,EXC_A,F21,_Z,_Z,XDC_USD,_Z,N,T001,1960,0.360607,,F,6,A,0,EUR
OECD.SDD.NAD:DSD_NAMAIN10@DF_TABLE4(2.0),A,ESP,S1,S1,EXC_A,F21,_Z,_Z,XDC_USD,_Z,N,T001,1961,0.360607,,F,6,A,0,EUR
OECD.SDD.NAD:DSD_NAMAIN10@DF_TABLE4(2.0),A,ESP,S1,S1,EXC_A,F21,_Z,_Z,XDC_USD,_Z,N,T001,1962,0.360607,,F,6,A,0,EUR
OECD.SDD.NAD:DSD_NAMAIN10@DF_TABLE4(2.0),A,ESP,S1,S1,EXC_A,F21,_Z,_Z,XDC_USD,_Z,N,T001,1963,0.360607,,F,6,A,0,EUR
OECD.SDD.NAD:DSD_NAMAIN10@DF_TABLE4(2.0),A,ESP,S1,S1,EXC_A,F21,_Z,_Z,XDC_USD,_Z,N,T001,1964,0.360607,,F,6,A,0,EUR
OECD.SDD.NAD:DSD_NAMAIN10@DF_TABLE4(2.0),A,ESP,S1,S1,EXC_A,F21,_Z,_Z,XDC_USD,_Z,N,T001,1965,0.360607,,F,6,A,0,EUR
OECD.SDD.NAD:DSD_NAMAIN10@DF_TABLE4(2.0),A,ESP,S1,S1,EXC_A,F21,_Z,_Z,XDC_USD,_Z,N,T001,1966,0.360607,,F,6,A,0,EUR
OECD.SDD.NAD:DSD_NAMAIN10@DF_TABLE4(2.0),A,ESP,S1,S1,EXC_A,F21,_Z,_Z,XDC_USD,_Z,N,T001,1967,0.370624,,F,6,A,0,EUR
OECD.SDD.NAD:DSD_NAMAIN10@DF_TABLE4(2.0),A,ESP,S1,S1,EXC_A,F21,_Z,_Z,XDC_USD,_Z,N,T001,1968,0.420708,,F,6,A,0,EUR
OECD.SDD.NAD:DSD_NAMAIN10@DF_TABLE4(2.0),A,ESP,S1,S1,EXC_A,F21,_Z,_Z,XDC_USD,_Z,N,T001,1969,0.420708,,F,6,A,0,EUR
OECD.SDD.NAD:DSD_NAMAIN10@DF_TABLE4(2.0),A,ESP,S1,S1,EXC_A,F21,_Z,_Z,XDC_USD,_Z,N,T001,1970,0.420708,,F,6,A,0,EUR
OECD.SDD.NAD:DSD_NAMAIN10@DF_TABLE4(2.0),A,ESP,S1,S1,EXC_A,F21,_Z,_Z,XDC_USD,_Z,N,T001,1971,0.417515,,F,6,A,0,EUR
OECD.SDD.NAD:DSD_NAMAIN10@DF_TABLE4(2.0),A,ESP,S1,S1,EXC_A,F21,_Z,_Z,XDC_USD,_Z,N,T001,1972,0.386279,,F,6,A,0,EUR
OECD.SDD.NAD:DSD_NAMAIN10@DF_TABLE4(2.0),A,ESP,S1,S1,EXC_A,F21,_Z,_Z,XDC_USD,_Z,N,T001,1973,0.35015,,F,6,A,0,EUR
OECD.SDD.NAD:DSD_NAMAIN10@DF_TABLE4(2.0),A,ESP,S1,S1,EXC_A,F21,_Z,_Z,XDC_USD,_Z,N,T001,1974,0.346703,,F,6,A,0,EUR
OECD.SDD.NAD:DSD_NAMAIN10@DF_TABLE4(2.0),A,ESP,S1,S1,EXC_A,F21,_Z,_Z,XDC_USD,_Z,N,T001,1975,0.345023,,F,6,A,0,EUR
OECD.SDD.NAD:DSD_NAMAIN10@DF_TABLE4(2.0),A,ESP,S1,S1,EXC_A,F21,_Z,_Z,XDC_USD,_Z,N,T001,1976,0.402095,,F,6,A,0,EUR
OECD.SDD.NAD:DSD_NAMAIN10@DF_TABLE4(2.0),A,ESP,S1,S1,EXC_A,F21,_Z,_Z,XDC_USD,_Z,N,T001,1977,0.45654,,F,6,A,0,EUR
OECD.SDD.NAD:DSD_NAMAIN10@DF_TABLE4(2.0),A,ESP,S1,S1,EXC_A,F21,_Z,_Z,XDC_USD,_Z,N,T001,1978,0.460783,,F,6,A,0,EUR
OECD.SDD.NAD:DSD_NAMAIN10@DF_TABLE4(2.0),A,ESP,S1,S1,EXC_A,F21,_Z,_Z,XDC_USD,_Z,N,T001,1979,0.403429,,F,6,A,0,EUR
OECD.SDD.NAD:DSD_NAMAIN10@DF_TABLE4(2.0),A,ESP,S1,S1,EXC_A,F21,_Z,_Z,XDC_USD,_Z,N,T001,1980,0.430937,,F,6,A,0,EUR
OECD.SDD.NAD:DSD_NAMAIN10@DF_TABLE4(2.0),A,ESP,S1,S1,EXC_A,F21,_Z,_Z,XDC_USD,_Z,N,T001,1981,0.554865,,F,6,A,0,EUR
OECD.SDD.NAD:DSD_NAMAIN10@DF_TABLE4(2.0),A,ESP,S1,S1,EXC_A,F21,_Z,_Z,XDC_USD,_Z,N,T001,1982,0.660267,,F,6,A,0,EUR
OECD.SDD.NAD:DSD_NAMAIN10@DF_TABLE4(2.0),A,ESP,S1,S1,EXC_A,F21,_Z,_Z,XDC_USD,_Z,N,T001,1983,0.862031,,F,6,A,0,EUR
OECD.SDD.NAD:DSD_NAMAIN10@DF_TABLE4(2.0),A,ESP,S1,S1,EXC_A,F21,_Z,_Z,XDC_USD,_Z,N,T001,1984,0.966193,,F,6,A,0,EUR
OECD.SDD.NAD:DSD_NAMAIN10@DF_TABLE4(2.0),A,ESP,S1,S1,EXC_A,F21,_Z,_Z,XDC_USD,_Z,N,T001,1985,1.021986,,F,6,A,0,EUR
OECD.SDD.NAD:DSD_NAMAIN10@DF_TABLE4(2.0),A,ESP,S1,S1,EXC_A,F21,_Z,_Z,XDC_USD,_Z,N,T001,1986,0.841708,,F,6,A,0,EUR
OECD.SDD.NAD:DSD_NAMAIN10@DF_TABLE4(2.0),A,ESP,S1,S1,EXC_A,F21,_Z,_Z,XDC_USD,_Z,N,T001,1987,0.74212,,F,6,A,0,EUR
OECD.SDD.NAD:DSD_NAMAIN10@DF_TABLE4(2.0),A,ESP,S1,S1,EXC_A,F21,_Z,_Z,XDC_USD,_Z,N,T001,1988,0.7001,,F,6,A,0,EUR
OECD.SDD.NAD:DSD_NAMAIN10@DF_TABLE4(2.0),A,ESP,S1,S1,EXC_A,F21,_Z,_Z,XDC_USD,_Z,N,T001,1989,0.711464,,F,6,A,0,EUR
OECD.SDD.NAD:DSD_NAMAIN10@DF_TABLE4(2.0),A,ESP,S1,S1,EXC_A,F21,_Z,_Z,XDC_USD,_Z,N,T001,1990,0.612635,,F,6,A,0,EUR
OECD.SDD.NAD:DSD_NAMAIN10@DF_TABLE4(2.0),A,ESP,S1,S1,EXC_A,F21,_Z,_Z,XDC_USD,_Z,N,T001,1991,0.624521,,F,6,A,0,EUR
OECD.SDD.NAD:DSD_NAMAIN10@DF_TABLE4(2.0),A,ESP,S1,S1,EXC_A,F21,_Z,_Z,XDC_USD,_Z,N,T001,1992,0.615311,,F,6,A,0,EUR
OECD.SDD.NAD:DSD_NAMAIN10@DF_TABLE4(2.0),A,ESP,S1,S1,EXC_A,F21,_Z,_Z,XDC_USD,_Z,N,T001,1993,0.764851,,F,6,A,0,EUR
OECD.SDD.NAD:DSD_NAMAIN10@DF_TABLE4(2.0),A,ESP,S1,S1,EXC_A,F21,_Z,_Z,XDC_USD,_Z,N,T001,1994,0.805104,,F,6,A,0,EUR
OECD.SDD.NAD:DSD_NAMAIN10@DF_TABLE4(2.0),A,ESP,S1,S1,EXC_A,F21,_Z,_Z,XDC_USD,_Z,N,T001,1995,0.749396,,F,6,A,0,EUR
OECD.SDD.NAD:DSD_NAMAIN10@DF_TABLE4(2.0),A,ESP,S1,S1,EXC_A,F21,_Z,_Z,XDC_USD,_Z,N,T001,1996,0.761251,,F,6,A,0,EUR
OECD.SDD.NAD:DSD_NAMAIN10@DF_TABLE4(2.0),A,ESP,S1,S1,EXC_A,F21,_Z,_Z,XDC_USD,_Z,N,T001,1997,0.879964,,F,6,A,0,EUR
OECD.SDD.NAD:DSD_NAMAIN10@DF_TABLE4(2.0),A,ESP,S1,S1,EXC_A,F21,_Z,_Z,XDC_USD,_Z,N,T001,1998,0.897884,,F,6,A,0,EUR
OECD.SDD.NAD:DSD_NAMAIN10@DF_TABLE4(2.0),A,ESP,S1,S1,EXC_A,F21,_Z,_Z,XDC_USD,_Z,N,T001,1999,0.938283,,F,6,A,0,EUR
OECD.SDD.NAD:DSD_NAMAIN10@DF_TABLE4(2.0),A,ESP,S1,S1,EXC_A,F21,_Z,_Z,XDC_USD,_Z,N,T001,2000,1.082705,,F,6,A,0,EUR
OECD.SDD.NAD:DSD_NAMAIN10@DF_TABLE4(2.0),A,ESP,S1,S1,EXC_A,F21,_Z,_Z,XDC_USD,_Z,N,T001,2001,1.116533,,F,6,A,0,EUR
OECD.SDD.NAD:DSD_NAMAIN10@DF_TABLE4(2.0),A,ESP,S1,S1,EXC_A,F21,_Z,_Z,XDC_USD,_Z,N,T001,2002,1.057559,,F,6,A,0,EUR
OECD.SDD.NAD:DSD_NAMAIN10@DF_TABLE4(2.0),A,ESP,S1,S1,EXC_A,F21,_Z,_Z,XDC_USD,_Z,N,T001,2003,0.884048,,F,6,A,0,EUR
OECD.SDD.NAD:DSD_NAMAIN10@DF_TABLE4(2.0),A,ESP,S1,S1,EXC_A,F21,_Z,_Z,XDC_USD,_Z,N,T001,2004,0.803922,,F,6,A,0,EUR
OECD.SDD.NAD:DSD_NAMAIN10@DF_TABLE4(2.0),A,ESP,S1,S1,EXC_A,F21,_Z,_Z,XDC_USD,_Z,N,T001,2005,0.8038,,F,6,A,0,EUR
OECD.SDD.NAD:DSD_NAMAIN10@DF_TABLE4(2.0),A,ESP,S1,S1,EXC_A,F21,_Z,_Z,XDC_USD,_Z,N,T001,2006,0.796433,,F,6,A,0,EUR
OECD.SDD.NAD:DSD_NAMAIN10@DF_TABLE4(2.0),A,ESP,S1,S1,EXC_A,F21,_Z,_Z,XDC_USD,_Z,N,T001,2007,0.729672,,F,6,A,0,EUR
OECD.SDD.NAD:DSD_NAMAIN10@DF_TABLE4(2.0),A,ESP,S1,S1,EXC_A,F21,_Z,_Z,XDC_USD,_Z,N,T001,2008,0.679923,,F,6,A,0,EUR
OECD.SDD.NAD:DSD_NAMAIN10@DF_TABLE4(2.0),A,ESP,S1,S1,EXC_A,F21,_Z,_Z,XDC_USD,_Z,N,T001,2009,0.716958,,F,6,A,0,EUR
OECD.SDD.NAD:DSD_NAMAIN10@DF_TABLE4(2.0),A,ESP,S1,S1,EXC_A,F21,_Z,_Z,XDC_USD,_Z,N,T001,2010,0.754309,,F,6,A,0,EUR
OECD.SDD.NAD:DSD_NAMAIN10@DF_TABLE4(2.0),A,ESP,S1,S1,EXC_A,F21,_Z,_Z,XDC_USD,_Z,N,T001,2011,0.718414,,F,6,A,0,EUR
OECD.SDD.NAD:DSD_NAMAIN10@DF_TABLE4(2.0),A,ESP,S1,S1,EXC_A,F21,_Z,_Z,XDC_USD,_Z,N,T001,2012,0.778338,,F,6,A,0,EUR
OECD.SDD.NAD:DSD_NAMAIN10@DF_TABLE4(2.0),A,ESP,S1,S1,EXC_A,F21,_Z,_Z,XDC_USD,_Z,N,T001,2013,0.752945,,F,6,A,0,EUR
OECD.SDD.NAD:DSD_NAMAIN10@DF_TABLE4(2.0),A,ESP,S1,S1,EXC_A,F21,_Z,_Z,XDC_USD,_Z,N,T001,2014,0.752728,,F,6,A,0,EUR
OECD.SDD.NAD:DSD_NAMAIN10@DF_TABLE4(2.0),A,ESP,S1,S1,EXC_A,F21,_Z,_Z,XDC_USD,_Z,N,T001,2015,0.901296,,F,6,A,0,EUR
OECD.SDD.NAD:DSD_NAMAIN10@DF_TABLE4(2.0),A,ESP,S1,S1,EXC_A,F21,_Z,_Z,XDC_USD,_Z,N,T001,2016,0.903421,,F,6,A,0,EUR
OECD.SDD.NAD:DSD_NAMAIN10@DF_TABLE4(2.0),A,ESP,S1,S1,EXC_A,F21,_Z,_Z,XDC_USD,_Z,N,T001,2017,0.885206,,F,6,A,0,EUR
OECD.SDD.NAD:DSD_NAMAIN10@DF_TABLE4(2.0),A,ESP,S1,S1,EXC_A,F21,_Z,_Z,XDC_USD,_Z,N,T001,2018,0.846773,,F,6,A,0,EUR
OECD.SDD.NAD:DSD_NAMAIN10@DF_TABLE4(2.0),A,ESP,S1,S1,EXC_A,F21,_Z,_Z,XDC_USD,_Z,N,T001,2019,0.893276,,F,6,A,0,EUR
OECD.SDD.NAD:DSD_NAMAIN10@DF_TABLE4(2.0),A,ESP,S1,S1,EXC_A,F21,_Z,_Z,XDC_USD,_Z,N,T001,2020,0.875506,,F,6,A,0,EUR
OECD.SDD.NAD:DSD_NAMAIN10@DF_TABLE4(2.0),A,ESP,S1,S1,EXC_A,F21,_Z,_Z,XDC_USD,_Z,N,T001,2021,0.845494,,F,6,A,0,EUR
OECD.SDD.NAD:DSD_NAMAIN10@DF_TABLE4(2.0),A,ESP,S1,S1,EXC_A,F21,_Z,_Z,XDC_USD,_Z,N,T001,2022,0.949624,,F,6,A,0,EUR
OECD.SDD.NAD:DSD_NAMAIN10@DF_TABLE4(2.0),A,ESP,S1,S1,EXC_A,F21,_Z,_Z,XDC_USD,_Z,N,T001,2023,0.92484,,F,6,A,0,EUR
OECD.SDD.NAD:DSD_NAMAIN10@DF_TABLE4(2.0),A,CYP,S1,S1,EXC_A,F21,_Z,_Z,XDC_USD,_Z,N,T001,1950,0.610215,,F,6,A,0,EUR
OECD.SDD.NAD:DSD_NAMAIN10@DF_TABLE4(2.0),A,CYP,S1,S1,EXC_A,F21,_Z,_Z,XDC_USD,_Z,N,T001,1951,0.610215,,F,6,A,0,EUR
OECD.SDD.NAD:DSD_NAMAIN10@DF_TABLE4(2.0),A,CYP,S1,S1,EXC_A,F21,_Z,_Z,XDC_USD,_Z,N,T001,1952,0.610215,,F,6,A,0,EUR
OECD.SDD.NAD:DSD_NAMAIN10@DF_TABLE4(2.0),A,CYP,S1,S1,EXC_A,F21,_Z,_Z,XDC_USD,_Z,N,T001,1953,0.610215,,F,6,A,0,EUR
OECD.SDD.NAD:DSD_NAMAIN10@DF_TABLE4(2.0),A,CYP,S1,S1,EXC_A,F21,_Z,_Z,XDC_USD,_Z,N,T001,1954,0.610215,,F,6,A,0,EUR
OECD.SDD.NAD:DSD_NAMAIN10@DF_TABLE4(2.0),A,CYP,S1,S1,EXC_A,F21,_Z,_Z,XDC_USD,_Z,N,T001,1955,0.610215,,F,6,A,0,EUR
OECD.SDD.NAD:DSD_NAMAIN10@DF_TABLE4(2.0),A,CYP,S1,S1,EXC_A,F21,_Z,_Z,XDC_USD,_Z,N,T001,1956,0.610215,,F,6,A,0,EUR
OECD.SDD.NAD:DSD_NAMAIN10@DF_TABLE4(2.0),A,CYP,S1,S1,EXC_A,F21,_Z,_Z,XDC_USD,_Z,N,T001,1957,0.610215,,F,6,A,0,EUR
OECD.SDD.NAD:DSD_NAMAIN10@DF_TABLE4(2.0),A,CYP,S1,S1,EXC_A,F21,_Z,_Z,XDC_USD,_Z,N,T001,1958,0.610215,,F,6,A,0,EUR
OECD.SDD.NAD:DSD_NAMAIN10@DF_TABLE4(2.0),A,CYP,S1,S1,EXC_A,F21,_Z,_Z,XDC_USD,_Z,N,T001,1959,0.610215,,F,6,A,0,EUR
OECD.SDD.NAD:DSD_NAMAIN10@DF_TABLE4(2.0),A,CYP,S1,S1,EXC_A,F21,_Z,_Z,XDC_USD,_Z,N,T001,1960,0.610215,,F,6,A,0,EUR
OECD.SDD.NAD:DSD_NAMAIN10@DF_TABLE4(2.0),A,CYP,S1,S1,EXC_A,F21,_Z,_Z,XDC_USD,_Z,N,T001,1961,0.610215,,F,6,A,0,EUR
OECD.SDD.NAD:DSD_NAMAIN10@DF_TABLE4(2.0),A,CYP,S1,S1,EXC_A,F21,_Z,_Z,XDC_USD,_Z,N,T001,1962,0.610215,,F,6,A,0,EUR
OECD.SDD.NAD:DSD_NAMAIN10@DF_TABLE4(2.0),A,CYP,S1,S1,EXC_A,F21,_Z,_Z,XDC_USD,_Z,N,T001,1963,0.610215,,F,6,A,0,EUR
OECD.SDD.NAD:DSD_NAMAIN10@DF_TABLE4(2.0),A,CYP,S1,S1,EXC_A,F21,_Z,_Z,XDC_USD,_Z,N,T001,1964,0.610215,,F,6,A,0,EUR
OECD.SDD.NAD:DSD_NAMAIN10@DF_TABLE4(2.0),A,CYP,S1,S1,EXC_A,F21,_Z,_Z,XDC_USD,_Z,N,T001,1965,0.610215,,F,6,A,0,EUR
OECD.SDD.NAD:DSD_NAMAIN10@DF_TABLE4(2.0),A,CYP,S1,S1,EXC_A,F21,_Z,_Z,XDC_USD,_Z,N,T001,1966,0.610215,,F,6,A,0,EUR
OECD.SDD.NAD:DSD_NAMAIN10@DF_TABLE4(2.0),A,CYP,S1,S1,EXC_A,F21,_Z,_Z,XDC_USD,_Z,N,T001,1967,0.61869,,F,6,A,0,EUR
OECD.SDD.NAD:DSD_NAMAIN10@DF_TABLE4(2.0),A,CYP,S1,S1,EXC_A,F21,_Z,_Z,XDC_USD,_Z,N,T001,1968,0.711918,,F,6,A,0,EUR
OECD.SDD.NAD:DSD_NAMAIN10@DF_TABLE4(2.0),A,CYP,S1,S1,EXC_A,F21,_Z,_Z,XDC_USD,_Z,N,T001,1969,0.711918,,F,6,A,0,EUR
OECD.SDD.NAD:DSD_NAMAIN10@DF_TABLE4(2.0),A,CYP,S1,S1,EXC_A,F21,_Z,_Z,XDC_USD,_Z,N,T001,1970,0.711918,,F,6,A,0,EUR
OECD.SDD.NAD:DSD_NAMAIN10@DF_TABLE4(2.0),A,CYP,S1,S1,EXC_A,F21,_Z,_Z,XDC_USD,_Z,N,T001,1971,0.701775,,F,6,A,0,EUR
OECD.SDD.NAD:DSD_NAMAIN10@DF_TABLE4(2.0),A,CYP,S1,S1,EXC_A,F21,_Z,_Z,XDC_USD,_Z,N,T001,1972,0.655372,,F,6,A,0,EUR
OECD.SDD.NAD:DSD_NAMAIN10@DF_TABLE4(2.0),A,CYP,S1,S1,EXC_A,F21,_Z,_Z,XDC_USD,_Z,N,T001,1973,0.597926,,F,6,A,0,EUR
OECD.SDD.NAD:DSD_NAMAIN10@DF_TABLE4(2.0),A,CYP,S1,S1,EXC_A,F21,_Z,_Z,XDC_USD,_Z,N,T001,1974,0.623114,,F,6,A,0,EUR
OECD.SDD.NAD:DSD_NAMAIN10@DF_TABLE4(2.0),A,CYP,S1,S1,EXC_A,F21,_Z,_Z,XDC_USD,_Z,N,T001,1975,0.630315,,F,6,A,0,EUR
OECD.SDD.NAD:DSD_NAMAIN10@DF_TABLE4(2.0),A,CYP,S1,S1,EXC_A,F21,_Z,_Z,XDC_USD,_Z,N,T001,1976,0.701374,,F,6,A,0,EUR
OECD.SDD.NAD:DSD_NAMAIN10@DF_TABLE4(2.0),A,CYP,S1,S1,EXC_A,F21,_Z,_Z,XDC_USD,_Z,N,T001,1977,0.697317,,F,6,A,0,EUR
OECD.SDD.NAD:DSD_NAMAIN10@DF_TABLE4(2.0),A,CYP,S1,S1,EXC_A,F21,_Z,_Z,XDC_USD,_Z,N,T001,1978,0.638184,,F,6,A,0,EUR
OECD.SDD.NAD:DSD_NAMAIN10@DF_TABLE4(2.0),A,CYP,S1,S1,EXC_A,F21,_Z,_Z,XDC_USD,_Z,N,T001,1979,0.605603,,F,6,A,0,EUR
OECD.SDD.NAD:DSD_NAMAIN10@DF_TABLE4(2.0),A,CYP,S1,S1,EXC_A,F21,_Z,_Z,XDC_USD,_Z,N,T001,1980,0.603225,,F,6,A,0,EUR
OECD.SDD.NAD:DSD_NAMAIN10@DF_TABLE4(2.0),A,CYP,S1,S1,EXC_A,F21,_Z,_Z,XDC_USD,_Z,N,T001,1981,0.720057,,F,6,A,0,EUR
OECD.SDD.NAD:DSD_NAMAIN10@DF_TABLE4(2.0),A,CYP,S1,S1,EXC_A,F21,_Z,_Z,XDC_USD,_Z,N,T001,1982,0.812245,,F,6,A,0,EUR
OECD.SDD.NAD:DSD_NAMAIN10@DF_TABLE4(2.0),A,CYP,S1,S1,EXC_A,F21,_Z,_Z,XDC_USD,_Z,N,T001,1983,0.899819,,F,6,A,0,EUR
OECD.SDD.NAD:DSD_NAMAIN10@DF_TABLE4(2.0),A,CYP,S1,S1,EXC_A,F21,_Z,_Z,XDC_USD,_Z,N,T001,1984,1.005317,,F,6,A,0,EUR
OECD.SDD.NAD:DSD_NAMAIN10@DF_TABLE4(2.0),A,CYP,S1,S1,EXC_A,F21,_Z,_Z,XDC_USD,_Z,N,T001,1985,1.046608,,F,6,A,0,EUR
OECD.SDD.NAD:DSD_NAMAIN10@DF_TABLE4(2.0),A,CYP,S1,S1,EXC_A,F21,_Z,_Z,XDC_USD,_Z,N,T001,1986,0.8853,,F,6,A,0,EUR
OECD.SDD.NAD:DSD_NAMAIN10@DF_TABLE4(2.0),A,CYP,S1,S1,EXC_A,F21,_Z,_Z,XDC_USD,_Z,N,T001,1987,0.822002,,F,6,A,0,EUR
OECD.SDD.NAD:DSD_NAMAIN10@DF_TABLE4(2.0),A,CYP,S1,S1,EXC_A,F21,_Z,_Z,XDC_USD,_Z,N,T001,1988,0.797283,,F,6,A,0,EUR
OECD.SDD.NAD:DSD_NAMAIN10@DF_TABLE4(2.0),A,CYP,S1,S1,EXC_A,F21,_Z,_Z,XDC_USD,_Z,N,T001,1989,0.845117,,F,6,A,0,EUR
OECD.SDD.NAD:DSD_NAMAIN10@DF_TABLE4(2.0),A,CYP,S1,S1,EXC_A,F21,_Z,_Z,XDC_USD,_Z,N,T001,1990,0.782676,,F,6,A,0,EUR
OECD.SDD.NAD:DSD_NAMAIN10@DF_TABLE4(2.0),A,CYP,S1,S1,EXC_A,F21,_Z,_Z,XDC_USD,_Z,N,T001,1991,0.793523,,F,6,A,0,EUR
OECD.SDD.NAD:DSD_NAMAIN10@DF_TABLE4(2.0),A,CYP,S1,S1,EXC_A,F21,_Z,_Z,XDC_USD,_Z,N,T001,1992,0.768099,,F,6,A,0,EUR
OECD.SDD.NAD:DSD_NAMAIN10@DF_TABLE4(2.0),A,CYP,S1,S1,EXC_A,F21,_Z,_Z,XDC_USD,_Z,N,T001,1993,0.849867,,F,6,A,0,EUR
OECD.SDD.NAD:DSD_NAMAIN10@DF_TABLE4(2.0),A,CYP,S1,S1,EXC_A,F21,_Z,_Z,XDC_USD,_Z,N,T001,1994,0.840958,,F,6,A,0,EUR
OECD.SDD.NAD:DSD_NAMAIN10@DF_TABLE4(2.0),A,CYP,S1,S1,EXC_A,F21,_Z,_Z,XDC_USD,_Z,N,T001,1995,0.773006,,F,6,A,0,EUR
OECD.SDD.NAD:DSD_NAMAIN10@DF_TABLE4(2.0),A,CYP,S1,S1,EXC_A,F21,_Z,_Z,XDC_USD,_Z,N,T001,1996,0.79674,,F,6,A,0,EUR
OECD.SDD.NAD:DSD_NAMAIN10@DF_TABLE4(2.0),A,CYP,S1,S1,EXC_A,F21,_Z,_Z,XDC_USD,_Z,N,T001,1997,0.878046,,F,6,A,0,EUR
OECD.SDD.NAD:DSD_NAMAIN10@DF_TABLE4(2.0),A,CYP,S1,S1,EXC_A,F21,_Z,_Z,XDC_USD,_Z,N,T001,1998,0.884758,,F,6,A,0,EUR
OECD.SDD.NAD:DSD_NAMAIN10@DF_TABLE4(2.0),A,CYP,S1,S1,EXC_A,F21,_Z,_Z,XDC_USD,_Z,N,T001,1999,0.927681,,F,6,A,0,EUR
OECD.SDD.NAD:DSD_NAMAIN10@DF_TABLE4(2.0),A,CYP,S1,S1,EXC_A,F21,_Z,_Z,XDC_USD,_Z,N,T001,2000,1.063449,,F,6,A,0,EUR
OECD.SDD.NAD:DSD_NAMAIN10@DF_TABLE4(2.0),A,CYP,S1,S1,EXC_A,F21,_Z,_Z,XDC_USD,_Z,N,T001,2001,1.098814,,F,6,A,0,EUR
OECD.SDD.NAD:DSD_NAMAIN10@DF_TABLE4(2.0),A,CYP,S1,S1,EXC_A,F21,_Z,_Z,XDC_USD,_Z,N,T001,2002,1.043375,,F,6,A,0,EUR
OECD.SDD.NAD:DSD_NAMAIN10@DF_TABLE4(2.0),A,CYP,S1,S1,EXC_A,F21,_Z,_Z,XDC_USD,_Z,N,T001,2003,0.884104,,F,6,A,0,EUR
OECD.SDD.NAD:DSD_NAMAIN10@DF_TABLE4(2.0),A,CYP,S1,S1,EXC_A,F21,_Z,_Z,XDC_USD,_Z,N,T001,2004,0.800652,,F,6,A,0,EUR
OECD.SDD.NAD:DSD_NAMAIN10@DF_TABLE4(2.0),A,CYP,S1,S1,EXC_A,F21,_Z,_Z,XDC_USD,_Z,N,T001,2005,0.792912,,F,6,A,0,EUR
OECD.SDD.NAD:DSD_NAMAIN10@DF_TABLE4(2.0),A,CYP,S1,S1,EXC_A,F21,_Z,_Z,XDC_USD,_Z,N,T001,2006,0.784104,,F,6,A,0,EUR
OECD.SDD.NAD:DSD_NAMAIN10@DF_TABLE4(2.0),A,CYP,S1,S1,EXC_A,F21,_Z,_Z,XDC_USD,_Z,N,T001,2007,0.728078,,F,6,A,0,EUR
OECD.SDD.NAD:DSD_NAMAIN10@DF_TABLE4(2.0),A,CYP,S1,S1,EXC_A,F21,_Z,_Z,XDC_USD,_Z,N,T001,2008,0.679923,,F,6,A,0,EUR
OECD.SDD.NAD:DSD_NAMAIN10@DF_TABLE4(2.0),A,CYP,S1,S1,EXC_A,F21,_Z,_Z,XDC_USD,_Z,N,T001,2009,0.716958,,F,6,A,0,EUR
OECD.SDD.NAD:DSD_NAMAIN10@DF_TABLE4(2.0),A,CYP,S1,S1,EXC_A,F21,_Z,_Z,XDC_USD,_Z,N,T001,2010,0.754309,,F,6,A,0,EUR
OECD.SDD.NAD:DSD_NAMAIN10@DF_TABLE4(2.0),A,CYP,S1,S1,EXC_A,F21,_Z,_Z,XDC_USD,_Z,N,T001,2011,0.718414,,F,6,A,0,EUR
OECD.SDD.NAD:DSD_NAMAIN10@DF_TABLE4(2.0),A,CYP,S1,S1,EXC_A,F21,_Z,_Z,XDC_USD,_Z,N,T001,2012,0.778338,,F,6,A,0,EUR
OECD.SDD.NAD:DSD_NAMAIN10@DF_TABLE4(2.0),A,CYP,S1,S1,EXC_A,F21,_Z,_Z,XDC_USD,_Z,N,T001,2013,0.752945,,F,6,A,0,EUR
OECD.SDD.NAD:DSD_NAMAIN10@DF_TABLE4(2.0),A,CYP,S1,S1,EXC_A,F21,_Z,_Z,XDC_USD,_Z,N,T001,2014,0.752728,,F,6,A,0,EUR
OECD.SDD.NAD:DSD_NAMAIN10@DF_TABLE4(2.0),A,CYP,S1,S1,EXC_A,F21,_Z,_Z,XDC_USD,_Z,N,T001,2015,0.901296,,F,6,A,0,EUR
OECD.SDD.NAD:DSD_NAMAIN10@DF_TABLE4(2.0),A,CYP,S1,S1,EXC_A,F21,_Z,_Z,XDC_USD,_Z,N,T001,2016,0.903421,,F,6,A,0,EUR
OECD.SDD.NAD:DSD_NAMAIN10@DF_TABLE4(2.0),A,CYP,S1,S1,EXC_A,F21,_Z,_Z,XDC_USD,_Z,N,T001,2017,0.885206,,F,6,A,0,EUR
OECD.SDD.NAD:DSD_NAMAIN10@DF_TABLE4(2.0),A,CYP,S1,S1,EXC_A,F21,_Z,_Z,XDC_USD,_Z,N,T001,2018,0.846773,,F,6,A,0,EUR
OECD.SDD.NAD:DSD_NAMAIN10@DF_TABLE4(2.0),A,CYP,S1,S1,EXC_A,F21,_Z,_Z,XDC_USD,_Z,N,T001,2019,0.893276,,F,6,A,0,EUR
OECD.SDD.NAD:DSD_NAMAIN10@DF_TABLE4(2.0),A,CYP,S1,S1,EXC_A,F21,_Z,_Z,XDC_USD,_Z,N,T001,2020,0.875506,,F,6,A,0,EUR
OECD.SDD.NAD:DSD_NAMAIN10@DF_TABLE4(2.0),A,CYP,S1,S1,EXC_A,F21,_Z,_Z,XDC_USD,_Z,N,T001,2021,0.845494,,F,6,A,0,EUR
OECD.SDD.NAD:DSD_NAMAIN10@DF_TABLE4(2.0),A,CYP,S1,S1,EXC_A,F21,_Z,_Z,XDC_USD,_Z,N,T001,2022,0.949624,,F,6,A,0,EUR
OECD.SDD.NAD:DSD_NAMAIN10@DF_TABLE4(2.0),A,CYP,S1,S1,EXC_A,F21,_Z,_Z,XDC_USD,_Z,N,T001,2023,0.92484,,F,6,A,0,EUR
OECD.SDD.NAD:DSD_NAMAIN10@DF_TABLE4(2.0),A,MLT,S1,S1,EXC_A,F21,_Z,_Z,XDC_USD,_Z,N,T001,1950,0.831919,,F,6,A,0,EUR
OECD.SDD.NAD:DSD_NAMAIN10@DF_TABLE4(2.0),A,MLT,S1,S1,EXC_A,F21,_Z,_Z,XDC_USD,_Z,N,T001,1951,0.831919,,F,6,A,0,EUR
OECD.SDD.NAD:DSD_NAMAIN10@DF_TABLE4(2.0),A,MLT,S1,S1,EXC_A,F21,_Z,_Z,XDC_USD,_Z,N,T001,1952,0.831919,,F,6,A,0,EUR
OECD.SDD.NAD:DSD_NAMAIN10@DF_TABLE4(2.0),A,MLT,S1,S1,EXC_A,F21,_Z,_Z,XDC_USD,_Z,N,T001,1953,0.831919,,F,6,A,0,EUR
OECD.SDD.NAD:DSD_NAMAIN10@DF_TABLE4(2.0),A,MLT,S1,S1,EXC_A,F21,_Z,_Z,XDC_USD,_Z,N,T001,1954,0.831919,,F,6,A,0,EUR
OECD.SDD.NAD:DSD_NAMAIN10@DF_TABLE4(2.0),A,MLT,S1,S1,EXC_A,F21,_Z,_Z,XDC_USD,_Z,N,T001,1955,0.831919,,F,6,A,0,EUR
OECD.SDD.NAD:DSD_NAMAIN10@DF_TABLE4(2.0),A,MLT,S1,S1,EXC_A,F21,_Z,_Z,XDC_USD,_Z,N,T001,1956,0.831919,,F,6,A,0,EUR
OECD.SDD.NAD:DSD_NAMAIN10@DF_TABLE4(2.0),A,MLT,S1,S1,EXC_A,F21,_Z,_Z,XDC_USD,_Z,N,T001,1957,0.831919,,F,6,A,0,EUR
OECD.SDD.NAD:DSD_NAMAIN10@DF_TABLE4(2.0),A,MLT,S1,S1,EXC_A,F21,_Z,_Z,XDC_USD,_Z,N,T001,1958,0.831919,,F,6,A,0,EUR
OECD.SDD.NAD:DSD_NAMAIN10@DF_TABLE4(2.0),A,MLT,S1,S1,EXC_A,F21,_Z,_Z,XDC_USD,_Z,N,T001,1959,0.831919,,F,6,A,0,EUR
OECD.SDD.NAD:DSD_NAMAIN10@DF_TABLE4(2.0),A,MLT,S1,S1,EXC_A,F21,_Z,_Z,XDC_USD,_Z,N,T001,1960,0.831919,,F,6,A,0,EUR
OECD.SDD.NAD:DSD_NAMAIN10@DF_TABLE4(2.0),A,MLT,S1,S1,EXC_A,F21,_Z,_Z,XDC_USD,_Z,N,T001,1961,0.831919,,F,6,A,0,EUR
OECD.SDD.NAD:DSD_NAMAIN10@DF_TABLE4(2.0),A,MLT,S1,S1,EXC_A,F21,_Z,_Z,XDC_USD,_Z,N,T001,1962,0.831919,,F,6,A,0,EUR
OECD.SDD.NAD:DSD_NAMAIN10@DF_TABLE4(2.0),A,MLT,S1,S1,EXC_A,F21,_Z,_Z,XDC_USD,_Z,N,T001,1963,0.831919,,F,6,A,0,EUR
OECD.SDD.NAD:DSD_NAMAIN10@DF_TABLE4(2.0),A,MLT,S1,S1,EXC_A,F21,_Z,_Z,XDC_USD,_Z,N,T001,1964,0.831919,,F,6,A,0,EUR
OECD.SDD.NAD:DSD_NAMAIN10@DF_TABLE4(2.0),A,MLT,S1,S1,EXC_A,F21,_Z,_Z,XDC_USD,_Z,N,T001,1965,0.831919,,F,6,A,0,EUR
OECD.SDD.NAD:DSD_NAMAIN10@DF_TABLE4(2.0),A,MLT,S1,S1,EXC_A,F21,_Z,_Z,XDC_USD,_Z,N,T001,1966,0.831919,,F,6,A,0,EUR
OECD.SDD.NAD:DSD_NAMAIN10@DF_TABLE4(2.0),A,MLT,S1,S1,EXC_A,F21,_Z,_Z,XDC_USD,_Z,N,T001,1967,0.843474,,F,6,A,0,EUR
OECD.SDD.NAD:DSD_NAMAIN10@DF_TABLE4(2.0),A,MLT,S1,S1,EXC_A,F21,_Z,_Z,XDC_USD,_Z,N,T001,1968,0.970573,,F,6,A,0,EUR
OECD.SDD.NAD:DSD_NAMAIN10@DF_TABLE4(2.0),A,MLT,S1,S1,EXC_A,F21,_Z,_Z,XDC_USD,_Z,N,T001,1969,0.970573,,F,6,A,0,EUR
OECD.SDD.NAD:DSD_NAMAIN10@DF_TABLE4(2.0),A,MLT,S1,S1,EXC_A,F21,_Z,_Z,XDC_USD,_Z,N,T001,1970,0.970573,,F,6,A,0,EUR
OECD.SDD.NAD:DSD_NAMAIN10@DF_TABLE4(2.0),A,MLT,S1,S1,EXC_A,F21,_Z,_Z,XDC_USD,_Z,N,T001,1971,0.948305,,F,6,A,0,EUR
OECD.SDD.NAD:DSD_NAMAIN10@DF_TABLE4(2.0),A,MLT,S1,S1,EXC_A,F21,_Z,_Z,XDC_USD,_Z,N,T001,1972,0.888835,,F,6,A,0,EUR
OECD.SDD.NAD:DSD_NAMAIN10@DF_TABLE4(2.0),A,MLT,S1,S1,EXC_A,F21,_Z,_Z,XDC_USD,_Z,N,T001,1973,0.859065,,F,6,A,0,EUR
OECD.SDD.NAD:DSD_NAMAIN10@DF_TABLE4(2.0),A,MLT,S1,S1,EXC_A,F21,_Z,_Z,XDC_USD,_Z,N,T001,1974,0.897931,,F,6,A,0,EUR
OECD.SDD.NAD:DSD_NAMAIN10@DF_TABLE4(2.0),A,MLT,S1,S1,EXC_A,F21,_Z,_Z,XDC_USD,_Z,N,T001,1975,0.896304,,F,6,A,0,EUR
OECD.SDD.NAD:DSD_NAMAIN10@DF_TABLE4(2.0),A,MLT,S1,S1,EXC_A,F21,_Z,_Z,XDC_USD,_Z,N,T001,1976,0.9903,,F,6,A,0,EUR
OECD.SDD.NAD:DSD_NAMAIN10@DF_TABLE4(2.0),A,MLT,S1,S1,EXC_A,F21,_Z,_Z,XDC_USD,_Z,N,T001,1977,0.983716,,F,6,A,0,EUR
OECD.SDD.NAD:DSD_NAMAIN10@DF_TABLE4(2.0),A,MLT,S1,S1,EXC_A,F21,_Z,_Z,XDC_USD,_Z,N,T001,1978,0.897702,,F,6,A,0,EUR
OECD.SDD.NAD:DSD_NAMAIN10@DF_TABLE4(2.0),A,MLT,S1,S1,EXC_A,F21,_Z,_Z,XDC_USD,_Z,N,T001,1979,0.83501,,F,6,A,0,EUR
OECD.SDD.NAD:DSD_NAMAIN10@DF_TABLE4(2.0),A,MLT,S1,S1,EXC_A,F21,_Z,_Z,XDC_USD,_Z,N,T001,1980,0.804628,,F,6,A,0,EUR
OECD.SDD.NAD:DSD_NAMAIN10@DF_TABLE4(2.0),A,MLT,S1,S1,EXC_A,F21,_Z,_Z,XDC_USD,_Z,N,T001,1981,0.900771,,F,6,A,0,EUR
OECD.SDD.NAD:DSD_NAMAIN10@DF_TABLE4(2.0),A,MLT,S1,S1,EXC_A,F21,_Z,_Z,XDC_USD,_Z,N,T001,1982,0.960034,,F,6,A,0,EUR
OECD.SDD.NAD:DSD_NAMAIN10@DF_TABLE4(2.0),A,MLT,S1,S1,EXC_A,F21,_Z,_Z,XDC_USD,_Z,N,T001,1983,1.007336,,F,6,A,0,EUR
OECD.SDD.NAD:DSD_NAMAIN10@DF_TABLE4(2.0),A,MLT,S1,S1,EXC_A,F21,_Z,_Z,XDC_USD,_Z,N,T001,1984,1.073921,,F,6,A,0,EUR
OECD.SDD.NAD:DSD_NAMAIN10@DF_TABLE4(2.0),A,MLT,S1,S1,EXC_A,F21,_Z,_Z,XDC_USD,_Z,N,T001,1985,1.092837,,F,6,A,0,EUR
OECD.SDD.NAD:DSD_NAMAIN10@DF_TABLE4(2.0),A,MLT,S1,S1,EXC_A,F21,_Z,_Z,XDC_USD,_Z,N,T001,1986,0.915426,,F,6,A,0,EUR
OECD.SDD.NAD:DSD_NAMAIN10@DF_TABLE4(2.0),A,MLT,S1,S1,EXC_A,F21,_Z,_Z,XDC_USD,_Z,N,T001,1987,0.804779,,F,6,A,0,EUR
OECD.SDD.NAD:DSD_NAMAIN10@DF_TABLE4(2.0),A,MLT,S1,S1,EXC_A,F21,_Z,_Z,XDC_USD,_Z,N,T001,1988,0.770689,,F,6,A,0,EUR
OECD.SDD.NAD:DSD_NAMAIN10@DF_TABLE4(2.0),A,MLT,S1,S1,EXC_A,F21,_Z,_Z,XDC_USD,_Z,N,T001,1989,0.811769,,F,6,A,0,EUR
OECD.SDD.NAD:DSD_NAMAIN10@DF_TABLE4(2.0),A,MLT,S1,S1,EXC_A,F21,_Z,_Z,XDC_USD,_Z,N,T001,1990,0.740252,,F,6,A,0,EUR
OECD.SDD.NAD:DSD_NAMAIN10@DF_TABLE4(2.0),A,MLT,S1,S1,EXC_A,F21,_Z,_Z,XDC_USD,_Z,N,T001,1991,0.752952,,F,6,A,0,EUR
OECD.SDD.NAD:DSD_NAMAIN10@DF_TABLE4(2.0),A,MLT,S1,S1,EXC_A,F21,_Z,_Z,XDC_USD,_Z,N,T001,1992,0.742892,,F,6,A,0,EUR
OECD.SDD.NAD:DSD_NAMAIN10@DF_TABLE4(2.0),A,MLT,S1,S1,EXC_A,F21,_Z,_Z,XDC_USD,_Z,N,T001,1993,0.890495,,F,6,A,0,EUR
OECD.SDD.NAD:DSD_NAMAIN10@DF_TABLE4(2.0),A,MLT,S1,S1,EXC_A,F21,_Z,_Z,XDC_USD,_Z,N,T001,1994,0.880319,,F,6,A,0,EUR
OECD.SDD.NAD:DSD_NAMAIN10@DF_TABLE4(2.0),A,MLT,S1,S1,EXC_A,F21,_Z,_Z,XDC_USD,_Z,N,T001,1995,0.822406,,F,6,A,0,EUR
OECD.SDD.NAD:DSD_NAMAIN10@DF_TABLE4(2.0),A,MLT,S1,S1,EXC_A,F21,_Z,_Z,XDC_USD,_Z,N,T001,1996,0.839636,,F,6,A,0,EUR
OECD.SDD.NAD:DSD_NAMAIN10@DF_TABLE4(2.0),A,MLT,S1,S1,EXC_A,F21,_Z,_Z,XDC_USD,_Z,N,T001,1997,0.899059,,F,6,A,0,EUR
OECD.SDD.NAD:DSD_NAMAIN10@DF_TABLE4(2.0),A,MLT,S1,S1,EXC_A,F21,_Z,_Z,XDC_USD,_Z,N,T001,1998,0.904867,,F,6,A,0,EUR
OECD.SDD.NAD:DSD_NAMAIN10@DF_TABLE4(2.0),A,MLT,S1,S1,EXC_A,F21,_Z,_Z,XDC_USD,_Z,N,T001,1999,0.929183,,F,6,A,0,EUR
OECD.SDD.NAD:DSD_NAMAIN10@DF_TABLE4(2.0),A,MLT,S1,S1,EXC_A,F21,_Z,_Z,XDC_USD,_Z,N,T001,2000,1.020615,,F,6,A,0,EUR
OECD.SDD.NAD:DSD_NAMAIN10@DF_TABLE4(2.0),A,MLT,S1,S1,EXC_A,F21,_Z,_Z,XDC_USD,_Z,N,T001,2001,1.048315,,F,6,A,0,EUR
OECD.SDD.NAD:DSD_NAMAIN10@DF_TABLE4(2.0),A,MLT,S1,S1,EXC_A,F21,_Z,_Z,XDC_USD,_Z,N,T001,2002,1.010064,,F,6,A,0,EUR
OECD.SDD.NAD:DSD_NAMAIN10@DF_TABLE4(2.0),A,MLT,S1,S1,EXC_A,F21,_Z,_Z,XDC_USD,_Z,N,T001,2003,0.878717,,F,6,A,0,EUR
OECD.SDD.NAD:DSD_NAMAIN10@DF_TABLE4(2.0),A,MLT,S1,S1,EXC_A,F21,_Z,_Z,XDC_USD,_Z,N,T001,2004,0.802849,,F,6,A,0,EUR
OECD.SDD.NAD:DSD_NAMAIN10@DF_TABLE4(2.0),A,MLT,S1,S1,EXC_A,F21,_Z,_Z,XDC_USD,_Z,N,T001,2005,0.805445,,F,6,A,0,EUR
OECD.SDD.NAD:DSD_NAMAIN10@DF_TABLE4(2.0),A,MLT,S1,S1,EXC_A,F21,_Z,_Z,XDC_USD,_Z,N,T001,2006,0.794069,,F,6,A,0,EUR
OECD.SDD.NAD:DSD_NAMAIN10@DF_TABLE4(2.0),A,MLT,S1,S1,EXC_A,F21,_Z,_Z,XDC_USD,_Z,N,T001,2007,0.726007,,F,6,A,0,EUR
OECD.SDD.NAD:DSD_NAMAIN10@DF_TABLE4(2.0),A,MLT,S1,S1,EXC_A,F21,_Z,_Z,XDC_USD,_Z,N,T001,2008,0.679923,,F,6,A,0,EUR
OECD.SDD.NAD:DSD_NAMAIN10@DF_TABLE4(2.0),A,MLT,S1,S1,EXC_A,F21,_Z,_Z,XDC_USD,_Z,N,T001,2009,0.716958,,F,6,A,0,EUR
OECD.SDD.NAD:DSD_NAMAIN10@DF_TABLE4(2.0),A,MLT,S1,S1,EXC_A,F21,_Z,_Z,XDC_USD,_Z,N,T001,2010,0.754309,,F,6,A,0,EUR
OECD.SDD.NAD:DSD_NAMAIN10@DF_TABLE4(2.0),A,MLT,S1,S1,EXC_A,F21,_Z,_Z,XDC_USD,_Z,N,T001,2011,0.718414,,F,6,A,0,EUR
OECD.SDD.NAD:DSD_NAMAIN10@DF_TABLE4(2.0),A,MLT,S1,S1,EXC_A,F21,_Z,_Z,XDC_USD,_Z,N,T001,2012,0.778338,,F,6,A,0,EUR
OECD.SDD.NAD:DSD_NAMAIN10@DF_TABLE4(2.0),A,MLT,S1,S1,EXC_A,F21,_Z,_Z,XDC_USD,_Z,N,T001,2013,0.752945,,F,6,A,0,EUR
OECD.SDD.NAD:DSD_NAMAIN10@DF_TABLE4(2.0),A,MLT,S1,S1,EXC_A,F21,_Z,_Z,XDC_USD,_Z,N,T001,2014,0.752728,,F,6,A,0,EUR
OECD.SDD.NAD:DSD_NAMAIN10@DF_TABLE4(2.0),A,MLT,S1,S1,EXC_A,F21,_Z,_Z,XDC_USD,_Z,N,T001,2015,0.901296,,F,6,A,0,EUR
OECD.SDD.NAD:DSD_NAMAIN10@DF_TABLE4(2.0),A,MLT,S1,S1,EXC_A,F21,_Z,_Z,XDC_USD,_Z,N,T001,2016,0.903421,,F,6,A,0,EUR
OECD.SDD.NAD:DSD_NAMAIN10@DF_TABLE4(2.0),A,MLT,S1,S1,EXC_A,F21,_Z,_Z,XDC_USD,_Z,N,T001,2017,0.885206,,F,6,A,0,EUR
OECD.SDD.NAD:DSD_NAMAIN10@DF_TABLE4(2.0),A,MLT,S1,S1,EXC_A,F21,_Z,_Z,XDC_USD,_Z,N,T001,2018,0.846773,,F,6,A,0,EUR
OECD.SDD.NAD:DSD_NAMAIN10@DF_TABLE4(2.0),A,MLT,S1,S1,EXC_A,F21,_Z,_Z,XDC_USD,_Z,N,T001,2019,0.893276,,F,6,A,0,EUR
OECD.SDD.NAD:DSD_NAMAIN10@DF_TABLE4(2.0),A,MLT,S1,S1,EXC_A,F21,_Z,_Z,XDC_USD,_Z,N,T001,2020,0.875506,,F,6,A,0,EUR
OECD.SDD.NAD:DSD_NAMAIN10@DF_TABLE4(2.0),A,MLT,S1,S1,EXC_A,F21,_Z,_Z,XDC_USD,_Z,N,T001,2021,0.845494,,F,6,A,0,EUR
OECD.SDD.NAD:DSD_NAMAIN10@DF_TABLE4(2.0),A,MLT,S1,S1,EXC_A,F21,_Z,_Z,XDC_USD,_Z,N,T001,2022,0.949624,,F,6,A,0,EUR
OECD.SDD.NAD:DSD_NAMAIN10@DF_TABLE4(2.0),A,MLT,S1,S1,EXC_A,F21,_Z,_Z,XDC_USD,_Z,N,T001,2023,0.92484,,F,6,A,0,EUR
OECD.SDD.NAD:DSD_NAMAIN10@DF_TABLE4(2.0),A,SVN,S1,S1,EXC_A,F21,_Z,_Z,XDC_USD,_Z,N,T001,1991,0.115053,,F,6,A,0,EUR
OECD.SDD.NAD:DSD_NAMAIN10@DF_TABLE4(2.0),A,LVA,S1,S1,EXC_A,F21,_Z,_Z,XDC_USD,_Z,N,T001,1992,1.047898,,F,6,A,0,EUR
OECD.SDD.NAD:DSD_NAMAIN10@DF_TABLE4(2.0),A,LTU,S1,S1,EXC_A,F21,_Z,_Z,XDC_USD,_Z,N,T001,1992,0.513424,,F,6,A,0,EUR
OECD.SDD.NAD:DSD_NAMAIN10@DF_TABLE4(2.0),A,SVN,S1,S1,EXC_A,F21,_Z,_Z,XDC_USD,_Z,N,T001,1992,0.339205,,F,6,A,0,EUR
OECD.SDD.NAD:DSD_NAMAIN10@DF_TABLE4(2.0),A,HRV,S1,S1,EXC_A,F21,_Z,_Z,XDC_USD,_Z,N,T001,1992,0.034946,,F,6,A,0,EUR
OECD.SDD.NAD:DSD_NAMAIN10@DF_TABLE4(2.0),A,EST,S1,S1,EXC_A,F21,_Z,_Z,XDC_USD,_Z,N,T001,1993,0.845088,,F,6,A,0,EUR
OECD.SDD.NAD:DSD_NAMAIN10@DF_TABLE4(2.0),A,LVA,S1,S1,EXC_A,F21,_Z,_Z,XDC_USD,_Z,N,T001,1993,0.960913,,F,6,A,0,EUR
OECD.SDD.NAD:DSD_NAMAIN10@DF_TABLE4(2.0),A,LTU,S1,S1,EXC_A,F21,_Z,_Z,XDC_USD,_Z,N,T001,1993,1.258128,,F,6,A,0,EUR
OECD.SDD.NAD:DSD_NAMAIN10@DF_TABLE4(2.0),A,SVK,S1,S1,EXC_A,F21,_Z,_Z,XDC_USD,_Z,N,T001,1993,1.021363,,F,6,A,0,EUR
OECD.SDD.NAD:DSD_NAMAIN10@DF_TABLE4(2.0),A,SVN,S1,S1,EXC_A,F21,_Z,_Z,XDC_USD,_Z,N,T001,1993,0.47255,,F,6,A,0,EUR
OECD.SDD.NAD:DSD_NAMAIN10@DF_TABLE4(2.0),A,HRV,S1,S1,EXC_A,F21,_Z,_Z,XDC_USD,_Z,N,T001,1993,0.475035,,F,6,A,0,EUR
OECD.SDD.NAD:DSD_NAMAIN10@DF_TABLE4(2.0),A,EST,S1,S1,EXC_A,F21,_Z,_Z,XDC_USD,_Z,N,T001,1994,0.830292,,F,6,A,0,EUR
OECD.SDD.NAD:DSD_NAMAIN10@DF_TABLE4(2.0),A,LVA,S1,S1,EXC_A,F21,_Z,_Z,XDC_USD,_Z,N,T001,1994,0.796452,,F,6,A,0,EUR
OECD.SDD.NAD:DSD_NAMAIN10@DF_TABLE4(2.0),A,LTU,S1,S1,EXC_A,F21,_Z,_Z,XDC_USD,_Z,N,T001,1994,1.152036,,F,6,A,0,EUR
OECD.SDD.NAD:DSD_NAMAIN10@DF_TABLE4(2.0),A,SVK,S1,S1,EXC_A,F21,_Z,_Z,XDC_USD,_Z,N,T001,1994,1.063694,,F,6,A,0,EUR
OECD.SDD.NAD:DSD_NAMAIN10@DF_TABLE4(2.0),A,SVN,S1,S1,EXC_A,F21,_Z,_Z,XDC_USD,_Z,N,T001,1994,0.537509,,F,6,A,0,EUR
OECD.SDD.NAD:DSD_NAMAIN10@DF_TABLE4(2.0),A,HRV,S1,S1,EXC_A,F21,_Z,_Z,XDC_USD,_Z,N,T001,1994,0.796073,,F,6,A,0,EUR
OECD.SDD.NAD:DSD_NAMAIN10@DF_TABLE4(2.0),A,EST,S1,S1,EXC_A,F21,_Z,_Z,XDC_USD,_Z,N,T001,1995,0.732731,,F,6,A,0,EUR
OECD.SDD.NAD:DSD_NAMAIN10@DF_TABLE4(2.0),A,LVA,S1,S1,EXC_A,F21,_Z,_Z,XDC_USD,_Z,N,T001,1995,0.750683,,F,6,A,0,EUR
OECD.SDD.NAD:DSD_NAMAIN10@DF_TABLE4(2.0),A,LTU,S1,S1,EXC_A,F21,_Z,_Z,XDC_USD,_Z,N,T001,1995,1.15848,,F,6,A,0,EUR
OECD.SDD.NAD:DSD_NAMAIN10@DF_TABLE4(2.0),A,SVK,S1,S1,EXC_A,F21,_Z,_Z,XDC_USD,_Z,N,T001,1995,0.986305,,F,6,A,0,EUR
OECD.SDD.NAD:DSD_NAMAIN10@DF_TABLE4(2.0),A,SVN,S1,S1,EXC_A,F21,_Z,_Z,XDC_USD,_Z,N,T001,1995,0.494569,,F,6,A,0,EUR
OECD.SDD.NAD:DSD_NAMAIN10@DF_TABLE4(2.0),A,EA20,S1,S1,EXC_A,F21,_Z,_Z,XDC_USD,_Z,N,T001,1995,0.76452,,F,6,A,0,EUR
OECD.SDD.NAD:DSD_NAMAIN10@DF_TABLE4(2.0),A,EU27_2020,S1,S1,EXC_A,F21,_Z,_Z,XDC_USD,_Z,N,T001,1995,0.76452,,F,6,A,0,EUR
OECD.SDD.NAD:DSD_NAMAIN10@DF_TABLE4(2.0),A,HRV,S1,S1,EXC_A,F21,_Z,_Z,XDC_USD,_Z,N,T001,1995,0.694241,,F,6,A,0,EUR
OECD.SDD.NAD:DSD_NAMAIN10@DF_TABLE4(2.0),A,EST,S1,S1,EXC_A,F21,_Z,_Z,XDC_USD,_Z,N,T001,1996,0.769368,,F,6,A,0,EUR
OECD.SDD.NAD:DSD_NAMAIN10@DF_TABLE4(2.0),A,LVA,S1,S1,EXC_A,F21,_Z,_Z,XDC_USD,_Z,N,T001,1996,0.783647,,F,6,A,0,EUR
OECD.SDD.NAD:DSD_NAMAIN10@DF_TABLE4(2.0),A,LTU,S1,S1,EXC_A,F21,_Z,_Z,XDC_USD,_Z,N,T001,1996,1.15848,,F,6,A,0,EUR
OECD.SDD.NAD:DSD_NAMAIN10@DF_TABLE4(2.0),A,SVK,S1,S1,EXC_A,F21,_Z,_Z,XDC_USD,_Z,N,T001,1996,1.017518,,F,6,A,0,EUR
OECD.SDD.NAD:DSD_NAMAIN10@DF_TABLE4(2.0),A,SVN,S1,S1,EXC_A,F21,_Z,_Z,XDC_USD,_Z,N,T001,1996,0.564865,,F,6,A,0,EUR
OECD.SDD.NAD:DSD_NAMAIN10@DF_TABLE4(2.0),A,EA20,S1,S1,EXC_A,F21,_Z,_Z,XDC_USD,_Z,N,T001,1996,0.787557,,F,6,A,0,EUR
OECD.SDD.NAD:DSD_NAMAIN10@DF_TABLE4(2.0),A,EU27_2020,S1,S1,EXC_A,F21,_Z,_Z,XDC_USD,_Z,N,T001,1996,0.787557,,F,6,A,0,EUR
OECD.SDD.NAD:DSD_NAMAIN10@DF_TABLE4(2.0),A,HRV,S1,S1,EXC_A,F21,_Z,_Z,XDC_USD,_Z,N,T001,1996,0.721237,,F,6,A,0,EUR
OECD.SDD.NAD:DSD_NAMAIN10@DF_TABLE4(2.0),A,EST,S1,S1,EXC_A,F21,_Z,_Z,XDC_USD,_Z,N,T001,1997,0.887206,,F,6,A,0,EUR
OECD.SDD.NAD:DSD_NAMAIN10@DF_TABLE4(2.0),A,LVA,S1,S1,EXC_A,F21,_Z,_Z,XDC_USD,_Z,N,T001,1997,0.82657,,F,6,A,0,EUR
OECD.SDD.NAD:DSD_NAMAIN10@DF_TABLE4(2.0),A,LTU,S1,S1,EXC_A,F21,_Z,_Z,XDC_USD,_Z,N,T001,1997,1.15848,,F,6,A,0,EUR
OECD.SDD.NAD:DSD_NAMAIN10@DF_TABLE4(2.0),A,SVK,S1,S1,EXC_A,F21,_Z,_Z,XDC_USD,_Z,N,T001,1997,1.115852,,F,6,A,0,EUR
OECD.SDD.NAD:DSD_NAMAIN10@DF_TABLE4(2.0),A,SVN,S1,S1,EXC_A,F21,_Z,_Z,XDC_USD,_Z,N,T001,1997,0.666368,,F,6,A,0,EUR
OECD.SDD.NAD:DSD_NAMAIN10@DF_TABLE4(2.0),A,EA20,S1,S1,EXC_A,F21,_Z,_Z,XDC_USD,_Z,N,T001,1997,0.881803,,F,6,A,0,EUR
OECD.SDD.NAD:DSD_NAMAIN10@DF_TABLE4(2.0),A,EU27_2020,S1,S1,EXC_A,F21,_Z,_Z,XDC_USD,_Z,N,T001,1997,0.881803,,F,6,A,0,EUR
OECD.SDD.NAD:DSD_NAMAIN10@DF_TABLE4(2.0),A,HRV,S1,S1,EXC_A,F21,_Z,_Z,XDC_USD,_Z,N,T001,1997,0.81765,,F,6,A,0,EUR
OECD.SDD.NAD:DSD_NAMAIN10@DF_TABLE4(2.0),A,EST,S1,S1,EXC_A,F21,_Z,_Z,XDC_USD,_Z,N,T001,1998,0.899535,,F,6,A,0,EUR
OECD.SDD.NAD:DSD_NAMAIN10@DF_TABLE4(2.0),A,LVA,S1,S1,EXC_A,F21,_Z,_Z,XDC_USD,_Z,N,T001,1998,0.839257,,F,6,A,0,EUR
OECD.SDD.NAD:DSD_NAMAIN10@DF_TABLE4(2.0),A,LTU,S1,S1,EXC_A,F21,_Z,_Z,XDC_USD,_Z,N,T001,1998,1.15848,,F,6,A,0,EUR
OECD.SDD.NAD:DSD_NAMAIN10@DF_TABLE4(2.0),A,SVK,S1,S1,EXC_A,F21,_Z,_Z,XDC_USD,_Z,N,T001,1998,1.169535,,F,6,A,0,EUR
OECD.SDD.NAD:DSD_NAMAIN10@DF_TABLE4(2.0),A,SVN,S1,S1,EXC_A,F21,_Z,_Z,XDC_USD,_Z,N,T001,1998,0.693266,,F,6,A,0,EUR
OECD.SDD.NAD:DSD_NAMAIN10@DF_TABLE4(2.0),A,EA20,S1,S1,EXC_A,F21,_Z,_Z,XDC_USD,_Z,N,T001,1998,0.891989,,F,6,A,0,EUR
OECD.SDD.NAD:DSD_NAMAIN10@DF_TABLE4(2.0),A,EU27_2020,S1,S1,EXC_A,F21,_Z,_Z,XDC_USD,_Z,N,T001,1998,0.891989,,F,6,A,0,EUR
OECD.SDD.NAD:DSD_NAMAIN10@DF_TABLE4(2.0),A,HRV,S1,S1,EXC_A,F21,_Z,_Z,XDC_USD,_Z,N,T001,1998,0.844553,,F,6,A,0,EUR
OECD.SDD.NAD:DSD_NAMAIN10@DF_TABLE4(2.0),A,EST,S1,S1,EXC_A,F21,_Z,_Z,XDC_USD,_Z,N,T001,1999,0.938069,,F,6,A,0,EUR
OECD.SDD.NAD:DSD_NAMAIN10@DF_TABLE4(2.0),A,LVA,S1,S1,EXC_A,F21,_Z,_Z,XDC_USD,_Z,N,T001,1999,0.832617,,F,6,A,0,EUR
OECD.SDD.NAD:DSD_NAMAIN10@DF_TABLE4(2.0),A,LTU,S1,S1,EXC_A,F21,_Z,_Z,XDC_USD,_Z,N,T001,1999,1.15848,,F,6,A,0,EUR
OECD.SDD.NAD:DSD_NAMAIN10@DF_TABLE4(2.0),A,SVK,S1,S1,EXC_A,F21,_Z,_Z,XDC_USD,_Z,N,T001,1999,1.372995,,F,6,A,0,EUR
OECD.SDD.NAD:DSD_NAMAIN10@DF_TABLE4(2.0),A,SVN,S1,S1,EXC_A,F21,_Z,_Z,XDC_USD,_Z,N,T001,1999,0.758509,,F,6,A,0,EUR
OECD.SDD.NAD:DSD_NAMAIN10@DF_TABLE4(2.0),A,EA20,S1,S1,EXC_A,F21,_Z,_Z,XDC_USD,_Z,N,T001,1999,0.938283,,F,6,A,0,EUR
OECD.SDD.NAD:DSD_NAMAIN10@DF_TABLE4(2.0),A,EU27_2020,S1,S1,EXC_A,F21,_Z,_Z,XDC_USD,_Z,N,T001,1999,0.938283,,F,6,A,0,EUR
OECD.SDD.NAD:DSD_NAMAIN10@DF_TABLE4(2.0),A,HRV,S1,S1,EXC_A,F21,_Z,_Z,XDC_USD,_Z,N,T001,1999,0.94389,,F,6,A,0,EUR
OECD.SDD.NAD:DSD_NAMAIN10@DF_TABLE4(2.0),A,EST,S1,S1,EXC_A,F21,_Z,_Z,XDC_USD,_Z,N,T001,2000,1.084494,,F,6,A,0,EUR
OECD.SDD.NAD:DSD_NAMAIN10@DF_TABLE4(2.0),A,LVA,S1,S1,EXC_A,F21,_Z,_Z,XDC_USD,_Z,N,T001,2000,0.862972,,F,6,A,0,EUR
OECD.SDD.NAD:DSD_NAMAIN10@DF_TABLE4(2.0),A,LTU,S1,S1,EXC_A,F21,_Z,_Z,XDC_USD,_Z,N,T001,2000,1.15848,,F,6,A,0,EUR
OECD.SDD.NAD:DSD_NAMAIN10@DF_TABLE4(2.0),A,SVK,S1,S1,EXC_A,F21,_Z,_Z,XDC_USD,_Z,N,T001,2000,1.528088,,F,6,A,0,EUR
OECD.SDD.NAD:DSD_NAMAIN10@DF_TABLE4(2.0),A,SVN,S1,S1,EXC_A,F21,_Z,_Z,XDC_USD,_Z,N,T001,2000,0.929127,,F,6,A,0,EUR
OECD.SDD.NAD:DSD_NAMAIN10@DF_TABLE4(2.0),A,EA20,S1,S1,EXC_A,F21,_Z,_Z,XDC_USD,_Z,N,T001,2000,1.082705,,F,6,A,0,EUR
OECD.SDD.NAD:DSD_NAMAIN10@DF_TABLE4(2.0),A,EU27_2020,S1,S1,EXC_A,F21,_Z,_Z,XDC_USD,_Z,N,T001,2000,1.082705,,F,6,A,0,EUR
OECD.SDD.NAD:DSD_NAMAIN10@DF_TABLE4(2.0),A,HRV,S1,S1,EXC_A,F21,_Z,_Z,XDC_USD,_Z,N,T001,2000,1.098635,,F,6,A,0,EUR
OECD.SDD.NAD:DSD_NAMAIN10@DF_TABLE4(2.0),A,EST,S1,S1,EXC_A,F21,_Z,_Z,XDC_USD,_Z,N,T001,2001,1.117052,,F,6,A,0,EUR
OECD.SDD.NAD:DSD_NAMAIN10@DF_TABLE4(2.0),A,LVA,S1,S1,EXC_A,F21,_Z,_Z,XDC_USD,_Z,N,T001,2001,0.893445,,F,6,A,0,EUR
OECD.SDD.NAD:DSD_NAMAIN10@DF_TABLE4(2.0),A,LTU,S1,S1,EXC_A,F21,_Z,_Z,XDC_USD,_Z,N,T001,2001,1.15848,,F,6,A,0,EUR
OECD.SDD.NAD:DSD_NAMAIN10@DF_TABLE4(2.0),A,SVK,S1,S1,EXC_A,F21,_Z,_Z,XDC_USD,_Z,N,T001,2001,1.605086,,F,6,A,0,EUR
OECD.SDD.NAD:DSD_NAMAIN10@DF_TABLE4(2.0),A,SVN,S1,S1,EXC_A,F21,_Z,_Z,XDC_USD,_Z,N,T001,2001,1.012973,,F,6,A,0,EUR
OECD.SDD.NAD:DSD_NAMAIN10@DF_TABLE4(2.0),A,EA20,S1,S1,EXC_A,F21,_Z,_Z,XDC_USD,_Z,N,T001,2001,1.116533,,F,6,A,0,EUR
OECD.SDD.NAD:DSD_NAMAIN10@DF_TABLE4(2.0),A,EU27_2020,S1,S1,EXC_A,F21,_Z,_Z,XDC_USD,_Z,N,T001,2001,1.116533,,F,6,A,0,EUR
OECD.SDD.NAD:DSD_NAMAIN10@DF_TABLE4(2.0),A,HRV,S1,S1,EXC_A,F21,_Z,_Z,XDC_USD,_Z,N,T001,2001,1.107113,,F,6,A,0,EUR
OECD.SDD.NAD:DSD_NAMAIN10@DF_TABLE4(2.0),A,EST,S1,S1,EXC_A,F21,_Z,_Z,XDC_USD,_Z,N,T001,2002,1.061687,,F,6,A,0,EUR
OECD.SDD.NAD:DSD_NAMAIN10@DF_TABLE4(2.0),A,LVA,S1,S1,EXC_A,F21,_Z,_Z,XDC_USD,_Z,N,T001,2002,0.879607,,F,6,A,0,EUR
OECD.SDD.NAD:DSD_NAMAIN10@DF_TABLE4(2.0),A,LTU,S1,S1,EXC_A,F21,_Z,_Z,XDC_USD,_Z,N,T001,2002,1.064921,,F,6,A,0,EUR
OECD.SDD.NAD:DSD_NAMAIN10@DF_TABLE4(2.0),A,SVK,S1,S1,EXC_A,F21,_Z,_Z,XDC_USD,_Z,N,T001,2002,1.504572,,F,6,A,0,EUR
OECD.SDD.NAD:DSD_NAMAIN10@DF_TABLE4(2.0),A,SVN,S1,S1,EXC_A,F21,_Z,_Z,XDC_USD,_Z,N,T001,2002,1.002538,,F,6,A,0,EUR
OECD.SDD.NAD:DSD_NAMAIN10@DF_TABLE4(2.0),A,EA20,S1,S1,EXC_A,F21,_Z,_Z,XDC_USD,_Z,N,T001,2002,1.057559,,F,6,A,0,EUR
OECD.SDD.NAD:DSD_NAMAIN10@DF_TABLE4(2.0),A,EU27_2020,S1,S1,EXC_A,F21,_Z,_Z,XDC_USD,_Z,N,T001,2002,1.057559,,F,6,A,0,EUR
OECD.SDD.NAD:DSD_NAMAIN10@DF_TABLE4(2.0),A,HRV,S1,S1,EXC_A,F21,_Z,_Z,XDC_USD,_Z,N,T001,2002,1.044752,,F,6,A,0,EUR
OECD.SDD.NAD:DSD_NAMAIN10@DF_TABLE4(2.0),A,EST,S1,S1,EXC_A,F21,_Z,_Z,XDC_USD,_Z,N,T001,2003,0.885586,,F,6,A,0,EUR
OECD.SDD.NAD:DSD_NAMAIN10@DF_TABLE4(2.0),A,LVA,S1,S1,EXC_A,F21,_Z,_Z,XDC_USD,_Z,N,T001,2003,0.813136,,F,6,A,0,EUR
OECD.SDD.NAD:DSD_NAMAIN10@DF_TABLE4(2.0),A,LTU,S1,S1,EXC_A,F21,_Z,_Z,XDC_USD,_Z,N,T001,2003,0.886488,,F,6,A,0,EUR
OECD.SDD.NAD:DSD_NAMAIN10@DF_TABLE4(2.0),A,SVK,S1,S1,EXC_A,F21,_Z,_Z,XDC_USD,_Z,N,T001,2003,1.220637,,F,6,A,0,EUR
OECD.SDD.NAD:DSD_NAMAIN10@DF_TABLE4(2.0),A,SVN,S1,S1,EXC_A,F21,_Z,_Z,XDC_USD,_Z,N,T001,2003,0.86427,,F,6,A,0,EUR
OECD.SDD.NAD:DSD_NAMAIN10@DF_TABLE4(2.0),A,EA20,S1,S1,EXC_A,F21,_Z,_Z,XDC_USD,_Z,N,T001,2003,0.884048,,F,6,A,0,EUR
OECD.SDD.NAD:DSD_NAMAIN10@DF_TABLE4(2.0),A,EU27_2020,S1,S1,EXC_A,F21,_Z,_Z,XDC_USD,_Z,N,T001,2003,0.884048,,F,6,A,0,EUR
OECD.SDD.NAD:DSD_NAMAIN10@DF_TABLE4(2.0),A,HRV,S1,S1,EXC_A,F21,_Z,_Z,XDC_USD,_Z,N,T001,2003,0.889902,,F,6,A,0,EUR
OECD.SDD.NAD:DSD_NAMAIN10@DF_TABLE4(2.0),A,EST,S1,S1,EXC_A,F21,_Z,_Z,XDC_USD,_Z,N,T001,2004,0.805003,,F,6,A,0,EUR
OECD.SDD.NAD:DSD_NAMAIN10@DF_TABLE4(2.0),A,LVA,S1,S1,EXC_A,F21,_Z,_Z,XDC_USD,_Z,N,T001,2004,0.768683,,F,6,A,0,EUR
OECD.SDD.NAD:DSD_NAMAIN10@DF_TABLE4(2.0),A,LTU,S1,S1,EXC_A,F21,_Z,_Z,XDC_USD,_Z,N,T001,2004,0.805315,,F,6,A,0,EUR
OECD.SDD.NAD:DSD_NAMAIN10@DF_TABLE4(2.0),A,SVK,S1,S1,EXC_A,F21,_Z,_Z,XDC_USD,_Z,N,T001,2004,1.070733,,F,6,A,0,EUR
OECD.SDD.NAD:DSD_NAMAIN10@DF_TABLE4(2.0),A,SVN,S1,S1,EXC_A,F21,_Z,_Z,XDC_USD,_Z,N,T001,2004,0.802792,,F,6,A,0,EUR
OECD.SDD.NAD:DSD_NAMAIN10@DF_TABLE4(2.0),A,EA20,S1,S1,EXC_A,F21,_Z,_Z,XDC_USD,_Z,N,T001,2004,0.803922,,F,6,A,0,EUR
OECD.SDD.NAD:DSD_NAMAIN10@DF_TABLE4(2.0),A,EU27_2020,S1,S1,EXC_A,F21,_Z,_Z,XDC_USD,_Z,N,T001,2004,0.803922,,F,6,A,0,EUR
OECD.SDD.NAD:DSD_NAMAIN10@DF_TABLE4(2.0),A,HRV,S1,S1,EXC_A,F21,_Z,_Z,XDC_USD,_Z,N,T001,2004,0.800895,,F,6,A,0,EUR
OECD.SDD.NAD:DSD_NAMAIN10@DF_TABLE4(2.0),A,EST,S1,S1,EXC_A,F21,_Z,_Z,XDC_USD,_Z,N,T001,2005,0.804251,,F,6,A,0,EUR
OECD.SDD.NAD:DSD_NAMAIN10@DF_TABLE4(2.0),A,LVA,S1,S1,EXC_A,F21,_Z,_Z,XDC_USD,_Z,N,T001,2005,0.803519,,F,6,A,0,EUR
OECD.SDD.NAD:DSD_NAMAIN10@DF_TABLE4(2.0),A,LTU,S1,S1,EXC_A,F21,_Z,_Z,XDC_USD,_Z,N,T001,2005,0.803413,,F,6,A,0,EUR
OECD.SDD.NAD:DSD_NAMAIN10@DF_TABLE4(2.0),A,SVK,S1,S1,EXC_A,F21,_Z,_Z,XDC_USD,_Z,N,T001,2005,1.029617,,F,6,A,0,EUR
OECD.SDD.NAD:DSD_NAMAIN10@DF_TABLE4(2.0),A,SVN,S1,S1,EXC_A,F21,_Z,_Z,XDC_USD,_Z,N,T001,2005,0.804146,,F,6,A,0,EUR
OECD.SDD.NAD:DSD_NAMAIN10@DF_TABLE4(2.0),A,EA20,S1,S1,EXC_A,F21,_Z,_Z,XDC_USD,_Z,N,T001,2005,0.8038,,F,6,A,0,EUR
OECD.SDD.NAD:DSD_NAMAIN10@DF_TABLE4(2.0),A,EU27_2020,S1,S1,EXC_A,F21,_Z,_Z,XDC_USD,_Z,N,T001,2005,0.8038,,F,6,A,0,EUR
OECD.SDD.NAD:DSD_NAMAIN10@DF_TABLE4(2.0),A,HRV,S1,S1,EXC_A,F21,_Z,_Z,XDC_USD,_Z,N,T001,2005,0.789599,,F,6,A,0,EUR
OECD.SDD.NAD:DSD_NAMAIN10@DF_TABLE4(2.0),A,EST,S1,S1,EXC_A,F21,_Z,_Z,XDC_USD,_Z,N,T001,2006,0.79669,,F,6,A,0,EUR
OECD.SDD.NAD:DSD_NAMAIN10@DF_TABLE4(2.0),A,LVA,S1,S1,EXC_A,F21,_Z,_Z,XDC_USD,_Z,N,T001,2006,0.797389,,F,6,A,0,EUR
OECD.SDD.NAD:DSD_NAMAIN10@DF_TABLE4(2.0),A,LTU,S1,S1,EXC_A,F21,_Z,_Z,XDC_USD,_Z,N,T001,2006,0.797099,,F,6,A,0,EUR
OECD.SDD.NAD:DSD_NAMAIN10@DF_TABLE4(2.0),A,SVK,S1,S1,EXC_A,F21,_Z,_Z,XDC_USD,_Z,N,T001,2006,0.985768,,F,6,A,0,EUR
OECD.SDD.NAD:DSD_NAMAIN10@DF_TABLE4(2.0),A,SVN,S1,S1,EXC_A,F21,_Z,_Z,XDC_USD,_Z,N,T001,2006,0.797147,,F,6,A,0,EUR
OECD.SDD.NAD:DSD_NAMAIN10@DF_TABLE4(2.0),A,EA20,S1,S1,EXC_A,F21,_Z,_Z,XDC_USD,_Z,N,T001,2006,0.796433,,F,6,A,0,EUR
OECD.SDD.NAD:DSD_NAMAIN10@DF_TABLE4(2.0),A,EU27_2020,S1,S1,EXC_A,F21,_Z,_Z,XDC_USD,_Z,N,T001,2006,0.796433,,F,6,A,0,EUR
OECD.SDD.NAD:DSD_NAMAIN10@DF_TABLE4(2.0),A,HRV,S1,S1,EXC_A,F21,_Z,_Z,XDC_USD,_Z,N,T001,2006,0.774808,,F,6,A,0,EUR
OECD.SDD.NAD:DSD_NAMAIN10@DF_TABLE4(2.0),A,EST,S1,S1,EXC_A,F21,_Z,_Z,XDC_USD,_Z,N,T001,2007,0.730756,,F,6,A,0,EUR
OECD.SDD.NAD:DSD_NAMAIN10@DF_TABLE4(2.0),A,LVA,S1,S1,EXC_A,F21,_Z,_Z,XDC_USD,_Z,N,T001,2007,0.73106,,F,6,A,0,EUR
OECD.SDD.NAD:DSD_NAMAIN10@DF_TABLE4(2.0),A,LTU,S1,S1,EXC_A,F21,_Z,_Z,XDC_USD,_Z,N,T001,2007,0.730921,,F,6,A,0,EUR
OECD.SDD.NAD:DSD_NAMAIN10@DF_TABLE4(2.0),A,SVK,S1,S1,EXC_A,F21,_Z,_Z,XDC_USD,_Z,N,T001,2007,0.819702,,F,6,A,0,EUR
OECD.SDD.NAD:DSD_NAMAIN10@DF_TABLE4(2.0),A,SVN,S1,S1,EXC_A,F21,_Z,_Z,XDC_USD,_Z,N,T001,2007,0.729672,,F,6,A,0,EUR
OECD.SDD.NAD:DSD_NAMAIN10@DF_TABLE4(2.0),A,EA20,S1,S1,EXC_A,F21,_Z,_Z,XDC_USD,_Z,N,T001,2007,0.729672,,F,6,A,0,EUR
OECD.SDD.NAD:DSD_NAMAIN10@DF_TABLE4(2.0),A,EU27_2020,S1,S1,EXC_A,F21,_Z,_Z,XDC_USD,_Z,N,T001,2007,0.729672,,F,6,A,0,EUR
OECD.SDD.NAD:DSD_NAMAIN10@DF_TABLE4(2.0),A,HRV,S1,S1,EXC_A,F21,_Z,_Z,XDC_USD,_Z,N,T001,2007,0.711996,,F,6,A,0,EUR
OECD.SDD.NAD:DSD_NAMAIN10@DF_TABLE4(2.0),A,EST,S1,S1,EXC_A,F21,_Z,_Z,XDC_USD,_Z,N,T001,2008,0.683499,,F,6,A,0,EUR
OECD.SDD.NAD:DSD_NAMAIN10@DF_TABLE4(2.0),A,LVA,S1,S1,EXC_A,F21,_Z,_Z,XDC_USD,_Z,N,T001,2008,0.68414,,F,6,A,0,EUR
OECD.SDD.NAD:DSD_NAMAIN10@DF_TABLE4(2.0),A,LTU,S1,S1,EXC_A,F21,_Z,_Z,XDC_USD,_Z,N,T001,2008,0.682656,,F,6,A,0,EUR
OECD.SDD.NAD:DSD_NAMAIN10@DF_TABLE4(2.0),A,SVK,S1,S1,EXC_A,F21,_Z,_Z,XDC_USD,_Z,N,T001,2008,0.709069,,F,6,A,0,EUR
OECD.SDD.NAD:DSD_NAMAIN10@DF_TABLE4(2.0),A,SVN,S1,S1,EXC_A,F21,_Z,_Z,XDC_USD,_Z,N,T001,2008,0.679923,,F,6,A,0,EUR
OECD.SDD.NAD:DSD_NAMAIN10@DF_TABLE4(2.0),A,EA20,S1,S1,EXC_A,F21,_Z,_Z,XDC_USD,_Z,N,T001,2008,0.679923,,F,6,A,0,EUR
OECD.SDD.NAD:DSD_NAMAIN10@DF_TABLE4(2.0),A,EU27_2020,S1,S1,EXC_A,F21,_Z,_Z,XDC_USD,_Z,N,T001,2008,0.679923,,F,6,A,0,EUR
OECD.SDD.NAD:DSD_NAMAIN10@DF_TABLE4(2.0),A,HRV,S1,S1,EXC_A,F21,_Z,_Z,XDC_USD,_Z,N,T001,2008,0.654992,,F,6,A,0,EUR
OECD.SDD.NAD:DSD_NAMAIN10@DF_TABLE4(2.0),A,EST,S1,S1,EXC_A,F21,_Z,_Z,XDC_USD,_Z,N,T001,2009,0.719481,,F,6,A,0,EUR
OECD.SDD.NAD:DSD_NAMAIN10@DF_TABLE4(2.0),A,LVA,S1,S1,EXC_A,F21,_Z,_Z,XDC_USD,_Z,N,T001,2009,0.719333,,F,6,A,0,EUR
OECD.SDD.NAD:DSD_NAMAIN10@DF_TABLE4(2.0),A,LTU,S1,S1,EXC_A,F21,_Z,_Z,XDC_USD,_Z,N,T001,2009,0.719426,,F,6,A,0,EUR
OECD.SDD.NAD:DSD_NAMAIN10@DF_TABLE4(2.0),A,SVK,S1,S1,EXC_A,F21,_Z,_Z,XDC_USD,_Z,N,T001,2009,0.716958,,F,6,A,0,EUR
OECD.SDD.NAD:DSD_NAMAIN10@DF_TABLE4(2.0),A,SVN,S1,S1,EXC_A,F21,_Z,_Z,XDC_USD,_Z,N,T001,2009,0.716958,,F,6,A,0,EUR
OECD.SDD.NAD:DSD_NAMAIN10@DF_TABLE4(2.0),A,EA20,S1,S1,EXC_A,F21,_Z,_Z,XDC_USD,_Z,N,T001,2009,0.716958,,F,6,A,0,EUR
OECD.SDD.NAD:DSD_NAMAIN10@DF_TABLE4(2.0),A,EU27_2020,S1,S1,EXC_A,F21,_Z,_Z,XDC_USD,_Z,N,T001,2009,0.716958,,F,6,A,0,EUR
OECD.SDD.NAD:DSD_NAMAIN10@DF_TABLE4(2.0),A,HRV,S1,S1,EXC_A,F21,_Z,_Z,XDC_USD,_Z,N,T001,2009,0.7013,,F,6,A,0,EUR
OECD.SDD.NAD:DSD_NAMAIN10@DF_TABLE4(2.0),A,EST,S1,S1,EXC_A,F21,_Z,_Z,XDC_USD,_Z,N,T001,2010,0.754595,,F,6,A,0,EUR
OECD.SDD.NAD:DSD_NAMAIN10@DF_TABLE4(2.0),A,LVA,S1,S1,EXC_A,F21,_Z,_Z,XDC_USD,_Z,N,T001,2010,0.754798,,F,6,A,0,EUR
OECD.SDD.NAD:DSD_NAMAIN10@DF_TABLE4(2.0),A,LTU,S1,S1,EXC_A,F21,_Z,_Z,XDC_USD,_Z,N,T001,2010,0.754846,,F,6,A,0,EUR
OECD.SDD.NAD:DSD_NAMAIN10@DF_TABLE4(2.0),A,SVK,S1,S1,EXC_A,F21,_Z,_Z,XDC_USD,_Z,N,T001,2010,0.754309,,F,6,A,0,EUR
OECD.SDD.NAD:DSD_NAMAIN10@DF_TABLE4(2.0),A,SVN,S1,S1,EXC_A,F21,_Z,_Z,XDC_USD,_Z,N,T001,2010,0.754309,,F,6,A,0,EUR
OECD.SDD.NAD:DSD_NAMAIN10@DF_TABLE4(2.0),A,EA20,S1,S1,EXC_A,F21,_Z,_Z,XDC_USD,_Z,N,T001,2010,0.754309,,F,6,A,0,EUR
OECD.SDD.NAD:DSD_NAMAIN10@DF_TABLE4(2.0),A,EU27_2020,S1,S1,EXC_A,F21,_Z,_Z,XDC_USD,_Z,N,T001,2010,0.754309,,F,6,A,0,EUR
OECD.SDD.NAD:DSD_NAMAIN10@DF_TABLE4(2.0),A,HRV,S1,S1,EXC_A,F21,_Z,_Z,XDC_USD,_Z,N,T001,2010,0.729711,,F,6,A,0,EUR
OECD.SDD.NAD:DSD_NAMAIN10@DF_TABLE4(2.0),A,EST,S1,S1,EXC_A,F21,_Z,_Z,XDC_USD,_Z,N,T001,2011,0.718414,,F,6,A,0,EUR
OECD.SDD.NAD:DSD_NAMAIN10@DF_TABLE4(2.0),A,LVA,S1,S1,EXC_A,F21,_Z,_Z,XDC_USD,_Z,N,T001,2011,0.713191,,F,6,A,0,EUR
OECD.SDD.NAD:DSD_NAMAIN10@DF_TABLE4(2.0),A,LTU,S1,S1,EXC_A,F21,_Z,_Z,XDC_USD,_Z,N,T001,2011,0.718576,,F,6,A,0,EUR
OECD.SDD.NAD:DSD_NAMAIN10@DF_TABLE4(2.0),A,SVK,S1,S1,EXC_A,F21,_Z,_Z,XDC_USD,_Z,N,T001,2011,0.718414,,F,6,A,0,EUR
OECD.SDD.NAD:DSD_NAMAIN10@DF_TABLE4(2.0),A,SVN,S1,S1,EXC_A,F21,_Z,_Z,XDC_USD,_Z,N,T001,2011,0.718414,,F,6,A,0,EUR
OECD.SDD.NAD:DSD_NAMAIN10@DF_TABLE4(2.0),A,EA20,S1,S1,EXC_A,F21,_Z,_Z,XDC_USD,_Z,N,T001,2011,0.718414,,F,6,A,0,EUR
OECD.SDD.NAD:DSD_NAMAIN10@DF_TABLE4(2.0),A,EU27_2020,S1,S1,EXC_A,F21,_Z,_Z,XDC_USD,_Z,N,T001,2011,0.718414,,F,6,A,0,EUR
OECD.SDD.NAD:DSD_NAMAIN10@DF_TABLE4(2.0),A,HRV,S1,S1,EXC_A,F21,_Z,_Z,XDC_USD,_Z,N,T001,2011,0.709253,,F,6,A,0,EUR
OECD.SDD.NAD:DSD_NAMAIN10@DF_TABLE4(2.0),A,EST,S1,S1,EXC_A,F21,_Z,_Z,XDC_USD,_Z,N,T001,2012,0.778338,,F,6,A,0,EUR
OECD.SDD.NAD:DSD_NAMAIN10@DF_TABLE4(2.0),A,LVA,S1,S1,EXC_A,F21,_Z,_Z,XDC_USD,_Z,N,T001,2012,0.778133,,F,6,A,0,EUR
OECD.SDD.NAD:DSD_NAMAIN10@DF_TABLE4(2.0),A,LTU,S1,S1,EXC_A,F21,_Z,_Z,XDC_USD,_Z,N,T001,2012,0.778004,,F,6,A,0,EUR
OECD.SDD.NAD:DSD_NAMAIN10@DF_TABLE4(2.0),A,SVK,S1,S1,EXC_A,F21,_Z,_Z,XDC_USD,_Z,N,T001,2012,0.778338,,F,6,A,0,EUR
OECD.SDD.NAD:DSD_NAMAIN10@DF_TABLE4(2.0),A,SVN,S1,S1,EXC_A,F21,_Z,_Z,XDC_USD,_Z,N,T001,2012,0.778338,,F,6,A,0,EUR
OECD.SDD.NAD:DSD_NAMAIN10@DF_TABLE4(2.0),A,EA20,S1,S1,EXC_A,F21,_Z,_Z,XDC_USD,_Z,N,T001,2012,0.778338,,F,6,A,0,EUR
OECD.SDD.NAD:DSD_NAMAIN10@DF_TABLE4(2.0),A,EU27_2020,S1,S1,EXC_A,F21,_Z,_Z,XDC_USD,_Z,N,T001,2012,0.778338,,F,6,A,0,EUR
OECD.SDD.NAD:DSD_NAMAIN10@DF_TABLE4(2.0),A,HRV,S1,S1,EXC_A,F21,_Z,_Z,XDC_USD,_Z,N,T001,2012,0.776467,,F,6,A,0,EUR
OECD.SDD.NAD:DSD_NAMAIN10@DF_TABLE4(2.0),A,EST,S1,S1,EXC_A,F21,_Z,_Z,XDC_USD,_Z,N,T001,2013,0.752945,,F,6,A,0,EUR
OECD.SDD.NAD:DSD_NAMAIN10@DF_TABLE4(2.0),A,LVA,S1,S1,EXC_A,F21,_Z,_Z,XDC_USD,_Z,N,T001,2013,0.753256,,F,6,A,0,EUR
OECD.SDD.NAD:DSD_NAMAIN10@DF_TABLE4(2.0),A,LTU,S1,S1,EXC_A,F21,_Z,_Z,XDC_USD,_Z,N,T001,2013,0.753304,,F,6,A,0,EUR
OECD.SDD.NAD:DSD_NAMAIN10@DF_TABLE4(2.0),A,SVK,S1,S1,EXC_A,F21,_Z,_Z,XDC_USD,_Z,N,T001,2013,0.752945,,F,6,A,0,EUR
OECD.SDD.NAD:DSD_NAMAIN10@DF_TABLE4(2.0),A,SVN,S1,S1,EXC_A,F21,_Z,_Z,XDC_USD,_Z,N,T001,2013,0.752945,,F,6,A,0,EUR
OECD.SDD.NAD:DSD_NAMAIN10@DF_TABLE4(2.0),A,EA20,S1,S1,EXC_A,F21,_Z,_Z,XDC_USD,_Z,N,T001,2013,0.752945,,F,6,A,0,EUR
OECD.SDD.NAD:DSD_NAMAIN10@DF_TABLE4(2.0),A,EU27_2020,S1,S1,EXC_A,F21,_Z,_Z,XDC_USD,_Z,N,T001,2013,0.752945,,F,6,A,0,EUR
OECD.SDD.NAD:DSD_NAMAIN10@DF_TABLE4(2.0),A,HRV,S1,S1,EXC_A,F21,_Z,_Z,XDC_USD,_Z,N,T001,2013,0.757168,,F,6,A,0,EUR
OECD.SDD.NAD:DSD_NAMAIN10@DF_TABLE4(2.0),A,EST,S1,S1,EXC_A,F21,_Z,_Z,XDC_USD,_Z,N,T001,2014,0.752728,,F,6,A,0,EUR
OECD.SDD.NAD:DSD_NAMAIN10@DF_TABLE4(2.0),A,LVA,S1,S1,EXC_A,F21,_Z,_Z,XDC_USD,_Z,N,T001,2014,0.752728,,F,6,A,0,EUR
OECD.SDD.NAD:DSD_NAMAIN10@DF_TABLE4(2.0),A,LTU,S1,S1,EXC_A,F21,_Z,_Z,XDC_USD,_Z,N,T001,2014,0.753097,,F,6,A,0,EUR
OECD.SDD.NAD:DSD_NAMAIN10@DF_TABLE4(2.0),A,SVK,S1,S1,EXC_A,F21,_Z,_Z,XDC_USD,_Z,N,T001,2014,0.752728,,F,6,A,0,EUR
OECD.SDD.NAD:DSD_NAMAIN10@DF_TABLE4(2.0),A,SVN,S1,S1,EXC_A,F21,_Z,_Z,XDC_USD,_Z,N,T001,2014,0.752728,,F,6,A,0,EUR
OECD.SDD.NAD:DSD_NAMAIN10@DF_TABLE4(2.0),A,EA20,S1,S1,EXC_A,F21,_Z,_Z,XDC_USD,_Z,N,T001,2014,0.752728,,F,6,A,0,EUR
OECD.SDD.NAD:DSD_NAMAIN10@DF_TABLE4(2.0),A,EU27_2020,S1,S1,EXC_A,F21,_Z,_Z,XDC_USD,_Z,N,T001,2014,0.752728,,F,6,A,0,EUR
OECD.SDD.NAD:DSD_NAMAIN10@DF_TABLE4(2.0),A,HRV,S1,S1,EXC_A,F21,_Z,_Z,XDC_USD,_Z,N,T001,2014,0.762913,,F,6,A,0,EUR
OECD.SDD.NAD:DSD_NAMAIN10@DF_TABLE4(2.0),A,EST,S1,S1,EXC_A,F21,_Z,_Z,XDC_USD,_Z,N,T001,2015,0.901296,,F,6,A,0,EUR
OECD.SDD.NAD:DSD_NAMAIN10@DF_TABLE4(2.0),A,LVA,S1,S1,EXC_A,F21,_Z,_Z,XDC_USD,_Z,N,T001,2015,0.901296,,F,6,A,0,EUR
OECD.SDD.NAD:DSD_NAMAIN10@DF_TABLE4(2.0),A,LTU,S1,S1,EXC_A,F21,_Z,_Z,XDC_USD,_Z,N,T001,2015,0.901296,,F,6,A,0,EUR
OECD.SDD.NAD:DSD_NAMAIN10@DF_TABLE4(2.0),A,SVK,S1,S1,EXC_A,F21,_Z,_Z,XDC_USD,_Z,N,T001,2015,0.901296,,F,6,A,0,EUR
OECD.SDD.NAD:DSD_NAMAIN10@DF_TABLE4(2.0),A,SVN,S1,S1,EXC_A,F21,_Z,_Z,XDC_USD,_Z,N,T001,2015,0.901296,,F,6,A,0,EUR
OECD.SDD.NAD:DSD_NAMAIN10@DF_TABLE4(2.0),A,EA20,S1,S1,EXC_A,F21,_Z,_Z,XDC_USD,_Z,N,T001,2015,0.901296,,F,6,A,0,EUR
OECD.SDD.NAD:DSD_NAMAIN10@DF_TABLE4(2.0),A,EU27_2020,S1,S1,EXC_A,F21,_Z,_Z,XDC_USD,_Z,N,T001,2015,0.901296,,F,6,A,0,EUR
OECD.SDD.NAD:DSD_NAMAIN10@DF_TABLE4(2.0),A,HRV,S1,S1,EXC_A,F21,_Z,_Z,XDC_USD,_Z,N,T001,2015,0.910253,,F,6,A,0,EUR
OECD.SDD.NAD:DSD_NAMAIN10@DF_TABLE4(2.0),A,EST,S1,S1,EXC_A,F21,_Z,_Z,XDC_USD,_Z,N,T001,2016,0.903421,,F,6,A,0,EUR
OECD.SDD.NAD:DSD_NAMAIN10@DF_TABLE4(2.0),A,LVA,S1,S1,EXC_A,F21,_Z,_Z,XDC_USD,_Z,N,T001,2016,0.903421,,F,6,A,0,EUR
OECD.SDD.NAD:DSD_NAMAIN10@DF_TABLE4(2.0),A,LTU,S1,S1,EXC_A,F21,_Z,_Z,XDC_USD,_Z,N,T001,2016,0.903421,,F,6,A,0,EUR
OECD.SDD.NAD:DSD_NAMAIN10@DF_TABLE4(2.0),A,SVK,S1,S1,EXC_A,F21,_Z,_Z,XDC_USD,_Z,N,T001,2016,0.903421,,F,6,A,0,EUR
OECD.SDD.NAD:DSD_NAMAIN10@DF_TABLE4(2.0),A,SVN,S1,S1,EXC_A,F21,_Z,_Z,XDC_USD,_Z,N,T001,2016,0.903421,,F,6,A,0,EUR
OECD.SDD.NAD:DSD_NAMAIN10@DF_TABLE4(2.0),A,EA20,S1,S1,EXC_A,F21,_Z,_Z,XDC_USD,_Z,N,T001,2016,0.903421,,F,6,A,0,EUR
OECD.SDD.NAD:DSD_NAMAIN10@DF_TABLE4(2.0),A,EU27_2020,S1,S1,EXC_A,F21,_Z,_Z,XDC_USD,_Z,N,T001,2016,0.903421,,F,6,A,0,EUR
OECD.SDD.NAD:DSD_NAMAIN10@DF_TABLE4(2.0),A,HRV,S1,S1,EXC_A,F21,_Z,_Z,XDC_USD,_Z,N,T001,2016,0.90331,,F,6,A,0,EUR
OECD.SDD.NAD:DSD_NAMAIN10@DF_TABLE4(2.0),A,EST,S1,S1,EXC_A,F21,_Z,_Z,XDC_USD,_Z,N,T001,2017,0.885206,,F,6,A,0,EUR
OECD.SDD.NAD:DSD_NAMAIN10@DF_TABLE4(2.0),A,LVA,S1,S1,EXC_A,F21,_Z,_Z,XDC_USD,_Z,N,T001,2017,0.885206,,F,6,A,0,EUR
OECD.SDD.NAD:DSD_NAMAIN10@DF_TABLE4(2.0),A,LTU,S1,S1,EXC_A,F21,_Z,_Z,XDC_USD,_Z,N,T001,2017,0.885206,,F,6,A,0,EUR
OECD.SDD.NAD:DSD_NAMAIN10@DF_TABLE4(2.0),A,SVK,S1,S1,EXC_A,F21,_Z,_Z,XDC_USD,_Z,N,T001,2017,0.885206,,F,6,A,0,EUR
OECD.SDD.NAD:DSD_NAMAIN10@DF_TABLE4(2.0),A,SVN,S1,S1,EXC_A,F21,_Z,_Z,XDC_USD,_Z,N,T001,2017,0.885206,,F,6,A,0,EUR
OECD.SDD.NAD:DSD_NAMAIN10@DF_TABLE4(2.0),A,EA20,S1,S1,EXC_A,F21,_Z,_Z,XDC_USD,_Z,N,T001,2017,0.885206,,F,6,A,0,EUR
OECD.SDD.NAD:DSD_NAMAIN10@DF_TABLE4(2.0),A,EU27_2020,S1,S1,EXC_A,F21,_Z,_Z,XDC_USD,_Z,N,T001,2017,0.885206,,F,6,A,0,EUR
OECD.SDD.NAD:DSD_NAMAIN10@DF_TABLE4(2.0),A,HRV,S1,S1,EXC_A,F21,_Z,_Z,XDC_USD,_Z,N,T001,2017,0.879133,,F,6,A,0,EUR
OECD.SDD.NAD:DSD_NAMAIN10@DF_TABLE4(2.0),A,EST,S1,S1,EXC_A,F21,_Z,_Z,XDC_USD,_Z,N,T001,2018,0.846773,,F,6,A,0,EUR
OECD.SDD.NAD:DSD_NAMAIN10@DF_TABLE4(2.0),A,LVA,S1,S1,EXC_A,F21,_Z,_Z,XDC_USD,_Z,N,T001,2018,0.846773,,F,6,A,0,EUR
OECD.SDD.NAD:DSD_NAMAIN10@DF_TABLE4(2.0),A,LTU,S1,S1,EXC_A,F21,_Z,_Z,XDC_USD,_Z,N,T001,2018,0.846773,,F,6,A,0,EUR
OECD.SDD.NAD:DSD_NAMAIN10@DF_TABLE4(2.0),A,SVK,S1,S1,EXC_A,F21,_Z,_Z,XDC_USD,_Z,N,T001,2018,0.846773,,F,6,A,0,EUR
OECD.SDD.NAD:DSD_NAMAIN10@DF_TABLE4(2.0),A,SVN,S1,S1,EXC_A,F21,_Z,_Z,XDC_USD,_Z,N,T001,2018,0.846773,,F,6,A,0,EUR
OECD.SDD.NAD:DSD_NAMAIN10@DF_TABLE4(2.0),A,EA20,S1,S1,EXC_A,F21,_Z,_Z,XDC_USD,_Z,N,T001,2018,0.846773,,F,6,A,0,EUR
OECD.SDD.NAD:DSD_NAMAIN10@DF_TABLE4(2.0),A,EU27_2020,S1,S1,EXC_A,F21,_Z,_Z,XDC_USD,_Z,N,T001,2018,0.846773,,F,6,A,0,EUR
OECD.SDD.NAD:DSD_NAMAIN10@DF_TABLE4(2.0),A,HRV,S1,S1,EXC_A,F21,_Z,_Z,XDC_USD,_Z,N,T001,2018,0.83337,,F,6,A,0,EUR
OECD.SDD.NAD:DSD_NAMAIN10@DF_TABLE4(2.0),A,EST,S1,S1,EXC_A,F21,_Z,_Z,XDC_USD,_Z,N,T001,2019,0.893276,,F,6,A,0,EUR
OECD.SDD.NAD:DSD_NAMAIN10@DF_TABLE4(2.0),A,LVA,S1,S1,EXC_A,F21,_Z,_Z,XDC_USD,_Z,N,T001,2019,0.893276,,F,6,A,0,EUR
OECD.SDD.NAD:DSD_NAMAIN10@DF_TABLE4(2.0),A,LTU,S1,S1,EXC_A,F21,_Z,_Z,XDC_USD,_Z,N,T001,2019,0.893276,,F,6,A,0,EUR
OECD.SDD.NAD:DSD_NAMAIN10@DF_TABLE4(2.0),A,SVK,S1,S1,EXC_A,F21,_Z,_Z,XDC_USD,_Z,N,T001,2019,0.893276,,F,6,A,0,EUR
OECD.SDD.NAD:DSD_NAMAIN10@DF_TABLE4(2.0),A,SVN,S1,S1,EXC_A,F21,_Z,_Z,XDC_USD,_Z,N,T001,2019,0.893276,,F,6,A,0,EUR
OECD.SDD.NAD:DSD_NAMAIN10@DF_TABLE4(2.0),A,EA20,S1,S1,EXC_A,F21,_Z,_Z,XDC_USD,_Z,N,T001,2019,0.893276,,F,6,A,0,EUR
OECD.SDD.NAD:DSD_NAMAIN10@DF_TABLE4(2.0),A,EU27_2020,S1,S1,EXC_A,F21,_Z,_Z,XDC_USD,_Z,N,T001,2019,0.893276,,F,6,A,0,EUR
OECD.SDD.NAD:DSD_NAMAIN10@DF_TABLE4(2.0),A,HRV,S1,S1,EXC_A,F21,_Z,_Z,XDC_USD,_Z,N,T001,2019,0.878963,,F,6,A,0,EUR
OECD.SDD.NAD:DSD_NAMAIN10@DF_TABLE4(2.0),A,EST,S1,S1,EXC_A,F21,_Z,_Z,XDC_USD,_Z,N,T001,2020,0.875506,,F,6,A,0,EUR
OECD.SDD.NAD:DSD_NAMAIN10@DF_TABLE4(2.0),A,LVA,S1,S1,EXC_A,F21,_Z,_Z,XDC_USD,_Z,N,T001,2020,0.875506,,F,6,A,0,EUR
OECD.SDD.NAD:DSD_NAMAIN10@DF_TABLE4(2.0),A,LTU,S1,S1,EXC_A,F21,_Z,_Z,XDC_USD,_Z,N,T001,2020,0.875506,,F,6,A,0,EUR
OECD.SDD.NAD:DSD_NAMAIN10@DF_TABLE4(2.0),A,SVK,S1,S1,EXC_A,F21,_Z,_Z,XDC_USD,_Z,N,T001,2020,0.875506,,F,6,A,0,EUR
OECD.SDD.NAD:DSD_NAMAIN10@DF_TABLE4(2.0),A,SVN,S1,S1,EXC_A,F21,_Z,_Z,XDC_USD,_Z,N,T001,2020,0.875506,,F,6,A,0,EUR
OECD.SDD.NAD:DSD_NAMAIN10@DF_TABLE4(2.0),A,EA20,S1,S1,EXC_A,F21,_Z,_Z,XDC_USD,_Z,N,T001,2020,0.875506,,F,6,A,0,EUR
OECD.SDD.NAD:DSD_NAMAIN10@DF_TABLE4(2.0),A,EU27_2020,S1,S1,EXC_A,F21,_Z,_Z,XDC_USD,_Z,N,T001,2020,0.875506,,F,6,A,0,EUR
OECD.SDD.NAD:DSD_NAMAIN10@DF_TABLE4(2.0),A,HRV,S1,S1,EXC_A,F21,_Z,_Z,XDC_USD,_Z,N,T001,2020,0.877836,,F,6,A,0,EUR
OECD.SDD.NAD:DSD_NAMAIN10@DF_TABLE4(2.0),A,EST,S1,S1,EXC_A,F21,_Z,_Z,XDC_USD,_Z,N,T001,2021,0.845494,,F,6,A,0,EUR
OECD.SDD.NAD:DSD_NAMAIN10@DF_TABLE4(2.0),A,LVA,S1,S1,EXC_A,F21,_Z,_Z,XDC_USD,_Z,N,T001,2021,0.845494,,F,6,A,0,EUR
OECD.SDD.NAD:DSD_NAMAIN10@DF_TABLE4(2.0),A,LTU,S1,S1,EXC_A,F21,_Z,_Z,XDC_USD,_Z,N,T001,2021,0.845494,,F,6,A,0,EUR
OECD.SDD.NAD:DSD_NAMAIN10@DF_TABLE4(2.0),A,SVK,S1,S1,EXC_A,F21,_Z,_Z,XDC_USD,_Z,N,T001,2021,0.845494,,F,6,A,0,EUR
OECD.SDD.NAD:DSD_NAMAIN10@DF_TABLE4(2.0),A,SVN,S1,S1,EXC_A,F21,_Z,_Z,XDC_USD,_Z,N,T001,2021,0.845494,,F,6,A,0,EUR
OECD.SDD.NAD:DSD_NAMAIN10@DF_TABLE4(2.0),A,EA20,S1,S1,EXC_A,F21,_Z,_Z,XDC_USD,_Z,N,T001,2021,0.845494,,F,6,A,0,EUR
OECD.SDD.NAD:DSD_NAMAIN10@DF_TABLE4(2.0),A,EU27_2020,S1,S1,EXC_A,F21,_Z,_Z,XDC_USD,_Z,N,T001,2021,0.845494,,F,6,A,0,EUR
OECD.SDD.NAD:DSD_NAMAIN10@DF_TABLE4(2.0),A,HRV,S1,S1,EXC_A,F21,_Z,_Z,XDC_USD,_Z,N,T001,2021,0.844128,,F,6,A,0,EUR
OECD.SDD.NAD:DSD_NAMAIN10@DF_TABLE4(2.0),A,EST,S1,S1,EXC_A,F21,_Z,_Z,XDC_USD,_Z,N,T001,2022,0.949624,,F,6,A,0,EUR
OECD.SDD.NAD:DSD_NAMAIN10@DF_TABLE4(2.0),A,LVA,S1,S1,EXC_A,F21,_Z,_Z,XDC_USD,_Z,N,T001,2022,0.949624,,F,6,A,0,EUR
OECD.SDD.NAD:DSD_NAMAIN10@DF_TABLE4(2.0),A,LTU,S1,S1,EXC_A,F21,_Z,_Z,XDC_USD,_Z,N,T001,2022,0.949624,,F,6,A,0,EUR
OECD.SDD.NAD:DSD_NAMAIN10@DF_TABLE4(2.0),A,SVK,S1,S1,EXC_A,F21,_Z,_Z,XDC_USD,_Z,N,T001,2022,0.949624,,F,6,A,0,EUR
OECD.SDD.NAD:DSD_NAMAIN10@DF_TABLE4(2.0),A,SVN,S1,S1,EXC_A,F21,_Z,_Z,XDC_USD,_Z,N,T001,2022,0.949624,,F,6,A,0,EUR
OECD.SDD.NAD:DSD_NAMAIN10@DF_TABLE4(2.0),A,EA20,S1,S1,EXC_A,F21,_Z,_Z,XDC_USD,_Z,N,T001,2022,0.949624,,F,6,A,0,EUR
OECD.SDD.NAD:DSD_NAMAIN10@DF_TABLE4(2.0),A,EU27_2020,S1,S1,EXC_A,F21,_Z,_Z,XDC_USD,_Z,N,T001,2022,0.949624,,F,6,A,0,EUR
OECD.SDD.NAD:DSD_NAMAIN10@DF_TABLE4(2.0),A,HRV,S1,S1,EXC_A,F21,_Z,_Z,XDC_USD,_Z,N,T001,2022,0.950261,,F,6,A,0,EUR
OECD.SDD.NAD:DSD_NAMAIN10@DF_TABLE4(2.0),A,EST,S1,S1,EXC_A,F21,_Z,_Z,XDC_USD,_Z,N,T001,2023,0.92484,,F,6,A,0,EUR
OECD.SDD.NAD:DSD_NAMAIN10@DF_TABLE4(2.0),A,LVA,S1,S1,EXC_A,F21,_Z,_Z,XDC_USD,_Z,N,T001,2023,0.92484,,F,6,A,0,EUR
OECD.SDD.NAD:DSD_NAMAIN10@DF_TABLE4(2.0),A,LTU,S1,S1,EXC_A,F21,_Z,_Z,XDC_USD,_Z,N,T001,2023,0.92484,,F,6,A,0,EUR
OECD.SDD.NAD:DSD_NAMAIN10@DF_TABLE4(2.0),A,SVK,S1,S1,EXC_A,F21,_Z,_Z,XDC_USD,_Z,N,T001,2023,0.92484,,F,6,A,0,EUR
OECD.SDD.NAD:DSD_NAMAIN10@DF_TABLE4(2.0),A,SVN,S1,S1,EXC_A,F21,_Z,_Z,XDC_USD,_Z,N,T001,2023,0.92484,,F,6,A,0,EUR
OECD.SDD.NAD:DSD_NAMAIN10@DF_TABLE4(2.0),A,EA20,S1,S1,EXC_A,F21,_Z,_Z,XDC_USD,_Z,N,T001,2023,0.92484,,F,6,A,0,EUR
OECD.SDD.NAD:DSD_NAMAIN10@DF_TABLE4(2.0),A,EU27_2020,S1,S1,EXC_A,F21,_Z,_Z,XDC_USD,_Z,N,T001,2023,0.92484,,F,6,A,0,EUR
OECD.SDD.NAD:DSD_NAMAIN10@DF_TABLE4(2.0),A,HRV,S1,S1,EXC_A,F21,_Z,_Z,XDC_USD,_Z,N,T001,2023,0.92484,,F,6,A,0,EUR
OECD.SDD.NAD:DSD_NAMAIN10@DF_TABLE4(2.0),A,NZL,S1,S1,EXC_A,F21,_Z,_Z,XDC_USD,_Z,N,T001,1950,0.714288,,F,6,A,0,NZD
OECD.SDD.NAD:DSD_NAMAIN10@DF_TABLE4(2.0),A,NZL,S1,S1,EXC_A,F21,_Z,_Z,XDC_USD,_Z,N,T001,1951,0.714288,,F,6,A,0,NZD
OECD.SDD.NAD:DSD_NAMAIN10@DF_TABLE4(2.0),A,NZL,S1,S1,EXC_A,F21,_Z,_Z,XDC_USD,_Z,N,T001,1952,0.714288,,F,6,A,0,NZD
OECD.SDD.NAD:DSD_NAMAIN10@DF_TABLE4(2.0),A,NZL,S1,S1,EXC_A,F21,_Z,_Z,XDC_USD,_Z,N,T001,1953,0.714288,,F,6,A,0,NZD
OECD.SDD.NAD:DSD_NAMAIN10@DF_TABLE4(2.0),A,NZL,S1,S1,EXC_A,F21,_Z,_Z,XDC_USD,_Z,N,T001,1954,0.714288,,F,6,A,0,NZD
OECD.SDD.NAD:DSD_NAMAIN10@DF_TABLE4(2.0),A,NZL,S1,S1,EXC_A,F21,_Z,_Z,XDC_USD,_Z,N,T001,1955,0.714288,,F,6,A,0,NZD
OECD.SDD.NAD:DSD_NAMAIN10@DF_TABLE4(2.0),A,NZL,S1,S1,EXC_A,F21,_Z,_Z,XDC_USD,_Z,N,T001,1956,0.714288,,F,6,A,0,NZD
OECD.SDD.NAD:DSD_NAMAIN10@DF_TABLE4(2.0),A,NZL,S1,S1,EXC_A,F21,_Z,_Z,XDC_USD,_Z,N,T001,1957,0.714288,,F,6,A,0,NZD
OECD.SDD.NAD:DSD_NAMAIN10@DF_TABLE4(2.0),A,NZL,S1,S1,EXC_A,F21,_Z,_Z,XDC_USD,_Z,N,T001,1958,0.714288,,F,6,A,0,NZD
OECD.SDD.NAD:DSD_NAMAIN10@DF_TABLE4(2.0),A,NZL,S1,S1,EXC_A,F21,_Z,_Z,XDC_USD,_Z,N,T001,1959,0.714288,,F,6,A,0,NZD
OECD.SDD.NAD:DSD_NAMAIN10@DF_TABLE4(2.0),A,NZL,S1,S1,EXC_A,F21,_Z,_Z,XDC_USD,_Z,N,T001,1960,0.714288,,F,6,A,0,NZD
OECD.SDD.NAD:DSD_NAMAIN10@DF_TABLE4(2.0),A,NZL,S1,S1,EXC_A,F21,_Z,_Z,XDC_USD,_Z,N,T001,1961,0.715514,,F,6,A,0,NZD
OECD.SDD.NAD:DSD_NAMAIN10@DF_TABLE4(2.0),A,NZL,S1,S1,EXC_A,F21,_Z,_Z,XDC_USD,_Z,N,T001,1962,0.719194,,F,6,A,0,NZD
OECD.SDD.NAD:DSD_NAMAIN10@DF_TABLE4(2.0),A,NZL,S1,S1,EXC_A,F21,_Z,_Z,XDC_USD,_Z,N,T001,1963,0.719194,,F,6,A,0,NZD
OECD.SDD.NAD:DSD_NAMAIN10@DF_TABLE4(2.0),A,NZL,S1,S1,EXC_A,F21,_Z,_Z,XDC_USD,_Z,N,T001,1964,0.719194,,F,6,A,0,NZD
OECD.SDD.NAD:DSD_NAMAIN10@DF_TABLE4(2.0),A,NZL,S1,S1,EXC_A,F21,_Z,_Z,XDC_USD,_Z,N,T001,1965,0.719194,,F,6,A,0,NZD
OECD.SDD.NAD:DSD_NAMAIN10@DF_TABLE4(2.0),A,NZL,S1,S1,EXC_A,F21,_Z,_Z,XDC_USD,_Z,N,T001,1966,0.719194,,F,6,A,0,NZD
OECD.SDD.NAD:DSD_NAMAIN10@DF_TABLE4(2.0),A,NZL,S1,S1,EXC_A,F21,_Z,_Z,XDC_USD,_Z,N,T001,1967,0.733666,,F,6,A,0,NZD
OECD.SDD.NAD:DSD_NAMAIN10@DF_TABLE4(2.0),A,NZL,S1,S1,EXC_A,F21,_Z,_Z,XDC_USD,_Z,N,T001,1968,0.892857,,F,6,A,0,NZD
OECD.SDD.NAD:DSD_NAMAIN10@DF_TABLE4(2.0),A,NZL,S1,S1,EXC_A,F21,_Z,_Z,XDC_USD,_Z,N,T001,1969,0.892857,,F,6,A,0,NZD
OECD.SDD.NAD:DSD_NAMAIN10@DF_TABLE4(2.0),A,NZL,S1,S1,EXC_A,F21,_Z,_Z,XDC_USD,_Z,N,T001,1970,0.892857,,F,6,A,0,NZD
OECD.SDD.NAD:DSD_NAMAIN10@DF_TABLE4(2.0),A,NZL,S1,S1,EXC_A,F21,_Z,_Z,XDC_USD,_Z,N,T001,1971,0.880607,,F,6,A,0,NZD
OECD.SDD.NAD:DSD_NAMAIN10@DF_TABLE4(2.0),A,NZL,S1,S1,EXC_A,F21,_Z,_Z,XDC_USD,_Z,N,T001,1972,0.83668,,F,6,A,0,NZD
OECD.SDD.NAD:DSD_NAMAIN10@DF_TABLE4(2.0),A,NZL,S1,S1,EXC_A,F21,_Z,_Z,XDC_USD,_Z,N,T001,1973,0.736812,,F,6,A,0,NZD
OECD.SDD.NAD:DSD_NAMAIN10@DF_TABLE4(2.0),A,NZL,S1,S1,EXC_A,F21,_Z,_Z,XDC_USD,_Z,N,T001,1974,0.715403,,F,6,A,0,NZD
OECD.SDD.NAD:DSD_NAMAIN10@DF_TABLE4(2.0),A,NZL,S1,S1,EXC_A,F21,_Z,_Z,XDC_USD,_Z,N,T001,1975,0.832307,,F,6,A,0,NZD
OECD.SDD.NAD:DSD_NAMAIN10@DF_TABLE4(2.0),A,NZL,S1,S1,EXC_A,F21,_Z,_Z,XDC_USD,_Z,N,T001,1976,1.004889,,F,6,A,0,NZD
OECD.SDD.NAD:DSD_NAMAIN10@DF_TABLE4(2.0),A,NZL,S1,S1,EXC_A,F21,_Z,_Z,XDC_USD,_Z,N,T001,1977,1.030312,,F,6,A,0,NZD
OECD.SDD.NAD:DSD_NAMAIN10@DF_TABLE4(2.0),A,NZL,S1,S1,EXC_A,F21,_Z,_Z,XDC_USD,_Z,N,T001,1978,0.964425,,F,6,A,0,NZD
OECD.SDD.NAD:DSD_NAMAIN10@DF_TABLE4(2.0),A,NZL,S1,S1,EXC_A,F21,_Z,_Z,XDC_USD,_Z,N,T001,1979,0.978502,,F,6,A,0,NZD
OECD.SDD.NAD:DSD_NAMAIN10@DF_TABLE4(2.0),A,NZL,S1,S1,EXC_A,F21,_Z,_Z,XDC_USD,_Z,N,T001,1980,1.02668,,F,6,A,0,NZD
OECD.SDD.NAD:DSD_NAMAIN10@DF_TABLE4(2.0),A,NZL,S1,S1,EXC_A,F21,_Z,_Z,XDC_USD,_Z,N,T001,1981,1.152795,,F,6,A,0,NZD
OECD.SDD.NAD:DSD_NAMAIN10@DF_TABLE4(2.0),A,NZL,S1,S1,EXC_A,F21,_Z,_Z,XDC_USD,_Z,N,T001,1982,1.332608,,F,6,A,0,NZD
OECD.SDD.NAD:DSD_NAMAIN10@DF_TABLE4(2.0),A,NZL,S1,S1,EXC_A,F21,_Z,_Z,XDC_USD,_Z,N,T001,1983,1.496773,,F,6,A,0,NZD
OECD.SDD.NAD:DSD_NAMAIN10@DF_TABLE4(2.0),A,NZL,S1,S1,EXC_A,F21,_Z,_Z,XDC_USD,_Z,N,T001,1984,1.763992,,F,6,A,0,NZD
OECD.SDD.NAD:DSD_NAMAIN10@DF_TABLE4(2.0),A,NZL,S1,S1,EXC_A,F21,_Z,_Z,XDC_USD,_Z,N,T001,1985,2.023372,,F,6,A,0,NZD
OECD.SDD.NAD:DSD_NAMAIN10@DF_TABLE4(2.0),A,NZL,S1,S1,EXC_A,F21,_Z,_Z,XDC_USD,_Z,N,T001,1986,1.913161,,F,6,A,0,NZD
OECD.SDD.NAD:DSD_NAMAIN10@DF_TABLE4(2.0),A,NZL,S1,S1,EXC_A,F21,_Z,_Z,XDC_USD,_Z,N,T001,1987,1.694561,,F,6,A,0,NZD
OECD.SDD.NAD:DSD_NAMAIN10@DF_TABLE4(2.0),A,NZL,S1,S1,EXC_A,F21,_Z,_Z,XDC_USD,_Z,N,T001,1988,1.526401,,F,6,A,0,NZD
OECD.SDD.NAD:DSD_NAMAIN10@DF_TABLE4(2.0),A,NZL,S1,S1,EXC_A,F21,_Z,_Z,XDC_USD,_Z,N,T001,1989,1.672148,,F,6,A,0,NZD
OECD.SDD.NAD:DSD_NAMAIN10@DF_TABLE4(2.0),A,NZL,S1,S1,EXC_A,F21,_Z,_Z,XDC_USD,_Z,N,T001,1990,1.676203,,F,6,A,0,NZD
OECD.SDD.NAD:DSD_NAMAIN10@DF_TABLE4(2.0),A,NZL,S1,S1,EXC_A,F21,_Z,_Z,XDC_USD,_Z,N,T001,1991,1.733514,,F,6,A,0,NZD
OECD.SDD.NAD:DSD_NAMAIN10@DF_TABLE4(2.0),A,NZL,S1,S1,EXC_A,F21,_Z,_Z,XDC_USD,_Z,N,T001,1992,1.861792,,F,6,A,0,NZD
OECD.SDD.NAD:DSD_NAMAIN10@DF_TABLE4(2.0),A,NZL,S1,S1,EXC_A,F21,_Z,_Z,XDC_USD,_Z,N,T001,1993,1.850513,,F,6,A,0,NZD
OECD.SDD.NAD:DSD_NAMAIN10@DF_TABLE4(2.0),A,NZL,S1,S1,EXC_A,F21,_Z,_Z,XDC_USD,_Z,N,T001,1994,1.686522,,F,6,A,0,NZD
OECD.SDD.NAD:DSD_NAMAIN10@DF_TABLE4(2.0),A,NZL,S1,S1,EXC_A,F21,_Z,_Z,XDC_USD,_Z,N,T001,1995,1.523877,,F,6,A,0,NZD
OECD.SDD.NAD:DSD_NAMAIN10@DF_TABLE4(2.0),A,NZL,S1,S1,EXC_A,F21,_Z,_Z,XDC_USD,_Z,N,T001,1996,1.454848,,F,6,A,0,NZD
OECD.SDD.NAD:DSD_NAMAIN10@DF_TABLE4(2.0),A,NZL,S1,S1,EXC_A,F21,_Z,_Z,XDC_USD,_Z,N,T001,1997,1.512421,,F,6,A,0,NZD
OECD.SDD.NAD:DSD_NAMAIN10@DF_TABLE4(2.0),A,NZL,S1,S1,EXC_A,F21,_Z,_Z,XDC_USD,_Z,N,T001,1998,1.868249,,F,6,A,0,NZD
OECD.SDD.NAD:DSD_NAMAIN10@DF_TABLE4(2.0),A,NZL,S1,S1,EXC_A,F21,_Z,_Z,XDC_USD,_Z,N,T001,1999,1.889614,,F,6,A,0,NZD
OECD.SDD.NAD:DSD_NAMAIN10@DF_TABLE4(2.0),A,NZL,S1,S1,EXC_A,F21,_Z,_Z,XDC_USD,_Z,N,T001,2000,2.201149,,F,6,A,0,NZD
OECD.SDD.NAD:DSD_NAMAIN10@DF_TABLE4(2.0),A,NZL,S1,S1,EXC_A,F21,_Z,_Z,XDC_USD,_Z,N,T001,2001,2.378751,,F,6,A,0,NZD
OECD.SDD.NAD:DSD_NAMAIN10@DF_TABLE4(2.0),A,NZL,S1,S1,EXC_A,F21,_Z,_Z,XDC_USD,_Z,N,T001,2002,2.162191,,F,6,A,0,NZD
OECD.SDD.NAD:DSD_NAMAIN10@DF_TABLE4(2.0),A,NZL,S1,S1,EXC_A,F21,_Z,_Z,XDC_USD,_Z,N,T001,2003,1.722099,,F,6,A,0,NZD
OECD.SDD.NAD:DSD_NAMAIN10@DF_TABLE4(2.0),A,NZL,S1,S1,EXC_A,F21,_Z,_Z,XDC_USD,_Z,N,T001,2004,1.508681,,F,6,A,0,NZD
OECD.SDD.NAD:DSD_NAMAIN10@DF_TABLE4(2.0),A,NZL,S1,S1,EXC_A,F21,_Z,_Z,XDC_USD,_Z,N,T001,2005,1.420273,,F,6,A,0,NZD
OECD.SDD.NAD:DSD_NAMAIN10@DF_TABLE4(2.0),A,NZL,S1,S1,EXC_A,F21,_Z,_Z,XDC_USD,_Z,N,T001,2006,1.542056,,F,6,A,0,NZD
OECD.SDD.NAD:DSD_NAMAIN10@DF_TABLE4(2.0),A,NZL,S1,S1,EXC_A,F21,_Z,_Z,XDC_USD,_Z,N,T001,2007,1.360675,,F,6,A,0,NZD
OECD.SDD.NAD:DSD_NAMAIN10@DF_TABLE4(2.0),A,NZL,S1,S1,EXC_A,F21,_Z,_Z,XDC_USD,_Z,N,T001,2008,1.422727,,F,6,A,0,NZD
OECD.SDD.NAD:DSD_NAMAIN10@DF_TABLE4(2.0),A,NZL,S1,S1,EXC_A,F21,_Z,_Z,XDC_USD,_Z,N,T001,2009,1.600877,,F,6,A,0,NZD
OECD.SDD.NAD:DSD_NAMAIN10@DF_TABLE4(2.0),A,NZL,S1,S1,EXC_A,F21,_Z,_Z,XDC_USD,_Z,N,T001,2010,1.387834,,F,6,A,0,NZD
OECD.SDD.NAD:DSD_NAMAIN10@DF_TABLE4(2.0),A,NZL,S1,S1,EXC_A,F21,_Z,_Z,XDC_USD,_Z,N,T001,2011,1.265811,,F,6,A,0,NZD
OECD.SDD.NAD:DSD_NAMAIN10@DF_TABLE4(2.0),A,NZL,S1,S1,EXC_A,F21,_Z,_Z,XDC_USD,_Z,N,T001,2012,1.234284,,F,6,A,0,NZD
OECD.SDD.NAD:DSD_NAMAIN10@DF_TABLE4(2.0),A,NZL,S1,S1,EXC_A,F21,_Z,_Z,XDC_USD,_Z,N,T001,2013,1.219408,,F,6,A,0,NZD
OECD.SDD.NAD:DSD_NAMAIN10@DF_TABLE4(2.0),A,NZL,S1,S1,EXC_A,F21,_Z,_Z,XDC_USD,_Z,N,T001,2014,1.205433,,F,6,A,0,NZD
OECD.SDD.NAD:DSD_NAMAIN10@DF_TABLE4(2.0),A,NZL,S1,S1,EXC_A,F21,_Z,_Z,XDC_USD,_Z,N,T001,2015,1.433975,,F,6,A,0,NZD
OECD.SDD.NAD:DSD_NAMAIN10@DF_TABLE4(2.0),A,NZL,S1,S1,EXC_A,F21,_Z,_Z,XDC_USD,_Z,N,T001,2016,1.436525,,F,6,A,0,NZD
OECD.SDD.NAD:DSD_NAMAIN10@DF_TABLE4(2.0),A,NZL,S1,S1,EXC_A,F21,_Z,_Z,XDC_USD,_Z,N,T001,2017,1.407408,,F,6,A,0,NZD
OECD.SDD.NAD:DSD_NAMAIN10@DF_TABLE4(2.0),A,NZL,S1,S1,EXC_A,F21,_Z,_Z,XDC_USD,_Z,N,T001,2018,1.445258,,F,6,A,0,NZD
OECD.SDD.NAD:DSD_NAMAIN10@DF_TABLE4(2.0),A,NZL,S1,S1,EXC_A,F21,_Z,_Z,XDC_USD,_Z,N,T001,2019,1.517875,,F,6,A,0,NZD
OECD.SDD.NAD:DSD_NAMAIN10@DF_TABLE4(2.0),A,NZL,S1,S1,EXC_A,F21,_Z,_Z,XDC_USD,_Z,N,T001,2020,1.542058,,F,6,A,0,NZD
OECD.SDD.NAD:DSD_NAMAIN10@DF_TABLE4(2.0),A,NZL,S1,S1,EXC_A,F21,_Z,_Z,XDC_USD,_Z,N,T001,2021,1.4138,,F,6,A,0,NZD
OECD.SDD.NAD:DSD_NAMAIN10@DF_TABLE4(2.0),A,NZL,S1,S1,EXC_A,F21,_Z,_Z,XDC_USD,_Z,N,T001,2022,1.577183,,F,6,A,0,NZD
OECD.SDD.NAD:DSD_NAMAIN10@DF_TABLE4(2.0),A,NZL,S1,S1,EXC_A,F21,_Z,_Z,XDC_USD,_Z,N,T001,2023,1.628433,,F,6,A,0,NZD
OECD.SDD.NAD:DSD_NAMAIN10@DF_TABLE4(2.0),A,POL,S1,S1,EXC_A,F21,_Z,_Z,XDC_USD,_Z,N,T001,1950,4e-04,,F,6,A,0,PLN
OECD.SDD.NAD:DSD_NAMAIN10@DF_TABLE4(2.0),A,POL,S1,S1,EXC_A,F21,_Z,_Z,XDC_USD,_Z,N,T001,1951,4e-04,,F,6,A,0,PLN
OECD.SDD.NAD:DSD_NAMAIN10@DF_TABLE4(2.0),A,POL,S1,S1,EXC_A,F21,_Z,_Z,XDC_USD,_Z,N,T001,1952,4e-04,,F,6,A,0,PLN
OECD.SDD.NAD:DSD_NAMAIN10@DF_TABLE4(2.0),A,POL,S1,S1,EXC_A,F21,_Z,_Z,XDC_USD,_Z,N,T001,1953,4e-04,,F,6,A,0,PLN
OECD.SDD.NAD:DSD_NAMAIN10@DF_TABLE4(2.0),A,POL,S1,S1,EXC_A,F21,_Z,_Z,XDC_USD,_Z,N,T001,1954,4e-04,,F,6,A,0,PLN
OECD.SDD.NAD:DSD_NAMAIN10@DF_TABLE4(2.0),A,POL,S1,S1,EXC_A,F21,_Z,_Z,XDC_USD,_Z,N,T001,1955,4e-04,,F,6,A,0,PLN
OECD.SDD.NAD:DSD_NAMAIN10@DF_TABLE4(2.0),A,POL,S1,S1,EXC_A,F21,_Z,_Z,XDC_USD,_Z,N,T001,1956,4e-04,,F,6,A,0,PLN
OECD.SDD.NAD:DSD_NAMAIN10@DF_TABLE4(2.0),A,POL,S1,S1,EXC_A,F21,_Z,_Z,XDC_USD,_Z,N,T001,1957,4e-04,,F,6,A,0,PLN
OECD.SDD.NAD:DSD_NAMAIN10@DF_TABLE4(2.0),A,POL,S1,S1,EXC_A,F21,_Z,_Z,XDC_USD,_Z,N,T001,1958,4e-04,,F,6,A,0,PLN
OECD.SDD.NAD:DSD_NAMAIN10@DF_TABLE4(2.0),A,POL,S1,S1,EXC_A,F21,_Z,_Z,XDC_USD,_Z,N,T001,1959,4e-04,,F,6,A,0,PLN
OECD.SDD.NAD:DSD_NAMAIN10@DF_TABLE4(2.0),A,POL,S1,S1,EXC_A,F21,_Z,_Z,XDC_USD,_Z,N,T001,1960,4e-04,,F,6,A,0,PLN
OECD.SDD.NAD:DSD_NAMAIN10@DF_TABLE4(2.0),A,POL,S1,S1,EXC_A,F21,_Z,_Z,XDC_USD,_Z,N,T001,1961,4e-04,,F,6,A,0,PLN
OECD.SDD.NAD:DSD_NAMAIN10@DF_TABLE4(2.0),A,POL,S1,S1,EXC_A,F21,_Z,_Z,XDC_USD,_Z,N,T001,1962,4e-04,,F,6,A,0,PLN
OECD.SDD.NAD:DSD_NAMAIN10@DF_TABLE4(2.0),A,POL,S1,S1,EXC_A,F21,_Z,_Z,XDC_USD,_Z,N,T001,1963,4e-04,,F,6,A,0,PLN
OECD.SDD.NAD:DSD_NAMAIN10@DF_TABLE4(2.0),A,POL,S1,S1,EXC_A,F21,_Z,_Z,XDC_USD,_Z,N,T001,1964,4e-04,,F,6,A,0,PLN
OECD.SDD.NAD:DSD_NAMAIN10@DF_TABLE4(2.0),A,POL,S1,S1,EXC_A,F21,_Z,_Z,XDC_USD,_Z,N,T001,1965,4e-04,,F,6,A,0,PLN
OECD.SDD.NAD:DSD_NAMAIN10@DF_TABLE4(2.0),A,POL,S1,S1,EXC_A,F21,_Z,_Z,XDC_USD,_Z,N,T001,1966,4e-04,,F,6,A,0,PLN
OECD.SDD.NAD:DSD_NAMAIN10@DF_TABLE4(2.0),A,POL,S1,S1,EXC_A,F21,_Z,_Z,XDC_USD,_Z,N,T001,1967,4e-04,,F,6,A,0,PLN
OECD.SDD.NAD:DSD_NAMAIN10@DF_TABLE4(2.0),A,POL,S1,S1,EXC_A,F21,_Z,_Z,XDC_USD,_Z,N,T001,1968,4e-04,,F,6,A,0,PLN
OECD.SDD.NAD:DSD_NAMAIN10@DF_TABLE4(2.0),A,POL,S1,S1,EXC_A,F21,_Z,_Z,XDC_USD,_Z,N,T001,1969,4e-04,,F,6,A,0,PLN
OECD.SDD.NAD:DSD_NAMAIN10@DF_TABLE4(2.0),A,POL,S1,S1,EXC_A,F21,_Z,_Z,XDC_USD,_Z,N,T001,1970,4e-04,,F,6,A,0,PLN
OECD.SDD.NAD:DSD_NAMAIN10@DF_TABLE4(2.0),A,POL,S1,S1,EXC_A,F21,_Z,_Z,XDC_USD,_Z,N,T001,1971,0.000389,,F,6,A,0,PLN
OECD.SDD.NAD:DSD_NAMAIN10@DF_TABLE4(2.0),A,POL,S1,S1,EXC_A,F21,_Z,_Z,XDC_USD,_Z,N,T001,1972,0.000368,,F,6,A,0,PLN
OECD.SDD.NAD:DSD_NAMAIN10@DF_TABLE4(2.0),A,POL,S1,S1,EXC_A,F21,_Z,_Z,XDC_USD,_Z,N,T001,1973,0.000335,,F,6,A,0,PLN
OECD.SDD.NAD:DSD_NAMAIN10@DF_TABLE4(2.0),A,POL,S1,S1,EXC_A,F21,_Z,_Z,XDC_USD,_Z,N,T001,1974,0.000332,,F,6,A,0,PLN
OECD.SDD.NAD:DSD_NAMAIN10@DF_TABLE4(2.0),A,POL,S1,S1,EXC_A,F21,_Z,_Z,XDC_USD,_Z,N,T001,1975,0.000332,,F,6,A,0,PLN
OECD.SDD.NAD:DSD_NAMAIN10@DF_TABLE4(2.0),A,POL,S1,S1,EXC_A,F21,_Z,_Z,XDC_USD,_Z,N,T001,1976,0.000332,,F,6,A,0,PLN
OECD.SDD.NAD:DSD_NAMAIN10@DF_TABLE4(2.0),A,POL,S1,S1,EXC_A,F21,_Z,_Z,XDC_USD,_Z,N,T001,1977,0.000332,,F,6,A,0,PLN
OECD.SDD.NAD:DSD_NAMAIN10@DF_TABLE4(2.0),A,POL,S1,S1,EXC_A,F21,_Z,_Z,XDC_USD,_Z,N,T001,1978,0.000581,,F,6,A,0,PLN
OECD.SDD.NAD:DSD_NAMAIN10@DF_TABLE4(2.0),A,POL,S1,S1,EXC_A,F21,_Z,_Z,XDC_USD,_Z,N,T001,1979,0.00332,,F,6,A,0,PLN
OECD.SDD.NAD:DSD_NAMAIN10@DF_TABLE4(2.0),A,POL,S1,S1,EXC_A,F21,_Z,_Z,XDC_USD,_Z,N,T001,1980,0.004422,,F,6,A,0,PLN
OECD.SDD.NAD:DSD_NAMAIN10@DF_TABLE4(2.0),A,POL,S1,S1,EXC_A,F21,_Z,_Z,XDC_USD,_Z,N,T001,1981,0.005115,,F,6,A,0,PLN
OECD.SDD.NAD:DSD_NAMAIN10@DF_TABLE4(2.0),A,POL,S1,S1,EXC_A,F21,_Z,_Z,XDC_USD,_Z,N,T001,1982,0.008482,,F,6,A,0,PLN
OECD.SDD.NAD:DSD_NAMAIN10@DF_TABLE4(2.0),A,POL,S1,S1,EXC_A,F21,_Z,_Z,XDC_USD,_Z,N,T001,1983,0.009155,,F,6,A,0,PLN
OECD.SDD.NAD:DSD_NAMAIN10@DF_TABLE4(2.0),A,POL,S1,S1,EXC_A,F21,_Z,_Z,XDC_USD,_Z,N,T001,1984,0.011324,,F,6,A,0,PLN
OECD.SDD.NAD:DSD_NAMAIN10@DF_TABLE4(2.0),A,POL,S1,S1,EXC_A,F21,_Z,_Z,XDC_USD,_Z,N,T001,1985,0.014714,,F,6,A,0,PLN
OECD.SDD.NAD:DSD_NAMAIN10@DF_TABLE4(2.0),A,POL,S1,S1,EXC_A,F21,_Z,_Z,XDC_USD,_Z,N,T001,1986,0.017529,,F,6,A,0,PLN
OECD.SDD.NAD:DSD_NAMAIN10@DF_TABLE4(2.0),A,POL,S1,S1,EXC_A,F21,_Z,_Z,XDC_USD,_Z,N,T001,1987,0.026508,,F,6,A,0,PLN
OECD.SDD.NAD:DSD_NAMAIN10@DF_TABLE4(2.0),A,POL,S1,S1,EXC_A,F21,_Z,_Z,XDC_USD,_Z,N,T001,1988,0.043055,,F,6,A,0,PLN
OECD.SDD.NAD:DSD_NAMAIN10@DF_TABLE4(2.0),A,POL,S1,S1,EXC_A,F21,_Z,_Z,XDC_USD,_Z,N,T001,1989,0.143918,,F,6,A,0,PLN
OECD.SDD.NAD:DSD_NAMAIN10@DF_TABLE4(2.0),A,POL,S1,S1,EXC_A,F21,_Z,_Z,XDC_USD,_Z,N,T001,1990,0.95,,F,6,A,0,PLN
OECD.SDD.NAD:DSD_NAMAIN10@DF_TABLE4(2.0),A,POL,S1,S1,EXC_A,F21,_Z,_Z,XDC_USD,_Z,N,T001,1991,1.057606,,F,6,A,0,PLN
OECD.SDD.NAD:DSD_NAMAIN10@DF_TABLE4(2.0),A,POL,S1,S1,EXC_A,F21,_Z,_Z,XDC_USD,_Z,N,T001,1992,1.362643,,F,6,A,0,PLN
OECD.SDD.NAD:DSD_NAMAIN10@DF_TABLE4(2.0),A,POL,S1,S1,EXC_A,F21,_Z,_Z,XDC_USD,_Z,N,T001,1993,1.811497,,F,6,A,0,PLN
OECD.SDD.NAD:DSD_NAMAIN10@DF_TABLE4(2.0),A,POL,S1,S1,EXC_A,F21,_Z,_Z,XDC_USD,_Z,N,T001,1994,2.272277,,F,6,A,0,PLN
OECD.SDD.NAD:DSD_NAMAIN10@DF_TABLE4(2.0),A,POL,S1,S1,EXC_A,F21,_Z,_Z,XDC_USD,_Z,N,T001,1995,2.424983,,F,6,A,0,PLN
OECD.SDD.NAD:DSD_NAMAIN10@DF_TABLE4(2.0),A,POL,S1,S1,EXC_A,F21,_Z,_Z,XDC_USD,_Z,N,T001,1996,2.6961,,F,6,A,0,PLN
OECD.SDD.NAD:DSD_NAMAIN10@DF_TABLE4(2.0),A,POL,S1,S1,EXC_A,F21,_Z,_Z,XDC_USD,_Z,N,T001,1997,3.279292,,F,6,A,0,PLN
OECD.SDD.NAD:DSD_NAMAIN10@DF_TABLE4(2.0),A,POL,S1,S1,EXC_A,F21,_Z,_Z,XDC_USD,_Z,N,T001,1998,3.4754,,F,6,A,0,PLN
OECD.SDD.NAD:DSD_NAMAIN10@DF_TABLE4(2.0),A,POL,S1,S1,EXC_A,F21,_Z,_Z,XDC_USD,_Z,N,T001,1999,3.967108,,F,6,A,0,PLN
OECD.SDD.NAD:DSD_NAMAIN10@DF_TABLE4(2.0),A,POL,S1,S1,EXC_A,F21,_Z,_Z,XDC_USD,_Z,N,T001,2000,4.346075,,F,6,A,0,PLN
OECD.SDD.NAD:DSD_NAMAIN10@DF_TABLE4(2.0),A,POL,S1,S1,EXC_A,F21,_Z,_Z,XDC_USD,_Z,N,T001,2001,4.0939,,F,6,A,0,PLN
OECD.SDD.NAD:DSD_NAMAIN10@DF_TABLE4(2.0),A,POL,S1,S1,EXC_A,F21,_Z,_Z,XDC_USD,_Z,N,T001,2002,4.080033,,F,6,A,0,PLN
OECD.SDD.NAD:DSD_NAMAIN10@DF_TABLE4(2.0),A,POL,S1,S1,EXC_A,F21,_Z,_Z,XDC_USD,_Z,N,T001,2003,3.889075,,F,6,A,0,PLN
OECD.SDD.NAD:DSD_NAMAIN10@DF_TABLE4(2.0),A,POL,S1,S1,EXC_A,F21,_Z,_Z,XDC_USD,_Z,N,T001,2004,3.657642,,F,6,A,0,PLN
OECD.SDD.NAD:DSD_NAMAIN10@DF_TABLE4(2.0),A,POL,S1,S1,EXC_A,F21,_Z,_Z,XDC_USD,_Z,N,T001,2005,3.235483,,F,6,A,0,PLN
OECD.SDD.NAD:DSD_NAMAIN10@DF_TABLE4(2.0),A,POL,S1,S1,EXC_A,F21,_Z,_Z,XDC_USD,_Z,N,T001,2006,3.103158,,F,6,A,0,PLN
OECD.SDD.NAD:DSD_NAMAIN10@DF_TABLE4(2.0),A,POL,S1,S1,EXC_A,F21,_Z,_Z,XDC_USD,_Z,N,T001,2007,2.76795,,F,6,A,0,PLN
OECD.SDD.NAD:DSD_NAMAIN10@DF_TABLE4(2.0),A,POL,S1,S1,EXC_A,F21,_Z,_Z,XDC_USD,_Z,N,T001,2008,2.409242,,F,6,A,0,PLN
OECD.SDD.NAD:DSD_NAMAIN10@DF_TABLE4(2.0),A,POL,S1,S1,EXC_A,F21,_Z,_Z,XDC_USD,_Z,N,T001,2009,3.120142,,F,6,A,0,PLN
OECD.SDD.NAD:DSD_NAMAIN10@DF_TABLE4(2.0),A,POL,S1,S1,EXC_A,F21,_Z,_Z,XDC_USD,_Z,N,T001,2010,3.0153,,F,6,A,0,PLN
OECD.SDD.NAD:DSD_NAMAIN10@DF_TABLE4(2.0),A,POL,S1,S1,EXC_A,F21,_Z,_Z,XDC_USD,_Z,N,T001,2011,2.962848,,F,6,A,0,PLN
OECD.SDD.NAD:DSD_NAMAIN10@DF_TABLE4(2.0),A,POL,S1,S1,EXC_A,F21,_Z,_Z,XDC_USD,_Z,N,T001,2012,3.256542,,F,6,A,0,PLN
OECD.SDD.NAD:DSD_NAMAIN10@DF_TABLE4(2.0),A,POL,S1,S1,EXC_A,F21,_Z,_Z,XDC_USD,_Z,N,T001,2013,3.160617,,F,6,A,0,PLN
OECD.SDD.NAD:DSD_NAMAIN10@DF_TABLE4(2.0),A,POL,S1,S1,EXC_A,F21,_Z,_Z,XDC_USD,_Z,N,T001,2014,3.154542,,F,6,A,0,PLN
OECD.SDD.NAD:DSD_NAMAIN10@DF_TABLE4(2.0),A,POL,S1,S1,EXC_A,F21,_Z,_Z,XDC_USD,_Z,N,T001,2015,3.7695,,F,6,A,0,PLN
OECD.SDD.NAD:DSD_NAMAIN10@DF_TABLE4(2.0),A,POL,S1,S1,EXC_A,F21,_Z,_Z,XDC_USD,_Z,N,T001,2016,3.942783,,F,6,A,0,PLN
OECD.SDD.NAD:DSD_NAMAIN10@DF_TABLE4(2.0),A,POL,S1,S1,EXC_A,F21,_Z,_Z,XDC_USD,_Z,N,T001,2017,3.779333,,F,6,A,0,PLN
OECD.SDD.NAD:DSD_NAMAIN10@DF_TABLE4(2.0),A,POL,S1,S1,EXC_A,F21,_Z,_Z,XDC_USD,_Z,N,T001,2018,3.611717,,F,6,A,0,PLN
OECD.SDD.NAD:DSD_NAMAIN10@DF_TABLE4(2.0),A,POL,S1,S1,EXC_A,F21,_Z,_Z,XDC_USD,_Z,N,T001,2019,3.839375,,F,6,A,0,PLN
OECD.SDD.NAD:DSD_NAMAIN10@DF_TABLE4(2.0),A,POL,S1,S1,EXC_A,F21,_Z,_Z,XDC_USD,_Z,N,T001,2020,3.899742,,F,6,A,0,PLN
OECD.SDD.NAD:DSD_NAMAIN10@DF_TABLE4(2.0),A,POL,S1,S1,EXC_A,F21,_Z,_Z,XDC_USD,_Z,N,T001,2021,3.861917,,F,6,A,0,PLN
OECD.SDD.NAD:DSD_NAMAIN10@DF_TABLE4(2.0),A,POL,S1,S1,EXC_A,F21,_Z,_Z,XDC_USD,_Z,N,T001,2022,4.457758,,F,6,A,0,PLN
OECD.SDD.NAD:DSD_NAMAIN10@DF_TABLE4(2.0),A,POL,S1,S1,EXC_A,F21,_Z,_Z,XDC_USD,_Z,N,T001,2023,4.203667,,F,6,A,0,PLN
OECD.SDD.NAD:DSD_NAMAIN10@DF_TABLE4(2.0),A,SWE,S1,S1,EXC_A,F21,_Z,_Z,XDC_USD,_Z,N,T001,1950,5.172771,,F,6,A,0,SEK
OECD.SDD.NAD:DSD_NAMAIN10@DF_TABLE4(2.0),A,SWE,S1,S1,EXC_A,F21,_Z,_Z,XDC_USD,_Z,N,T001,1951,5.17321,,F,6,A,0,SEK
OECD.SDD.NAD:DSD_NAMAIN10@DF_TABLE4(2.0),A,SWE,S1,S1,EXC_A,F21,_Z,_Z,XDC_USD,_Z,N,T001,1952,5.17321,,F,6,A,0,SEK
OECD.SDD.NAD:DSD_NAMAIN10@DF_TABLE4(2.0),A,SWE,S1,S1,EXC_A,F21,_Z,_Z,XDC_USD,_Z,N,T001,1953,5.17321,,F,6,A,0,SEK
OECD.SDD.NAD:DSD_NAMAIN10@DF_TABLE4(2.0),A,SWE,S1,S1,EXC_A,F21,_Z,_Z,XDC_USD,_Z,N,T001,1954,5.17321,,F,6,A,0,SEK
OECD.SDD.NAD:DSD_NAMAIN10@DF_TABLE4(2.0),A,SWE,S1,S1,EXC_A,F21,_Z,_Z,XDC_USD,_Z,N,T001,1955,5.17321,,F,6,A,0,SEK
OECD.SDD.NAD:DSD_NAMAIN10@DF_TABLE4(2.0),A,SWE,S1,S1,EXC_A,F21,_Z,_Z,XDC_USD,_Z,N,T001,1956,5.17321,,F,6,A,0,SEK
OECD.SDD.NAD:DSD_NAMAIN10@DF_TABLE4(2.0),A,SWE,S1,S1,EXC_A,F21,_Z,_Z,XDC_USD,_Z,N,T001,1957,5.17321,,F,6,A,0,SEK
OECD.SDD.NAD:DSD_NAMAIN10@DF_TABLE4(2.0),A,SWE,S1,S1,EXC_A,F21,_Z,_Z,XDC_USD,_Z,N,T001,1958,5.17321,,F,6,A,0,SEK
OECD.SDD.NAD:DSD_NAMAIN10@DF_TABLE4(2.0),A,SWE,S1,S1,EXC_A,F21,_Z,_Z,XDC_USD,_Z,N,T001,1959,5.17321,,F,6,A,0,SEK
OECD.SDD.NAD:DSD_NAMAIN10@DF_TABLE4(2.0),A,SWE,S1,S1,EXC_A,F21,_Z,_Z,XDC_USD,_Z,N,T001,1960,5.17321,,F,6,A,0,SEK
OECD.SDD.NAD:DSD_NAMAIN10@DF_TABLE4(2.0),A,SWE,S1,S1,EXC_A,F21,_Z,_Z,XDC_USD,_Z,N,T001,1961,5.17321,,F,6,A,0,SEK
OECD.SDD.NAD:DSD_NAMAIN10@DF_TABLE4(2.0),A,SWE,S1,S1,EXC_A,F21,_Z,_Z,XDC_USD,_Z,N,T001,1962,5.17321,,F,6,A,0,SEK
OECD.SDD.NAD:DSD_NAMAIN10@DF_TABLE4(2.0),A,SWE,S1,S1,EXC_A,F21,_Z,_Z,XDC_USD,_Z,N,T001,1963,5.17321,,F,6,A,0,SEK
OECD.SDD.NAD:DSD_NAMAIN10@DF_TABLE4(2.0),A,SWE,S1,S1,EXC_A,F21,_Z,_Z,XDC_USD,_Z,N,T001,1964,5.17321,,F,6,A,0,SEK
OECD.SDD.NAD:DSD_NAMAIN10@DF_TABLE4(2.0),A,SWE,S1,S1,EXC_A,F21,_Z,_Z,XDC_USD,_Z,N,T001,1965,5.17321,,F,6,A,0,SEK
OECD.SDD.NAD:DSD_NAMAIN10@DF_TABLE4(2.0),A,SWE,S1,S1,EXC_A,F21,_Z,_Z,XDC_USD,_Z,N,T001,1966,5.17321,,F,6,A,0,SEK
OECD.SDD.NAD:DSD_NAMAIN10@DF_TABLE4(2.0),A,SWE,S1,S1,EXC_A,F21,_Z,_Z,XDC_USD,_Z,N,T001,1967,5.17321,,F,6,A,0,SEK
OECD.SDD.NAD:DSD_NAMAIN10@DF_TABLE4(2.0),A,SWE,S1,S1,EXC_A,F21,_Z,_Z,XDC_USD,_Z,N,T001,1968,5.17321,,F,6,A,0,SEK
OECD.SDD.NAD:DSD_NAMAIN10@DF_TABLE4(2.0),A,SWE,S1,S1,EXC_A,F21,_Z,_Z,XDC_USD,_Z,N,T001,1969,5.17321,,F,6,A,0,SEK
OECD.SDD.NAD:DSD_NAMAIN10@DF_TABLE4(2.0),A,SWE,S1,S1,EXC_A,F21,_Z,_Z,XDC_USD,_Z,N,T001,1970,5.17321,,F,6,A,0,SEK
OECD.SDD.NAD:DSD_NAMAIN10@DF_TABLE4(2.0),A,SWE,S1,S1,EXC_A,F21,_Z,_Z,XDC_USD,_Z,N,T001,1971,5.125905,,F,6,A,0,SEK
OECD.SDD.NAD:DSD_NAMAIN10@DF_TABLE4(2.0),A,SWE,S1,S1,EXC_A,F21,_Z,_Z,XDC_USD,_Z,N,T001,1972,4.762417,,F,6,A,0,SEK
OECD.SDD.NAD:DSD_NAMAIN10@DF_TABLE4(2.0),A,SWE,S1,S1,EXC_A,F21,_Z,_Z,XDC_USD,_Z,N,T001,1973,4.36725,,F,6,A,0,SEK
OECD.SDD.NAD:DSD_NAMAIN10@DF_TABLE4(2.0),A,SWE,S1,S1,EXC_A,F21,_Z,_Z,XDC_USD,_Z,N,T001,1974,4.439425,,F,6,A,0,SEK
OECD.SDD.NAD:DSD_NAMAIN10@DF_TABLE4(2.0),A,SWE,S1,S1,EXC_A,F21,_Z,_Z,XDC_USD,_Z,N,T001,1975,4.152192,,F,6,A,0,SEK
OECD.SDD.NAD:DSD_NAMAIN10@DF_TABLE4(2.0),A,SWE,S1,S1,EXC_A,F21,_Z,_Z,XDC_USD,_Z,N,T001,1976,4.355892,,F,6,A,0,SEK
OECD.SDD.NAD:DSD_NAMAIN10@DF_TABLE4(2.0),A,SWE,S1,S1,EXC_A,F21,_Z,_Z,XDC_USD,_Z,N,T001,1977,4.481642,,F,6,A,0,SEK
OECD.SDD.NAD:DSD_NAMAIN10@DF_TABLE4(2.0),A,SWE,S1,S1,EXC_A,F21,_Z,_Z,XDC_USD,_Z,N,T001,1978,4.518475,,F,6,A,0,SEK
OECD.SDD.NAD:DSD_NAMAIN10@DF_TABLE4(2.0),A,SWE,S1,S1,EXC_A,F21,_Z,_Z,XDC_USD,_Z,N,T001,1979,4.287083,,F,6,A,0,SEK
OECD.SDD.NAD:DSD_NAMAIN10@DF_TABLE4(2.0),A,SWE,S1,S1,EXC_A,F21,_Z,_Z,XDC_USD,_Z,N,T001,1980,4.229575,,F,6,A,0,SEK
OECD.SDD.NAD:DSD_NAMAIN10@DF_TABLE4(2.0),A,SWE,S1,S1,EXC_A,F21,_Z,_Z,XDC_USD,_Z,N,T001,1981,5.063442,,F,6,A,0,SEK
OECD.SDD.NAD:DSD_NAMAIN10@DF_TABLE4(2.0),A,SWE,S1,S1,EXC_A,F21,_Z,_Z,XDC_USD,_Z,N,T001,1982,6.282608,,F,6,A,0,SEK
OECD.SDD.NAD:DSD_NAMAIN10@DF_TABLE4(2.0),A,SWE,S1,S1,EXC_A,F21,_Z,_Z,XDC_USD,_Z,N,T001,1983,7.667108,,F,6,A,0,SEK
OECD.SDD.NAD:DSD_NAMAIN10@DF_TABLE4(2.0),A,SWE,S1,S1,EXC_A,F21,_Z,_Z,XDC_USD,_Z,N,T001,1984,8.2718,,F,6,A,0,SEK
OECD.SDD.NAD:DSD_NAMAIN10@DF_TABLE4(2.0),A,SWE,S1,S1,EXC_A,F21,_Z,_Z,XDC_USD,_Z,N,T001,1985,8.603925,,F,6,A,0,SEK
OECD.SDD.NAD:DSD_NAMAIN10@DF_TABLE4(2.0),A,SWE,S1,S1,EXC_A,F21,_Z,_Z,XDC_USD,_Z,N,T001,1986,7.123583,,F,6,A,0,SEK
OECD.SDD.NAD:DSD_NAMAIN10@DF_TABLE4(2.0),A,SWE,S1,S1,EXC_A,F21,_Z,_Z,XDC_USD,_Z,N,T001,1987,6.340442,,F,6,A,0,SEK
OECD.SDD.NAD:DSD_NAMAIN10@DF_TABLE4(2.0),A,SWE,S1,S1,EXC_A,F21,_Z,_Z,XDC_USD,_Z,N,T001,1988,6.12715,,F,6,A,0,SEK
OECD.SDD.NAD:DSD_NAMAIN10@DF_TABLE4(2.0),A,SWE,S1,S1,EXC_A,F21,_Z,_Z,XDC_USD,_Z,N,T001,1989,6.446876,,F,6,A,0,SEK
OECD.SDD.NAD:DSD_NAMAIN10@DF_TABLE4(2.0),A,SWE,S1,S1,EXC_A,F21,_Z,_Z,XDC_USD,_Z,N,T001,1990,5.91879,,F,6,A,0,SEK
OECD.SDD.NAD:DSD_NAMAIN10@DF_TABLE4(2.0),A,SWE,S1,S1,EXC_A,F21,_Z,_Z,XDC_USD,_Z,N,T001,1991,6.047467,,F,6,A,0,SEK
OECD.SDD.NAD:DSD_NAMAIN10@DF_TABLE4(2.0),A,SWE,S1,S1,EXC_A,F21,_Z,_Z,XDC_USD,_Z,N,T001,1992,5.823833,,F,6,A,0,SEK
OECD.SDD.NAD:DSD_NAMAIN10@DF_TABLE4(2.0),A,SWE,S1,S1,EXC_A,F21,_Z,_Z,XDC_USD,_Z,N,T001,1993,7.783427,,F,6,A,0,SEK
OECD.SDD.NAD:DSD_NAMAIN10@DF_TABLE4(2.0),A,SWE,S1,S1,EXC_A,F21,_Z,_Z,XDC_USD,_Z,N,T001,1994,7.71597,,F,6,A,0,SEK
OECD.SDD.NAD:DSD_NAMAIN10@DF_TABLE4(2.0),A,SWE,S1,S1,EXC_A,F21,_Z,_Z,XDC_USD,_Z,N,T001,1995,7.133268,,F,6,A,0,SEK
OECD.SDD.NAD:DSD_NAMAIN10@DF_TABLE4(2.0),A,SWE,S1,S1,EXC_A,F21,_Z,_Z,XDC_USD,_Z,N,T001,1996,6.705956,,F,6,A,0,SEK
OECD.SDD.NAD:DSD_NAMAIN10@DF_TABLE4(2.0),A,SWE,S1,S1,EXC_A,F21,_Z,_Z,XDC_USD,_Z,N,T001,1997,7.634894,,F,6,A,0,SEK
OECD.SDD.NAD:DSD_NAMAIN10@DF_TABLE4(2.0),A,SWE,S1,S1,EXC_A,F21,_Z,_Z,XDC_USD,_Z,N,T001,1998,7.949868,,F,6,A,0,SEK
OECD.SDD.NAD:DSD_NAMAIN10@DF_TABLE4(2.0),A,SWE,S1,S1,EXC_A,F21,_Z,_Z,XDC_USD,_Z,N,T001,1999,8.262428,,F,6,A,0,SEK
OECD.SDD.NAD:DSD_NAMAIN10@DF_TABLE4(2.0),A,SWE,S1,S1,EXC_A,F21,_Z,_Z,XDC_USD,_Z,N,T001,2000,9.162244,,F,6,A,0,SEK
OECD.SDD.NAD:DSD_NAMAIN10@DF_TABLE4(2.0),A,SWE,S1,S1,EXC_A,F21,_Z,_Z,XDC_USD,_Z,N,T001,2001,10.329136,,F,6,A,0,SEK
OECD.SDD.NAD:DSD_NAMAIN10@DF_TABLE4(2.0),A,SWE,S1,S1,EXC_A,F21,_Z,_Z,XDC_USD,_Z,N,T001,2002,9.737123,,F,6,A,0,SEK
OECD.SDD.NAD:DSD_NAMAIN10@DF_TABLE4(2.0),A,SWE,S1,S1,EXC_A,F21,_Z,_Z,XDC_USD,_Z,N,T001,2003,8.086304,,F,6,A,0,SEK
OECD.SDD.NAD:DSD_NAMAIN10@DF_TABLE4(2.0),A,SWE,S1,S1,EXC_A,F21,_Z,_Z,XDC_USD,_Z,N,T001,2004,7.348887,,F,6,A,0,SEK
OECD.SDD.NAD:DSD_NAMAIN10@DF_TABLE4(2.0),A,SWE,S1,S1,EXC_A,F21,_Z,_Z,XDC_USD,_Z,N,T001,2005,7.473088,,F,6,A,0,SEK
OECD.SDD.NAD:DSD_NAMAIN10@DF_TABLE4(2.0),A,SWE,S1,S1,EXC_A,F21,_Z,_Z,XDC_USD,_Z,N,T001,2006,7.378249,,F,6,A,0,SEK
OECD.SDD.NAD:DSD_NAMAIN10@DF_TABLE4(2.0),A,SWE,S1,S1,EXC_A,F21,_Z,_Z,XDC_USD,_Z,N,T001,2007,6.75877,,F,6,A,0,SEK
OECD.SDD.NAD:DSD_NAMAIN10@DF_TABLE4(2.0),A,SWE,S1,S1,EXC_A,F21,_Z,_Z,XDC_USD,_Z,N,T001,2008,6.591099,,F,6,A,0,SEK
OECD.SDD.NAD:DSD_NAMAIN10@DF_TABLE4(2.0),A,SWE,S1,S1,EXC_A,F21,_Z,_Z,XDC_USD,_Z,N,T001,2009,7.653819,,F,6,A,0,SEK
OECD.SDD.NAD:DSD_NAMAIN10@DF_TABLE4(2.0),A,SWE,S1,S1,EXC_A,F21,_Z,_Z,XDC_USD,_Z,N,T001,2010,7.207524,,F,6,A,0,SEK
OECD.SDD.NAD:DSD_NAMAIN10@DF_TABLE4(2.0),A,SWE,S1,S1,EXC_A,F21,_Z,_Z,XDC_USD,_Z,N,T001,2011,6.493543,,F,6,A,0,SEK
OECD.SDD.NAD:DSD_NAMAIN10@DF_TABLE4(2.0),A,SWE,S1,S1,EXC_A,F21,_Z,_Z,XDC_USD,_Z,N,T001,2012,6.775016,,F,6,A,0,SEK
OECD.SDD.NAD:DSD_NAMAIN10@DF_TABLE4(2.0),A,SWE,S1,S1,EXC_A,F21,_Z,_Z,XDC_USD,_Z,N,T001,2013,6.513972,,F,6,A,0,SEK
OECD.SDD.NAD:DSD_NAMAIN10@DF_TABLE4(2.0),A,SWE,S1,S1,EXC_A,F21,_Z,_Z,XDC_USD,_Z,N,T001,2014,6.860785,,F,6,A,0,SEK
OECD.SDD.NAD:DSD_NAMAIN10@DF_TABLE4(2.0),A,SWE,S1,S1,EXC_A,F21,_Z,_Z,XDC_USD,_Z,N,T001,2015,8.434841,,F,6,A,0,SEK
OECD.SDD.NAD:DSD_NAMAIN10@DF_TABLE4(2.0),A,SWE,S1,S1,EXC_A,F21,_Z,_Z,XDC_USD,_Z,N,T001,2016,8.561992,,F,6,A,0,SEK
OECD.SDD.NAD:DSD_NAMAIN10@DF_TABLE4(2.0),A,SWE,S1,S1,EXC_A,F21,_Z,_Z,XDC_USD,_Z,N,T001,2017,8.548861,,F,6,A,0,SEK
OECD.SDD.NAD:DSD_NAMAIN10@DF_TABLE4(2.0),A,SWE,S1,S1,EXC_A,F21,_Z,_Z,XDC_USD,_Z,N,T001,2018,8.692518,,F,6,A,0,SEK
OECD.SDD.NAD:DSD_NAMAIN10@DF_TABLE4(2.0),A,SWE,S1,S1,EXC_A,F21,_Z,_Z,XDC_USD,_Z,N,T001,2019,9.458349,,F,6,A,0,SEK
OECD.SDD.NAD:DSD_NAMAIN10@DF_TABLE4(2.0),A,SWE,S1,S1,EXC_A,F21,_Z,_Z,XDC_USD,_Z,N,T001,2020,9.210309,,F,6,A,0,SEK
OECD.SDD.NAD:DSD_NAMAIN10@DF_TABLE4(2.0),A,SWE,S1,S1,EXC_A,F21,_Z,_Z,XDC_USD,_Z,N,T001,2021,8.576567,,F,6,A,0,SEK
OECD.SDD.NAD:DSD_NAMAIN10@DF_TABLE4(2.0),A,SWE,S1,S1,EXC_A,F21,_Z,_Z,XDC_USD,_Z,N,T001,2022,10.114251,,F,6,A,0,SEK
OECD.SDD.NAD:DSD_NAMAIN10@DF_TABLE4(2.0),A,SWE,S1,S1,EXC_A,F21,_Z,_Z,XDC_USD,_Z,N,T001,2023,10.610161,,F,6,A,0,SEK
OECD.SDD.NAD:DSD_NAMAIN10@DF_TABLE4(2.0),A,GBR,S1,S1,EXC_A,F21,_Z,_Z,XDC_USD,_Z,N,T001,1950,0.357143,,F,6,A,0,GBP
OECD.SDD.NAD:DSD_NAMAIN10@DF_TABLE4(2.0),A,GBR,S1,S1,EXC_A,F21,_Z,_Z,XDC_USD,_Z,N,T001,1951,0.357143,,F,6,A,0,GBP
OECD.SDD.NAD:DSD_NAMAIN10@DF_TABLE4(2.0),A,GBR,S1,S1,EXC_A,F21,_Z,_Z,XDC_USD,_Z,N,T001,1952,0.357143,,F,6,A,0,GBP
OECD.SDD.NAD:DSD_NAMAIN10@DF_TABLE4(2.0),A,GBR,S1,S1,EXC_A,F21,_Z,_Z,XDC_USD,_Z,N,T001,1953,0.357143,,F,6,A,0,GBP
OECD.SDD.NAD:DSD_NAMAIN10@DF_TABLE4(2.0),A,GBR,S1,S1,EXC_A,F21,_Z,_Z,XDC_USD,_Z,N,T001,1954,0.357143,,F,6,A,0,GBP
OECD.SDD.NAD:DSD_NAMAIN10@DF_TABLE4(2.0),A,GBR,S1,S1,EXC_A,F21,_Z,_Z,XDC_USD,_Z,N,T001,1955,0.357143,,F,6,A,0,GBP
OECD.SDD.NAD:DSD_NAMAIN10@DF_TABLE4(2.0),A,GBR,S1,S1,EXC_A,F21,_Z,_Z,XDC_USD,_Z,N,T001,1956,0.357143,,F,6,A,0,GBP
OECD.SDD.NAD:DSD_NAMAIN10@DF_TABLE4(2.0),A,GBR,S1,S1,EXC_A,F21,_Z,_Z,XDC_USD,_Z,N,T001,1957,0.357143,,F,6,A,0,GBP
OECD.SDD.NAD:DSD_NAMAIN10@DF_TABLE4(2.0),A,GBR,S1,S1,EXC_A,F21,_Z,_Z,XDC_USD,_Z,N,T001,1958,0.357143,,F,6,A,0,GBP
OECD.SDD.NAD:DSD_NAMAIN10@DF_TABLE4(2.0),A,GBR,S1,S1,EXC_A,F21,_Z,_Z,XDC_USD,_Z,N,T001,1959,0.357143,,F,6,A,0,GBP
OECD.SDD.NAD:DSD_NAMAIN10@DF_TABLE4(2.0),A,GBR,S1,S1,EXC_A,F21,_Z,_Z,XDC_USD,_Z,N,T001,1960,0.357143,,F,6,A,0,GBP
OECD.SDD.NAD:DSD_NAMAIN10@DF_TABLE4(2.0),A,GBR,S1,S1,EXC_A,F21,_Z,_Z,XDC_USD,_Z,N,T001,1961,0.357143,,F,6,A,0,GBP
OECD.SDD.NAD:DSD_NAMAIN10@DF_TABLE4(2.0),A,GBR,S1,S1,EXC_A,F21,_Z,_Z,XDC_USD,_Z,N,T001,1962,0.357143,,F,6,A,0,GBP
OECD.SDD.NAD:DSD_NAMAIN10@DF_TABLE4(2.0),A,GBR,S1,S1,EXC_A,F21,_Z,_Z,XDC_USD,_Z,N,T001,1963,0.357143,,F,6,A,0,GBP
OECD.SDD.NAD:DSD_NAMAIN10@DF_TABLE4(2.0),A,GBR,S1,S1,EXC_A,F21,_Z,_Z,XDC_USD,_Z,N,T001,1964,0.357143,,F,6,A,0,GBP
OECD.SDD.NAD:DSD_NAMAIN10@DF_TABLE4(2.0),A,GBR,S1,S1,EXC_A,F21,_Z,_Z,XDC_USD,_Z,N,T001,1965,0.357143,,F,6,A,0,GBP
OECD.SDD.NAD:DSD_NAMAIN10@DF_TABLE4(2.0),A,GBR,S1,S1,EXC_A,F21,_Z,_Z,XDC_USD,_Z,N,T001,1966,0.357143,,F,6,A,0,GBP
OECD.SDD.NAD:DSD_NAMAIN10@DF_TABLE4(2.0),A,GBR,S1,S1,EXC_A,F21,_Z,_Z,XDC_USD,_Z,N,T001,1967,0.362103,,F,6,A,0,GBP
OECD.SDD.NAD:DSD_NAMAIN10@DF_TABLE4(2.0),A,GBR,S1,S1,EXC_A,F21,_Z,_Z,XDC_USD,_Z,N,T001,1968,0.416667,,F,6,A,0,GBP
OECD.SDD.NAD:DSD_NAMAIN10@DF_TABLE4(2.0),A,GBR,S1,S1,EXC_A,F21,_Z,_Z,XDC_USD,_Z,N,T001,1969,0.416667,,F,6,A,0,GBP
OECD.SDD.NAD:DSD_NAMAIN10@DF_TABLE4(2.0),A,GBR,S1,S1,EXC_A,F21,_Z,_Z,XDC_USD,_Z,N,T001,1970,0.416667,,F,6,A,0,GBP
OECD.SDD.NAD:DSD_NAMAIN10@DF_TABLE4(2.0),A,GBR,S1,S1,EXC_A,F21,_Z,_Z,XDC_USD,_Z,N,T001,1971,0.41092,,F,6,A,0,GBP
OECD.SDD.NAD:DSD_NAMAIN10@DF_TABLE4(2.0),A,GBR,S1,S1,EXC_A,F21,_Z,_Z,XDC_USD,_Z,N,T001,1972,0.40039,,F,6,A,0,GBP
OECD.SDD.NAD:DSD_NAMAIN10@DF_TABLE4(2.0),A,GBR,S1,S1,EXC_A,F21,_Z,_Z,XDC_USD,_Z,N,T001,1973,0.408171,,F,6,A,0,GBP
OECD.SDD.NAD:DSD_NAMAIN10@DF_TABLE4(2.0),A,GBR,S1,S1,EXC_A,F21,_Z,_Z,XDC_USD,_Z,N,T001,1974,0.427756,,F,6,A,0,GBP
OECD.SDD.NAD:DSD_NAMAIN10@DF_TABLE4(2.0),A,GBR,S1,S1,EXC_A,F21,_Z,_Z,XDC_USD,_Z,N,T001,1975,0.452041,,F,6,A,0,GBP
OECD.SDD.NAD:DSD_NAMAIN10@DF_TABLE4(2.0),A,GBR,S1,S1,EXC_A,F21,_Z,_Z,XDC_USD,_Z,N,T001,1976,0.55651,,F,6,A,0,GBP
OECD.SDD.NAD:DSD_NAMAIN10@DF_TABLE4(2.0),A,GBR,S1,S1,EXC_A,F21,_Z,_Z,XDC_USD,_Z,N,T001,1977,0.573272,,F,6,A,0,GBP
OECD.SDD.NAD:DSD_NAMAIN10@DF_TABLE4(2.0),A,GBR,S1,S1,EXC_A,F21,_Z,_Z,XDC_USD,_Z,N,T001,1978,0.521505,,F,6,A,0,GBP
OECD.SDD.NAD:DSD_NAMAIN10@DF_TABLE4(2.0),A,GBR,S1,S1,EXC_A,F21,_Z,_Z,XDC_USD,_Z,N,T001,1979,0.472181,,F,6,A,0,GBP
OECD.SDD.NAD:DSD_NAMAIN10@DF_TABLE4(2.0),A,GBR,S1,S1,EXC_A,F21,_Z,_Z,XDC_USD,_Z,N,T001,1980,0.430295,,F,6,A,0,GBP
OECD.SDD.NAD:DSD_NAMAIN10@DF_TABLE4(2.0),A,GBR,S1,S1,EXC_A,F21,_Z,_Z,XDC_USD,_Z,N,T001,1981,0.497641,,F,6,A,0,GBP
OECD.SDD.NAD:DSD_NAMAIN10@DF_TABLE4(2.0),A,GBR,S1,S1,EXC_A,F21,_Z,_Z,XDC_USD,_Z,N,T001,1982,0.572447,,F,6,A,0,GBP
OECD.SDD.NAD:DSD_NAMAIN10@DF_TABLE4(2.0),A,GBR,S1,S1,EXC_A,F21,_Z,_Z,XDC_USD,_Z,N,T001,1983,0.659725,,F,6,A,0,GBP
OECD.SDD.NAD:DSD_NAMAIN10@DF_TABLE4(2.0),A,GBR,S1,S1,EXC_A,F21,_Z,_Z,XDC_USD,_Z,N,T001,1984,0.751807,,F,6,A,0,GBP
OECD.SDD.NAD:DSD_NAMAIN10@DF_TABLE4(2.0),A,GBR,S1,S1,EXC_A,F21,_Z,_Z,XDC_USD,_Z,N,T001,1985,0.779246,,F,6,A,0,GBP
OECD.SDD.NAD:DSD_NAMAIN10@DF_TABLE4(2.0),A,GBR,S1,S1,EXC_A,F21,_Z,_Z,XDC_USD,_Z,N,T001,1986,0.682197,,F,6,A,0,GBP
OECD.SDD.NAD:DSD_NAMAIN10@DF_TABLE4(2.0),A,GBR,S1,S1,EXC_A,F21,_Z,_Z,XDC_USD,_Z,N,T001,1987,0.611927,,F,6,A,0,GBP
OECD.SDD.NAD:DSD_NAMAIN10@DF_TABLE4(2.0),A,GBR,S1,S1,EXC_A,F21,_Z,_Z,XDC_USD,_Z,N,T001,1988,0.56217,,F,6,A,0,GBP
OECD.SDD.NAD:DSD_NAMAIN10@DF_TABLE4(2.0),A,GBR,S1,S1,EXC_A,F21,_Z,_Z,XDC_USD,_Z,N,T001,1989,0.611173,,F,6,A,0,GBP
OECD.SDD.NAD:DSD_NAMAIN10@DF_TABLE4(2.0),A,GBR,S1,S1,EXC_A,F21,_Z,_Z,XDC_USD,_Z,N,T001,1990,0.563177,,F,6,A,0,GBP
OECD.SDD.NAD:DSD_NAMAIN10@DF_TABLE4(2.0),A,GBR,S1,S1,EXC_A,F21,_Z,_Z,XDC_USD,_Z,N,T001,1991,0.567015,,F,6,A,0,GBP
OECD.SDD.NAD:DSD_NAMAIN10@DF_TABLE4(2.0),A,GBR,S1,S1,EXC_A,F21,_Z,_Z,XDC_USD,_Z,N,T001,1992,0.569774,,F,6,A,0,GBP
OECD.SDD.NAD:DSD_NAMAIN10@DF_TABLE4(2.0),A,GBR,S1,S1,EXC_A,F21,_Z,_Z,XDC_USD,_Z,N,T001,1993,0.666757,,F,6,A,0,GBP
OECD.SDD.NAD:DSD_NAMAIN10@DF_TABLE4(2.0),A,GBR,S1,S1,EXC_A,F21,_Z,_Z,XDC_USD,_Z,N,T001,1994,0.653427,,F,6,A,0,GBP
OECD.SDD.NAD:DSD_NAMAIN10@DF_TABLE4(2.0),A,GBR,S1,S1,EXC_A,F21,_Z,_Z,XDC_USD,_Z,N,T001,1995,0.633668,,F,6,A,0,GBP
OECD.SDD.NAD:DSD_NAMAIN10@DF_TABLE4(2.0),A,GBR,S1,S1,EXC_A,F21,_Z,_Z,XDC_USD,_Z,N,T001,1996,0.640958,,F,6,A,0,GBP
OECD.SDD.NAD:DSD_NAMAIN10@DF_TABLE4(2.0),A,GBR,S1,S1,EXC_A,F21,_Z,_Z,XDC_USD,_Z,N,T001,1997,0.610836,,F,6,A,0,GBP
OECD.SDD.NAD:DSD_NAMAIN10@DF_TABLE4(2.0),A,GBR,S1,S1,EXC_A,F21,_Z,_Z,XDC_USD,_Z,N,T001,1998,0.603824,,F,6,A,0,GBP
OECD.SDD.NAD:DSD_NAMAIN10@DF_TABLE4(2.0),A,GBR,S1,S1,EXC_A,F21,_Z,_Z,XDC_USD,_Z,N,T001,1999,0.618057,,F,6,A,0,GBP
OECD.SDD.NAD:DSD_NAMAIN10@DF_TABLE4(2.0),A,GBR,S1,S1,EXC_A,F21,_Z,_Z,XDC_USD,_Z,N,T001,2000,0.660931,,F,6,A,0,GBP
OECD.SDD.NAD:DSD_NAMAIN10@DF_TABLE4(2.0),A,GBR,S1,S1,EXC_A,F21,_Z,_Z,XDC_USD,_Z,N,T001,2001,0.694655,,F,6,A,0,GBP
OECD.SDD.NAD:DSD_NAMAIN10@DF_TABLE4(2.0),A,GBR,S1,S1,EXC_A,F21,_Z,_Z,XDC_USD,_Z,N,T001,2002,0.667223,,F,6,A,0,GBP
OECD.SDD.NAD:DSD_NAMAIN10@DF_TABLE4(2.0),A,GBR,S1,S1,EXC_A,F21,_Z,_Z,XDC_USD,_Z,N,T001,2003,0.612472,,F,6,A,0,GBP
OECD.SDD.NAD:DSD_NAMAIN10@DF_TABLE4(2.0),A,GBR,S1,S1,EXC_A,F21,_Z,_Z,XDC_USD,_Z,N,T001,2004,0.54618,,F,6,A,0,GBP
OECD.SDD.NAD:DSD_NAMAIN10@DF_TABLE4(2.0),A,GBR,S1,S1,EXC_A,F21,_Z,_Z,XDC_USD,_Z,N,T001,2005,0.549998,,F,6,A,0,GBP
OECD.SDD.NAD:DSD_NAMAIN10@DF_TABLE4(2.0),A,GBR,S1,S1,EXC_A,F21,_Z,_Z,XDC_USD,_Z,N,T001,2006,0.543487,,F,6,A,0,GBP
OECD.SDD.NAD:DSD_NAMAIN10@DF_TABLE4(2.0),A,GBR,S1,S1,EXC_A,F21,_Z,_Z,XDC_USD,_Z,N,T001,2007,0.499772,,F,6,A,0,GBP
OECD.SDD.NAD:DSD_NAMAIN10@DF_TABLE4(2.0),A,GBR,S1,S1,EXC_A,F21,_Z,_Z,XDC_USD,_Z,N,T001,2008,0.543966,,F,6,A,0,GBP
OECD.SDD.NAD:DSD_NAMAIN10@DF_TABLE4(2.0),A,GBR,S1,S1,EXC_A,F21,_Z,_Z,XDC_USD,_Z,N,T001,2009,0.641919,,F,6,A,0,GBP
OECD.SDD.NAD:DSD_NAMAIN10@DF_TABLE4(2.0),A,GBR,S1,S1,EXC_A,F21,_Z,_Z,XDC_USD,_Z,N,T001,2010,0.647179,,F,6,A,0,GBP
OECD.SDD.NAD:DSD_NAMAIN10@DF_TABLE4(2.0),A,GBR,S1,S1,EXC_A,F21,_Z,_Z,XDC_USD,_Z,N,T001,2011,0.624141,,F,6,A,0,GBP
OECD.SDD.NAD:DSD_NAMAIN10@DF_TABLE4(2.0),A,GBR,S1,S1,EXC_A,F21,_Z,_Z,XDC_USD,_Z,N,T001,2012,0.633047,,F,6,A,0,GBP
OECD.SDD.NAD:DSD_NAMAIN10@DF_TABLE4(2.0),A,GBR,S1,S1,EXC_A,F21,_Z,_Z,XDC_USD,_Z,N,T001,2013,0.639661,,F,6,A,0,GBP
OECD.SDD.NAD:DSD_NAMAIN10@DF_TABLE4(2.0),A,GBR,S1,S1,EXC_A,F21,_Z,_Z,XDC_USD,_Z,N,T001,2014,0.60773,,F,6,A,0,GBP
OECD.SDD.NAD:DSD_NAMAIN10@DF_TABLE4(2.0),A,GBR,S1,S1,EXC_A,F21,_Z,_Z,XDC_USD,_Z,N,T001,2015,0.654545,,F,6,A,0,GBP
OECD.SDD.NAD:DSD_NAMAIN10@DF_TABLE4(2.0),A,GBR,S1,S1,EXC_A,F21,_Z,_Z,XDC_USD,_Z,N,T001,2016,0.740634,,F,6,A,0,GBP
OECD.SDD.NAD:DSD_NAMAIN10@DF_TABLE4(2.0),A,GBR,S1,S1,EXC_A,F21,_Z,_Z,XDC_USD,_Z,N,T001,2017,0.776977,,F,6,A,0,GBP
OECD.SDD.NAD:DSD_NAMAIN10@DF_TABLE4(2.0),A,GBR,S1,S1,EXC_A,F21,_Z,_Z,XDC_USD,_Z,N,T001,2018,0.749532,,F,6,A,0,GBP
OECD.SDD.NAD:DSD_NAMAIN10@DF_TABLE4(2.0),A,GBR,S1,S1,EXC_A,F21,_Z,_Z,XDC_USD,_Z,N,T001,2019,0.783445,,F,6,A,0,GBP
OECD.SDD.NAD:DSD_NAMAIN10@DF_TABLE4(2.0),A,GBR,S1,S1,EXC_A,F21,_Z,_Z,XDC_USD,_Z,N,T001,2020,0.78,,F,6,A,0,GBP
OECD.SDD.NAD:DSD_NAMAIN10@DF_TABLE4(2.0),A,GBR,S1,S1,EXC_A,F21,_Z,_Z,XDC_USD,_Z,N,T001,2021,0.727065,,F,6,A,0,GBP
OECD.SDD.NAD:DSD_NAMAIN10@DF_TABLE4(2.0),A,GBR,S1,S1,EXC_A,F21,_Z,_Z,XDC_USD,_Z,N,T001,2022,0.811302,,F,6,A,0,GBP
OECD.SDD.NAD:DSD_NAMAIN10@DF_TABLE4(2.0),A,GBR,S1,S1,EXC_A,F21,_Z,_Z,XDC_USD,_Z,N,T001,2023,0.804539,,F,6,A,0,GBP
OECD.SDD.NAD:DSD_NAMAIN10@DF_TABLE4(2.0),A,CMR,S1,S1,EXC_A,F21,_Z,_Z,XDC_USD,_Z,N,T001,1950,174.840667,,F,6,A,0,XAF
OECD.SDD.NAD:DSD_NAMAIN10@DF_TABLE4(2.0),A,CMR,S1,S1,EXC_A,F21,_Z,_Z,XDC_USD,_Z,N,T001,1951,174.980667,,F,6,A,0,XAF
OECD.SDD.NAD:DSD_NAMAIN10@DF_TABLE4(2.0),A,CMR,S1,S1,EXC_A,F21,_Z,_Z,XDC_USD,_Z,N,T001,1952,174.985667,,F,6,A,0,XAF
OECD.SDD.NAD:DSD_NAMAIN10@DF_TABLE4(2.0),A,CMR,S1,S1,EXC_A,F21,_Z,_Z,XDC_USD,_Z,N,T001,1953,174.980667,,F,6,A,0,XAF
OECD.SDD.NAD:DSD_NAMAIN10@DF_TABLE4(2.0),A,CMR,S1,S1,EXC_A,F21,_Z,_Z,XDC_USD,_Z,N,T001,1954,174.985667,,F,6,A,0,XAF
OECD.SDD.NAD:DSD_NAMAIN10@DF_TABLE4(2.0),A,CMR,S1,S1,EXC_A,F21,_Z,_Z,XDC_USD,_Z,N,T001,1955,174.985667,,F,6,A,0,XAF
OECD.SDD.NAD:DSD_NAMAIN10@DF_TABLE4(2.0),A,CMR,S1,S1,EXC_A,F21,_Z,_Z,XDC_USD,_Z,N,T001,1956,174.895667,,F,6,A,0,XAF
OECD.SDD.NAD:DSD_NAMAIN10@DF_TABLE4(2.0),A,CMR,S1,S1,EXC_A,F21,_Z,_Z,XDC_USD,_Z,N,T001,1957,180.821106,,F,6,A,0,XAF
OECD.SDD.NAD:DSD_NAMAIN10@DF_TABLE4(2.0),A,CMR,S1,S1,EXC_A,F21,_Z,_Z,XDC_USD,_Z,N,T001,1958,210.238718,,F,6,A,0,XAF
OECD.SDD.NAD:DSD_NAMAIN10@DF_TABLE4(2.0),A,CMR,S1,S1,EXC_A,F21,_Z,_Z,XDC_USD,_Z,N,T001,1959,245.213435,,F,6,A,0,XAF
OECD.SDD.NAD:DSD_NAMAIN10@DF_TABLE4(2.0),A,CMR,S1,S1,EXC_A,F21,_Z,_Z,XDC_USD,_Z,N,T001,1960,245.195101,,F,6,A,0,XAF
OECD.SDD.NAD:DSD_NAMAIN10@DF_TABLE4(2.0),A,CMR,S1,S1,EXC_A,F21,_Z,_Z,XDC_USD,_Z,N,T001,1961,245.260102,,F,6,A,0,XAF
OECD.SDD.NAD:DSD_NAMAIN10@DF_TABLE4(2.0),A,CMR,S1,S1,EXC_A,F21,_Z,_Z,XDC_USD,_Z,N,T001,1962,245.013851,,F,6,A,0,XAF
OECD.SDD.NAD:DSD_NAMAIN10@DF_TABLE4(2.0),A,CMR,S1,S1,EXC_A,F21,_Z,_Z,XDC_USD,_Z,N,T001,1963,245.016351,,F,6,A,0,XAF
OECD.SDD.NAD:DSD_NAMAIN10@DF_TABLE4(2.0),A,CMR,S1,S1,EXC_A,F21,_Z,_Z,XDC_USD,_Z,N,T001,1964,245.027184,,F,6,A,0,XAF
OECD.SDD.NAD:DSD_NAMAIN10@DF_TABLE4(2.0),A,CMR,S1,S1,EXC_A,F21,_Z,_Z,XDC_USD,_Z,N,T001,1965,245.060934,,F,6,A,0,XAF
OECD.SDD.NAD:DSD_NAMAIN10@DF_TABLE4(2.0),A,CMR,S1,S1,EXC_A,F21,_Z,_Z,XDC_USD,_Z,N,T001,1966,245.678437,,F,6,A,0,XAF
OECD.SDD.NAD:DSD_NAMAIN10@DF_TABLE4(2.0),A,CMR,S1,S1,EXC_A,F21,_Z,_Z,XDC_USD,_Z,N,T001,1967,246.000938,,F,6,A,0,XAF
OECD.SDD.NAD:DSD_NAMAIN10@DF_TABLE4(2.0),A,CMR,S1,S1,EXC_A,F21,_Z,_Z,XDC_USD,_Z,N,T001,1968,247.564694,,F,6,A,0,XAF
OECD.SDD.NAD:DSD_NAMAIN10@DF_TABLE4(2.0),A,CMR,S1,S1,EXC_A,F21,_Z,_Z,XDC_USD,_Z,N,T001,1969,259.960574,,F,6,A,0,XAF
OECD.SDD.NAD:DSD_NAMAIN10@DF_TABLE4(2.0),A,CMR,S1,S1,EXC_A,F21,_Z,_Z,XDC_USD,_Z,N,T001,1970,276.403137,,F,6,A,0,XAF
OECD.SDD.NAD:DSD_NAMAIN10@DF_TABLE4(2.0),A,CMR,S1,S1,EXC_A,F21,_Z,_Z,XDC_USD,_Z,N,T001,1971,275.356457,,F,6,A,0,XAF
OECD.SDD.NAD:DSD_NAMAIN10@DF_TABLE4(2.0),A,CMR,S1,S1,EXC_A,F21,_Z,_Z,XDC_USD,_Z,N,T001,1972,252.027627,,F,6,A,0,XAF
OECD.SDD.NAD:DSD_NAMAIN10@DF_TABLE4(2.0),A,CMR,S1,S1,EXC_A,F21,_Z,_Z,XDC_USD,_Z,N,T001,1973,222.889183,,F,6,A,0,XAF
OECD.SDD.NAD:DSD_NAMAIN10@DF_TABLE4(2.0),A,CMR,S1,S1,EXC_A,F21,_Z,_Z,XDC_USD,_Z,N,T001,1974,240.704668,,F,6,A,0,XAF
OECD.SDD.NAD:DSD_NAMAIN10@DF_TABLE4(2.0),A,CMR,S1,S1,EXC_A,F21,_Z,_Z,XDC_USD,_Z,N,T001,1975,214.3129,,F,6,A,0,XAF
OECD.SDD.NAD:DSD_NAMAIN10@DF_TABLE4(2.0),A,CMR,S1,S1,EXC_A,F21,_Z,_Z,XDC_USD,_Z,N,T001,1976,238.950494,,F,6,A,0,XAF
OECD.SDD.NAD:DSD_NAMAIN10@DF_TABLE4(2.0),A,CMR,S1,S1,EXC_A,F21,_Z,_Z,XDC_USD,_Z,N,T001,1977,245.679687,,F,6,A,0,XAF
OECD.SDD.NAD:DSD_NAMAIN10@DF_TABLE4(2.0),A,CMR,S1,S1,EXC_A,F21,_Z,_Z,XDC_USD,_Z,N,T001,1978,225.65586,,F,6,A,0,XAF
OECD.SDD.NAD:DSD_NAMAIN10@DF_TABLE4(2.0),A,CMR,S1,S1,EXC_A,F21,_Z,_Z,XDC_USD,_Z,N,T001,1979,212.721644,,F,6,A,0,XAF
OECD.SDD.NAD:DSD_NAMAIN10@DF_TABLE4(2.0),A,CMR,S1,S1,EXC_A,F21,_Z,_Z,XDC_USD,_Z,N,T001,1980,211.279555,,F,6,A,0,XAF
OECD.SDD.NAD:DSD_NAMAIN10@DF_TABLE4(2.0),A,CMR,S1,S1,EXC_A,F21,_Z,_Z,XDC_USD,_Z,N,T001,1981,271.731453,,F,6,A,0,XAF
OECD.SDD.NAD:DSD_NAMAIN10@DF_TABLE4(2.0),A,CMR,S1,S1,EXC_A,F21,_Z,_Z,XDC_USD,_Z,N,T001,1982,328.606253,,F,6,A,0,XAF
OECD.SDD.NAD:DSD_NAMAIN10@DF_TABLE4(2.0),A,CMR,S1,S1,EXC_A,F21,_Z,_Z,XDC_USD,_Z,N,T001,1983,381.066036,,F,6,A,0,XAF
OECD.SDD.NAD:DSD_NAMAIN10@DF_TABLE4(2.0),A,CMR,S1,S1,EXC_A,F21,_Z,_Z,XDC_USD,_Z,N,T001,1984,436.956666,,F,6,A,0,XAF
OECD.SDD.NAD:DSD_NAMAIN10@DF_TABLE4(2.0),A,CMR,S1,S1,EXC_A,F21,_Z,_Z,XDC_USD,_Z,N,T001,1985,449.262963,,F,6,A,0,XAF
OECD.SDD.NAD:DSD_NAMAIN10@DF_TABLE4(2.0),A,CMR,S1,S1,EXC_A,F21,_Z,_Z,XDC_USD,_Z,N,T001,1986,346.305904,,F,6,A,0,XAF
OECD.SDD.NAD:DSD_NAMAIN10@DF_TABLE4(2.0),A,CMR,S1,S1,EXC_A,F21,_Z,_Z,XDC_USD,_Z,N,T001,1987,300.536562,,F,6,A,0,XAF
OECD.SDD.NAD:DSD_NAMAIN10@DF_TABLE4(2.0),A,CMR,S1,S1,EXC_A,F21,_Z,_Z,XDC_USD,_Z,N,T001,1988,297.848219,,F,6,A,0,XAF
OECD.SDD.NAD:DSD_NAMAIN10@DF_TABLE4(2.0),A,CMR,S1,S1,EXC_A,F21,_Z,_Z,XDC_USD,_Z,N,T001,1989,319.008299,,F,6,A,0,XAF
OECD.SDD.NAD:DSD_NAMAIN10@DF_TABLE4(2.0),A,CMR,S1,S1,EXC_A,F21,_Z,_Z,XDC_USD,_Z,N,T001,1990,272.264788,,F,6,A,0,XAF
OECD.SDD.NAD:DSD_NAMAIN10@DF_TABLE4(2.0),A,CMR,S1,S1,EXC_A,F21,_Z,_Z,XDC_USD,_Z,N,T001,1991,282.106909,,F,6,A,0,XAF
OECD.SDD.NAD:DSD_NAMAIN10@DF_TABLE4(2.0),A,CMR,S1,S1,EXC_A,F21,_Z,_Z,XDC_USD,_Z,N,T001,1992,264.691801,,F,6,A,0,XAF
OECD.SDD.NAD:DSD_NAMAIN10@DF_TABLE4(2.0),A,CMR,S1,S1,EXC_A,F21,_Z,_Z,XDC_USD,_Z,N,T001,1993,283.16258,,F,6,A,0,XAF
OECD.SDD.NAD:DSD_NAMAIN10@DF_TABLE4(2.0),A,CMR,S1,S1,EXC_A,F21,_Z,_Z,XDC_USD,_Z,N,T001,1994,555.204696,,F,6,A,0,XAF
OECD.SDD.NAD:DSD_NAMAIN10@DF_TABLE4(2.0),A,CMR,S1,S1,EXC_A,F21,_Z,_Z,XDC_USD,_Z,N,T001,1995,499.148426,,F,6,A,0,XAF
OECD.SDD.NAD:DSD_NAMAIN10@DF_TABLE4(2.0),A,CMR,S1,S1,EXC_A,F21,_Z,_Z,XDC_USD,_Z,N,T001,1996,511.55243,,F,6,A,0,XAF
OECD.SDD.NAD:DSD_NAMAIN10@DF_TABLE4(2.0),A,CMR,S1,S1,EXC_A,F21,_Z,_Z,XDC_USD,_Z,N,T001,1997,583.669372,,F,6,A,0,XAF
OECD.SDD.NAD:DSD_NAMAIN10@DF_TABLE4(2.0),A,CMR,S1,S1,EXC_A,F21,_Z,_Z,XDC_USD,_Z,N,T001,1998,589.951775,,F,6,A,0,XAF
OECD.SDD.NAD:DSD_NAMAIN10@DF_TABLE4(2.0),A,CMR,S1,S1,EXC_A,F21,_Z,_Z,XDC_USD,_Z,N,T001,1999,615.473349,,F,6,A,0,XAF
OECD.SDD.NAD:DSD_NAMAIN10@DF_TABLE4(2.0),A,CMR,S1,S1,EXC_A,F21,_Z,_Z,XDC_USD,_Z,N,T001,2000,710.207977,,F,6,A,0,XAF
OECD.SDD.NAD:DSD_NAMAIN10@DF_TABLE4(2.0),A,CMR,S1,S1,EXC_A,F21,_Z,_Z,XDC_USD,_Z,N,T001,2001,732.397693,,F,6,A,0,XAF
OECD.SDD.NAD:DSD_NAMAIN10@DF_TABLE4(2.0),A,CMR,S1,S1,EXC_A,F21,_Z,_Z,XDC_USD,_Z,N,T001,2002,693.713226,,F,6,A,0,XAF
OECD.SDD.NAD:DSD_NAMAIN10@DF_TABLE4(2.0),A,CMR,S1,S1,EXC_A,F21,_Z,_Z,XDC_USD,_Z,N,T001,2003,579.897426,,F,6,A,0,XAF
OECD.SDD.NAD:DSD_NAMAIN10@DF_TABLE4(2.0),A,CMR,S1,S1,EXC_A,F21,_Z,_Z,XDC_USD,_Z,N,T001,2004,527.338032,,F,6,A,0,XAF
OECD.SDD.NAD:DSD_NAMAIN10@DF_TABLE4(2.0),A,CMR,S1,S1,EXC_A,F21,_Z,_Z,XDC_USD,_Z,N,T001,2005,527.258363,,F,6,A,0,XAF
OECD.SDD.NAD:DSD_NAMAIN10@DF_TABLE4(2.0),A,CMR,S1,S1,EXC_A,F21,_Z,_Z,XDC_USD,_Z,N,T001,2006,522.425625,,F,6,A,0,XAF
OECD.SDD.NAD:DSD_NAMAIN10@DF_TABLE4(2.0),A,CMR,S1,S1,EXC_A,F21,_Z,_Z,XDC_USD,_Z,N,T001,2007,478.633718,,F,6,A,0,XAF
OECD.SDD.NAD:DSD_NAMAIN10@DF_TABLE4(2.0),A,CMR,S1,S1,EXC_A,F21,_Z,_Z,XDC_USD,_Z,N,T001,2008,446.000041,,F,6,A,0,XAF
OECD.SDD.NAD:DSD_NAMAIN10@DF_TABLE4(2.0),A,CMR,S1,S1,EXC_A,F21,_Z,_Z,XDC_USD,_Z,N,T001,2009,470.293423,,F,6,A,0,XAF
OECD.SDD.NAD:DSD_NAMAIN10@DF_TABLE4(2.0),A,CMR,S1,S1,EXC_A,F21,_Z,_Z,XDC_USD,_Z,N,T001,2010,494.794262,,F,6,A,0,XAF
OECD.SDD.NAD:DSD_NAMAIN10@DF_TABLE4(2.0),A,CMR,S1,S1,EXC_A,F21,_Z,_Z,XDC_USD,_Z,N,T001,2011,471.248626,,F,6,A,0,XAF
OECD.SDD.NAD:DSD_NAMAIN10@DF_TABLE4(2.0),A,CMR,S1,S1,EXC_A,F21,_Z,_Z,XDC_USD,_Z,N,T001,2012,510.556338,,F,6,A,0,XAF
OECD.SDD.NAD:DSD_NAMAIN10@DF_TABLE4(2.0),A,CMR,S1,S1,EXC_A,F21,_Z,_Z,XDC_USD,_Z,N,T001,2013,493.899624,,F,6,A,0,XAF
OECD.SDD.NAD:DSD_NAMAIN10@DF_TABLE4(2.0),A,CMR,S1,S1,EXC_A,F21,_Z,_Z,XDC_USD,_Z,N,T001,2014,493.75733,,F,6,A,0,XAF
OECD.SDD.NAD:DSD_NAMAIN10@DF_TABLE4(2.0),A,CMR,S1,S1,EXC_A,F21,_Z,_Z,XDC_USD,_Z,N,T001,2015,591.211698,,F,6,A,0,XAF
OECD.SDD.NAD:DSD_NAMAIN10@DF_TABLE4(2.0),A,CMR,S1,S1,EXC_A,F21,_Z,_Z,XDC_USD,_Z,N,T001,2016,592.605615,,F,6,A,0,XAF
OECD.SDD.NAD:DSD_NAMAIN10@DF_TABLE4(2.0),A,CMR,S1,S1,EXC_A,F21,_Z,_Z,XDC_USD,_Z,N,T001,2017,580.65675,,F,6,A,0,XAF
OECD.SDD.NAD:DSD_NAMAIN10@DF_TABLE4(2.0),A,CMR,S1,S1,EXC_A,F21,_Z,_Z,XDC_USD,_Z,N,T001,2018,555.446458,,F,6,A,0,XAF
OECD.SDD.NAD:DSD_NAMAIN10@DF_TABLE4(2.0),A,CMR,S1,S1,EXC_A,F21,_Z,_Z,XDC_USD,_Z,N,T001,2019,585.911013,,F,6,A,0,XAF
OECD.SDD.NAD:DSD_NAMAIN10@DF_TABLE4(2.0),A,CMR,S1,S1,EXC_A,F21,_Z,_Z,XDC_USD,_Z,N,T001,2020,575.586005,,F,6,A,0,XAF
OECD.SDD.NAD:DSD_NAMAIN10@DF_TABLE4(2.0),A,CMR,S1,S1,EXC_A,F21,_Z,_Z,XDC_USD,_Z,N,T001,2021,554.530675,,F,6,A,0,XAF
OECD.SDD.NAD:DSD_NAMAIN10@DF_TABLE4(2.0),A,CMR,S1,S1,EXC_A,F21,_Z,_Z,XDC_USD,_Z,N,T001,2022,623.759701,,F,6,A,0,XAF
OECD.SDD.NAD:DSD_NAMAIN10@DF_TABLE4(2.0),A,CMR,S1,S1,EXC_A,F21,_Z,_Z,XDC_USD,_Z,N,T001,2023,606.56975,,F,6,A,0,XAF
OECD.SDD.NAD:DSD_NAMAIN10@DF_TABLE4(2.0),A,HKG,S1,S1,EXC_A,F21,_Z,_Z,XDC_USD,_Z,N,T001,1950,5.7143,,F,6,A,0,HKD
OECD.SDD.NAD:DSD_NAMAIN10@DF_TABLE4(2.0),A,HKG,S1,S1,EXC_A,F21,_Z,_Z,XDC_USD,_Z,N,T001,1951,5.7143,,F,6,A,0,HKD
OECD.SDD.NAD:DSD_NAMAIN10@DF_TABLE4(2.0),A,HKG,S1,S1,EXC_A,F21,_Z,_Z,XDC_USD,_Z,N,T001,1952,5.7143,,F,6,A,0,HKD
OECD.SDD.NAD:DSD_NAMAIN10@DF_TABLE4(2.0),A,HKG,S1,S1,EXC_A,F21,_Z,_Z,XDC_USD,_Z,N,T001,1953,5.7143,,F,6,A,0,HKD
OECD.SDD.NAD:DSD_NAMAIN10@DF_TABLE4(2.0),A,HKG,S1,S1,EXC_A,F21,_Z,_Z,XDC_USD,_Z,N,T001,1954,5.7143,,F,6,A,0,HKD
OECD.SDD.NAD:DSD_NAMAIN10@DF_TABLE4(2.0),A,HKG,S1,S1,EXC_A,F21,_Z,_Z,XDC_USD,_Z,N,T001,1955,5.7143,,F,6,A,0,HKD
OECD.SDD.NAD:DSD_NAMAIN10@DF_TABLE4(2.0),A,HKG,S1,S1,EXC_A,F21,_Z,_Z,XDC_USD,_Z,N,T001,1956,5.7143,,F,6,A,0,HKD
OECD.SDD.NAD:DSD_NAMAIN10@DF_TABLE4(2.0),A,HKG,S1,S1,EXC_A,F21,_Z,_Z,XDC_USD,_Z,N,T001,1957,5.7143,,F,6,A,0,HKD
OECD.SDD.NAD:DSD_NAMAIN10@DF_TABLE4(2.0),A,HKG,S1,S1,EXC_A,F21,_Z,_Z,XDC_USD,_Z,N,T001,1958,5.7143,,F,6,A,0,HKD
OECD.SDD.NAD:DSD_NAMAIN10@DF_TABLE4(2.0),A,HKG,S1,S1,EXC_A,F21,_Z,_Z,XDC_USD,_Z,N,T001,1959,5.7143,,F,6,A,0,HKD
OECD.SDD.NAD:DSD_NAMAIN10@DF_TABLE4(2.0),A,HKG,S1,S1,EXC_A,F21,_Z,_Z,XDC_USD,_Z,N,T001,1960,5.7143,,F,6,A,0,HKD
OECD.SDD.NAD:DSD_NAMAIN10@DF_TABLE4(2.0),A,HKG,S1,S1,EXC_A,F21,_Z,_Z,XDC_USD,_Z,N,T001,1961,5.7143,,F,6,A,0,HKD
OECD.SDD.NAD:DSD_NAMAIN10@DF_TABLE4(2.0),A,HKG,S1,S1,EXC_A,F21,_Z,_Z,XDC_USD,_Z,N,T001,1962,5.7143,,F,6,A,0,HKD
OECD.SDD.NAD:DSD_NAMAIN10@DF_TABLE4(2.0),A,HKG,S1,S1,EXC_A,F21,_Z,_Z,XDC_USD,_Z,N,T001,1963,5.7143,,F,6,A,0,HKD
OECD.SDD.NAD:DSD_NAMAIN10@DF_TABLE4(2.0),A,HKG,S1,S1,EXC_A,F21,_Z,_Z,XDC_USD,_Z,N,T001,1964,5.7143,,F,6,A,0,HKD
OECD.SDD.NAD:DSD_NAMAIN10@DF_TABLE4(2.0),A,HKG,S1,S1,EXC_A,F21,_Z,_Z,XDC_USD,_Z,N,T001,1965,5.7143,,F,6,A,0,HKD
OECD.SDD.NAD:DSD_NAMAIN10@DF_TABLE4(2.0),A,HKG,S1,S1,EXC_A,F21,_Z,_Z,XDC_USD,_Z,N,T001,1966,5.7143,,F,6,A,0,HKD
OECD.SDD.NAD:DSD_NAMAIN10@DF_TABLE4(2.0),A,HKG,S1,S1,EXC_A,F21,_Z,_Z,XDC_USD,_Z,N,T001,1967,5.743158,,F,6,A,0,HKD
OECD.SDD.NAD:DSD_NAMAIN10@DF_TABLE4(2.0),A,HKG,S1,S1,EXC_A,F21,_Z,_Z,XDC_USD,_Z,N,T001,1968,6.0606,,F,6,A,0,HKD
OECD.SDD.NAD:DSD_NAMAIN10@DF_TABLE4(2.0),A,HKG,S1,S1,EXC_A,F21,_Z,_Z,XDC_USD,_Z,N,T001,1969,6.0606,,F,6,A,0,HKD
OECD.SDD.NAD:DSD_NAMAIN10@DF_TABLE4(2.0),A,HKG,S1,S1,EXC_A,F21,_Z,_Z,XDC_USD,_Z,N,T001,1970,6.0606,,F,6,A,0,HKD
OECD.SDD.NAD:DSD_NAMAIN10@DF_TABLE4(2.0),A,HKG,S1,S1,EXC_A,F21,_Z,_Z,XDC_USD,_Z,N,T001,1971,5.98041,,F,6,A,0,HKD
OECD.SDD.NAD:DSD_NAMAIN10@DF_TABLE4(2.0),A,HKG,S1,S1,EXC_A,F21,_Z,_Z,XDC_USD,_Z,N,T001,1972,5.641417,,F,6,A,0,HKD
OECD.SDD.NAD:DSD_NAMAIN10@DF_TABLE4(2.0),A,HKG,S1,S1,EXC_A,F21,_Z,_Z,XDC_USD,_Z,N,T001,1973,5.1465,,F,6,A,0,HKD
OECD.SDD.NAD:DSD_NAMAIN10@DF_TABLE4(2.0),A,HKG,S1,S1,EXC_A,F21,_Z,_Z,XDC_USD,_Z,N,T001,1974,5.031583,,F,6,A,0,HKD
OECD.SDD.NAD:DSD_NAMAIN10@DF_TABLE4(2.0),A,HKG,S1,S1,EXC_A,F21,_Z,_Z,XDC_USD,_Z,N,T001,1975,4.935167,,F,6,A,0,HKD
OECD.SDD.NAD:DSD_NAMAIN10@DF_TABLE4(2.0),A,HKG,S1,S1,EXC_A,F21,_Z,_Z,XDC_USD,_Z,N,T001,1976,4.90475,,F,6,A,0,HKD
OECD.SDD.NAD:DSD_NAMAIN10@DF_TABLE4(2.0),A,HKG,S1,S1,EXC_A,F21,_Z,_Z,XDC_USD,_Z,N,T001,1977,4.662,,F,6,A,0,HKD
OECD.SDD.NAD:DSD_NAMAIN10@DF_TABLE4(2.0),A,HKG,S1,S1,EXC_A,F21,_Z,_Z,XDC_USD,_Z,N,T001,1978,4.683667,,F,6,A,0,HKD
OECD.SDD.NAD:DSD_NAMAIN10@DF_TABLE4(2.0),A,HKG,S1,S1,EXC_A,F21,_Z,_Z,XDC_USD,_Z,N,T001,1979,5.002667,,F,6,A,0,HKD
OECD.SDD.NAD:DSD_NAMAIN10@DF_TABLE4(2.0),A,HKG,S1,S1,EXC_A,F21,_Z,_Z,XDC_USD,_Z,N,T001,1980,4.976083,,F,6,A,0,HKD
OECD.SDD.NAD:DSD_NAMAIN10@DF_TABLE4(2.0),A,HKG,S1,S1,EXC_A,F21,_Z,_Z,XDC_USD,_Z,N,T001,1981,5.589333,,F,6,A,0,HKD
OECD.SDD.NAD:DSD_NAMAIN10@DF_TABLE4(2.0),A,HKG,S1,S1,EXC_A,F21,_Z,_Z,XDC_USD,_Z,N,T001,1982,6.069917,,F,6,A,0,HKD
OECD.SDD.NAD:DSD_NAMAIN10@DF_TABLE4(2.0),A,HKG,S1,S1,EXC_A,F21,_Z,_Z,XDC_USD,_Z,N,T001,1983,7.265167,,F,6,A,0,HKD
OECD.SDD.NAD:DSD_NAMAIN10@DF_TABLE4(2.0),A,HKG,S1,S1,EXC_A,F21,_Z,_Z,XDC_USD,_Z,N,T001,1984,7.818,,F,6,A,0,HKD
OECD.SDD.NAD:DSD_NAMAIN10@DF_TABLE4(2.0),A,HKG,S1,S1,EXC_A,F21,_Z,_Z,XDC_USD,_Z,N,T001,1985,7.79075,,F,6,A,0,HKD
OECD.SDD.NAD:DSD_NAMAIN10@DF_TABLE4(2.0),A,HKG,S1,S1,EXC_A,F21,_Z,_Z,XDC_USD,_Z,N,T001,1986,7.803333,,F,6,A,0,HKD
OECD.SDD.NAD:DSD_NAMAIN10@DF_TABLE4(2.0),A,HKG,S1,S1,EXC_A,F21,_Z,_Z,XDC_USD,_Z,N,T001,1987,7.79825,,F,6,A,0,HKD
OECD.SDD.NAD:DSD_NAMAIN10@DF_TABLE4(2.0),A,HKG,S1,S1,EXC_A,F21,_Z,_Z,XDC_USD,_Z,N,T001,1988,7.806,,F,6,A,0,HKD
OECD.SDD.NAD:DSD_NAMAIN10@DF_TABLE4(2.0),A,HKG,S1,S1,EXC_A,F21,_Z,_Z,XDC_USD,_Z,N,T001,1989,7.799917,,F,6,A,0,HKD
OECD.SDD.NAD:DSD_NAMAIN10@DF_TABLE4(2.0),A,HKG,S1,S1,EXC_A,F21,_Z,_Z,XDC_USD,_Z,N,T001,1990,7.78975,,F,6,A,0,HKD
OECD.SDD.NAD:DSD_NAMAIN10@DF_TABLE4(2.0),A,HKG,S1,S1,EXC_A,F21,_Z,_Z,XDC_USD,_Z,N,T001,1991,7.771167,,F,6,A,0,HKD
OECD.SDD.NAD:DSD_NAMAIN10@DF_TABLE4(2.0),A,HKG,S1,S1,EXC_A,F21,_Z,_Z,XDC_USD,_Z,N,T001,1992,7.740583,,F,6,A,0,HKD
OECD.SDD.NAD:DSD_NAMAIN10@DF_TABLE4(2.0),A,HKG,S1,S1,EXC_A,F21,_Z,_Z,XDC_USD,_Z,N,T001,1993,7.735583,,F,6,A,0,HKD
OECD.SDD.NAD:DSD_NAMAIN10@DF_TABLE4(2.0),A,HKG,S1,S1,EXC_A,F21,_Z,_Z,XDC_USD,_Z,N,T001,1994,7.728417,,F,6,A,0,HKD
OECD.SDD.NAD:DSD_NAMAIN10@DF_TABLE4(2.0),A,HKG,S1,S1,EXC_A,F21,_Z,_Z,XDC_USD,_Z,N,T001,1995,7.735833,,F,6,A,0,HKD
OECD.SDD.NAD:DSD_NAMAIN10@DF_TABLE4(2.0),A,HKG,S1,S1,EXC_A,F21,_Z,_Z,XDC_USD,_Z,N,T001,1996,7.734254,,F,6,A,0,HKD
OECD.SDD.NAD:DSD_NAMAIN10@DF_TABLE4(2.0),A,HKG,S1,S1,EXC_A,F21,_Z,_Z,XDC_USD,_Z,N,T001,1997,7.742083,,F,6,A,0,HKD
OECD.SDD.NAD:DSD_NAMAIN10@DF_TABLE4(2.0),A,HKG,S1,S1,EXC_A,F21,_Z,_Z,XDC_USD,_Z,N,T001,1998,7.745333,,F,6,A,0,HKD
OECD.SDD.NAD:DSD_NAMAIN10@DF_TABLE4(2.0),A,HKG,S1,S1,EXC_A,F21,_Z,_Z,XDC_USD,_Z,N,T001,1999,7.7575,,F,6,A,0,HKD
OECD.SDD.NAD:DSD_NAMAIN10@DF_TABLE4(2.0),A,HKG,S1,S1,EXC_A,F21,_Z,_Z,XDC_USD,_Z,N,T001,2000,7.791167,,F,6,A,0,HKD
OECD.SDD.NAD:DSD_NAMAIN10@DF_TABLE4(2.0),A,HKG,S1,S1,EXC_A,F21,_Z,_Z,XDC_USD,_Z,N,T001,2001,7.79875,,F,6,A,0,HKD
OECD.SDD.NAD:DSD_NAMAIN10@DF_TABLE4(2.0),A,HKG,S1,S1,EXC_A,F21,_Z,_Z,XDC_USD,_Z,N,T001,2002,7.798917,,F,6,A,0,HKD
OECD.SDD.NAD:DSD_NAMAIN10@DF_TABLE4(2.0),A,HKG,S1,S1,EXC_A,F21,_Z,_Z,XDC_USD,_Z,N,T001,2003,7.78675,,F,6,A,0,HKD
OECD.SDD.NAD:DSD_NAMAIN10@DF_TABLE4(2.0),A,HKG,S1,S1,EXC_A,F21,_Z,_Z,XDC_USD,_Z,N,T001,2004,7.788,,F,6,A,0,HKD
OECD.SDD.NAD:DSD_NAMAIN10@DF_TABLE4(2.0),A,HKG,S1,S1,EXC_A,F21,_Z,_Z,XDC_USD,_Z,N,T001,2005,7.777333,,F,6,A,0,HKD
OECD.SDD.NAD:DSD_NAMAIN10@DF_TABLE4(2.0),A,HKG,S1,S1,EXC_A,F21,_Z,_Z,XDC_USD,_Z,N,T001,2006,7.767833,,F,6,A,0,HKD
OECD.SDD.NAD:DSD_NAMAIN10@DF_TABLE4(2.0),A,HKG,S1,S1,EXC_A,F21,_Z,_Z,XDC_USD,_Z,N,T001,2007,7.801417,,F,6,A,0,HKD
OECD.SDD.NAD:DSD_NAMAIN10@DF_TABLE4(2.0),A,HKG,S1,S1,EXC_A,F21,_Z,_Z,XDC_USD,_Z,N,T001,2008,7.786833,,F,6,A,0,HKD
OECD.SDD.NAD:DSD_NAMAIN10@DF_TABLE4(2.0),A,HKG,S1,S1,EXC_A,F21,_Z,_Z,XDC_USD,_Z,N,T001,2009,7.75175,,F,6,A,0,HKD
OECD.SDD.NAD:DSD_NAMAIN10@DF_TABLE4(2.0),A,HKG,S1,S1,EXC_A,F21,_Z,_Z,XDC_USD,_Z,N,T001,2010,7.769167,,F,6,A,0,HKD
OECD.SDD.NAD:DSD_NAMAIN10@DF_TABLE4(2.0),A,HKG,S1,S1,EXC_A,F21,_Z,_Z,XDC_USD,_Z,N,T001,2011,7.784,,F,6,A,0,HKD
OECD.SDD.NAD:DSD_NAMAIN10@DF_TABLE4(2.0),A,HKG,S1,S1,EXC_A,F21,_Z,_Z,XDC_USD,_Z,N,T001,2012,7.756417,,F,6,A,0,HKD
OECD.SDD.NAD:DSD_NAMAIN10@DF_TABLE4(2.0),A,HKG,S1,S1,EXC_A,F21,_Z,_Z,XDC_USD,_Z,N,T001,2013,7.756,,F,6,A,0,HKD
OECD.SDD.NAD:DSD_NAMAIN10@DF_TABLE4(2.0),A,HKG,S1,S1,EXC_A,F21,_Z,_Z,XDC_USD,_Z,N,T001,2014,7.754083,,F,6,A,0,HKD
OECD.SDD.NAD:DSD_NAMAIN10@DF_TABLE4(2.0),A,HKG,S1,S1,EXC_A,F21,_Z,_Z,XDC_USD,_Z,N,T001,2015,7.75175,,F,6,A,0,HKD
OECD.SDD.NAD:DSD_NAMAIN10@DF_TABLE4(2.0),A,HKG,S1,S1,EXC_A,F21,_Z,_Z,XDC_USD,_Z,N,T001,2016,7.76225,,F,6,A,0,HKD
OECD.SDD.NAD:DSD_NAMAIN10@DF_TABLE4(2.0),A,HKG,S1,S1,EXC_A,F21,_Z,_Z,XDC_USD,_Z,N,T001,2017,7.79325,,F,6,A,0,HKD
OECD.SDD.NAD:DSD_NAMAIN10@DF_TABLE4(2.0),A,HKG,S1,S1,EXC_A,F21,_Z,_Z,XDC_USD,_Z,N,T001,2018,7.8385,,F,6,A,0,HKD
OECD.SDD.NAD:DSD_NAMAIN10@DF_TABLE4(2.0),A,HKG,S1,S1,EXC_A,F21,_Z,_Z,XDC_USD,_Z,N,T001,2019,7.835917,,F,6,A,0,HKD
OECD.SDD.NAD:DSD_NAMAIN10@DF_TABLE4(2.0),A,HKG,S1,S1,EXC_A,F21,_Z,_Z,XDC_USD,_Z,N,T001,2020,7.75725,,F,6,A,0,HKD
OECD.SDD.NAD:DSD_NAMAIN10@DF_TABLE4(2.0),A,HKG,S1,S1,EXC_A,F21,_Z,_Z,XDC_USD,_Z,N,T001,2021,7.77325,,F,6,A,0,HKD
OECD.SDD.NAD:DSD_NAMAIN10@DF_TABLE4(2.0),A,HKG,S1,S1,EXC_A,F21,_Z,_Z,XDC_USD,_Z,N,T001,2022,7.831417,,F,6,A,0,HKD
OECD.SDD.NAD:DSD_NAMAIN10@DF_TABLE4(2.0),A,HKG,S1,S1,EXC_A,F21,_Z,_Z,XDC_USD,_Z,N,T001,2023,7.829583,,F,6,A,0,HKD
OECD.SDD.NAD:DSD_NAMAIN10@DF_TABLE4(2.0),A,IND,S1,S1,EXC_A,F21,_Z,_Z,XDC_USD,_Z,N,T001,1950,4.7619,,F,6,A,0,INR
OECD.SDD.NAD:DSD_NAMAIN10@DF_TABLE4(2.0),A,IND,S1,S1,EXC_A,F21,_Z,_Z,XDC_USD,_Z,N,T001,1951,4.7619,,F,6,A,0,INR
OECD.SDD.NAD:DSD_NAMAIN10@DF_TABLE4(2.0),A,IND,S1,S1,EXC_A,F21,_Z,_Z,XDC_USD,_Z,N,T001,1952,4.7619,,F,6,A,0,INR
OECD.SDD.NAD:DSD_NAMAIN10@DF_TABLE4(2.0),A,IND,S1,S1,EXC_A,F21,_Z,_Z,XDC_USD,_Z,N,T001,1953,4.7619,,F,6,A,0,INR
OECD.SDD.NAD:DSD_NAMAIN10@DF_TABLE4(2.0),A,IND,S1,S1,EXC_A,F21,_Z,_Z,XDC_USD,_Z,N,T001,1954,4.7619,,F,6,A,0,INR
OECD.SDD.NAD:DSD_NAMAIN10@DF_TABLE4(2.0),A,IND,S1,S1,EXC_A,F21,_Z,_Z,XDC_USD,_Z,N,T001,1955,4.7619,,F,6,A,0,INR
OECD.SDD.NAD:DSD_NAMAIN10@DF_TABLE4(2.0),A,IND,S1,S1,EXC_A,F21,_Z,_Z,XDC_USD,_Z,N,T001,1956,4.7619,,F,6,A,0,INR
OECD.SDD.NAD:DSD_NAMAIN10@DF_TABLE4(2.0),A,IND,S1,S1,EXC_A,F21,_Z,_Z,XDC_USD,_Z,N,T001,1957,4.7619,,F,6,A,0,INR
OECD.SDD.NAD:DSD_NAMAIN10@DF_TABLE4(2.0),A,IND,S1,S1,EXC_A,F21,_Z,_Z,XDC_USD,_Z,N,T001,1958,4.7619,,F,6,A,0,INR
OECD.SDD.NAD:DSD_NAMAIN10@DF_TABLE4(2.0),A,IND,S1,S1,EXC_A,F21,_Z,_Z,XDC_USD,_Z,N,T001,1959,4.7619,,F,6,A,0,INR
OECD.SDD.NAD:DSD_NAMAIN10@DF_TABLE4(2.0),A,IND,S1,S1,EXC_A,F21,_Z,_Z,XDC_USD,_Z,N,T001,1960,4.7619,,F,6,A,0,INR
OECD.SDD.NAD:DSD_NAMAIN10@DF_TABLE4(2.0),A,IND,S1,S1,EXC_A,F21,_Z,_Z,XDC_USD,_Z,N,T001,1961,4.7619,,F,6,A,0,INR
OECD.SDD.NAD:DSD_NAMAIN10@DF_TABLE4(2.0),A,IND,S1,S1,EXC_A,F21,_Z,_Z,XDC_USD,_Z,N,T001,1962,4.7619,,F,6,A,0,INR
OECD.SDD.NAD:DSD_NAMAIN10@DF_TABLE4(2.0),A,IND,S1,S1,EXC_A,F21,_Z,_Z,XDC_USD,_Z,N,T001,1963,4.7619,,F,6,A,0,INR
OECD.SDD.NAD:DSD_NAMAIN10@DF_TABLE4(2.0),A,IND,S1,S1,EXC_A,F21,_Z,_Z,XDC_USD,_Z,N,T001,1964,4.7619,,F,6,A,0,INR
OECD.SDD.NAD:DSD_NAMAIN10@DF_TABLE4(2.0),A,IND,S1,S1,EXC_A,F21,_Z,_Z,XDC_USD,_Z,N,T001,1965,4.7619,,F,6,A,0,INR
OECD.SDD.NAD:DSD_NAMAIN10@DF_TABLE4(2.0),A,IND,S1,S1,EXC_A,F21,_Z,_Z,XDC_USD,_Z,N,T001,1966,6.359125,,F,6,A,0,INR
OECD.SDD.NAD:DSD_NAMAIN10@DF_TABLE4(2.0),A,IND,S1,S1,EXC_A,F21,_Z,_Z,XDC_USD,_Z,N,T001,1967,7.5,,F,6,A,0,INR
OECD.SDD.NAD:DSD_NAMAIN10@DF_TABLE4(2.0),A,IND,S1,S1,EXC_A,F21,_Z,_Z,XDC_USD,_Z,N,T001,1968,7.5,,F,6,A,0,INR
OECD.SDD.NAD:DSD_NAMAIN10@DF_TABLE4(2.0),A,IND,S1,S1,EXC_A,F21,_Z,_Z,XDC_USD,_Z,N,T001,1969,7.5,,F,6,A,0,INR
OECD.SDD.NAD:DSD_NAMAIN10@DF_TABLE4(2.0),A,IND,S1,S1,EXC_A,F21,_Z,_Z,XDC_USD,_Z,N,T001,1970,7.5,,F,6,A,0,INR
OECD.SDD.NAD:DSD_NAMAIN10@DF_TABLE4(2.0),A,IND,S1,S1,EXC_A,F21,_Z,_Z,XDC_USD,_Z,N,T001,1971,7.491935,,F,6,A,0,INR
OECD.SDD.NAD:DSD_NAMAIN10@DF_TABLE4(2.0),A,IND,S1,S1,EXC_A,F21,_Z,_Z,XDC_USD,_Z,N,T001,1972,7.594468,,F,6,A,0,INR
OECD.SDD.NAD:DSD_NAMAIN10@DF_TABLE4(2.0),A,IND,S1,S1,EXC_A,F21,_Z,_Z,XDC_USD,_Z,N,T001,1973,7.742039,,F,6,A,0,INR
OECD.SDD.NAD:DSD_NAMAIN10@DF_TABLE4(2.0),A,IND,S1,S1,EXC_A,F21,_Z,_Z,XDC_USD,_Z,N,T001,1974,8.101603,,F,6,A,0,INR
OECD.SDD.NAD:DSD_NAMAIN10@DF_TABLE4(2.0),A,IND,S1,S1,EXC_A,F21,_Z,_Z,XDC_USD,_Z,N,T001,1975,8.375892,,F,6,A,0,INR
OECD.SDD.NAD:DSD_NAMAIN10@DF_TABLE4(2.0),A,IND,S1,S1,EXC_A,F21,_Z,_Z,XDC_USD,_Z,N,T001,1976,8.960413,,F,6,A,0,INR
OECD.SDD.NAD:DSD_NAMAIN10@DF_TABLE4(2.0),A,IND,S1,S1,EXC_A,F21,_Z,_Z,XDC_USD,_Z,N,T001,1977,8.738576,,F,6,A,0,INR
OECD.SDD.NAD:DSD_NAMAIN10@DF_TABLE4(2.0),A,IND,S1,S1,EXC_A,F21,_Z,_Z,XDC_USD,_Z,N,T001,1978,8.19284,,F,6,A,0,INR
OECD.SDD.NAD:DSD_NAMAIN10@DF_TABLE4(2.0),A,IND,S1,S1,EXC_A,F21,_Z,_Z,XDC_USD,_Z,N,T001,1979,8.125791,,F,6,A,0,INR
OECD.SDD.NAD:DSD_NAMAIN10@DF_TABLE4(2.0),A,IND,S1,S1,EXC_A,F21,_Z,_Z,XDC_USD,_Z,N,T001,1980,7.862945,,F,6,A,0,INR
OECD.SDD.NAD:DSD_NAMAIN10@DF_TABLE4(2.0),A,IND,S1,S1,EXC_A,F21,_Z,_Z,XDC_USD,_Z,N,T001,1981,8.658523,,F,6,A,0,INR
OECD.SDD.NAD:DSD_NAMAIN10@DF_TABLE4(2.0),A,IND,S1,S1,EXC_A,F21,_Z,_Z,XDC_USD,_Z,N,T001,1982,9.455132,,F,6,A,0,INR
OECD.SDD.NAD:DSD_NAMAIN10@DF_TABLE4(2.0),A,IND,S1,S1,EXC_A,F21,_Z,_Z,XDC_USD,_Z,N,T001,1983,10.098898,,F,6,A,0,INR
OECD.SDD.NAD:DSD_NAMAIN10@DF_TABLE4(2.0),A,IND,S1,S1,EXC_A,F21,_Z,_Z,XDC_USD,_Z,N,T001,1984,11.362583,,F,6,A,0,INR
OECD.SDD.NAD:DSD_NAMAIN10@DF_TABLE4(2.0),A,IND,S1,S1,EXC_A,F21,_Z,_Z,XDC_USD,_Z,N,T001,1985,12.36875,,F,6,A,0,INR
OECD.SDD.NAD:DSD_NAMAIN10@DF_TABLE4(2.0),A,IND,S1,S1,EXC_A,F21,_Z,_Z,XDC_USD,_Z,N,T001,1986,12.610833,,F,6,A,0,INR
OECD.SDD.NAD:DSD_NAMAIN10@DF_TABLE4(2.0),A,IND,S1,S1,EXC_A,F21,_Z,_Z,XDC_USD,_Z,N,T001,1987,12.9615,,F,6,A,0,INR
OECD.SDD.NAD:DSD_NAMAIN10@DF_TABLE4(2.0),A,IND,S1,S1,EXC_A,F21,_Z,_Z,XDC_USD,_Z,N,T001,1988,13.917083,,F,6,A,0,INR
OECD.SDD.NAD:DSD_NAMAIN10@DF_TABLE4(2.0),A,IND,S1,S1,EXC_A,F21,_Z,_Z,XDC_USD,_Z,N,T001,1989,16.2255,,F,6,A,0,INR
OECD.SDD.NAD:DSD_NAMAIN10@DF_TABLE4(2.0),A,IND,S1,S1,EXC_A,F21,_Z,_Z,XDC_USD,_Z,N,T001,1990,17.5035,,F,6,A,0,INR
OECD.SDD.NAD:DSD_NAMAIN10@DF_TABLE4(2.0),A,IND,S1,S1,EXC_A,F21,_Z,_Z,XDC_USD,_Z,N,T001,1991,22.742433,,F,6,A,0,INR
OECD.SDD.NAD:DSD_NAMAIN10@DF_TABLE4(2.0),A,IND,S1,S1,EXC_A,F21,_Z,_Z,XDC_USD,_Z,N,T001,1992,25.918083,,F,6,A,0,INR
OECD.SDD.NAD:DSD_NAMAIN10@DF_TABLE4(2.0),A,IND,S1,S1,EXC_A,F21,_Z,_Z,XDC_USD,_Z,N,T001,1993,30.493292,,F,6,A,0,INR
OECD.SDD.NAD:DSD_NAMAIN10@DF_TABLE4(2.0),A,IND,S1,S1,EXC_A,F21,_Z,_Z,XDC_USD,_Z,N,T001,1994,31.373742,,F,6,A,0,INR
OECD.SDD.NAD:DSD_NAMAIN10@DF_TABLE4(2.0),A,IND,S1,S1,EXC_A,F21,_Z,_Z,XDC_USD,_Z,N,T001,1995,32.427077,,F,6,A,0,INR
OECD.SDD.NAD:DSD_NAMAIN10@DF_TABLE4(2.0),A,IND,S1,S1,EXC_A,F21,_Z,_Z,XDC_USD,_Z,N,T001,1996,35.433173,,F,6,A,0,INR
OECD.SDD.NAD:DSD_NAMAIN10@DF_TABLE4(2.0),A,IND,S1,S1,EXC_A,F21,_Z,_Z,XDC_USD,_Z,N,T001,1997,36.313286,,F,6,A,0,INR
OECD.SDD.NAD:DSD_NAMAIN10@DF_TABLE4(2.0),A,IND,S1,S1,EXC_A,F21,_Z,_Z,XDC_USD,_Z,N,T001,1998,41.259365,,F,6,A,0,INR
OECD.SDD.NAD:DSD_NAMAIN10@DF_TABLE4(2.0),A,IND,S1,S1,EXC_A,F21,_Z,_Z,XDC_USD,_Z,N,T001,1999,43.055428,,F,6,A,0,INR
OECD.SDD.NAD:DSD_NAMAIN10@DF_TABLE4(2.0),A,IND,S1,S1,EXC_A,F21,_Z,_Z,XDC_USD,_Z,N,T001,2000,44.941605,,F,6,A,0,INR
OECD.SDD.NAD:DSD_NAMAIN10@DF_TABLE4(2.0),A,IND,S1,S1,EXC_A,F21,_Z,_Z,XDC_USD,_Z,N,T001,2001,47.186414,,F,6,A,0,INR
OECD.SDD.NAD:DSD_NAMAIN10@DF_TABLE4(2.0),A,IND,S1,S1,EXC_A,F21,_Z,_Z,XDC_USD,_Z,N,T001,2002,48.610319,,F,6,A,0,INR
OECD.SDD.NAD:DSD_NAMAIN10@DF_TABLE4(2.0),A,IND,S1,S1,EXC_A,F21,_Z,_Z,XDC_USD,_Z,N,T001,2003,46.583284,,F,6,A,0,INR
OECD.SDD.NAD:DSD_NAMAIN10@DF_TABLE4(2.0),A,IND,S1,S1,EXC_A,F21,_Z,_Z,XDC_USD,_Z,N,T001,2004,45.316467,,F,6,A,0,INR
OECD.SDD.NAD:DSD_NAMAIN10@DF_TABLE4(2.0),A,IND,S1,S1,EXC_A,F21,_Z,_Z,XDC_USD,_Z,N,T001,2005,44.099975,,F,6,A,0,INR
OECD.SDD.NAD:DSD_NAMAIN10@DF_TABLE4(2.0),A,IND,S1,S1,EXC_A,F21,_Z,_Z,XDC_USD,_Z,N,T001,2006,45.307008,,F,6,A,0,INR
OECD.SDD.NAD:DSD_NAMAIN10@DF_TABLE4(2.0),A,IND,S1,S1,EXC_A,F21,_Z,_Z,XDC_USD,_Z,N,T001,2007,41.348533,,F,6,A,0,INR
OECD.SDD.NAD:DSD_NAMAIN10@DF_TABLE4(2.0),A,IND,S1,S1,EXC_A,F21,_Z,_Z,XDC_USD,_Z,N,T001,2008,43.505183,,F,6,A,0,INR
OECD.SDD.NAD:DSD_NAMAIN10@DF_TABLE4(2.0),A,IND,S1,S1,EXC_A,F21,_Z,_Z,XDC_USD,_Z,N,T001,2009,48.405267,,F,6,A,0,INR
OECD.SDD.NAD:DSD_NAMAIN10@DF_TABLE4(2.0),A,IND,S1,S1,EXC_A,F21,_Z,_Z,XDC_USD,_Z,N,T001,2010,45.725812,,F,6,A,0,INR
OECD.SDD.NAD:DSD_NAMAIN10@DF_TABLE4(2.0),A,IND,S1,S1,EXC_A,F21,_Z,_Z,XDC_USD,_Z,N,T001,2011,46.670467,,F,6,A,0,INR
OECD.SDD.NAD:DSD_NAMAIN10@DF_TABLE4(2.0),A,IND,S1,S1,EXC_A,F21,_Z,_Z,XDC_USD,_Z,N,T001,2012,53.437233,,F,6,A,0,INR
OECD.SDD.NAD:DSD_NAMAIN10@DF_TABLE4(2.0),A,IND,S1,S1,EXC_A,F21,_Z,_Z,XDC_USD,_Z,N,T001,2013,58.597845,,F,6,A,0,INR
OECD.SDD.NAD:DSD_NAMAIN10@DF_TABLE4(2.0),A,IND,S1,S1,EXC_A,F21,_Z,_Z,XDC_USD,_Z,N,T001,2014,61.029514,,F,6,A,0,INR
OECD.SDD.NAD:DSD_NAMAIN10@DF_TABLE4(2.0),A,IND,S1,S1,EXC_A,F21,_Z,_Z,XDC_USD,_Z,N,T001,2015,64.151944,,F,6,A,0,INR
OECD.SDD.NAD:DSD_NAMAIN10@DF_TABLE4(2.0),A,IND,S1,S1,EXC_A,F21,_Z,_Z,XDC_USD,_Z,N,T001,2016,67.195313,,F,6,A,0,INR
OECD.SDD.NAD:DSD_NAMAIN10@DF_TABLE4(2.0),A,IND,S1,S1,EXC_A,F21,_Z,_Z,XDC_USD,_Z,N,T001,2017,65.121569,,F,6,A,0,INR
OECD.SDD.NAD:DSD_NAMAIN10@DF_TABLE4(2.0),A,IND,S1,S1,EXC_A,F21,_Z,_Z,XDC_USD,_Z,N,T001,2018,68.389467,,F,6,A,0,INR
OECD.SDD.NAD:DSD_NAMAIN10@DF_TABLE4(2.0),A,IND,S1,S1,EXC_A,F21,_Z,_Z,XDC_USD,_Z,N,T001,2019,70.420341,,F,6,A,0,INR
OECD.SDD.NAD:DSD_NAMAIN10@DF_TABLE4(2.0),A,IND,S1,S1,EXC_A,F21,_Z,_Z,XDC_USD,_Z,N,T001,2020,74.099567,,F,6,A,0,INR
OECD.SDD.NAD:DSD_NAMAIN10@DF_TABLE4(2.0),A,IND,S1,S1,EXC_A,F21,_Z,_Z,XDC_USD,_Z,N,T001,2021,73.918013,,F,6,A,0,INR
OECD.SDD.NAD:DSD_NAMAIN10@DF_TABLE4(2.0),A,IND,S1,S1,EXC_A,F21,_Z,_Z,XDC_USD,_Z,N,T001,2022,78.604491,,F,6,A,0,INR
OECD.SDD.NAD:DSD_NAMAIN10@DF_TABLE4(2.0),A,IND,S1,S1,EXC_A,F21,_Z,_Z,XDC_USD,_Z,N,T001,2023,82.599276,,F,6,A,0,INR
OECD.SDD.NAD:DSD_NAMAIN10@DF_TABLE4(2.0),A,MDG,S1,S1,EXC_A,F21,_Z,_Z,XDC_USD,_Z,N,T001,1950,34.968,,F,6,A,0,MGA
OECD.SDD.NAD:DSD_NAMAIN10@DF_TABLE4(2.0),A,MDG,S1,S1,EXC_A,F21,_Z,_Z,XDC_USD,_Z,N,T001,1951,34.996,,F,6,A,0,MGA
OECD.SDD.NAD:DSD_NAMAIN10@DF_TABLE4(2.0),A,MDG,S1,S1,EXC_A,F21,_Z,_Z,XDC_USD,_Z,N,T001,1952,34.997,,F,6,A,0,MGA
OECD.SDD.NAD:DSD_NAMAIN10@DF_TABLE4(2.0),A,MDG,S1,S1,EXC_A,F21,_Z,_Z,XDC_USD,_Z,N,T001,1953,34.996,,F,6,A,0,MGA
OECD.SDD.NAD:DSD_NAMAIN10@DF_TABLE4(2.0),A,MDG,S1,S1,EXC_A,F21,_Z,_Z,XDC_USD,_Z,N,T001,1954,34.997,,F,6,A,0,MGA
OECD.SDD.NAD:DSD_NAMAIN10@DF_TABLE4(2.0),A,MDG,S1,S1,EXC_A,F21,_Z,_Z,XDC_USD,_Z,N,T001,1955,34.997,,F,6,A,0,MGA
OECD.SDD.NAD:DSD_NAMAIN10@DF_TABLE4(2.0),A,MDG,S1,S1,EXC_A,F21,_Z,_Z,XDC_USD,_Z,N,T001,1956,34.979,,F,6,A,0,MGA
OECD.SDD.NAD:DSD_NAMAIN10@DF_TABLE4(2.0),A,MDG,S1,S1,EXC_A,F21,_Z,_Z,XDC_USD,_Z,N,T001,1957,36.164083,,F,6,A,0,MGA
OECD.SDD.NAD:DSD_NAMAIN10@DF_TABLE4(2.0),A,MDG,S1,S1,EXC_A,F21,_Z,_Z,XDC_USD,_Z,N,T001,1958,42.586475,,F,6,A,0,MGA
OECD.SDD.NAD:DSD_NAMAIN10@DF_TABLE4(2.0),A,MDG,S1,S1,EXC_A,F21,_Z,_Z,XDC_USD,_Z,N,T001,1959,49.3707,,F,6,A,0,MGA
OECD.SDD.NAD:DSD_NAMAIN10@DF_TABLE4(2.0),A,MDG,S1,S1,EXC_A,F21,_Z,_Z,XDC_USD,_Z,N,T001,1960,49.3706,,F,6,A,0,MGA
OECD.SDD.NAD:DSD_NAMAIN10@DF_TABLE4(2.0),A,MDG,S1,S1,EXC_A,F21,_Z,_Z,XDC_USD,_Z,N,T001,1961,49.3706,,F,6,A,0,MGA
OECD.SDD.NAD:DSD_NAMAIN10@DF_TABLE4(2.0),A,MDG,S1,S1,EXC_A,F21,_Z,_Z,XDC_USD,_Z,N,T001,1962,49.3706,,F,6,A,0,MGA
OECD.SDD.NAD:DSD_NAMAIN10@DF_TABLE4(2.0),A,MDG,S1,S1,EXC_A,F21,_Z,_Z,XDC_USD,_Z,N,T001,1963,49.3706,,F,6,A,0,MGA
OECD.SDD.NAD:DSD_NAMAIN10@DF_TABLE4(2.0),A,MDG,S1,S1,EXC_A,F21,_Z,_Z,XDC_USD,_Z,N,T001,1964,49.3706,,F,6,A,0,MGA
OECD.SDD.NAD:DSD_NAMAIN10@DF_TABLE4(2.0),A,MDG,S1,S1,EXC_A,F21,_Z,_Z,XDC_USD,_Z,N,T001,1965,49.3706,,F,6,A,0,MGA
OECD.SDD.NAD:DSD_NAMAIN10@DF_TABLE4(2.0),A,MDG,S1,S1,EXC_A,F21,_Z,_Z,XDC_USD,_Z,N,T001,1966,49.3706,,F,6,A,0,MGA
OECD.SDD.NAD:DSD_NAMAIN10@DF_TABLE4(2.0),A,MDG,S1,S1,EXC_A,F21,_Z,_Z,XDC_USD,_Z,N,T001,1967,49.3706,,F,6,A,0,MGA
OECD.SDD.NAD:DSD_NAMAIN10@DF_TABLE4(2.0),A,MDG,S1,S1,EXC_A,F21,_Z,_Z,XDC_USD,_Z,N,T001,1968,49.3706,,F,6,A,0,MGA
OECD.SDD.NAD:DSD_NAMAIN10@DF_TABLE4(2.0),A,MDG,S1,S1,EXC_A,F21,_Z,_Z,XDC_USD,_Z,N,T001,1969,51.941975,,F,6,A,0,MGA
OECD.SDD.NAD:DSD_NAMAIN10@DF_TABLE4(2.0),A,MDG,S1,S1,EXC_A,F21,_Z,_Z,XDC_USD,_Z,N,T001,1970,55.5419,,F,6,A,0,MGA
OECD.SDD.NAD:DSD_NAMAIN10@DF_TABLE4(2.0),A,MDG,S1,S1,EXC_A,F21,_Z,_Z,XDC_USD,_Z,N,T001,1971,55.426325,,F,6,A,0,MGA
OECD.SDD.NAD:DSD_NAMAIN10@DF_TABLE4(2.0),A,MDG,S1,S1,EXC_A,F21,_Z,_Z,XDC_USD,_Z,N,T001,1972,50.405333,,F,6,A,0,MGA
OECD.SDD.NAD:DSD_NAMAIN10@DF_TABLE4(2.0),A,MDG,S1,S1,EXC_A,F21,_Z,_Z,XDC_USD,_Z,N,T001,1973,44.577667,,F,6,A,0,MGA
OECD.SDD.NAD:DSD_NAMAIN10@DF_TABLE4(2.0),A,MDG,S1,S1,EXC_A,F21,_Z,_Z,XDC_USD,_Z,N,T001,1974,48.14075,,F,6,A,0,MGA
OECD.SDD.NAD:DSD_NAMAIN10@DF_TABLE4(2.0),A,MDG,S1,S1,EXC_A,F21,_Z,_Z,XDC_USD,_Z,N,T001,1975,42.862417,,F,6,A,0,MGA
OECD.SDD.NAD:DSD_NAMAIN10@DF_TABLE4(2.0),A,MDG,S1,S1,EXC_A,F21,_Z,_Z,XDC_USD,_Z,N,T001,1976,47.789917,,F,6,A,0,MGA
OECD.SDD.NAD:DSD_NAMAIN10@DF_TABLE4(2.0),A,MDG,S1,S1,EXC_A,F21,_Z,_Z,XDC_USD,_Z,N,T001,1977,49.13575,,F,6,A,0,MGA
OECD.SDD.NAD:DSD_NAMAIN10@DF_TABLE4(2.0),A,MDG,S1,S1,EXC_A,F21,_Z,_Z,XDC_USD,_Z,N,T001,1978,45.131,,F,6,A,0,MGA
OECD.SDD.NAD:DSD_NAMAIN10@DF_TABLE4(2.0),A,MDG,S1,S1,EXC_A,F21,_Z,_Z,XDC_USD,_Z,N,T001,1979,42.544167,,F,6,A,0,MGA
OECD.SDD.NAD:DSD_NAMAIN10@DF_TABLE4(2.0),A,MDG,S1,S1,EXC_A,F21,_Z,_Z,XDC_USD,_Z,N,T001,1980,42.25575,,F,6,A,0,MGA
OECD.SDD.NAD:DSD_NAMAIN10@DF_TABLE4(2.0),A,MDG,S1,S1,EXC_A,F21,_Z,_Z,XDC_USD,_Z,N,T001,1981,54.346083,,F,6,A,0,MGA
OECD.SDD.NAD:DSD_NAMAIN10@DF_TABLE4(2.0),A,MDG,S1,S1,EXC_A,F21,_Z,_Z,XDC_USD,_Z,N,T001,1982,69.947167,,F,6,A,0,MGA
OECD.SDD.NAD:DSD_NAMAIN10@DF_TABLE4(2.0),A,MDG,S1,S1,EXC_A,F21,_Z,_Z,XDC_USD,_Z,N,T001,1983,86.089833,,F,6,A,0,MGA
OECD.SDD.NAD:DSD_NAMAIN10@DF_TABLE4(2.0),A,MDG,S1,S1,EXC_A,F21,_Z,_Z,XDC_USD,_Z,N,T001,1984,115.3285,,F,6,A,0,MGA
OECD.SDD.NAD:DSD_NAMAIN10@DF_TABLE4(2.0),A,MDG,S1,S1,EXC_A,F21,_Z,_Z,XDC_USD,_Z,N,T001,1985,132.4955,,F,6,A,0,MGA
OECD.SDD.NAD:DSD_NAMAIN10@DF_TABLE4(2.0),A,MDG,S1,S1,EXC_A,F21,_Z,_Z,XDC_USD,_Z,N,T001,1986,135.268167,,F,6,A,0,MGA
OECD.SDD.NAD:DSD_NAMAIN10@DF_TABLE4(2.0),A,MDG,S1,S1,EXC_A,F21,_Z,_Z,XDC_USD,_Z,N,T001,1987,213.842667,,F,6,A,0,MGA
OECD.SDD.NAD:DSD_NAMAIN10@DF_TABLE4(2.0),A,MDG,S1,S1,EXC_A,F21,_Z,_Z,XDC_USD,_Z,N,T001,1988,281.421333,,F,6,A,0,MGA
OECD.SDD.NAD:DSD_NAMAIN10@DF_TABLE4(2.0),A,MDG,S1,S1,EXC_A,F21,_Z,_Z,XDC_USD,_Z,N,T001,1989,320.6875,,F,6,A,0,MGA
OECD.SDD.NAD:DSD_NAMAIN10@DF_TABLE4(2.0),A,MDG,S1,S1,EXC_A,F21,_Z,_Z,XDC_USD,_Z,N,T001,1990,298.829333,,F,6,A,0,MGA
OECD.SDD.NAD:DSD_NAMAIN10@DF_TABLE4(2.0),A,MDG,S1,S1,EXC_A,F21,_Z,_Z,XDC_USD,_Z,N,T001,1991,367.072,,F,6,A,0,MGA
OECD.SDD.NAD:DSD_NAMAIN10@DF_TABLE4(2.0),A,MDG,S1,S1,EXC_A,F21,_Z,_Z,XDC_USD,_Z,N,T001,1992,372.793333,,F,6,A,0,MGA
OECD.SDD.NAD:DSD_NAMAIN10@DF_TABLE4(2.0),A,MDG,S1,S1,EXC_A,F21,_Z,_Z,XDC_USD,_Z,N,T001,1993,382.7565,,F,6,A,0,MGA
OECD.SDD.NAD:DSD_NAMAIN10@DF_TABLE4(2.0),A,MDG,S1,S1,EXC_A,F21,_Z,_Z,XDC_USD,_Z,N,T001,1994,613.467167,,F,6,A,0,MGA
OECD.SDD.NAD:DSD_NAMAIN10@DF_TABLE4(2.0),A,MDG,S1,S1,EXC_A,F21,_Z,_Z,XDC_USD,_Z,N,T001,1995,853.126333,,F,6,A,0,MGA
OECD.SDD.NAD:DSD_NAMAIN10@DF_TABLE4(2.0),A,MDG,S1,S1,EXC_A,F21,_Z,_Z,XDC_USD,_Z,N,T001,1996,812.250333,,F,6,A,0,MGA
OECD.SDD.NAD:DSD_NAMAIN10@DF_TABLE4(2.0),A,MDG,S1,S1,EXC_A,F21,_Z,_Z,XDC_USD,_Z,N,T001,1997,1018.177167,,F,6,A,0,MGA
OECD.SDD.NAD:DSD_NAMAIN10@DF_TABLE4(2.0),A,MDG,S1,S1,EXC_A,F21,_Z,_Z,XDC_USD,_Z,N,T001,1998,1088.279667,,F,6,A,0,MGA
OECD.SDD.NAD:DSD_NAMAIN10@DF_TABLE4(2.0),A,MDG,S1,S1,EXC_A,F21,_Z,_Z,XDC_USD,_Z,N,T001,1999,1256.755,,F,6,A,0,MGA
OECD.SDD.NAD:DSD_NAMAIN10@DF_TABLE4(2.0),A,MDG,S1,S1,EXC_A,F21,_Z,_Z,XDC_USD,_Z,N,T001,2000,1353.496167,,F,6,A,0,MGA
OECD.SDD.NAD:DSD_NAMAIN10@DF_TABLE4(2.0),A,MDG,S1,S1,EXC_A,F21,_Z,_Z,XDC_USD,_Z,N,T001,2001,1317.698833,,F,6,A,0,MGA
OECD.SDD.NAD:DSD_NAMAIN10@DF_TABLE4(2.0),A,MDG,S1,S1,EXC_A,F21,_Z,_Z,XDC_USD,_Z,N,T001,2002,1366.391167,,F,6,A,0,MGA
OECD.SDD.NAD:DSD_NAMAIN10@DF_TABLE4(2.0),A,MDG,S1,S1,EXC_A,F21,_Z,_Z,XDC_USD,_Z,N,T001,2003,1238.327667,,F,6,A,0,MGA
OECD.SDD.NAD:DSD_NAMAIN10@DF_TABLE4(2.0),A,MDG,S1,S1,EXC_A,F21,_Z,_Z,XDC_USD,_Z,N,T001,2004,1868.857833,,F,6,A,0,MGA
OECD.SDD.NAD:DSD_NAMAIN10@DF_TABLE4(2.0),A,MDG,S1,S1,EXC_A,F21,_Z,_Z,XDC_USD,_Z,N,T001,2005,2003.025833,,F,6,A,0,MGA
OECD.SDD.NAD:DSD_NAMAIN10@DF_TABLE4(2.0),A,MDG,S1,S1,EXC_A,F21,_Z,_Z,XDC_USD,_Z,N,T001,2006,2142.301667,,F,6,A,0,MGA
OECD.SDD.NAD:DSD_NAMAIN10@DF_TABLE4(2.0),A,MDG,S1,S1,EXC_A,F21,_Z,_Z,XDC_USD,_Z,N,T001,2007,1873.876667,,F,6,A,0,MGA
OECD.SDD.NAD:DSD_NAMAIN10@DF_TABLE4(2.0),A,MDG,S1,S1,EXC_A,F21,_Z,_Z,XDC_USD,_Z,N,T001,2008,1708.370833,,F,6,A,0,MGA
OECD.SDD.NAD:DSD_NAMAIN10@DF_TABLE4(2.0),A,MDG,S1,S1,EXC_A,F21,_Z,_Z,XDC_USD,_Z,N,T001,2009,1956.205833,,F,6,A,0,MGA
OECD.SDD.NAD:DSD_NAMAIN10@DF_TABLE4(2.0),A,MDG,S1,S1,EXC_A,F21,_Z,_Z,XDC_USD,_Z,N,T001,2010,2089.95,,F,6,A,0,MGA
OECD.SDD.NAD:DSD_NAMAIN10@DF_TABLE4(2.0),A,MDG,S1,S1,EXC_A,F21,_Z,_Z,XDC_USD,_Z,N,T001,2011,2025.1175,,F,6,A,0,MGA
OECD.SDD.NAD:DSD_NAMAIN10@DF_TABLE4(2.0),A,MDG,S1,S1,EXC_A,F21,_Z,_Z,XDC_USD,_Z,N,T001,2012,2194.966667,,F,6,A,0,MGA
OECD.SDD.NAD:DSD_NAMAIN10@DF_TABLE4(2.0),A,MDG,S1,S1,EXC_A,F21,_Z,_Z,XDC_USD,_Z,N,T001,2013,2206.914167,,F,6,A,0,MGA
OECD.SDD.NAD:DSD_NAMAIN10@DF_TABLE4(2.0),A,MDG,S1,S1,EXC_A,F21,_Z,_Z,XDC_USD,_Z,N,T001,2014,2414.811667,,F,6,A,0,MGA
OECD.SDD.NAD:DSD_NAMAIN10@DF_TABLE4(2.0),A,MDG,S1,S1,EXC_A,F21,_Z,_Z,XDC_USD,_Z,N,T001,2015,2933.508333,,F,6,A,0,MGA
OECD.SDD.NAD:DSD_NAMAIN10@DF_TABLE4(2.0),A,MDG,S1,S1,EXC_A,F21,_Z,_Z,XDC_USD,_Z,N,T001,2016,3176.539167,,F,6,A,0,MGA
OECD.SDD.NAD:DSD_NAMAIN10@DF_TABLE4(2.0),A,MDG,S1,S1,EXC_A,F21,_Z,_Z,XDC_USD,_Z,N,T001,2017,3116.11,,F,6,A,0,MGA
OECD.SDD.NAD:DSD_NAMAIN10@DF_TABLE4(2.0),A,MDG,S1,S1,EXC_A,F21,_Z,_Z,XDC_USD,_Z,N,T001,2018,3334.752255,,F,6,A,0,MGA
OECD.SDD.NAD:DSD_NAMAIN10@DF_TABLE4(2.0),A,MDG,S1,S1,EXC_A,F21,_Z,_Z,XDC_USD,_Z,N,T001,2019,3618.321858,,F,6,A,0,MGA
OECD.SDD.NAD:DSD_NAMAIN10@DF_TABLE4(2.0),A,MDG,S1,S1,EXC_A,F21,_Z,_Z,XDC_USD,_Z,N,T001,2020,3787.754058,,F,6,A,0,MGA
OECD.SDD.NAD:DSD_NAMAIN10@DF_TABLE4(2.0),A,MDG,S1,S1,EXC_A,F21,_Z,_Z,XDC_USD,_Z,N,T001,2021,3829.977849,,F,6,A,0,MGA
OECD.SDD.NAD:DSD_NAMAIN10@DF_TABLE4(2.0),A,MDG,S1,S1,EXC_A,F21,_Z,_Z,XDC_USD,_Z,N,T001,2022,4096.116184,,F,6,A,0,MGA
OECD.SDD.NAD:DSD_NAMAIN10@DF_TABLE4(2.0),A,MDG,S1,S1,EXC_A,F21,_Z,_Z,XDC_USD,_Z,N,T001,2023,4429.579214,,F,6,A,0,MGA
OECD.SDD.NAD:DSD_NAMAIN10@DF_TABLE4(2.0),A,MAR,S1,S1,EXC_A,F21,_Z,_Z,XDC_USD,_Z,N,T001,1950,3.499,,F,6,A,0,MAD
OECD.SDD.NAD:DSD_NAMAIN10@DF_TABLE4(2.0),A,MAR,S1,S1,EXC_A,F21,_Z,_Z,XDC_USD,_Z,N,T001,1951,3.5,,F,6,A,0,MAD
OECD.SDD.NAD:DSD_NAMAIN10@DF_TABLE4(2.0),A,MAR,S1,S1,EXC_A,F21,_Z,_Z,XDC_USD,_Z,N,T001,1952,3.5,,F,6,A,0,MAD
OECD.SDD.NAD:DSD_NAMAIN10@DF_TABLE4(2.0),A,MAR,S1,S1,EXC_A,F21,_Z,_Z,XDC_USD,_Z,N,T001,1953,3.5,,F,6,A,0,MAD
OECD.SDD.NAD:DSD_NAMAIN10@DF_TABLE4(2.0),A,MAR,S1,S1,EXC_A,F21,_Z,_Z,XDC_USD,_Z,N,T001,1954,3.5,,F,6,A,0,MAD
OECD.SDD.NAD:DSD_NAMAIN10@DF_TABLE4(2.0),A,MAR,S1,S1,EXC_A,F21,_Z,_Z,XDC_USD,_Z,N,T001,1955,3.5,,F,6,A,0,MAD
OECD.SDD.NAD:DSD_NAMAIN10@DF_TABLE4(2.0),A,MAR,S1,S1,EXC_A,F21,_Z,_Z,XDC_USD,_Z,N,T001,1956,3.5,,F,6,A,0,MAD
OECD.SDD.NAD:DSD_NAMAIN10@DF_TABLE4(2.0),A,MAR,S1,S1,EXC_A,F21,_Z,_Z,XDC_USD,_Z,N,T001,1957,3.587375,,F,6,A,0,MAD
OECD.SDD.NAD:DSD_NAMAIN10@DF_TABLE4(2.0),A,MAR,S1,S1,EXC_A,F21,_Z,_Z,XDC_USD,_Z,N,T001,1958,4.1975,,F,6,A,0,MAD
OECD.SDD.NAD:DSD_NAMAIN10@DF_TABLE4(2.0),A,MAR,S1,S1,EXC_A,F21,_Z,_Z,XDC_USD,_Z,N,T001,1959,4.870998,,F,6,A,0,MAD
OECD.SDD.NAD:DSD_NAMAIN10@DF_TABLE4(2.0),A,MAR,S1,S1,EXC_A,F21,_Z,_Z,XDC_USD,_Z,N,T001,1960,5.06049,,F,6,A,0,MAD
OECD.SDD.NAD:DSD_NAMAIN10@DF_TABLE4(2.0),A,MAR,S1,S1,EXC_A,F21,_Z,_Z,XDC_USD,_Z,N,T001,1961,5.06049,,F,6,A,0,MAD
OECD.SDD.NAD:DSD_NAMAIN10@DF_TABLE4(2.0),A,MAR,S1,S1,EXC_A,F21,_Z,_Z,XDC_USD,_Z,N,T001,1962,5.06049,,F,6,A,0,MAD
OECD.SDD.NAD:DSD_NAMAIN10@DF_TABLE4(2.0),A,MAR,S1,S1,EXC_A,F21,_Z,_Z,XDC_USD,_Z,N,T001,1963,5.06049,,F,6,A,0,MAD
OECD.SDD.NAD:DSD_NAMAIN10@DF_TABLE4(2.0),A,MAR,S1,S1,EXC_A,F21,_Z,_Z,XDC_USD,_Z,N,T001,1964,5.06049,,F,6,A,0,MAD
OECD.SDD.NAD:DSD_NAMAIN10@DF_TABLE4(2.0),A,MAR,S1,S1,EXC_A,F21,_Z,_Z,XDC_USD,_Z,N,T001,1965,5.06049,,F,6,A,0,MAD
OECD.SDD.NAD:DSD_NAMAIN10@DF_TABLE4(2.0),A,MAR,S1,S1,EXC_A,F21,_Z,_Z,XDC_USD,_Z,N,T001,1966,5.06049,,F,6,A,0,MAD
OECD.SDD.NAD:DSD_NAMAIN10@DF_TABLE4(2.0),A,MAR,S1,S1,EXC_A,F21,_Z,_Z,XDC_USD,_Z,N,T001,1967,5.06049,,F,6,A,0,MAD
OECD.SDD.NAD:DSD_NAMAIN10@DF_TABLE4(2.0),A,MAR,S1,S1,EXC_A,F21,_Z,_Z,XDC_USD,_Z,N,T001,1968,5.06049,,F,6,A,0,MAD
OECD.SDD.NAD:DSD_NAMAIN10@DF_TABLE4(2.0),A,MAR,S1,S1,EXC_A,F21,_Z,_Z,XDC_USD,_Z,N,T001,1969,5.06049,,F,6,A,0,MAD
OECD.SDD.NAD:DSD_NAMAIN10@DF_TABLE4(2.0),A,MAR,S1,S1,EXC_A,F21,_Z,_Z,XDC_USD,_Z,N,T001,1970,5.06049,,F,6,A,0,MAD
OECD.SDD.NAD:DSD_NAMAIN10@DF_TABLE4(2.0),A,MAR,S1,S1,EXC_A,F21,_Z,_Z,XDC_USD,_Z,N,T001,1971,5.049959,,F,6,A,0,MAD
OECD.SDD.NAD:DSD_NAMAIN10@DF_TABLE4(2.0),A,MAR,S1,S1,EXC_A,F21,_Z,_Z,XDC_USD,_Z,N,T001,1972,4.59248,,F,6,A,0,MAD
OECD.SDD.NAD:DSD_NAMAIN10@DF_TABLE4(2.0),A,MAR,S1,S1,EXC_A,F21,_Z,_Z,XDC_USD,_Z,N,T001,1973,4.106921,,F,6,A,0,MAD
OECD.SDD.NAD:DSD_NAMAIN10@DF_TABLE4(2.0),A,MAR,S1,S1,EXC_A,F21,_Z,_Z,XDC_USD,_Z,N,T001,1974,4.369767,,F,6,A,0,MAD
OECD.SDD.NAD:DSD_NAMAIN10@DF_TABLE4(2.0),A,MAR,S1,S1,EXC_A,F21,_Z,_Z,XDC_USD,_Z,N,T001,1975,4.052487,,F,6,A,0,MAD
OECD.SDD.NAD:DSD_NAMAIN10@DF_TABLE4(2.0),A,MAR,S1,S1,EXC_A,F21,_Z,_Z,XDC_USD,_Z,N,T001,1976,4.419312,,F,6,A,0,MAD
OECD.SDD.NAD:DSD_NAMAIN10@DF_TABLE4(2.0),A,MAR,S1,S1,EXC_A,F21,_Z,_Z,XDC_USD,_Z,N,T001,1977,4.503346,,F,6,A,0,MAD
OECD.SDD.NAD:DSD_NAMAIN10@DF_TABLE4(2.0),A,MAR,S1,S1,EXC_A,F21,_Z,_Z,XDC_USD,_Z,N,T001,1978,4.166671,,F,6,A,0,MAD
OECD.SDD.NAD:DSD_NAMAIN10@DF_TABLE4(2.0),A,MAR,S1,S1,EXC_A,F21,_Z,_Z,XDC_USD,_Z,N,T001,1979,3.899134,,F,6,A,0,MAD
OECD.SDD.NAD:DSD_NAMAIN10@DF_TABLE4(2.0),A,MAR,S1,S1,EXC_A,F21,_Z,_Z,XDC_USD,_Z,N,T001,1980,3.936646,,F,6,A,0,MAD
OECD.SDD.NAD:DSD_NAMAIN10@DF_TABLE4(2.0),A,MAR,S1,S1,EXC_A,F21,_Z,_Z,XDC_USD,_Z,N,T001,1981,5.172296,,F,6,A,0,MAD
OECD.SDD.NAD:DSD_NAMAIN10@DF_TABLE4(2.0),A,MAR,S1,S1,EXC_A,F21,_Z,_Z,XDC_USD,_Z,N,T001,1982,6.023022,,F,6,A,0,MAD
OECD.SDD.NAD:DSD_NAMAIN10@DF_TABLE4(2.0),A,MAR,S1,S1,EXC_A,F21,_Z,_Z,XDC_USD,_Z,N,T001,1983,7.111323,,F,6,A,0,MAD
OECD.SDD.NAD:DSD_NAMAIN10@DF_TABLE4(2.0),A,MAR,S1,S1,EXC_A,F21,_Z,_Z,XDC_USD,_Z,N,T001,1984,8.810536,,F,6,A,0,MAD
OECD.SDD.NAD:DSD_NAMAIN10@DF_TABLE4(2.0),A,MAR,S1,S1,EXC_A,F21,_Z,_Z,XDC_USD,_Z,N,T001,1985,10.062494,,F,6,A,0,MAD
OECD.SDD.NAD:DSD_NAMAIN10@DF_TABLE4(2.0),A,MAR,S1,S1,EXC_A,F21,_Z,_Z,XDC_USD,_Z,N,T001,1986,9.104442,,F,6,A,0,MAD
OECD.SDD.NAD:DSD_NAMAIN10@DF_TABLE4(2.0),A,MAR,S1,S1,EXC_A,F21,_Z,_Z,XDC_USD,_Z,N,T001,1987,8.359225,,F,6,A,0,MAD
OECD.SDD.NAD:DSD_NAMAIN10@DF_TABLE4(2.0),A,MAR,S1,S1,EXC_A,F21,_Z,_Z,XDC_USD,_Z,N,T001,1988,8.20915,,F,6,A,0,MAD
OECD.SDD.NAD:DSD_NAMAIN10@DF_TABLE4(2.0),A,MAR,S1,S1,EXC_A,F21,_Z,_Z,XDC_USD,_Z,N,T001,1989,8.48817,,F,6,A,0,MAD
OECD.SDD.NAD:DSD_NAMAIN10@DF_TABLE4(2.0),A,MAR,S1,S1,EXC_A,F21,_Z,_Z,XDC_USD,_Z,N,T001,1990,8.242342,,F,6,A,0,MAD
OECD.SDD.NAD:DSD_NAMAIN10@DF_TABLE4(2.0),A,MAR,S1,S1,EXC_A,F21,_Z,_Z,XDC_USD,_Z,N,T001,1991,8.70655,,F,6,A,0,MAD
OECD.SDD.NAD:DSD_NAMAIN10@DF_TABLE4(2.0),A,MAR,S1,S1,EXC_A,F21,_Z,_Z,XDC_USD,_Z,N,T001,1992,8.537875,,F,6,A,0,MAD
OECD.SDD.NAD:DSD_NAMAIN10@DF_TABLE4(2.0),A,MAR,S1,S1,EXC_A,F21,_Z,_Z,XDC_USD,_Z,N,T001,1993,9.298709,,F,6,A,0,MAD
OECD.SDD.NAD:DSD_NAMAIN10@DF_TABLE4(2.0),A,MAR,S1,S1,EXC_A,F21,_Z,_Z,XDC_USD,_Z,N,T001,1994,9.202715,,F,6,A,0,MAD
OECD.SDD.NAD:DSD_NAMAIN10@DF_TABLE4(2.0),A,MAR,S1,S1,EXC_A,F21,_Z,_Z,XDC_USD,_Z,N,T001,1995,8.540236,,F,6,A,0,MAD
OECD.SDD.NAD:DSD_NAMAIN10@DF_TABLE4(2.0),A,MAR,S1,S1,EXC_A,F21,_Z,_Z,XDC_USD,_Z,N,T001,1996,8.715876,,F,6,A,0,MAD
OECD.SDD.NAD:DSD_NAMAIN10@DF_TABLE4(2.0),A,MAR,S1,S1,EXC_A,F21,_Z,_Z,XDC_USD,_Z,N,T001,1997,9.527107,,F,6,A,0,MAD
OECD.SDD.NAD:DSD_NAMAIN10@DF_TABLE4(2.0),A,MAR,S1,S1,EXC_A,F21,_Z,_Z,XDC_USD,_Z,N,T001,1998,9.604416,,F,6,A,0,MAD
OECD.SDD.NAD:DSD_NAMAIN10@DF_TABLE4(2.0),A,MAR,S1,S1,EXC_A,F21,_Z,_Z,XDC_USD,_Z,N,T001,1999,9.804419,,F,6,A,0,MAD
OECD.SDD.NAD:DSD_NAMAIN10@DF_TABLE4(2.0),A,MAR,S1,S1,EXC_A,F21,_Z,_Z,XDC_USD,_Z,N,T001,2000,10.625636,,F,6,A,0,MAD
OECD.SDD.NAD:DSD_NAMAIN10@DF_TABLE4(2.0),A,MAR,S1,S1,EXC_A,F21,_Z,_Z,XDC_USD,_Z,N,T001,2001,11.302975,,F,6,A,0,MAD
OECD.SDD.NAD:DSD_NAMAIN10@DF_TABLE4(2.0),A,MAR,S1,S1,EXC_A,F21,_Z,_Z,XDC_USD,_Z,N,T001,2002,11.020583,,F,6,A,0,MAD
OECD.SDD.NAD:DSD_NAMAIN10@DF_TABLE4(2.0),A,MAR,S1,S1,EXC_A,F21,_Z,_Z,XDC_USD,_Z,N,T001,2003,9.574383,,F,6,A,0,MAD
OECD.SDD.NAD:DSD_NAMAIN10@DF_TABLE4(2.0),A,MAR,S1,S1,EXC_A,F21,_Z,_Z,XDC_USD,_Z,N,T001,2004,8.868017,,F,6,A,0,MAD
OECD.SDD.NAD:DSD_NAMAIN10@DF_TABLE4(2.0),A,MAR,S1,S1,EXC_A,F21,_Z,_Z,XDC_USD,_Z,N,T001,2005,8.865008,,F,6,A,0,MAD
OECD.SDD.NAD:DSD_NAMAIN10@DF_TABLE4(2.0),A,MAR,S1,S1,EXC_A,F21,_Z,_Z,XDC_USD,_Z,N,T001,2006,8.795583,,F,6,A,0,MAD
OECD.SDD.NAD:DSD_NAMAIN10@DF_TABLE4(2.0),A,MAR,S1,S1,EXC_A,F21,_Z,_Z,XDC_USD,_Z,N,T001,2007,8.192333,,F,6,A,0,MAD
OECD.SDD.NAD:DSD_NAMAIN10@DF_TABLE4(2.0),A,MAR,S1,S1,EXC_A,F21,_Z,_Z,XDC_USD,_Z,N,T001,2008,7.750325,,F,6,A,0,MAD
OECD.SDD.NAD:DSD_NAMAIN10@DF_TABLE4(2.0),A,MAR,S1,S1,EXC_A,F21,_Z,_Z,XDC_USD,_Z,N,T001,2009,8.0571,,F,6,A,0,MAD
OECD.SDD.NAD:DSD_NAMAIN10@DF_TABLE4(2.0),A,MAR,S1,S1,EXC_A,F21,_Z,_Z,XDC_USD,_Z,N,T001,2010,8.417158,,F,6,A,0,MAD
OECD.SDD.NAD:DSD_NAMAIN10@DF_TABLE4(2.0),A,MAR,S1,S1,EXC_A,F21,_Z,_Z,XDC_USD,_Z,N,T001,2011,8.089875,,F,6,A,0,MAD
OECD.SDD.NAD:DSD_NAMAIN10@DF_TABLE4(2.0),A,MAR,S1,S1,EXC_A,F21,_Z,_Z,XDC_USD,_Z,N,T001,2012,8.628445,,F,6,A,0,MAD
OECD.SDD.NAD:DSD_NAMAIN10@DF_TABLE4(2.0),A,MAR,S1,S1,EXC_A,F21,_Z,_Z,XDC_USD,_Z,N,T001,2013,8.405504,,F,6,A,0,MAD
OECD.SDD.NAD:DSD_NAMAIN10@DF_TABLE4(2.0),A,MAR,S1,S1,EXC_A,F21,_Z,_Z,XDC_USD,_Z,N,T001,2014,8.406337,,F,6,A,0,MAD
OECD.SDD.NAD:DSD_NAMAIN10@DF_TABLE4(2.0),A,MAR,S1,S1,EXC_A,F21,_Z,_Z,XDC_USD,_Z,N,T001,2015,9.764348,,F,6,A,0,MAD
OECD.SDD.NAD:DSD_NAMAIN10@DF_TABLE4(2.0),A,MAR,S1,S1,EXC_A,F21,_Z,_Z,XDC_USD,_Z,N,T001,2016,9.807476,,F,6,A,0,MAD
OECD.SDD.NAD:DSD_NAMAIN10@DF_TABLE4(2.0),A,MAR,S1,S1,EXC_A,F21,_Z,_Z,XDC_USD,_Z,N,T001,2017,9.691998,,F,6,A,0,MAD
OECD.SDD.NAD:DSD_NAMAIN10@DF_TABLE4(2.0),A,MAR,S1,S1,EXC_A,F21,_Z,_Z,XDC_USD,_Z,N,T001,2018,9.386102,,F,6,A,0,MAD
OECD.SDD.NAD:DSD_NAMAIN10@DF_TABLE4(2.0),A,MAR,S1,S1,EXC_A,F21,_Z,_Z,XDC_USD,_Z,N,T001,2019,9.617076,,F,6,A,0,MAD
OECD.SDD.NAD:DSD_NAMAIN10@DF_TABLE4(2.0),A,MAR,S1,S1,EXC_A,F21,_Z,_Z,XDC_USD,_Z,N,T001,2020,9.496847,,F,6,A,0,MAD
OECD.SDD.NAD:DSD_NAMAIN10@DF_TABLE4(2.0),A,MAR,S1,S1,EXC_A,F21,_Z,_Z,XDC_USD,_Z,N,T001,2021,8.988484,,F,6,A,0,MAD
OECD.SDD.NAD:DSD_NAMAIN10@DF_TABLE4(2.0),A,MAR,S1,S1,EXC_A,F21,_Z,_Z,XDC_USD,_Z,N,T001,2022,10.16066,,F,6,A,0,MAD
OECD.SDD.NAD:DSD_NAMAIN10@DF_TABLE4(2.0),A,MAR,S1,S1,EXC_A,F21,_Z,_Z,XDC_USD,_Z,N,T001,2023,10.131426,,F,6,A,0,MAD
OECD.SDD.NAD:DSD_NAMAIN10@DF_TABLE4(2.0),A,SEN,S1,S1,EXC_A,F21,_Z,_Z,XDC_USD,_Z,N,T001,1950,174.840667,,F,6,A,0,XOF
OECD.SDD.NAD:DSD_NAMAIN10@DF_TABLE4(2.0),A,SEN,S1,S1,EXC_A,F21,_Z,_Z,XDC_USD,_Z,N,T001,1951,174.980667,,F,6,A,0,XOF
OECD.SDD.NAD:DSD_NAMAIN10@DF_TABLE4(2.0),A,SEN,S1,S1,EXC_A,F21,_Z,_Z,XDC_USD,_Z,N,T001,1952,174.985667,,F,6,A,0,XOF
OECD.SDD.NAD:DSD_NAMAIN10@DF_TABLE4(2.0),A,SEN,S1,S1,EXC_A,F21,_Z,_Z,XDC_USD,_Z,N,T001,1953,174.980667,,F,6,A,0,XOF
OECD.SDD.NAD:DSD_NAMAIN10@DF_TABLE4(2.0),A,SEN,S1,S1,EXC_A,F21,_Z,_Z,XDC_USD,_Z,N,T001,1954,174.985667,,F,6,A,0,XOF
OECD.SDD.NAD:DSD_NAMAIN10@DF_TABLE4(2.0),A,SEN,S1,S1,EXC_A,F21,_Z,_Z,XDC_USD,_Z,N,T001,1955,174.985667,,F,6,A,0,XOF
OECD.SDD.NAD:DSD_NAMAIN10@DF_TABLE4(2.0),A,SEN,S1,S1,EXC_A,F21,_Z,_Z,XDC_USD,_Z,N,T001,1956,174.895667,,F,6,A,0,XOF
OECD.SDD.NAD:DSD_NAMAIN10@DF_TABLE4(2.0),A,SEN,S1,S1,EXC_A,F21,_Z,_Z,XDC_USD,_Z,N,T001,1957,180.821106,,F,6,A,0,XOF
OECD.SDD.NAD:DSD_NAMAIN10@DF_TABLE4(2.0),A,SEN,S1,S1,EXC_A,F21,_Z,_Z,XDC_USD,_Z,N,T001,1958,210.238718,,F,6,A,0,XOF
OECD.SDD.NAD:DSD_NAMAIN10@DF_TABLE4(2.0),A,SEN,S1,S1,EXC_A,F21,_Z,_Z,XDC_USD,_Z,N,T001,1959,245.213435,,F,6,A,0,XOF
OECD.SDD.NAD:DSD_NAMAIN10@DF_TABLE4(2.0),A,SEN,S1,S1,EXC_A,F21,_Z,_Z,XDC_USD,_Z,N,T001,1960,245.195101,,F,6,A,0,XOF
OECD.SDD.NAD:DSD_NAMAIN10@DF_TABLE4(2.0),A,SEN,S1,S1,EXC_A,F21,_Z,_Z,XDC_USD,_Z,N,T001,1961,245.260102,,F,6,A,0,XOF
OECD.SDD.NAD:DSD_NAMAIN10@DF_TABLE4(2.0),A,SEN,S1,S1,EXC_A,F21,_Z,_Z,XDC_USD,_Z,N,T001,1962,245.013851,,F,6,A,0,XOF
OECD.SDD.NAD:DSD_NAMAIN10@DF_TABLE4(2.0),A,SEN,S1,S1,EXC_A,F21,_Z,_Z,XDC_USD,_Z,N,T001,1963,245.016351,,F,6,A,0,XOF
OECD.SDD.NAD:DSD_NAMAIN10@DF_TABLE4(2.0),A,SEN,S1,S1,EXC_A,F21,_Z,_Z,XDC_USD,_Z,N,T001,1964,245.027184,,F,6,A,0,XOF
OECD.SDD.NAD:DSD_NAMAIN10@DF_TABLE4(2.0),A,SEN,S1,S1,EXC_A,F21,_Z,_Z,XDC_USD,_Z,N,T001,1965,245.060934,,F,6,A,0,XOF
OECD.SDD.NAD:DSD_NAMAIN10@DF_TABLE4(2.0),A,SEN,S1,S1,EXC_A,F21,_Z,_Z,XDC_USD,_Z,N,T001,1966,245.678437,,F,6,A,0,XOF
OECD.SDD.NAD:DSD_NAMAIN10@DF_TABLE4(2.0),A,SEN,S1,S1,EXC_A,F21,_Z,_Z,XDC_USD,_Z,N,T001,1967,246.000938,,F,6,A,0,XOF
OECD.SDD.NAD:DSD_NAMAIN10@DF_TABLE4(2.0),A,SEN,S1,S1,EXC_A,F21,_Z,_Z,XDC_USD,_Z,N,T001,1968,247.564694,,F,6,A,0,XOF
OECD.SDD.NAD:DSD_NAMAIN10@DF_TABLE4(2.0),A,SEN,S1,S1,EXC_A,F21,_Z,_Z,XDC_USD,_Z,N,T001,1969,259.960574,,F,6,A,0,XOF
OECD.SDD.NAD:DSD_NAMAIN10@DF_TABLE4(2.0),A,SEN,S1,S1,EXC_A,F21,_Z,_Z,XDC_USD,_Z,N,T001,1970,276.403137,,F,6,A,0,XOF
OECD.SDD.NAD:DSD_NAMAIN10@DF_TABLE4(2.0),A,SEN,S1,S1,EXC_A,F21,_Z,_Z,XDC_USD,_Z,N,T001,1971,275.356457,,F,6,A,0,XOF
OECD.SDD.NAD:DSD_NAMAIN10@DF_TABLE4(2.0),A,SEN,S1,S1,EXC_A,F21,_Z,_Z,XDC_USD,_Z,N,T001,1972,252.027627,,F,6,A,0,XOF
OECD.SDD.NAD:DSD_NAMAIN10@DF_TABLE4(2.0),A,SEN,S1,S1,EXC_A,F21,_Z,_Z,XDC_USD,_Z,N,T001,1973,222.889183,,F,6,A,0,XOF
OECD.SDD.NAD:DSD_NAMAIN10@DF_TABLE4(2.0),A,SEN,S1,S1,EXC_A,F21,_Z,_Z,XDC_USD,_Z,N,T001,1974,240.704668,,F,6,A,0,XOF
OECD.SDD.NAD:DSD_NAMAIN10@DF_TABLE4(2.0),A,SEN,S1,S1,EXC_A,F21,_Z,_Z,XDC_USD,_Z,N,T001,1975,214.3129,,F,6,A,0,XOF
OECD.SDD.NAD:DSD_NAMAIN10@DF_TABLE4(2.0),A,SEN,S1,S1,EXC_A,F21,_Z,_Z,XDC_USD,_Z,N,T001,1976,238.950494,,F,6,A,0,XOF
OECD.SDD.NAD:DSD_NAMAIN10@DF_TABLE4(2.0),A,SEN,S1,S1,EXC_A,F21,_Z,_Z,XDC_USD,_Z,N,T001,1977,245.679687,,F,6,A,0,XOF
OECD.SDD.NAD:DSD_NAMAIN10@DF_TABLE4(2.0),A,SEN,S1,S1,EXC_A,F21,_Z,_Z,XDC_USD,_Z,N,T001,1978,225.65586,,F,6,A,0,XOF
OECD.SDD.NAD:DSD_NAMAIN10@DF_TABLE4(2.0),A,SEN,S1,S1,EXC_A,F21,_Z,_Z,XDC_USD,_Z,N,T001,1979,212.721644,,F,6,A,0,XOF
OECD.SDD.NAD:DSD_NAMAIN10@DF_TABLE4(2.0),A,SEN,S1,S1,EXC_A,F21,_Z,_Z,XDC_USD,_Z,N,T001,1980,211.279555,,F,6,A,0,XOF
OECD.SDD.NAD:DSD_NAMAIN10@DF_TABLE4(2.0),A,SEN,S1,S1,EXC_A,F21,_Z,_Z,XDC_USD,_Z,N,T001,1981,271.731453,,F,6,A,0,XOF
OECD.SDD.NAD:DSD_NAMAIN10@DF_TABLE4(2.0),A,SEN,S1,S1,EXC_A,F21,_Z,_Z,XDC_USD,_Z,N,T001,1982,328.606253,,F,6,A,0,XOF
OECD.SDD.NAD:DSD_NAMAIN10@DF_TABLE4(2.0),A,SEN,S1,S1,EXC_A,F21,_Z,_Z,XDC_USD,_Z,N,T001,1983,381.066036,,F,6,A,0,XOF
OECD.SDD.NAD:DSD_NAMAIN10@DF_TABLE4(2.0),A,SEN,S1,S1,EXC_A,F21,_Z,_Z,XDC_USD,_Z,N,T001,1984,436.956666,,F,6,A,0,XOF
OECD.SDD.NAD:DSD_NAMAIN10@DF_TABLE4(2.0),A,SEN,S1,S1,EXC_A,F21,_Z,_Z,XDC_USD,_Z,N,T001,1985,449.262963,,F,6,A,0,XOF
OECD.SDD.NAD:DSD_NAMAIN10@DF_TABLE4(2.0),A,SEN,S1,S1,EXC_A,F21,_Z,_Z,XDC_USD,_Z,N,T001,1986,346.305904,,F,6,A,0,XOF
OECD.SDD.NAD:DSD_NAMAIN10@DF_TABLE4(2.0),A,SEN,S1,S1,EXC_A,F21,_Z,_Z,XDC_USD,_Z,N,T001,1987,300.536562,,F,6,A,0,XOF
OECD.SDD.NAD:DSD_NAMAIN10@DF_TABLE4(2.0),A,SEN,S1,S1,EXC_A,F21,_Z,_Z,XDC_USD,_Z,N,T001,1988,297.848219,,F,6,A,0,XOF
OECD.SDD.NAD:DSD_NAMAIN10@DF_TABLE4(2.0),A,SEN,S1,S1,EXC_A,F21,_Z,_Z,XDC_USD,_Z,N,T001,1989,319.008299,,F,6,A,0,XOF
OECD.SDD.NAD:DSD_NAMAIN10@DF_TABLE4(2.0),A,SEN,S1,S1,EXC_A,F21,_Z,_Z,XDC_USD,_Z,N,T001,1990,272.264788,,F,6,A,0,XOF
OECD.SDD.NAD:DSD_NAMAIN10@DF_TABLE4(2.0),A,SEN,S1,S1,EXC_A,F21,_Z,_Z,XDC_USD,_Z,N,T001,1991,282.106909,,F,6,A,0,XOF
OECD.SDD.NAD:DSD_NAMAIN10@DF_TABLE4(2.0),A,SEN,S1,S1,EXC_A,F21,_Z,_Z,XDC_USD,_Z,N,T001,1992,264.691801,,F,6,A,0,XOF
OECD.SDD.NAD:DSD_NAMAIN10@DF_TABLE4(2.0),A,SEN,S1,S1,EXC_A,F21,_Z,_Z,XDC_USD,_Z,N,T001,1993,283.16258,,F,6,A,0,XOF
OECD.SDD.NAD:DSD_NAMAIN10@DF_TABLE4(2.0),A,SEN,S1,S1,EXC_A,F21,_Z,_Z,XDC_USD,_Z,N,T001,1994,555.204696,,F,6,A,0,XOF
OECD.SDD.NAD:DSD_NAMAIN10@DF_TABLE4(2.0),A,SEN,S1,S1,EXC_A,F21,_Z,_Z,XDC_USD,_Z,N,T001,1995,499.148426,,F,6,A,0,XOF
OECD.SDD.NAD:DSD_NAMAIN10@DF_TABLE4(2.0),A,SEN,S1,S1,EXC_A,F21,_Z,_Z,XDC_USD,_Z,N,T001,1996,511.55243,,F,6,A,0,XOF
OECD.SDD.NAD:DSD_NAMAIN10@DF_TABLE4(2.0),A,SEN,S1,S1,EXC_A,F21,_Z,_Z,XDC_USD,_Z,N,T001,1997,583.669372,,F,6,A,0,XOF
OECD.SDD.NAD:DSD_NAMAIN10@DF_TABLE4(2.0),A,SEN,S1,S1,EXC_A,F21,_Z,_Z,XDC_USD,_Z,N,T001,1998,589.951775,,F,6,A,0,XOF
OECD.SDD.NAD:DSD_NAMAIN10@DF_TABLE4(2.0),A,SEN,S1,S1,EXC_A,F21,_Z,_Z,XDC_USD,_Z,N,T001,1999,615.473349,,F,6,A,0,XOF
OECD.SDD.NAD:DSD_NAMAIN10@DF_TABLE4(2.0),A,SEN,S1,S1,EXC_A,F21,_Z,_Z,XDC_USD,_Z,N,T001,2000,710.207977,,F,6,A,0,XOF
OECD.SDD.NAD:DSD_NAMAIN10@DF_TABLE4(2.0),A,SEN,S1,S1,EXC_A,F21,_Z,_Z,XDC_USD,_Z,N,T001,2001,732.397693,,F,6,A,0,XOF
OECD.SDD.NAD:DSD_NAMAIN10@DF_TABLE4(2.0),A,SEN,S1,S1,EXC_A,F21,_Z,_Z,XDC_USD,_Z,N,T001,2002,693.713226,,F,6,A,0,XOF
OECD.SDD.NAD:DSD_NAMAIN10@DF_TABLE4(2.0),A,SEN,S1,S1,EXC_A,F21,_Z,_Z,XDC_USD,_Z,N,T001,2003,579.897426,,F,6,A,0,XOF
OECD.SDD.NAD:DSD_NAMAIN10@DF_TABLE4(2.0),A,SEN,S1,S1,EXC_A,F21,_Z,_Z,XDC_USD,_Z,N,T001,2004,527.338032,,F,6,A,0,XOF
OECD.SDD.NAD:DSD_NAMAIN10@DF_TABLE4(2.0),A,SEN,S1,S1,EXC_A,F21,_Z,_Z,XDC_USD,_Z,N,T001,2005,527.258363,,F,6,A,0,XOF
OECD.SDD.NAD:DSD_NAMAIN10@DF_TABLE4(2.0),A,SEN,S1,S1,EXC_A,F21,_Z,_Z,XDC_USD,_Z,N,T001,2006,522.425625,,F,6,A,0,XOF
OECD.SDD.NAD:DSD_NAMAIN10@DF_TABLE4(2.0),A,SEN,S1,S1,EXC_A,F21,_Z,_Z,XDC_USD,_Z,N,T001,2007,478.633718,,F,6,A,0,XOF
OECD.SDD.NAD:DSD_NAMAIN10@DF_TABLE4(2.0),A,SEN,S1,S1,EXC_A,F21,_Z,_Z,XDC_USD,_Z,N,T001,2008,446.000041,,F,6,A,0,XOF
OECD.SDD.NAD:DSD_NAMAIN10@DF_TABLE4(2.0),A,SEN,S1,S1,EXC_A,F21,_Z,_Z,XDC_USD,_Z,N,T001,2009,470.293423,,F,6,A,0,XOF
OECD.SDD.NAD:DSD_NAMAIN10@DF_TABLE4(2.0),A,SEN,S1,S1,EXC_A,F21,_Z,_Z,XDC_USD,_Z,N,T001,2010,494.794262,,F,6,A,0,XOF
OECD.SDD.NAD:DSD_NAMAIN10@DF_TABLE4(2.0),A,SEN,S1,S1,EXC_A,F21,_Z,_Z,XDC_USD,_Z,N,T001,2011,471.248626,,F,6,A,0,XOF
OECD.SDD.NAD:DSD_NAMAIN10@DF_TABLE4(2.0),A,SEN,S1,S1,EXC_A,F21,_Z,_Z,XDC_USD,_Z,N,T001,2012,510.556338,,F,6,A,0,XOF
OECD.SDD.NAD:DSD_NAMAIN10@DF_TABLE4(2.0),A,SEN,S1,S1,EXC_A,F21,_Z,_Z,XDC_USD,_Z,N,T001,2013,493.899624,,F,6,A,0,XOF
OECD.SDD.NAD:DSD_NAMAIN10@DF_TABLE4(2.0),A,SEN,S1,S1,EXC_A,F21,_Z,_Z,XDC_USD,_Z,N,T001,2014,493.75733,,F,6,A,0,XOF
OECD.SDD.NAD:DSD_NAMAIN10@DF_TABLE4(2.0),A,SEN,S1,S1,EXC_A,F21,_Z,_Z,XDC_USD,_Z,N,T001,2015,591.211698,,F,6,A,0,XOF
OECD.SDD.NAD:DSD_NAMAIN10@DF_TABLE4(2.0),A,SEN,S1,S1,EXC_A,F21,_Z,_Z,XDC_USD,_Z,N,T001,2016,592.605615,,F,6,A,0,XOF
OECD.SDD.NAD:DSD_NAMAIN10@DF_TABLE4(2.0),A,SEN,S1,S1,EXC_A,F21,_Z,_Z,XDC_USD,_Z,N,T001,2017,580.65675,,F,6,A,0,XOF
OECD.SDD.NAD:DSD_NAMAIN10@DF_TABLE4(2.0),A,SEN,S1,S1,EXC_A,F21,_Z,_Z,XDC_USD,_Z,N,T001,2018,555.446458,,F,6,A,0,XOF
OECD.SDD.NAD:DSD_NAMAIN10@DF_TABLE4(2.0),A,SEN,S1,S1,EXC_A,F21,_Z,_Z,XDC_USD,_Z,N,T001,2019,585.911013,,F,6,A,0,XOF
OECD.SDD.NAD:DSD_NAMAIN10@DF_TABLE4(2.0),A,SEN,S1,S1,EXC_A,F21,_Z,_Z,XDC_USD,_Z,N,T001,2020,575.586005,,F,6,A,0,XOF
OECD.SDD.NAD:DSD_NAMAIN10@DF_TABLE4(2.0),A,SEN,S1,S1,EXC_A,F21,_Z,_Z,XDC_USD,_Z,N,T001,2021,554.530675,,F,6,A,0,XOF
OECD.SDD.NAD:DSD_NAMAIN10@DF_TABLE4(2.0),A,SEN,S1,S1,EXC_A,F21,_Z,_Z,XDC_USD,_Z,N,T001,2022,623.759701,,F,6,A,0,XOF
OECD.SDD.NAD:DSD_NAMAIN10@DF_TABLE4(2.0),A,SEN,S1,S1,EXC_A,F21,_Z,_Z,XDC_USD,_Z,N,T001,2023,606.56975,,F,6,A,0,XOF
OECD.SDD.NAD:DSD_NAMAIN10@DF_TABLE4(2.0),A,SGP,S1,S1,EXC_A,F21,_Z,_Z,XDC_USD,_Z,N,T001,1950,3.06122,,F,6,A,0,SGD
OECD.SDD.NAD:DSD_NAMAIN10@DF_TABLE4(2.0),A,SGP,S1,S1,EXC_A,F21,_Z,_Z,XDC_USD,_Z,N,T001,1951,3.06122,,F,6,A,0,SGD
OECD.SDD.NAD:DSD_NAMAIN10@DF_TABLE4(2.0),A,SGP,S1,S1,EXC_A,F21,_Z,_Z,XDC_USD,_Z,N,T001,1952,3.06122,,F,6,A,0,SGD
OECD.SDD.NAD:DSD_NAMAIN10@DF_TABLE4(2.0),A,SGP,S1,S1,EXC_A,F21,_Z,_Z,XDC_USD,_Z,N,T001,1953,3.06122,,F,6,A,0,SGD
OECD.SDD.NAD:DSD_NAMAIN10@DF_TABLE4(2.0),A,SGP,S1,S1,EXC_A,F21,_Z,_Z,XDC_USD,_Z,N,T001,1954,3.06122,,F,6,A,0,SGD
OECD.SDD.NAD:DSD_NAMAIN10@DF_TABLE4(2.0),A,SGP,S1,S1,EXC_A,F21,_Z,_Z,XDC_USD,_Z,N,T001,1955,3.06122,,F,6,A,0,SGD
OECD.SDD.NAD:DSD_NAMAIN10@DF_TABLE4(2.0),A,SGP,S1,S1,EXC_A,F21,_Z,_Z,XDC_USD,_Z,N,T001,1956,3.06122,,F,6,A,0,SGD
OECD.SDD.NAD:DSD_NAMAIN10@DF_TABLE4(2.0),A,SGP,S1,S1,EXC_A,F21,_Z,_Z,XDC_USD,_Z,N,T001,1957,3.06122,,F,6,A,0,SGD
OECD.SDD.NAD:DSD_NAMAIN10@DF_TABLE4(2.0),A,SGP,S1,S1,EXC_A,F21,_Z,_Z,XDC_USD,_Z,N,T001,1958,3.06122,,F,6,A,0,SGD
OECD.SDD.NAD:DSD_NAMAIN10@DF_TABLE4(2.0),A,SGP,S1,S1,EXC_A,F21,_Z,_Z,XDC_USD,_Z,N,T001,1959,3.06122,,F,6,A,0,SGD
OECD.SDD.NAD:DSD_NAMAIN10@DF_TABLE4(2.0),A,SGP,S1,S1,EXC_A,F21,_Z,_Z,XDC_USD,_Z,N,T001,1960,3.06122,,F,6,A,0,SGD
OECD.SDD.NAD:DSD_NAMAIN10@DF_TABLE4(2.0),A,SGP,S1,S1,EXC_A,F21,_Z,_Z,XDC_USD,_Z,N,T001,1961,3.06122,,F,6,A,0,SGD
OECD.SDD.NAD:DSD_NAMAIN10@DF_TABLE4(2.0),A,SGP,S1,S1,EXC_A,F21,_Z,_Z,XDC_USD,_Z,N,T001,1962,3.06122,,F,6,A,0,SGD
OECD.SDD.NAD:DSD_NAMAIN10@DF_TABLE4(2.0),A,SGP,S1,S1,EXC_A,F21,_Z,_Z,XDC_USD,_Z,N,T001,1963,3.06122,,F,6,A,0,SGD
OECD.SDD.NAD:DSD_NAMAIN10@DF_TABLE4(2.0),A,SGP,S1,S1,EXC_A,F21,_Z,_Z,XDC_USD,_Z,N,T001,1964,3.06122,,F,6,A,0,SGD
OECD.SDD.NAD:DSD_NAMAIN10@DF_TABLE4(2.0),A,SGP,S1,S1,EXC_A,F21,_Z,_Z,XDC_USD,_Z,N,T001,1965,3.06122,,F,6,A,0,SGD
OECD.SDD.NAD:DSD_NAMAIN10@DF_TABLE4(2.0),A,SGP,S1,S1,EXC_A,F21,_Z,_Z,XDC_USD,_Z,N,T001,1966,3.06122,,F,6,A,0,SGD
OECD.SDD.NAD:DSD_NAMAIN10@DF_TABLE4(2.0),A,SGP,S1,S1,EXC_A,F21,_Z,_Z,XDC_USD,_Z,N,T001,1967,3.06122,,F,6,A,0,SGD
OECD.SDD.NAD:DSD_NAMAIN10@DF_TABLE4(2.0),A,SGP,S1,S1,EXC_A,F21,_Z,_Z,XDC_USD,_Z,N,T001,1968,3.06122,,F,6,A,0,SGD
OECD.SDD.NAD:DSD_NAMAIN10@DF_TABLE4(2.0),A,SGP,S1,S1,EXC_A,F21,_Z,_Z,XDC_USD,_Z,N,T001,1969,3.06122,,F,6,A,0,SGD
OECD.SDD.NAD:DSD_NAMAIN10@DF_TABLE4(2.0),A,SGP,S1,S1,EXC_A,F21,_Z,_Z,XDC_USD,_Z,N,T001,1970,3.06122,,F,6,A,0,SGD
OECD.SDD.NAD:DSD_NAMAIN10@DF_TABLE4(2.0),A,SGP,S1,S1,EXC_A,F21,_Z,_Z,XDC_USD,_Z,N,T001,1971,3.050702,,F,6,A,0,SGD
OECD.SDD.NAD:DSD_NAMAIN10@DF_TABLE4(2.0),A,SGP,S1,S1,EXC_A,F21,_Z,_Z,XDC_USD,_Z,N,T001,1972,2.8125,,F,6,A,0,SGD
OECD.SDD.NAD:DSD_NAMAIN10@DF_TABLE4(2.0),A,SGP,S1,S1,EXC_A,F21,_Z,_Z,XDC_USD,_Z,N,T001,1973,2.457367,,F,6,A,0,SGD
OECD.SDD.NAD:DSD_NAMAIN10@DF_TABLE4(2.0),A,SGP,S1,S1,EXC_A,F21,_Z,_Z,XDC_USD,_Z,N,T001,1974,2.436867,,F,6,A,0,SGD
OECD.SDD.NAD:DSD_NAMAIN10@DF_TABLE4(2.0),A,SGP,S1,S1,EXC_A,F21,_Z,_Z,XDC_USD,_Z,N,T001,1975,2.3713,,F,6,A,0,SGD
OECD.SDD.NAD:DSD_NAMAIN10@DF_TABLE4(2.0),A,SGP,S1,S1,EXC_A,F21,_Z,_Z,XDC_USD,_Z,N,T001,1976,2.470842,,F,6,A,0,SGD
OECD.SDD.NAD:DSD_NAMAIN10@DF_TABLE4(2.0),A,SGP,S1,S1,EXC_A,F21,_Z,_Z,XDC_USD,_Z,N,T001,1977,2.4394,,F,6,A,0,SGD
OECD.SDD.NAD:DSD_NAMAIN10@DF_TABLE4(2.0),A,SGP,S1,S1,EXC_A,F21,_Z,_Z,XDC_USD,_Z,N,T001,1978,2.274025,,F,6,A,0,SGD
OECD.SDD.NAD:DSD_NAMAIN10@DF_TABLE4(2.0),A,SGP,S1,S1,EXC_A,F21,_Z,_Z,XDC_USD,_Z,N,T001,1979,2.174558,,F,6,A,0,SGD
OECD.SDD.NAD:DSD_NAMAIN10@DF_TABLE4(2.0),A,SGP,S1,S1,EXC_A,F21,_Z,_Z,XDC_USD,_Z,N,T001,1980,2.141208,,F,6,A,0,SGD
OECD.SDD.NAD:DSD_NAMAIN10@DF_TABLE4(2.0),A,SGP,S1,S1,EXC_A,F21,_Z,_Z,XDC_USD,_Z,N,T001,1981,2.112692,,F,6,A,0,SGD
OECD.SDD.NAD:DSD_NAMAIN10@DF_TABLE4(2.0),A,SGP,S1,S1,EXC_A,F21,_Z,_Z,XDC_USD,_Z,N,T001,1982,2.140025,,F,6,A,0,SGD
OECD.SDD.NAD:DSD_NAMAIN10@DF_TABLE4(2.0),A,SGP,S1,S1,EXC_A,F21,_Z,_Z,XDC_USD,_Z,N,T001,1983,2.11305,,F,6,A,0,SGD
OECD.SDD.NAD:DSD_NAMAIN10@DF_TABLE4(2.0),A,SGP,S1,S1,EXC_A,F21,_Z,_Z,XDC_USD,_Z,N,T001,1984,2.133083,,F,6,A,0,SGD
OECD.SDD.NAD:DSD_NAMAIN10@DF_TABLE4(2.0),A,SGP,S1,S1,EXC_A,F21,_Z,_Z,XDC_USD,_Z,N,T001,1985,2.20015,,F,6,A,0,SGD
OECD.SDD.NAD:DSD_NAMAIN10@DF_TABLE4(2.0),A,SGP,S1,S1,EXC_A,F21,_Z,_Z,XDC_USD,_Z,N,T001,1986,2.177417,,F,6,A,0,SGD
OECD.SDD.NAD:DSD_NAMAIN10@DF_TABLE4(2.0),A,SGP,S1,S1,EXC_A,F21,_Z,_Z,XDC_USD,_Z,N,T001,1987,2.105983,,F,6,A,0,SGD
OECD.SDD.NAD:DSD_NAMAIN10@DF_TABLE4(2.0),A,SGP,S1,S1,EXC_A,F21,_Z,_Z,XDC_USD,_Z,N,T001,1988,2.012425,,F,6,A,0,SGD
OECD.SDD.NAD:DSD_NAMAIN10@DF_TABLE4(2.0),A,SGP,S1,S1,EXC_A,F21,_Z,_Z,XDC_USD,_Z,N,T001,1989,1.950258,,F,6,A,0,SGD
OECD.SDD.NAD:DSD_NAMAIN10@DF_TABLE4(2.0),A,SGP,S1,S1,EXC_A,F21,_Z,_Z,XDC_USD,_Z,N,T001,1990,1.812533,,F,6,A,0,SGD
OECD.SDD.NAD:DSD_NAMAIN10@DF_TABLE4(2.0),A,SGP,S1,S1,EXC_A,F21,_Z,_Z,XDC_USD,_Z,N,T001,1991,1.72755,,F,6,A,0,SGD
OECD.SDD.NAD:DSD_NAMAIN10@DF_TABLE4(2.0),A,SGP,S1,S1,EXC_A,F21,_Z,_Z,XDC_USD,_Z,N,T001,1992,1.628967,,F,6,A,0,SGD
OECD.SDD.NAD:DSD_NAMAIN10@DF_TABLE4(2.0),A,SGP,S1,S1,EXC_A,F21,_Z,_Z,XDC_USD,_Z,N,T001,1993,1.615791,,F,6,A,0,SGD
OECD.SDD.NAD:DSD_NAMAIN10@DF_TABLE4(2.0),A,SGP,S1,S1,EXC_A,F21,_Z,_Z,XDC_USD,_Z,N,T001,1994,1.527444,,F,6,A,0,SGD
OECD.SDD.NAD:DSD_NAMAIN10@DF_TABLE4(2.0),A,SGP,S1,S1,EXC_A,F21,_Z,_Z,XDC_USD,_Z,N,T001,1995,1.417375,,F,6,A,0,SGD
OECD.SDD.NAD:DSD_NAMAIN10@DF_TABLE4(2.0),A,SGP,S1,S1,EXC_A,F21,_Z,_Z,XDC_USD,_Z,N,T001,1996,1.410041,,F,6,A,0,SGD
OECD.SDD.NAD:DSD_NAMAIN10@DF_TABLE4(2.0),A,SGP,S1,S1,EXC_A,F21,_Z,_Z,XDC_USD,_Z,N,T001,1997,1.484806,,F,6,A,0,SGD
OECD.SDD.NAD:DSD_NAMAIN10@DF_TABLE4(2.0),A,SGP,S1,S1,EXC_A,F21,_Z,_Z,XDC_USD,_Z,N,T001,1998,1.673602,,F,6,A,0,SGD
OECD.SDD.NAD:DSD_NAMAIN10@DF_TABLE4(2.0),A,SGP,S1,S1,EXC_A,F21,_Z,_Z,XDC_USD,_Z,N,T001,1999,1.694957,,F,6,A,0,SGD
OECD.SDD.NAD:DSD_NAMAIN10@DF_TABLE4(2.0),A,SGP,S1,S1,EXC_A,F21,_Z,_Z,XDC_USD,_Z,N,T001,2000,1.723963,,F,6,A,0,SGD
OECD.SDD.NAD:DSD_NAMAIN10@DF_TABLE4(2.0),A,SGP,S1,S1,EXC_A,F21,_Z,_Z,XDC_USD,_Z,N,T001,2001,1.791723,,F,6,A,0,SGD
OECD.SDD.NAD:DSD_NAMAIN10@DF_TABLE4(2.0),A,SGP,S1,S1,EXC_A,F21,_Z,_Z,XDC_USD,_Z,N,T001,2002,1.790588,,F,6,A,0,SGD
OECD.SDD.NAD:DSD_NAMAIN10@DF_TABLE4(2.0),A,SGP,S1,S1,EXC_A,F21,_Z,_Z,XDC_USD,_Z,N,T001,2003,1.742183,,F,6,A,0,SGD
OECD.SDD.NAD:DSD_NAMAIN10@DF_TABLE4(2.0),A,SGP,S1,S1,EXC_A,F21,_Z,_Z,XDC_USD,_Z,N,T001,2004,1.690228,,F,6,A,0,SGD
OECD.SDD.NAD:DSD_NAMAIN10@DF_TABLE4(2.0),A,SGP,S1,S1,EXC_A,F21,_Z,_Z,XDC_USD,_Z,N,T001,2005,1.664398,,F,6,A,0,SGD
OECD.SDD.NAD:DSD_NAMAIN10@DF_TABLE4(2.0),A,SGP,S1,S1,EXC_A,F21,_Z,_Z,XDC_USD,_Z,N,T001,2006,1.588933,,F,6,A,0,SGD
OECD.SDD.NAD:DSD_NAMAIN10@DF_TABLE4(2.0),A,SGP,S1,S1,EXC_A,F21,_Z,_Z,XDC_USD,_Z,N,T001,2007,1.507102,,F,6,A,0,SGD
OECD.SDD.NAD:DSD_NAMAIN10@DF_TABLE4(2.0),A,SGP,S1,S1,EXC_A,F21,_Z,_Z,XDC_USD,_Z,N,T001,2008,1.414861,,F,6,A,0,SGD
OECD.SDD.NAD:DSD_NAMAIN10@DF_TABLE4(2.0),A,SGP,S1,S1,EXC_A,F21,_Z,_Z,XDC_USD,_Z,N,T001,2009,1.454515,,F,6,A,0,SGD
OECD.SDD.NAD:DSD_NAMAIN10@DF_TABLE4(2.0),A,SGP,S1,S1,EXC_A,F21,_Z,_Z,XDC_USD,_Z,N,T001,2010,1.363508,,F,6,A,0,SGD
OECD.SDD.NAD:DSD_NAMAIN10@DF_TABLE4(2.0),A,SGP,S1,S1,EXC_A,F21,_Z,_Z,XDC_USD,_Z,N,T001,2011,1.257776,,F,6,A,0,SGD
OECD.SDD.NAD:DSD_NAMAIN10@DF_TABLE4(2.0),A,SGP,S1,S1,EXC_A,F21,_Z,_Z,XDC_USD,_Z,N,T001,2012,1.249676,,F,6,A,0,SGD
OECD.SDD.NAD:DSD_NAMAIN10@DF_TABLE4(2.0),A,SGP,S1,S1,EXC_A,F21,_Z,_Z,XDC_USD,_Z,N,T001,2013,1.2513,,F,6,A,0,SGD
OECD.SDD.NAD:DSD_NAMAIN10@DF_TABLE4(2.0),A,SGP,S1,S1,EXC_A,F21,_Z,_Z,XDC_USD,_Z,N,T001,2014,1.26705,,F,6,A,0,SGD
OECD.SDD.NAD:DSD_NAMAIN10@DF_TABLE4(2.0),A,SGP,S1,S1,EXC_A,F21,_Z,_Z,XDC_USD,_Z,N,T001,2015,1.374825,,F,6,A,0,SGD
OECD.SDD.NAD:DSD_NAMAIN10@DF_TABLE4(2.0),A,SGP,S1,S1,EXC_A,F21,_Z,_Z,XDC_USD,_Z,N,T001,2016,1.381546,,F,6,A,0,SGD
OECD.SDD.NAD:DSD_NAMAIN10@DF_TABLE4(2.0),A,SGP,S1,S1,EXC_A,F21,_Z,_Z,XDC_USD,_Z,N,T001,2017,1.380925,,F,6,A,0,SGD
OECD.SDD.NAD:DSD_NAMAIN10@DF_TABLE4(2.0),A,SGP,S1,S1,EXC_A,F21,_Z,_Z,XDC_USD,_Z,N,T001,2018,1.348842,,F,6,A,0,SGD
OECD.SDD.NAD:DSD_NAMAIN10@DF_TABLE4(2.0),A,SGP,S1,S1,EXC_A,F21,_Z,_Z,XDC_USD,_Z,N,T001,2019,1.364158,,F,6,A,0,SGD
OECD.SDD.NAD:DSD_NAMAIN10@DF_TABLE4(2.0),A,SGP,S1,S1,EXC_A,F21,_Z,_Z,XDC_USD,_Z,N,T001,2020,1.379742,,F,6,A,0,SGD
OECD.SDD.NAD:DSD_NAMAIN10@DF_TABLE4(2.0),A,SGP,S1,S1,EXC_A,F21,_Z,_Z,XDC_USD,_Z,N,T001,2021,1.343483,,F,6,A,0,SGD
OECD.SDD.NAD:DSD_NAMAIN10@DF_TABLE4(2.0),A,SGP,S1,S1,EXC_A,F21,_Z,_Z,XDC_USD,_Z,N,T001,2022,1.378667,,F,6,A,0,SGD
OECD.SDD.NAD:DSD_NAMAIN10@DF_TABLE4(2.0),A,SGP,S1,S1,EXC_A,F21,_Z,_Z,XDC_USD,_Z,N,T001,2023,1.342767,,F,6,A,0,SGD
OECD.SDD.NAD:DSD_NAMAIN10@DF_TABLE4(2.0),A,ZAF,S1,S1,EXC_A,F21,_Z,_Z,XDC_USD,_Z,N,T001,1950,0.714286,,F,6,A,0,ZAR
OECD.SDD.NAD:DSD_NAMAIN10@DF_TABLE4(2.0),A,ZAF,S1,S1,EXC_A,F21,_Z,_Z,XDC_USD,_Z,N,T001,1951,0.714286,,F,6,A,0,ZAR
OECD.SDD.NAD:DSD_NAMAIN10@DF_TABLE4(2.0),A,ZAF,S1,S1,EXC_A,F21,_Z,_Z,XDC_USD,_Z,N,T001,1952,0.714286,,F,6,A,0,ZAR
OECD.SDD.NAD:DSD_NAMAIN10@DF_TABLE4(2.0),A,ZAF,S1,S1,EXC_A,F21,_Z,_Z,XDC_USD,_Z,N,T001,1953,0.714286,,F,6,A,0,ZAR
OECD.SDD.NAD:DSD_NAMAIN10@DF_TABLE4(2.0),A,ZAF,S1,S1,EXC_A,F21,_Z,_Z,XDC_USD,_Z,N,T001,1954,0.714286,,F,6,A,0,ZAR
OECD.SDD.NAD:DSD_NAMAIN10@DF_TABLE4(2.0),A,ZAF,S1,S1,EXC_A,F21,_Z,_Z,XDC_USD,_Z,N,T001,1955,0.714286,,F,6,A,0,ZAR
OECD.SDD.NAD:DSD_NAMAIN10@DF_TABLE4(2.0),A,ZAF,S1,S1,EXC_A,F21,_Z,_Z,XDC_USD,_Z,N,T001,1956,0.714286,,F,6,A,0,ZAR
OECD.SDD.NAD:DSD_NAMAIN10@DF_TABLE4(2.0),A,ZAF,S1,S1,EXC_A,F21,_Z,_Z,XDC_USD,_Z,N,T001,1957,0.714286,,F,6,A,0,ZAR
OECD.SDD.NAD:DSD_NAMAIN10@DF_TABLE4(2.0),A,ZAF,S1,S1,EXC_A,F21,_Z,_Z,XDC_USD,_Z,N,T001,1958,0.714286,,F,6,A,0,ZAR
OECD.SDD.NAD:DSD_NAMAIN10@DF_TABLE4(2.0),A,ZAF,S1,S1,EXC_A,F21,_Z,_Z,XDC_USD,_Z,N,T001,1959,0.714286,,F,6,A,0,ZAR
OECD.SDD.NAD:DSD_NAMAIN10@DF_TABLE4(2.0),A,ZAF,S1,S1,EXC_A,F21,_Z,_Z,XDC_USD,_Z,N,T001,1960,0.714286,,F,6,A,0,ZAR
OECD.SDD.NAD:DSD_NAMAIN10@DF_TABLE4(2.0),A,ZAF,S1,S1,EXC_A,F21,_Z,_Z,XDC_USD,_Z,N,T001,1961,0.714286,,F,6,A,0,ZAR
OECD.SDD.NAD:DSD_NAMAIN10@DF_TABLE4(2.0),A,ZAF,S1,S1,EXC_A,F21,_Z,_Z,XDC_USD,_Z,N,T001,1962,0.714286,,F,6,A,0,ZAR
OECD.SDD.NAD:DSD_NAMAIN10@DF_TABLE4(2.0),A,ZAF,S1,S1,EXC_A,F21,_Z,_Z,XDC_USD,_Z,N,T001,1963,0.714286,,F,6,A,0,ZAR
OECD.SDD.NAD:DSD_NAMAIN10@DF_TABLE4(2.0),A,ZAF,S1,S1,EXC_A,F21,_Z,_Z,XDC_USD,_Z,N,T001,1964,0.714286,,F,6,A,0,ZAR
OECD.SDD.NAD:DSD_NAMAIN10@DF_TABLE4(2.0),A,ZAF,S1,S1,EXC_A,F21,_Z,_Z,XDC_USD,_Z,N,T001,1965,0.714286,,F,6,A,0,ZAR
OECD.SDD.NAD:DSD_NAMAIN10@DF_TABLE4(2.0),A,ZAF,S1,S1,EXC_A,F21,_Z,_Z,XDC_USD,_Z,N,T001,1966,0.714286,,F,6,A,0,ZAR
OECD.SDD.NAD:DSD_NAMAIN10@DF_TABLE4(2.0),A,ZAF,S1,S1,EXC_A,F21,_Z,_Z,XDC_USD,_Z,N,T001,1967,0.714286,,F,6,A,0,ZAR
OECD.SDD.NAD:DSD_NAMAIN10@DF_TABLE4(2.0),A,ZAF,S1,S1,EXC_A,F21,_Z,_Z,XDC_USD,_Z,N,T001,1968,0.714286,,F,6,A,0,ZAR
OECD.SDD.NAD:DSD_NAMAIN10@DF_TABLE4(2.0),A,ZAF,S1,S1,EXC_A,F21,_Z,_Z,XDC_USD,_Z,N,T001,1969,0.714286,,F,6,A,0,ZAR
OECD.SDD.NAD:DSD_NAMAIN10@DF_TABLE4(2.0),A,ZAF,S1,S1,EXC_A,F21,_Z,_Z,XDC_USD,_Z,N,T001,1970,0.714286,,F,6,A,0,ZAR
OECD.SDD.NAD:DSD_NAMAIN10@DF_TABLE4(2.0),A,ZAF,S1,S1,EXC_A,F21,_Z,_Z,XDC_USD,_Z,N,T001,1971,0.715217,,F,6,A,0,ZAR
OECD.SDD.NAD:DSD_NAMAIN10@DF_TABLE4(2.0),A,ZAF,S1,S1,EXC_A,F21,_Z,_Z,XDC_USD,_Z,N,T001,1972,0.768725,,F,6,A,0,ZAR
OECD.SDD.NAD:DSD_NAMAIN10@DF_TABLE4(2.0),A,ZAF,S1,S1,EXC_A,F21,_Z,_Z,XDC_USD,_Z,N,T001,1973,0.693959,,F,6,A,0,ZAR
OECD.SDD.NAD:DSD_NAMAIN10@DF_TABLE4(2.0),A,ZAF,S1,S1,EXC_A,F21,_Z,_Z,XDC_USD,_Z,N,T001,1974,0.679477,,F,6,A,0,ZAR
OECD.SDD.NAD:DSD_NAMAIN10@DF_TABLE4(2.0),A,ZAF,S1,S1,EXC_A,F21,_Z,_Z,XDC_USD,_Z,N,T001,1975,0.739508,,F,6,A,0,ZAR
OECD.SDD.NAD:DSD_NAMAIN10@DF_TABLE4(2.0),A,ZAF,S1,S1,EXC_A,F21,_Z,_Z,XDC_USD,_Z,N,T001,1976,0.869565,,F,6,A,0,ZAR
OECD.SDD.NAD:DSD_NAMAIN10@DF_TABLE4(2.0),A,ZAF,S1,S1,EXC_A,F21,_Z,_Z,XDC_USD,_Z,N,T001,1977,0.869565,,F,6,A,0,ZAR
OECD.SDD.NAD:DSD_NAMAIN10@DF_TABLE4(2.0),A,ZAF,S1,S1,EXC_A,F21,_Z,_Z,XDC_USD,_Z,N,T001,1978,0.869565,,F,6,A,0,ZAR
OECD.SDD.NAD:DSD_NAMAIN10@DF_TABLE4(2.0),A,ZAF,S1,S1,EXC_A,F21,_Z,_Z,XDC_USD,_Z,N,T001,1979,0.842023,,F,6,A,0,ZAR
OECD.SDD.NAD:DSD_NAMAIN10@DF_TABLE4(2.0),A,ZAF,S1,S1,EXC_A,F21,_Z,_Z,XDC_USD,_Z,N,T001,1980,0.778834,,F,6,A,0,ZAR
OECD.SDD.NAD:DSD_NAMAIN10@DF_TABLE4(2.0),A,ZAF,S1,S1,EXC_A,F21,_Z,_Z,XDC_USD,_Z,N,T001,1981,0.877579,,F,6,A,0,ZAR
OECD.SDD.NAD:DSD_NAMAIN10@DF_TABLE4(2.0),A,ZAF,S1,S1,EXC_A,F21,_Z,_Z,XDC_USD,_Z,N,T001,1982,1.085816,,F,6,A,0,ZAR
OECD.SDD.NAD:DSD_NAMAIN10@DF_TABLE4(2.0),A,ZAF,S1,S1,EXC_A,F21,_Z,_Z,XDC_USD,_Z,N,T001,1983,1.1141,,F,6,A,0,ZAR
OECD.SDD.NAD:DSD_NAMAIN10@DF_TABLE4(2.0),A,ZAF,S1,S1,EXC_A,F21,_Z,_Z,XDC_USD,_Z,N,T001,1984,1.475277,,F,6,A,0,ZAR
OECD.SDD.NAD:DSD_NAMAIN10@DF_TABLE4(2.0),A,ZAF,S1,S1,EXC_A,F21,_Z,_Z,XDC_USD,_Z,N,T001,1985,2.228675,,F,6,A,0,ZAR
OECD.SDD.NAD:DSD_NAMAIN10@DF_TABLE4(2.0),A,ZAF,S1,S1,EXC_A,F21,_Z,_Z,XDC_USD,_Z,N,T001,1986,2.285032,,F,6,A,0,ZAR
OECD.SDD.NAD:DSD_NAMAIN10@DF_TABLE4(2.0),A,ZAF,S1,S1,EXC_A,F21,_Z,_Z,XDC_USD,_Z,N,T001,1987,2.036033,,F,6,A,0,ZAR
OECD.SDD.NAD:DSD_NAMAIN10@DF_TABLE4(2.0),A,ZAF,S1,S1,EXC_A,F21,_Z,_Z,XDC_USD,_Z,N,T001,1988,2.273468,,F,6,A,0,ZAR
OECD.SDD.NAD:DSD_NAMAIN10@DF_TABLE4(2.0),A,ZAF,S1,S1,EXC_A,F21,_Z,_Z,XDC_USD,_Z,N,T001,1989,2.622678,,F,6,A,0,ZAR
OECD.SDD.NAD:DSD_NAMAIN10@DF_TABLE4(2.0),A,ZAF,S1,S1,EXC_A,F21,_Z,_Z,XDC_USD,_Z,N,T001,1990,2.587321,,F,6,A,0,ZAR
OECD.SDD.NAD:DSD_NAMAIN10@DF_TABLE4(2.0),A,ZAF,S1,S1,EXC_A,F21,_Z,_Z,XDC_USD,_Z,N,T001,1991,2.761315,,F,6,A,0,ZAR
OECD.SDD.NAD:DSD_NAMAIN10@DF_TABLE4(2.0),A,ZAF,S1,S1,EXC_A,F21,_Z,_Z,XDC_USD,_Z,N,T001,1992,2.852014,,F,6,A,0,ZAR
OECD.SDD.NAD:DSD_NAMAIN10@DF_TABLE4(2.0),A,ZAF,S1,S1,EXC_A,F21,_Z,_Z,XDC_USD,_Z,N,T001,1993,3.267742,,F,6,A,0,ZAR
OECD.SDD.NAD:DSD_NAMAIN10@DF_TABLE4(2.0),A,ZAF,S1,S1,EXC_A,F21,_Z,_Z,XDC_USD,_Z,N,T001,1994,3.550798,,F,6,A,0,ZAR
OECD.SDD.NAD:DSD_NAMAIN10@DF_TABLE4(2.0),A,ZAF,S1,S1,EXC_A,F21,_Z,_Z,XDC_USD,_Z,N,T001,1995,3.627085,,F,6,A,0,ZAR
OECD.SDD.NAD:DSD_NAMAIN10@DF_TABLE4(2.0),A,ZAF,S1,S1,EXC_A,F21,_Z,_Z,XDC_USD,_Z,N,T001,1996,4.299349,,F,6,A,0,ZAR
OECD.SDD.NAD:DSD_NAMAIN10@DF_TABLE4(2.0),A,ZAF,S1,S1,EXC_A,F21,_Z,_Z,XDC_USD,_Z,N,T001,1997,4.607962,,F,6,A,0,ZAR
OECD.SDD.NAD:DSD_NAMAIN10@DF_TABLE4(2.0),A,ZAF,S1,S1,EXC_A,F21,_Z,_Z,XDC_USD,_Z,N,T001,1998,5.528284,,F,6,A,0,ZAR
OECD.SDD.NAD:DSD_NAMAIN10@DF_TABLE4(2.0),A,ZAF,S1,S1,EXC_A,F21,_Z,_Z,XDC_USD,_Z,N,T001,1999,6.109484,,F,6,A,0,ZAR
OECD.SDD.NAD:DSD_NAMAIN10@DF_TABLE4(2.0),A,ZAF,S1,S1,EXC_A,F21,_Z,_Z,XDC_USD,_Z,N,T001,2000,6.939828,,F,6,A,0,ZAR
OECD.SDD.NAD:DSD_NAMAIN10@DF_TABLE4(2.0),A,ZAF,S1,S1,EXC_A,F21,_Z,_Z,XDC_USD,_Z,N,T001,2001,8.609181,,F,6,A,0,ZAR
OECD.SDD.NAD:DSD_NAMAIN10@DF_TABLE4(2.0),A,ZAF,S1,S1,EXC_A,F21,_Z,_Z,XDC_USD,_Z,N,T001,2002,10.540747,,F,6,A,0,ZAR
OECD.SDD.NAD:DSD_NAMAIN10@DF_TABLE4(2.0),A,ZAF,S1,S1,EXC_A,F21,_Z,_Z,XDC_USD,_Z,N,T001,2003,7.564749,,F,6,A,0,ZAR
OECD.SDD.NAD:DSD_NAMAIN10@DF_TABLE4(2.0),A,ZAF,S1,S1,EXC_A,F21,_Z,_Z,XDC_USD,_Z,N,T001,2004,6.459693,,F,6,A,0,ZAR
OECD.SDD.NAD:DSD_NAMAIN10@DF_TABLE4(2.0),A,ZAF,S1,S1,EXC_A,F21,_Z,_Z,XDC_USD,_Z,N,T001,2005,6.359328,,F,6,A,0,ZAR
OECD.SDD.NAD:DSD_NAMAIN10@DF_TABLE4(2.0),A,ZAF,S1,S1,EXC_A,F21,_Z,_Z,XDC_USD,_Z,N,T001,2006,6.771549,,F,6,A,0,ZAR
OECD.SDD.NAD:DSD_NAMAIN10@DF_TABLE4(2.0),A,ZAF,S1,S1,EXC_A,F21,_Z,_Z,XDC_USD,_Z,N,T001,2007,7.045365,,F,6,A,0,ZAR
OECD.SDD.NAD:DSD_NAMAIN10@DF_TABLE4(2.0),A,ZAF,S1,S1,EXC_A,F21,_Z,_Z,XDC_USD,_Z,N,T001,2008,8.261223,,F,6,A,0,ZAR
OECD.SDD.NAD:DSD_NAMAIN10@DF_TABLE4(2.0),A,ZAF,S1,S1,EXC_A,F21,_Z,_Z,XDC_USD,_Z,N,T001,2009,8.473674,,F,6,A,0,ZAR
OECD.SDD.NAD:DSD_NAMAIN10@DF_TABLE4(2.0),A,ZAF,S1,S1,EXC_A,F21,_Z,_Z,XDC_USD,_Z,N,T001,2010,7.321222,,F,6,A,0,ZAR
OECD.SDD.NAD:DSD_NAMAIN10@DF_TABLE4(2.0),A,ZAF,S1,S1,EXC_A,F21,_Z,_Z,XDC_USD,_Z,N,T001,2011,7.261132,,F,6,A,0,ZAR
OECD.SDD.NAD:DSD_NAMAIN10@DF_TABLE4(2.0),A,ZAF,S1,S1,EXC_A,F21,_Z,_Z,XDC_USD,_Z,N,T001,2012,8.209969,,F,6,A,0,ZAR
OECD.SDD.NAD:DSD_NAMAIN10@DF_TABLE4(2.0),A,ZAF,S1,S1,EXC_A,F21,_Z,_Z,XDC_USD,_Z,N,T001,2013,9.655056,,F,6,A,0,ZAR
OECD.SDD.NAD:DSD_NAMAIN10@DF_TABLE4(2.0),A,ZAF,S1,S1,EXC_A,F21,_Z,_Z,XDC_USD,_Z,N,T001,2014,10.852656,,F,6,A,0,ZAR
OECD.SDD.NAD:DSD_NAMAIN10@DF_TABLE4(2.0),A,ZAF,S1,S1,EXC_A,F21,_Z,_Z,XDC_USD,_Z,N,T001,2015,12.758931,,F,6,A,0,ZAR
OECD.SDD.NAD:DSD_NAMAIN10@DF_TABLE4(2.0),A,ZAF,S1,S1,EXC_A,F21,_Z,_Z,XDC_USD,_Z,N,T001,2016,14.709611,,F,6,A,0,ZAR
OECD.SDD.NAD:DSD_NAMAIN10@DF_TABLE4(2.0),A,ZAF,S1,S1,EXC_A,F21,_Z,_Z,XDC_USD,_Z,N,T001,2017,13.323801,,F,6,A,0,ZAR
OECD.SDD.NAD:DSD_NAMAIN10@DF_TABLE4(2.0),A,ZAF,S1,S1,EXC_A,F21,_Z,_Z,XDC_USD,_Z,N,T001,2018,13.233926,,F,6,A,0,ZAR
OECD.SDD.NAD:DSD_NAMAIN10@DF_TABLE4(2.0),A,ZAF,S1,S1,EXC_A,F21,_Z,_Z,XDC_USD,_Z,N,T001,2019,14.448427,,F,6,A,0,ZAR
OECD.SDD.NAD:DSD_NAMAIN10@DF_TABLE4(2.0),A,ZAF,S1,S1,EXC_A,F21,_Z,_Z,XDC_USD,_Z,N,T001,2020,16.459105,,F,6,A,0,ZAR
OECD.SDD.NAD:DSD_NAMAIN10@DF_TABLE4(2.0),A,ZAF,S1,S1,EXC_A,F21,_Z,_Z,XDC_USD,_Z,N,T001,2021,14.778678,,F,6,A,0,ZAR
OECD.SDD.NAD:DSD_NAMAIN10@DF_TABLE4(2.0),A,ZAF,S1,S1,EXC_A,F21,_Z,_Z,XDC_USD,_Z,N,T001,2022,16.355853,,F,6,A,0,ZAR
OECD.SDD.NAD:DSD_NAMAIN10@DF_TABLE4(2.0),A,ZAF,S1,S1,EXC_A,F21,_Z,_Z,XDC_USD,_Z,N,T001,2023,18.450244,,F,6,A,0,ZAR
OECD.SDD.NAD:DSD_NAMAIN10@DF_TABLE4(2.0),A,CPV,S1,S1,EXC_A,F21,_Z,_Z,XDC_USD,_Z,N,T001,1950,28.75,,F,6,A,0,CVE
OECD.SDD.NAD:DSD_NAMAIN10@DF_TABLE4(2.0),A,CPV,S1,S1,EXC_A,F21,_Z,_Z,XDC_USD,_Z,N,T001,1951,28.75,,F,6,A,0,CVE
OECD.SDD.NAD:DSD_NAMAIN10@DF_TABLE4(2.0),A,CPV,S1,S1,EXC_A,F21,_Z,_Z,XDC_USD,_Z,N,T001,1952,28.75,,F,6,A,0,CVE
OECD.SDD.NAD:DSD_NAMAIN10@DF_TABLE4(2.0),A,CPV,S1,S1,EXC_A,F21,_Z,_Z,XDC_USD,_Z,N,T001,1953,28.75,,F,6,A,0,CVE
OECD.SDD.NAD:DSD_NAMAIN10@DF_TABLE4(2.0),A,CPV,S1,S1,EXC_A,F21,_Z,_Z,XDC_USD,_Z,N,T001,1954,28.75,,F,6,A,0,CVE
OECD.SDD.NAD:DSD_NAMAIN10@DF_TABLE4(2.0),A,CPV,S1,S1,EXC_A,F21,_Z,_Z,XDC_USD,_Z,N,T001,1955,28.75,,F,6,A,0,CVE
OECD.SDD.NAD:DSD_NAMAIN10@DF_TABLE4(2.0),A,CPV,S1,S1,EXC_A,F21,_Z,_Z,XDC_USD,_Z,N,T001,1956,28.75,,F,6,A,0,CVE
OECD.SDD.NAD:DSD_NAMAIN10@DF_TABLE4(2.0),A,CPV,S1,S1,EXC_A,F21,_Z,_Z,XDC_USD,_Z,N,T001,1957,28.75,,F,6,A,0,CVE
OECD.SDD.NAD:DSD_NAMAIN10@DF_TABLE4(2.0),A,CPV,S1,S1,EXC_A,F21,_Z,_Z,XDC_USD,_Z,N,T001,1958,28.75,,F,6,A,0,CVE
OECD.SDD.NAD:DSD_NAMAIN10@DF_TABLE4(2.0),A,CPV,S1,S1,EXC_A,F21,_Z,_Z,XDC_USD,_Z,N,T001,1959,28.75,,F,6,A,0,CVE
OECD.SDD.NAD:DSD_NAMAIN10@DF_TABLE4(2.0),A,CPV,S1,S1,EXC_A,F21,_Z,_Z,XDC_USD,_Z,N,T001,1960,28.75,,F,6,A,0,CVE
OECD.SDD.NAD:DSD_NAMAIN10@DF_TABLE4(2.0),A,CPV,S1,S1,EXC_A,F21,_Z,_Z,XDC_USD,_Z,N,T001,1961,28.75,,F,6,A,0,CVE
OECD.SDD.NAD:DSD_NAMAIN10@DF_TABLE4(2.0),A,CPV,S1,S1,EXC_A,F21,_Z,_Z,XDC_USD,_Z,N,T001,1962,28.75,,F,6,A,0,CVE
OECD.SDD.NAD:DSD_NAMAIN10@DF_TABLE4(2.0),A,CPV,S1,S1,EXC_A,F21,_Z,_Z,XDC_USD,_Z,N,T001,1963,28.75,,F,6,A,0,CVE
OECD.SDD.NAD:DSD_NAMAIN10@DF_TABLE4(2.0),A,CPV,S1,S1,EXC_A,F21,_Z,_Z,XDC_USD,_Z,N,T001,1964,28.75,,F,6,A,0,CVE
OECD.SDD.NAD:DSD_NAMAIN10@DF_TABLE4(2.0),A,CPV,S1,S1,EXC_A,F21,_Z,_Z,XDC_USD,_Z,N,T001,1965,28.75,,F,6,A,0,CVE
OECD.SDD.NAD:DSD_NAMAIN10@DF_TABLE4(2.0),A,CPV,S1,S1,EXC_A,F21,_Z,_Z,XDC_USD,_Z,N,T001,1966,28.75,,F,6,A,0,CVE
OECD.SDD.NAD:DSD_NAMAIN10@DF_TABLE4(2.0),A,CPV,S1,S1,EXC_A,F21,_Z,_Z,XDC_USD,_Z,N,T001,1967,28.75,,F,6,A,0,CVE
OECD.SDD.NAD:DSD_NAMAIN10@DF_TABLE4(2.0),A,CPV,S1,S1,EXC_A,F21,_Z,_Z,XDC_USD,_Z,N,T001,1968,28.75,,F,6,A,0,CVE
OECD.SDD.NAD:DSD_NAMAIN10@DF_TABLE4(2.0),A,CPV,S1,S1,EXC_A,F21,_Z,_Z,XDC_USD,_Z,N,T001,1969,28.75,,F,6,A,0,CVE
OECD.SDD.NAD:DSD_NAMAIN10@DF_TABLE4(2.0),A,CPV,S1,S1,EXC_A,F21,_Z,_Z,XDC_USD,_Z,N,T001,1970,28.75,,F,6,A,0,CVE
OECD.SDD.NAD:DSD_NAMAIN10@DF_TABLE4(2.0),A,CPV,S1,S1,EXC_A,F21,_Z,_Z,XDC_USD,_Z,N,T001,1971,28.36017,,F,6,A,0,CVE
OECD.SDD.NAD:DSD_NAMAIN10@DF_TABLE4(2.0),A,CPV,S1,S1,EXC_A,F21,_Z,_Z,XDC_USD,_Z,N,T001,1972,27.053417,,F,6,A,0,CVE
OECD.SDD.NAD:DSD_NAMAIN10@DF_TABLE4(2.0),A,CPV,S1,S1,EXC_A,F21,_Z,_Z,XDC_USD,_Z,N,T001,1973,24.515167,,F,6,A,0,CVE
OECD.SDD.NAD:DSD_NAMAIN10@DF_TABLE4(2.0),A,CPV,S1,S1,EXC_A,F21,_Z,_Z,XDC_USD,_Z,N,T001,1974,25.408167,,F,6,A,0,CVE
OECD.SDD.NAD:DSD_NAMAIN10@DF_TABLE4(2.0),A,CPV,S1,S1,EXC_A,F21,_Z,_Z,XDC_USD,_Z,N,T001,1975,25.54325,,F,6,A,0,CVE
OECD.SDD.NAD:DSD_NAMAIN10@DF_TABLE4(2.0),A,CPV,S1,S1,EXC_A,F21,_Z,_Z,XDC_USD,_Z,N,T001,1976,30.229083,,F,6,A,0,CVE
OECD.SDD.NAD:DSD_NAMAIN10@DF_TABLE4(2.0),A,CPV,S1,S1,EXC_A,F21,_Z,_Z,XDC_USD,_Z,N,T001,1977,34.046492,,F,6,A,0,CVE
OECD.SDD.NAD:DSD_NAMAIN10@DF_TABLE4(2.0),A,CPV,S1,S1,EXC_A,F21,_Z,_Z,XDC_USD,_Z,N,T001,1978,35.50075,,F,6,A,0,CVE
OECD.SDD.NAD:DSD_NAMAIN10@DF_TABLE4(2.0),A,CPV,S1,S1,EXC_A,F21,_Z,_Z,XDC_USD,_Z,N,T001,1979,37.433,,F,6,A,0,CVE
OECD.SDD.NAD:DSD_NAMAIN10@DF_TABLE4(2.0),A,CPV,S1,S1,EXC_A,F21,_Z,_Z,XDC_USD,_Z,N,T001,1980,40.174917,,F,6,A,0,CVE
OECD.SDD.NAD:DSD_NAMAIN10@DF_TABLE4(2.0),A,CPV,S1,S1,EXC_A,F21,_Z,_Z,XDC_USD,_Z,N,T001,1981,48.694667,,F,6,A,0,CVE
OECD.SDD.NAD:DSD_NAMAIN10@DF_TABLE4(2.0),A,CPV,S1,S1,EXC_A,F21,_Z,_Z,XDC_USD,_Z,N,T001,1982,58.293333,,F,6,A,0,CVE
OECD.SDD.NAD:DSD_NAMAIN10@DF_TABLE4(2.0),A,CPV,S1,S1,EXC_A,F21,_Z,_Z,XDC_USD,_Z,N,T001,1983,71.685833,,F,6,A,0,CVE
OECD.SDD.NAD:DSD_NAMAIN10@DF_TABLE4(2.0),A,CPV,S1,S1,EXC_A,F21,_Z,_Z,XDC_USD,_Z,N,T001,1984,84.877917,,F,6,A,0,CVE
OECD.SDD.NAD:DSD_NAMAIN10@DF_TABLE4(2.0),A,CPV,S1,S1,EXC_A,F21,_Z,_Z,XDC_USD,_Z,N,T001,1985,91.631667,,F,6,A,0,CVE
OECD.SDD.NAD:DSD_NAMAIN10@DF_TABLE4(2.0),A,CPV,S1,S1,EXC_A,F21,_Z,_Z,XDC_USD,_Z,N,T001,1986,80.144917,,F,6,A,0,CVE
OECD.SDD.NAD:DSD_NAMAIN10@DF_TABLE4(2.0),A,CPV,S1,S1,EXC_A,F21,_Z,_Z,XDC_USD,_Z,N,T001,1987,72.465833,,F,6,A,0,CVE
OECD.SDD.NAD:DSD_NAMAIN10@DF_TABLE4(2.0),A,CPV,S1,S1,EXC_A,F21,_Z,_Z,XDC_USD,_Z,N,T001,1988,72.0675,,F,6,A,0,CVE
OECD.SDD.NAD:DSD_NAMAIN10@DF_TABLE4(2.0),A,CPV,S1,S1,EXC_A,F21,_Z,_Z,XDC_USD,_Z,N,T001,1989,77.978083,,F,6,A,0,CVE
OECD.SDD.NAD:DSD_NAMAIN10@DF_TABLE4(2.0),A,CPV,S1,S1,EXC_A,F21,_Z,_Z,XDC_USD,_Z,N,T001,1990,70.031333,,F,6,A,0,CVE
OECD.SDD.NAD:DSD_NAMAIN10@DF_TABLE4(2.0),A,CPV,S1,S1,EXC_A,F21,_Z,_Z,XDC_USD,_Z,N,T001,1991,71.408333,,F,6,A,0,CVE
OECD.SDD.NAD:DSD_NAMAIN10@DF_TABLE4(2.0),A,CPV,S1,S1,EXC_A,F21,_Z,_Z,XDC_USD,_Z,N,T001,1992,68.017583,,F,6,A,0,CVE
OECD.SDD.NAD:DSD_NAMAIN10@DF_TABLE4(2.0),A,CPV,S1,S1,EXC_A,F21,_Z,_Z,XDC_USD,_Z,N,T001,1993,80.426597,,F,6,A,0,CVE
OECD.SDD.NAD:DSD_NAMAIN10@DF_TABLE4(2.0),A,CPV,S1,S1,EXC_A,F21,_Z,_Z,XDC_USD,_Z,N,T001,1994,81.890833,,F,6,A,0,CVE
OECD.SDD.NAD:DSD_NAMAIN10@DF_TABLE4(2.0),A,CPV,S1,S1,EXC_A,F21,_Z,_Z,XDC_USD,_Z,N,T001,1995,76.853333,,F,6,A,0,CVE
OECD.SDD.NAD:DSD_NAMAIN10@DF_TABLE4(2.0),A,CPV,S1,S1,EXC_A,F21,_Z,_Z,XDC_USD,_Z,N,T001,1996,82.591467,,F,6,A,0,CVE
OECD.SDD.NAD:DSD_NAMAIN10@DF_TABLE4(2.0),A,CPV,S1,S1,EXC_A,F21,_Z,_Z,XDC_USD,_Z,N,T001,1997,93.176667,,F,6,A,0,CVE
OECD.SDD.NAD:DSD_NAMAIN10@DF_TABLE4(2.0),A,CPV,S1,S1,EXC_A,F21,_Z,_Z,XDC_USD,_Z,N,T001,1998,98.1575,,F,6,A,0,CVE
OECD.SDD.NAD:DSD_NAMAIN10@DF_TABLE4(2.0),A,CPV,S1,S1,EXC_A,F21,_Z,_Z,XDC_USD,_Z,N,T001,1999,102.7,,F,6,A,0,CVE
OECD.SDD.NAD:DSD_NAMAIN10@DF_TABLE4(2.0),A,CPV,S1,S1,EXC_A,F21,_Z,_Z,XDC_USD,_Z,N,T001,2000,115.876552,,F,6,A,0,CVE
OECD.SDD.NAD:DSD_NAMAIN10@DF_TABLE4(2.0),A,CPV,S1,S1,EXC_A,F21,_Z,_Z,XDC_USD,_Z,N,T001,2001,123.213333,,F,6,A,0,CVE
OECD.SDD.NAD:DSD_NAMAIN10@DF_TABLE4(2.0),A,CPV,S1,S1,EXC_A,F21,_Z,_Z,XDC_USD,_Z,N,T001,2002,117.255833,,F,6,A,0,CVE
OECD.SDD.NAD:DSD_NAMAIN10@DF_TABLE4(2.0),A,CPV,S1,S1,EXC_A,F21,_Z,_Z,XDC_USD,_Z,N,T001,2003,97.7875,,F,6,A,0,CVE
OECD.SDD.NAD:DSD_NAMAIN10@DF_TABLE4(2.0),A,CPV,S1,S1,EXC_A,F21,_Z,_Z,XDC_USD,_Z,N,T001,2004,88.747925,,F,6,A,0,CVE
OECD.SDD.NAD:DSD_NAMAIN10@DF_TABLE4(2.0),A,CPV,S1,S1,EXC_A,F21,_Z,_Z,XDC_USD,_Z,N,T001,2005,88.646169,,F,6,A,0,CVE
OECD.SDD.NAD:DSD_NAMAIN10@DF_TABLE4(2.0),A,CPV,S1,S1,EXC_A,F21,_Z,_Z,XDC_USD,_Z,N,T001,2006,87.926065,,F,6,A,0,CVE
OECD.SDD.NAD:DSD_NAMAIN10@DF_TABLE4(2.0),A,CPV,S1,S1,EXC_A,F21,_Z,_Z,XDC_USD,_Z,N,T001,2007,80.615027,,F,6,A,0,CVE
OECD.SDD.NAD:DSD_NAMAIN10@DF_TABLE4(2.0),A,CPV,S1,S1,EXC_A,F21,_Z,_Z,XDC_USD,_Z,N,T001,2008,75.336004,,F,6,A,0,CVE
OECD.SDD.NAD:DSD_NAMAIN10@DF_TABLE4(2.0),A,CPV,S1,S1,EXC_A,F21,_Z,_Z,XDC_USD,_Z,N,T001,2009,80.035418,,F,6,A,0,CVE
OECD.SDD.NAD:DSD_NAMAIN10@DF_TABLE4(2.0),A,CPV,S1,S1,EXC_A,F21,_Z,_Z,XDC_USD,_Z,N,T001,2010,83.278689,,F,6,A,0,CVE
OECD.SDD.NAD:DSD_NAMAIN10@DF_TABLE4(2.0),A,CPV,S1,S1,EXC_A,F21,_Z,_Z,XDC_USD,_Z,N,T001,2011,79.276881,,F,6,A,0,CVE
OECD.SDD.NAD:DSD_NAMAIN10@DF_TABLE4(2.0),A,CPV,S1,S1,EXC_A,F21,_Z,_Z,XDC_USD,_Z,N,T001,2012,86.318954,,F,6,A,0,CVE
OECD.SDD.NAD:DSD_NAMAIN10@DF_TABLE4(2.0),A,CPV,S1,S1,EXC_A,F21,_Z,_Z,XDC_USD,_Z,N,T001,2013,83.0725,,F,6,A,0,CVE
OECD.SDD.NAD:DSD_NAMAIN10@DF_TABLE4(2.0),A,CPV,S1,S1,EXC_A,F21,_Z,_Z,XDC_USD,_Z,N,T001,2014,83.0345,,F,6,A,0,CVE
OECD.SDD.NAD:DSD_NAMAIN10@DF_TABLE4(2.0),A,CPV,S1,S1,EXC_A,F21,_Z,_Z,XDC_USD,_Z,N,T001,2015,99.385694,,F,6,A,0,CVE
OECD.SDD.NAD:DSD_NAMAIN10@DF_TABLE4(2.0),A,CPV,S1,S1,EXC_A,F21,_Z,_Z,XDC_USD,_Z,N,T001,2016,99.688114,,F,6,A,0,CVE
OECD.SDD.NAD:DSD_NAMAIN10@DF_TABLE4(2.0),A,CPV,S1,S1,EXC_A,F21,_Z,_Z,XDC_USD,_Z,N,T001,2017,97.806938,,F,6,A,0,CVE
OECD.SDD.NAD:DSD_NAMAIN10@DF_TABLE4(2.0),A,CPV,S1,S1,EXC_A,F21,_Z,_Z,XDC_USD,_Z,N,T001,2018,93.413579,,F,6,A,0,CVE
OECD.SDD.NAD:DSD_NAMAIN10@DF_TABLE4(2.0),A,CPV,S1,S1,EXC_A,F21,_Z,_Z,XDC_USD,_Z,N,T001,2019,98.495179,,F,6,A,0,CVE
OECD.SDD.NAD:DSD_NAMAIN10@DF_TABLE4(2.0),A,CPV,S1,S1,EXC_A,F21,_Z,_Z,XDC_USD,_Z,N,T001,2020,96.795743,,F,6,A,0,CVE
OECD.SDD.NAD:DSD_NAMAIN10@DF_TABLE4(2.0),A,CPV,S1,S1,EXC_A,F21,_Z,_Z,XDC_USD,_Z,N,T001,2021,93.218092,,F,6,A,0,CVE
OECD.SDD.NAD:DSD_NAMAIN10@DF_TABLE4(2.0),A,CPV,S1,S1,EXC_A,F21,_Z,_Z,XDC_USD,_Z,N,T001,2022,104.863066,,F,6,A,0,CVE
OECD.SDD.NAD:DSD_NAMAIN10@DF_TABLE4(2.0),A,ZMB,S1,S1,EXC_A,F21,_Z,_Z,XDC_USD,_Z,N,T001,1950,0.714286,,F,6,A,0,ZMW
OECD.SDD.NAD:DSD_NAMAIN10@DF_TABLE4(2.0),A,ZMB,S1,S1,EXC_A,F21,_Z,_Z,XDC_USD,_Z,N,T001,1951,0.714286,,F,6,A,0,ZMW
OECD.SDD.NAD:DSD_NAMAIN10@DF_TABLE4(2.0),A,ZMB,S1,S1,EXC_A,F21,_Z,_Z,XDC_USD,_Z,N,T001,1952,0.714286,,F,6,A,0,ZMW
OECD.SDD.NAD:DSD_NAMAIN10@DF_TABLE4(2.0),A,ZMB,S1,S1,EXC_A,F21,_Z,_Z,XDC_USD,_Z,N,T001,1953,0.714286,,F,6,A,0,ZMW
OECD.SDD.NAD:DSD_NAMAIN10@DF_TABLE4(2.0),A,ZMB,S1,S1,EXC_A,F21,_Z,_Z,XDC_USD,_Z,N,T001,1954,0.714286,,F,6,A,0,ZMW
OECD.SDD.NAD:DSD_NAMAIN10@DF_TABLE4(2.0),A,ZMB,S1,S1,EXC_A,F21,_Z,_Z,XDC_USD,_Z,N,T001,1955,0.714286,,F,6,A,0,ZMW
OECD.SDD.NAD:DSD_NAMAIN10@DF_TABLE4(2.0),A,ZMB,S1,S1,EXC_A,F21,_Z,_Z,XDC_USD,_Z,N,T001,1956,0.714286,,F,6,A,0,ZMW
OECD.SDD.NAD:DSD_NAMAIN10@DF_TABLE4(2.0),A,ZMB,S1,S1,EXC_A,F21,_Z,_Z,XDC_USD,_Z,N,T001,1957,0.714286,,F,6,A,0,ZMW
OECD.SDD.NAD:DSD_NAMAIN10@DF_TABLE4(2.0),A,ZMB,S1,S1,EXC_A,F21,_Z,_Z,XDC_USD,_Z,N,T001,1958,0.714286,,F,6,A,0,ZMW
OECD.SDD.NAD:DSD_NAMAIN10@DF_TABLE4(2.0),A,ZMB,S1,S1,EXC_A,F21,_Z,_Z,XDC_USD,_Z,N,T001,1959,0.714286,,F,6,A,0,ZMW
OECD.SDD.NAD:DSD_NAMAIN10@DF_TABLE4(2.0),A,ZMB,S1,S1,EXC_A,F21,_Z,_Z,XDC_USD,_Z,N,T001,1960,0.714286,,F,6,A,0,ZMW
OECD.SDD.NAD:DSD_NAMAIN10@DF_TABLE4(2.0),A,ZMB,S1,S1,EXC_A,F21,_Z,_Z,XDC_USD,_Z,N,T001,1961,0.714286,,F,6,A,0,ZMW
OECD.SDD.NAD:DSD_NAMAIN10@DF_TABLE4(2.0),A,ZMB,S1,S1,EXC_A,F21,_Z,_Z,XDC_USD,_Z,N,T001,1962,0.714286,,F,6,A,0,ZMW
OECD.SDD.NAD:DSD_NAMAIN10@DF_TABLE4(2.0),A,ZMB,S1,S1,EXC_A,F21,_Z,_Z,XDC_USD,_Z,N,T001,1963,0.714286,,F,6,A,0,ZMW
OECD.SDD.NAD:DSD_NAMAIN10@DF_TABLE4(2.0),A,ZMB,S1,S1,EXC_A,F21,_Z,_Z,XDC_USD,_Z,N,T001,1964,0.714286,,F,6,A,0,ZMW
OECD.SDD.NAD:DSD_NAMAIN10@DF_TABLE4(2.0),A,ZMB,S1,S1,EXC_A,F21,_Z,_Z,XDC_USD,_Z,N,T001,1965,0.714286,,F,6,A,0,ZMW
OECD.SDD.NAD:DSD_NAMAIN10@DF_TABLE4(2.0),A,ZMB,S1,S1,EXC_A,F21,_Z,_Z,XDC_USD,_Z,N,T001,1966,0.714286,,F,6,A,0,ZMW
OECD.SDD.NAD:DSD_NAMAIN10@DF_TABLE4(2.0),A,ZMB,S1,S1,EXC_A,F21,_Z,_Z,XDC_USD,_Z,N,T001,1967,0.714286,,F,6,A,0,ZMW
OECD.SDD.NAD:DSD_NAMAIN10@DF_TABLE4(2.0),A,ZMB,S1,S1,EXC_A,F21,_Z,_Z,XDC_USD,_Z,N,T001,1968,0.714286,,F,6,A,0,ZMW
OECD.SDD.NAD:DSD_NAMAIN10@DF_TABLE4(2.0),A,ZMB,S1,S1,EXC_A,F21,_Z,_Z,XDC_USD,_Z,N,T001,1969,0.714286,,F,6,A,0,ZMW
OECD.SDD.NAD:DSD_NAMAIN10@DF_TABLE4(2.0),A,ZMB,S1,S1,EXC_A,F21,_Z,_Z,XDC_USD,_Z,N,T001,1970,0.714286,,F,6,A,0,ZMW
OECD.SDD.NAD:DSD_NAMAIN10@DF_TABLE4(2.0),A,ZMB,S1,S1,EXC_A,F21,_Z,_Z,XDC_USD,_Z,N,T001,1971,0.714286,,F,6,A,0,ZMW
OECD.SDD.NAD:DSD_NAMAIN10@DF_TABLE4(2.0),A,ZMB,S1,S1,EXC_A,F21,_Z,_Z,XDC_USD,_Z,N,T001,1972,0.000714,,F,6,A,0,ZMW
OECD.SDD.NAD:DSD_NAMAIN10@DF_TABLE4(2.0),A,ZMB,S1,S1,EXC_A,F21,_Z,_Z,XDC_USD,_Z,N,T001,1973,0.000652,,F,6,A,0,ZMW
OECD.SDD.NAD:DSD_NAMAIN10@DF_TABLE4(2.0),A,ZMB,S1,S1,EXC_A,F21,_Z,_Z,XDC_USD,_Z,N,T001,1974,0.000643,,F,6,A,0,ZMW
OECD.SDD.NAD:DSD_NAMAIN10@DF_TABLE4(2.0),A,ZMB,S1,S1,EXC_A,F21,_Z,_Z,XDC_USD,_Z,N,T001,1975,0.000643,,F,6,A,0,ZMW
OECD.SDD.NAD:DSD_NAMAIN10@DF_TABLE4(2.0),A,ZMB,S1,S1,EXC_A,F21,_Z,_Z,XDC_USD,_Z,N,T001,1976,0.000701,,F,6,A,0,ZMW
OECD.SDD.NAD:DSD_NAMAIN10@DF_TABLE4(2.0),A,ZMB,S1,S1,EXC_A,F21,_Z,_Z,XDC_USD,_Z,N,T001,1977,0.00079,,F,6,A,0,ZMW
OECD.SDD.NAD:DSD_NAMAIN10@DF_TABLE4(2.0),A,ZMB,S1,S1,EXC_A,F21,_Z,_Z,XDC_USD,_Z,N,T001,1978,0.000801,,F,6,A,0,ZMW
OECD.SDD.NAD:DSD_NAMAIN10@DF_TABLE4(2.0),A,ZMB,S1,S1,EXC_A,F21,_Z,_Z,XDC_USD,_Z,N,T001,1979,0.000793,,F,6,A,0,ZMW
OECD.SDD.NAD:DSD_NAMAIN10@DF_TABLE4(2.0),A,ZMB,S1,S1,EXC_A,F21,_Z,_Z,XDC_USD,_Z,N,T001,1980,0.000789,,F,6,A,0,ZMW
OECD.SDD.NAD:DSD_NAMAIN10@DF_TABLE4(2.0),A,ZMB,S1,S1,EXC_A,F21,_Z,_Z,XDC_USD,_Z,N,T001,1981,0.00087,,F,6,A,0,ZMW
OECD.SDD.NAD:DSD_NAMAIN10@DF_TABLE4(2.0),A,ZMB,S1,S1,EXC_A,F21,_Z,_Z,XDC_USD,_Z,N,T001,1982,0.000929,,F,6,A,0,ZMW
OECD.SDD.NAD:DSD_NAMAIN10@DF_TABLE4(2.0),A,ZMB,S1,S1,EXC_A,F21,_Z,_Z,XDC_USD,_Z,N,T001,1983,0.001259,,F,6,A,0,ZMW
OECD.SDD.NAD:DSD_NAMAIN10@DF_TABLE4(2.0),A,ZMB,S1,S1,EXC_A,F21,_Z,_Z,XDC_USD,_Z,N,T001,1984,0.001813,,F,6,A,0,ZMW
OECD.SDD.NAD:DSD_NAMAIN10@DF_TABLE4(2.0),A,ZMB,S1,S1,EXC_A,F21,_Z,_Z,XDC_USD,_Z,N,T001,1985,0.00314,,F,6,A,0,ZMW
OECD.SDD.NAD:DSD_NAMAIN10@DF_TABLE4(2.0),A,ZMB,S1,S1,EXC_A,F21,_Z,_Z,XDC_USD,_Z,N,T001,1986,0.007788,,F,6,A,0,ZMW
OECD.SDD.NAD:DSD_NAMAIN10@DF_TABLE4(2.0),A,ZMB,S1,S1,EXC_A,F21,_Z,_Z,XDC_USD,_Z,N,T001,1987,0.009519,,F,6,A,0,ZMW
OECD.SDD.NAD:DSD_NAMAIN10@DF_TABLE4(2.0),A,ZMB,S1,S1,EXC_A,F21,_Z,_Z,XDC_USD,_Z,N,T001,1988,0.008266,,F,6,A,0,ZMW
OECD.SDD.NAD:DSD_NAMAIN10@DF_TABLE4(2.0),A,ZMB,S1,S1,EXC_A,F21,_Z,_Z,XDC_USD,_Z,N,T001,1989,0.013814,,F,6,A,0,ZMW
OECD.SDD.NAD:DSD_NAMAIN10@DF_TABLE4(2.0),A,ZMB,S1,S1,EXC_A,F21,_Z,_Z,XDC_USD,_Z,N,T001,1990,0.030289,,F,6,A,0,ZMW
OECD.SDD.NAD:DSD_NAMAIN10@DF_TABLE4(2.0),A,ZMB,S1,S1,EXC_A,F21,_Z,_Z,XDC_USD,_Z,N,T001,1991,0.06464,,F,6,A,0,ZMW
OECD.SDD.NAD:DSD_NAMAIN10@DF_TABLE4(2.0),A,ZMB,S1,S1,EXC_A,F21,_Z,_Z,XDC_USD,_Z,N,T001,1992,0.172214,,F,6,A,0,ZMW
OECD.SDD.NAD:DSD_NAMAIN10@DF_TABLE4(2.0),A,ZMB,S1,S1,EXC_A,F21,_Z,_Z,XDC_USD,_Z,N,T001,1993,0.452763,,F,6,A,0,ZMW
OECD.SDD.NAD:DSD_NAMAIN10@DF_TABLE4(2.0),A,ZMB,S1,S1,EXC_A,F21,_Z,_Z,XDC_USD,_Z,N,T001,1994,0.669371,,F,6,A,0,ZMW
OECD.SDD.NAD:DSD_NAMAIN10@DF_TABLE4(2.0),A,ZMB,S1,S1,EXC_A,F21,_Z,_Z,XDC_USD,_Z,N,T001,1995,0.864119,,F,6,A,0,ZMW
OECD.SDD.NAD:DSD_NAMAIN10@DF_TABLE4(2.0),A,ZMB,S1,S1,EXC_A,F21,_Z,_Z,XDC_USD,_Z,N,T001,1996,1.2079,,F,6,A,0,ZMW
OECD.SDD.NAD:DSD_NAMAIN10@DF_TABLE4(2.0),A,ZMB,S1,S1,EXC_A,F21,_Z,_Z,XDC_USD,_Z,N,T001,1997,1.314498,,F,6,A,0,ZMW
OECD.SDD.NAD:DSD_NAMAIN10@DF_TABLE4(2.0),A,ZMB,S1,S1,EXC_A,F21,_Z,_Z,XDC_USD,_Z,N,T001,1998,1.862069,,F,6,A,0,ZMW
OECD.SDD.NAD:DSD_NAMAIN10@DF_TABLE4(2.0),A,ZMB,S1,S1,EXC_A,F21,_Z,_Z,XDC_USD,_Z,N,T001,1999,2.388019,,F,6,A,0,ZMW
OECD.SDD.NAD:DSD_NAMAIN10@DF_TABLE4(2.0),A,ZMB,S1,S1,EXC_A,F21,_Z,_Z,XDC_USD,_Z,N,T001,2000,3.110844,,F,6,A,0,ZMW
OECD.SDD.NAD:DSD_NAMAIN10@DF_TABLE4(2.0),A,ZMB,S1,S1,EXC_A,F21,_Z,_Z,XDC_USD,_Z,N,T001,2001,3.610935,,F,6,A,0,ZMW
OECD.SDD.NAD:DSD_NAMAIN10@DF_TABLE4(2.0),A,ZMB,S1,S1,EXC_A,F21,_Z,_Z,XDC_USD,_Z,N,T001,2002,4.398595,,F,6,A,0,ZMW
OECD.SDD.NAD:DSD_NAMAIN10@DF_TABLE4(2.0),A,ZMB,S1,S1,EXC_A,F21,_Z,_Z,XDC_USD,_Z,N,T001,2003,4.733271,,F,6,A,0,ZMW
OECD.SDD.NAD:DSD_NAMAIN10@DF_TABLE4(2.0),A,ZMB,S1,S1,EXC_A,F21,_Z,_Z,XDC_USD,_Z,N,T001,2004,4.778875,,F,6,A,0,ZMW
OECD.SDD.NAD:DSD_NAMAIN10@DF_TABLE4(2.0),A,ZMB,S1,S1,EXC_A,F21,_Z,_Z,XDC_USD,_Z,N,T001,2005,4.465,,F,6,A,0,ZMW
OECD.SDD.NAD:DSD_NAMAIN10@DF_TABLE4(2.0),A,ZMB,S1,S1,EXC_A,F21,_Z,_Z,XDC_USD,_Z,N,T001,2006,3.601667,,F,6,A,0,ZMW
OECD.SDD.NAD:DSD_NAMAIN10@DF_TABLE4(2.0),A,ZMB,S1,S1,EXC_A,F21,_Z,_Z,XDC_USD,_Z,N,T001,2007,4.001667,,F,6,A,0,ZMW
OECD.SDD.NAD:DSD_NAMAIN10@DF_TABLE4(2.0),A,ZMB,S1,S1,EXC_A,F21,_Z,_Z,XDC_USD,_Z,N,T001,2008,3.745,,F,6,A,0,ZMW
OECD.SDD.NAD:DSD_NAMAIN10@DF_TABLE4(2.0),A,ZMB,S1,S1,EXC_A,F21,_Z,_Z,XDC_USD,_Z,N,T001,2009,5.045,,F,6,A,0,ZMW
OECD.SDD.NAD:DSD_NAMAIN10@DF_TABLE4(2.0),A,ZMB,S1,S1,EXC_A,F21,_Z,_Z,XDC_USD,_Z,N,T001,2010,4.7975,,F,6,A,0,ZMW
OECD.SDD.NAD:DSD_NAMAIN10@DF_TABLE4(2.0),A,ZMB,S1,S1,EXC_A,F21,_Z,_Z,XDC_USD,_Z,N,T001,2011,4.861667,,F,6,A,0,ZMW
OECD.SDD.NAD:DSD_NAMAIN10@DF_TABLE4(2.0),A,ZMB,S1,S1,EXC_A,F21,_Z,_Z,XDC_USD,_Z,N,T001,2012,5.1475,,F,6,A,0,ZMW
OECD.SDD.NAD:DSD_NAMAIN10@DF_TABLE4(2.0),A,ZMB,S1,S1,EXC_A,F21,_Z,_Z,XDC_USD,_Z,N,T001,2013,5.396483,,F,6,A,0,ZMW
OECD.SDD.NAD:DSD_NAMAIN10@DF_TABLE4(2.0),A,ZMB,S1,S1,EXC_A,F21,_Z,_Z,XDC_USD,_Z,N,T001,2014,6.154167,,F,6,A,0,ZMW
OECD.SDD.NAD:DSD_NAMAIN10@DF_TABLE4(2.0),A,ZMB,S1,S1,EXC_A,F21,_Z,_Z,XDC_USD,_Z,N,T001,2015,8.631667,,F,6,A,0,ZMW
OECD.SDD.NAD:DSD_NAMAIN10@DF_TABLE4(2.0),A,ZMB,S1,S1,EXC_A,F21,_Z,_Z,XDC_USD,_Z,N,T001,2016,10.3075,,F,6,A,0,ZMW
OECD.SDD.NAD:DSD_NAMAIN10@DF_TABLE4(2.0),A,ZMB,S1,S1,EXC_A,F21,_Z,_Z,XDC_USD,_Z,N,T001,2017,9.5175,,F,6,A,0,ZMW
OECD.SDD.NAD:DSD_NAMAIN10@DF_TABLE4(2.0),A,ZMB,S1,S1,EXC_A,F21,_Z,_Z,XDC_USD,_Z,N,T001,2018,10.458333,,F,6,A,0,ZMW
OECD.SDD.NAD:DSD_NAMAIN10@DF_TABLE4(2.0),A,ZMB,S1,S1,EXC_A,F21,_Z,_Z,XDC_USD,_Z,N,T001,2019,12.89,,F,6,A,0,ZMW
OECD.SDD.NAD:DSD_NAMAIN10@DF_TABLE4(2.0),A,ZMB,S1,S1,EXC_A,F21,_Z,_Z,XDC_USD,_Z,N,T001,2020,18.344093,,F,6,A,0,ZMW
OECD.SDD.NAD:DSD_NAMAIN10@DF_TABLE4(2.0),A,ZMB,S1,S1,EXC_A,F21,_Z,_Z,XDC_USD,_Z,N,T001,2021,20.018487,,F,6,A,0,ZMW
OECD.SDD.NAD:DSD_NAMAIN10@DF_TABLE4(2.0),A,ZMB,S1,S1,EXC_A,F21,_Z,_Z,XDC_USD,_Z,N,T001,2022,16.937594,,F,6,A,0,ZMW
OECD.SDD.NAD:DSD_NAMAIN10@DF_TABLE4(2.0),A,ZMB,S1,S1,EXC_A,F21,_Z,_Z,XDC_USD,_Z,N,T001,2023,20.212018,,F,6,A,0,ZMW
OECD.SDD.NAD:DSD_NAMAIN10@DF_TABLE4(2.0),A,CHN,S1,S1,EXC_A,F21,_Z,_Z,XDC_USD,_Z,N,T001,1957,2.461809,,F,6,A,0,CNY
OECD.SDD.NAD:DSD_NAMAIN10@DF_TABLE4(2.0),A,CHN,S1,S1,EXC_A,F21,_Z,_Z,XDC_USD,_Z,N,T001,1958,2.461809,,F,6,A,0,CNY
OECD.SDD.NAD:DSD_NAMAIN10@DF_TABLE4(2.0),A,CHN,S1,S1,EXC_A,F21,_Z,_Z,XDC_USD,_Z,N,T001,1959,2.461809,,F,6,A,0,CNY
OECD.SDD.NAD:DSD_NAMAIN10@DF_TABLE4(2.0),A,CHN,S1,S1,EXC_A,F21,_Z,_Z,XDC_USD,_Z,N,T001,1960,2.461809,,F,6,A,0,CNY
OECD.SDD.NAD:DSD_NAMAIN10@DF_TABLE4(2.0),A,CHN,S1,S1,EXC_A,F21,_Z,_Z,XDC_USD,_Z,N,T001,1961,2.461809,,F,6,A,0,CNY
OECD.SDD.NAD:DSD_NAMAIN10@DF_TABLE4(2.0),A,CHN,S1,S1,EXC_A,F21,_Z,_Z,XDC_USD,_Z,N,T001,1962,2.461809,,F,6,A,0,CNY
OECD.SDD.NAD:DSD_NAMAIN10@DF_TABLE4(2.0),A,CHN,S1,S1,EXC_A,F21,_Z,_Z,XDC_USD,_Z,N,T001,1963,2.461809,,F,6,A,0,CNY
OECD.SDD.NAD:DSD_NAMAIN10@DF_TABLE4(2.0),A,CHN,S1,S1,EXC_A,F21,_Z,_Z,XDC_USD,_Z,N,T001,1964,2.461809,,F,6,A,0,CNY
OECD.SDD.NAD:DSD_NAMAIN10@DF_TABLE4(2.0),A,CHN,S1,S1,EXC_A,F21,_Z,_Z,XDC_USD,_Z,N,T001,1965,2.461809,,F,6,A,0,CNY
OECD.SDD.NAD:DSD_NAMAIN10@DF_TABLE4(2.0),A,CHN,S1,S1,EXC_A,F21,_Z,_Z,XDC_USD,_Z,N,T001,1966,2.461809,,F,6,A,0,CNY
OECD.SDD.NAD:DSD_NAMAIN10@DF_TABLE4(2.0),A,CHN,S1,S1,EXC_A,F21,_Z,_Z,XDC_USD,_Z,N,T001,1967,2.461809,,F,6,A,0,CNY
OECD.SDD.NAD:DSD_NAMAIN10@DF_TABLE4(2.0),A,CHN,S1,S1,EXC_A,F21,_Z,_Z,XDC_USD,_Z,N,T001,1968,2.461809,,F,6,A,0,CNY
OECD.SDD.NAD:DSD_NAMAIN10@DF_TABLE4(2.0),A,CHN,S1,S1,EXC_A,F21,_Z,_Z,XDC_USD,_Z,N,T001,1969,2.461809,,F,6,A,0,CNY
OECD.SDD.NAD:DSD_NAMAIN10@DF_TABLE4(2.0),A,CHN,S1,S1,EXC_A,F21,_Z,_Z,XDC_USD,_Z,N,T001,1970,2.461809,,F,6,A,0,CNY
OECD.SDD.NAD:DSD_NAMAIN10@DF_TABLE4(2.0),A,CHN,S1,S1,EXC_A,F21,_Z,_Z,XDC_USD,_Z,N,T001,1971,2.461809,,F,6,A,0,CNY
OECD.SDD.NAD:DSD_NAMAIN10@DF_TABLE4(2.0),A,CHN,S1,S1,EXC_A,F21,_Z,_Z,XDC_USD,_Z,N,T001,1972,2.245066,,F,6,A,0,CNY
OECD.SDD.NAD:DSD_NAMAIN10@DF_TABLE4(2.0),A,CHN,S1,S1,EXC_A,F21,_Z,_Z,XDC_USD,_Z,N,T001,1973,1.989416,,F,6,A,0,CNY
OECD.SDD.NAD:DSD_NAMAIN10@DF_TABLE4(2.0),A,CHN,S1,S1,EXC_A,F21,_Z,_Z,XDC_USD,_Z,N,T001,1974,1.961107,,F,6,A,0,CNY
OECD.SDD.NAD:DSD_NAMAIN10@DF_TABLE4(2.0),A,CHN,S1,S1,EXC_A,F21,_Z,_Z,XDC_USD,_Z,N,T001,1975,1.859823,,F,6,A,0,CNY
OECD.SDD.NAD:DSD_NAMAIN10@DF_TABLE4(2.0),A,CHN,S1,S1,EXC_A,F21,_Z,_Z,XDC_USD,_Z,N,T001,1976,1.941415,,F,6,A,0,CNY
OECD.SDD.NAD:DSD_NAMAIN10@DF_TABLE4(2.0),A,CHN,S1,S1,EXC_A,F21,_Z,_Z,XDC_USD,_Z,N,T001,1977,1.857823,,F,6,A,0,CNY
OECD.SDD.NAD:DSD_NAMAIN10@DF_TABLE4(2.0),A,CHN,S1,S1,EXC_A,F21,_Z,_Z,XDC_USD,_Z,N,T001,1978,1.683589,,F,6,A,0,CNY
OECD.SDD.NAD:DSD_NAMAIN10@DF_TABLE4(2.0),A,CHN,S1,S1,EXC_A,F21,_Z,_Z,XDC_USD,_Z,N,T001,1979,1.554939,,F,6,A,0,CNY
OECD.SDD.NAD:DSD_NAMAIN10@DF_TABLE4(2.0),A,CHN,S1,S1,EXC_A,F21,_Z,_Z,XDC_USD,_Z,N,T001,1980,1.498386,,F,6,A,0,CNY
OECD.SDD.NAD:DSD_NAMAIN10@DF_TABLE4(2.0),A,CHN,S1,S1,EXC_A,F21,_Z,_Z,XDC_USD,_Z,N,T001,1981,1.704542,,F,6,A,0,CNY
OECD.SDD.NAD:DSD_NAMAIN10@DF_TABLE4(2.0),A,CHN,S1,S1,EXC_A,F21,_Z,_Z,XDC_USD,_Z,N,T001,1982,1.892542,,F,6,A,0,CNY
OECD.SDD.NAD:DSD_NAMAIN10@DF_TABLE4(2.0),A,CHN,S1,S1,EXC_A,F21,_Z,_Z,XDC_USD,_Z,N,T001,1983,1.975675,,F,6,A,0,CNY
OECD.SDD.NAD:DSD_NAMAIN10@DF_TABLE4(2.0),A,CHN,S1,S1,EXC_A,F21,_Z,_Z,XDC_USD,_Z,N,T001,1984,2.320042,,F,6,A,0,CNY
OECD.SDD.NAD:DSD_NAMAIN10@DF_TABLE4(2.0),A,CHN,S1,S1,EXC_A,F21,_Z,_Z,XDC_USD,_Z,N,T001,1985,2.936658,,F,6,A,0,CNY
OECD.SDD.NAD:DSD_NAMAIN10@DF_TABLE4(2.0),A,CHN,S1,S1,EXC_A,F21,_Z,_Z,XDC_USD,_Z,N,T001,1986,3.452792,,F,6,A,0,CNY
OECD.SDD.NAD:DSD_NAMAIN10@DF_TABLE4(2.0),A,CHN,S1,S1,EXC_A,F21,_Z,_Z,XDC_USD,_Z,N,T001,1987,3.7221,,F,6,A,0,CNY
OECD.SDD.NAD:DSD_NAMAIN10@DF_TABLE4(2.0),A,CHN,S1,S1,EXC_A,F21,_Z,_Z,XDC_USD,_Z,N,T001,1988,3.7221,,F,6,A,0,CNY
OECD.SDD.NAD:DSD_NAMAIN10@DF_TABLE4(2.0),A,CHN,S1,S1,EXC_A,F21,_Z,_Z,XDC_USD,_Z,N,T001,1989,3.765108,,F,6,A,0,CNY
OECD.SDD.NAD:DSD_NAMAIN10@DF_TABLE4(2.0),A,CHN,S1,S1,EXC_A,F21,_Z,_Z,XDC_USD,_Z,N,T001,1990,4.783208,,F,6,A,0,CNY
OECD.SDD.NAD:DSD_NAMAIN10@DF_TABLE4(2.0),A,CHN,S1,S1,EXC_A,F21,_Z,_Z,XDC_USD,_Z,N,T001,1991,5.323392,,F,6,A,0,CNY
OECD.SDD.NAD:DSD_NAMAIN10@DF_TABLE4(2.0),A,CHN,S1,S1,EXC_A,F21,_Z,_Z,XDC_USD,_Z,N,T001,1992,5.514592,,F,6,A,0,CNY
OECD.SDD.NAD:DSD_NAMAIN10@DF_TABLE4(2.0),A,CHN,S1,S1,EXC_A,F21,_Z,_Z,XDC_USD,_Z,N,T001,1993,5.761958,,F,6,A,0,CNY
OECD.SDD.NAD:DSD_NAMAIN10@DF_TABLE4(2.0),A,CHN,S1,S1,EXC_A,F21,_Z,_Z,XDC_USD,_Z,N,T001,1994,8.618743,,F,6,A,0,CNY
OECD.SDD.NAD:DSD_NAMAIN10@DF_TABLE4(2.0),A,CHN,S1,S1,EXC_A,F21,_Z,_Z,XDC_USD,_Z,N,T001,1995,8.351417,,F,6,A,0,CNY
OECD.SDD.NAD:DSD_NAMAIN10@DF_TABLE4(2.0),A,CHN,S1,S1,EXC_A,F21,_Z,_Z,XDC_USD,_Z,N,T001,1996,8.314175,,F,6,A,0,CNY
OECD.SDD.NAD:DSD_NAMAIN10@DF_TABLE4(2.0),A,CHN,S1,S1,EXC_A,F21,_Z,_Z,XDC_USD,_Z,N,T001,1997,8.289817,,F,6,A,0,CNY
OECD.SDD.NAD:DSD_NAMAIN10@DF_TABLE4(2.0),A,CHN,S1,S1,EXC_A,F21,_Z,_Z,XDC_USD,_Z,N,T001,1998,8.278958,,F,6,A,0,CNY
OECD.SDD.NAD:DSD_NAMAIN10@DF_TABLE4(2.0),A,CHN,S1,S1,EXC_A,F21,_Z,_Z,XDC_USD,_Z,N,T001,1999,8.27825,,F,6,A,0,CNY
OECD.SDD.NAD:DSD_NAMAIN10@DF_TABLE4(2.0),A,CHN,S1,S1,EXC_A,F21,_Z,_Z,XDC_USD,_Z,N,T001,2000,8.278504,,F,6,A,0,CNY
OECD.SDD.NAD:DSD_NAMAIN10@DF_TABLE4(2.0),A,CHN,S1,S1,EXC_A,F21,_Z,_Z,XDC_USD,_Z,N,T001,2001,8.277068,,F,6,A,0,CNY
OECD.SDD.NAD:DSD_NAMAIN10@DF_TABLE4(2.0),A,CHN,S1,S1,EXC_A,F21,_Z,_Z,XDC_USD,_Z,N,T001,2002,8.276958,,F,6,A,0,CNY
OECD.SDD.NAD:DSD_NAMAIN10@DF_TABLE4(2.0),A,CHN,S1,S1,EXC_A,F21,_Z,_Z,XDC_USD,_Z,N,T001,2003,8.277037,,F,6,A,0,CNY
OECD.SDD.NAD:DSD_NAMAIN10@DF_TABLE4(2.0),A,CHN,S1,S1,EXC_A,F21,_Z,_Z,XDC_USD,_Z,N,T001,2004,8.276801,,F,6,A,0,CNY
OECD.SDD.NAD:DSD_NAMAIN10@DF_TABLE4(2.0),A,CHN,S1,S1,EXC_A,F21,_Z,_Z,XDC_USD,_Z,N,T001,2005,8.194317,,F,6,A,0,CNY
OECD.SDD.NAD:DSD_NAMAIN10@DF_TABLE4(2.0),A,CHN,S1,S1,EXC_A,F21,_Z,_Z,XDC_USD,_Z,N,T001,2006,7.973438,,F,6,A,0,CNY
OECD.SDD.NAD:DSD_NAMAIN10@DF_TABLE4(2.0),A,CHN,S1,S1,EXC_A,F21,_Z,_Z,XDC_USD,_Z,N,T001,2007,7.607532,,F,6,A,0,CNY
OECD.SDD.NAD:DSD_NAMAIN10@DF_TABLE4(2.0),A,CHN,S1,S1,EXC_A,F21,_Z,_Z,XDC_USD,_Z,N,T001,2008,6.948655,,F,6,A,0,CNY
OECD.SDD.NAD:DSD_NAMAIN10@DF_TABLE4(2.0),A,CHN,S1,S1,EXC_A,F21,_Z,_Z,XDC_USD,_Z,N,T001,2009,6.831416,,F,6,A,0,CNY
OECD.SDD.NAD:DSD_NAMAIN10@DF_TABLE4(2.0),A,CHN,S1,S1,EXC_A,F21,_Z,_Z,XDC_USD,_Z,N,T001,2010,6.770269,,F,6,A,0,CNY
OECD.SDD.NAD:DSD_NAMAIN10@DF_TABLE4(2.0),A,CHN,S1,S1,EXC_A,F21,_Z,_Z,XDC_USD,_Z,N,T001,2011,6.461461,,F,6,A,0,CNY
OECD.SDD.NAD:DSD_NAMAIN10@DF_TABLE4(2.0),A,CHN,S1,S1,EXC_A,F21,_Z,_Z,XDC_USD,_Z,N,T001,2012,6.312333,,F,6,A,0,CNY
OECD.SDD.NAD:DSD_NAMAIN10@DF_TABLE4(2.0),A,CHN,S1,S1,EXC_A,F21,_Z,_Z,XDC_USD,_Z,N,T001,2013,6.195758,,F,6,A,0,CNY
OECD.SDD.NAD:DSD_NAMAIN10@DF_TABLE4(2.0),A,CHN,S1,S1,EXC_A,F21,_Z,_Z,XDC_USD,_Z,N,T001,2014,6.143434,,F,6,A,0,CNY
OECD.SDD.NAD:DSD_NAMAIN10@DF_TABLE4(2.0),A,CHN,S1,S1,EXC_A,F21,_Z,_Z,XDC_USD,_Z,N,T001,2015,6.227489,,F,6,A,0,CNY
OECD.SDD.NAD:DSD_NAMAIN10@DF_TABLE4(2.0),A,CHN,S1,S1,EXC_A,F21,_Z,_Z,XDC_USD,_Z,N,T001,2016,6.644478,,F,6,A,0,CNY
OECD.SDD.NAD:DSD_NAMAIN10@DF_TABLE4(2.0),A,CHN,S1,S1,EXC_A,F21,_Z,_Z,XDC_USD,_Z,N,T001,2017,6.758755,,F,6,A,0,CNY
OECD.SDD.NAD:DSD_NAMAIN10@DF_TABLE4(2.0),A,CHN,S1,S1,EXC_A,F21,_Z,_Z,XDC_USD,_Z,N,T001,2018,6.615957,,F,6,A,0,CNY
OECD.SDD.NAD:DSD_NAMAIN10@DF_TABLE4(2.0),A,CHN,S1,S1,EXC_A,F21,_Z,_Z,XDC_USD,_Z,N,T001,2019,6.908385,,F,6,A,0,CNY
OECD.SDD.NAD:DSD_NAMAIN10@DF_TABLE4(2.0),A,CHN,S1,S1,EXC_A,F21,_Z,_Z,XDC_USD,_Z,N,T001,2020,6.900767,,F,6,A,0,CNY
OECD.SDD.NAD:DSD_NAMAIN10@DF_TABLE4(2.0),A,CHN,S1,S1,EXC_A,F21,_Z,_Z,XDC_USD,_Z,N,T001,2021,6.448975,,F,6,A,0,CNY
OECD.SDD.NAD:DSD_NAMAIN10@DF_TABLE4(2.0),A,CHN,S1,S1,EXC_A,F21,_Z,_Z,XDC_USD,_Z,N,T001,2022,6.737158,,F,6,A,0,CNY
OECD.SDD.NAD:DSD_NAMAIN10@DF_TABLE4(2.0),A,CHN,S1,S1,EXC_A,F21,_Z,_Z,XDC_USD,_Z,N,T001,2023,7.083998,,F,6,A,0,CNY
OECD.SDD.NAD:DSD_NAMAIN10@DF_TABLE4(2.0),A,ROU,S1,S1,EXC_A,F21,_Z,_Z,XDC_USD,_Z,N,T001,1957,6e-04,,F,6,A,0,RON
OECD.SDD.NAD:DSD_NAMAIN10@DF_TABLE4(2.0),A,ROU,S1,S1,EXC_A,F21,_Z,_Z,XDC_USD,_Z,N,T001,1958,6e-04,,F,6,A,0,RON
OECD.SDD.NAD:DSD_NAMAIN10@DF_TABLE4(2.0),A,ROU,S1,S1,EXC_A,F21,_Z,_Z,XDC_USD,_Z,N,T001,1959,6e-04,,F,6,A,0,RON
OECD.SDD.NAD:DSD_NAMAIN10@DF_TABLE4(2.0),A,ROU,S1,S1,EXC_A,F21,_Z,_Z,XDC_USD,_Z,N,T001,1960,6e-04,,F,6,A,0,RON
OECD.SDD.NAD:DSD_NAMAIN10@DF_TABLE4(2.0),A,ROU,S1,S1,EXC_A,F21,_Z,_Z,XDC_USD,_Z,N,T001,1961,6e-04,,F,6,A,0,RON
OECD.SDD.NAD:DSD_NAMAIN10@DF_TABLE4(2.0),A,ROU,S1,S1,EXC_A,F21,_Z,_Z,XDC_USD,_Z,N,T001,1962,6e-04,,F,6,A,0,RON
OECD.SDD.NAD:DSD_NAMAIN10@DF_TABLE4(2.0),A,ROU,S1,S1,EXC_A,F21,_Z,_Z,XDC_USD,_Z,N,T001,1963,6e-04,,F,6,A,0,RON
OECD.SDD.NAD:DSD_NAMAIN10@DF_TABLE4(2.0),A,ROU,S1,S1,EXC_A,F21,_Z,_Z,XDC_USD,_Z,N,T001,1964,6e-04,,F,6,A,0,RON
OECD.SDD.NAD:DSD_NAMAIN10@DF_TABLE4(2.0),A,ROU,S1,S1,EXC_A,F21,_Z,_Z,XDC_USD,_Z,N,T001,1965,6e-04,,F,6,A,0,RON
OECD.SDD.NAD:DSD_NAMAIN10@DF_TABLE4(2.0),A,ROU,S1,S1,EXC_A,F21,_Z,_Z,XDC_USD,_Z,N,T001,1966,6e-04,,F,6,A,0,RON
OECD.SDD.NAD:DSD_NAMAIN10@DF_TABLE4(2.0),A,ROU,S1,S1,EXC_A,F21,_Z,_Z,XDC_USD,_Z,N,T001,1967,6e-04,,F,6,A,0,RON
OECD.SDD.NAD:DSD_NAMAIN10@DF_TABLE4(2.0),A,ROU,S1,S1,EXC_A,F21,_Z,_Z,XDC_USD,_Z,N,T001,1968,6e-04,,F,6,A,0,RON
OECD.SDD.NAD:DSD_NAMAIN10@DF_TABLE4(2.0),A,ROU,S1,S1,EXC_A,F21,_Z,_Z,XDC_USD,_Z,N,T001,1969,6e-04,,F,6,A,0,RON
OECD.SDD.NAD:DSD_NAMAIN10@DF_TABLE4(2.0),A,ROU,S1,S1,EXC_A,F21,_Z,_Z,XDC_USD,_Z,N,T001,1970,6e-04,,F,6,A,0,RON
OECD.SDD.NAD:DSD_NAMAIN10@DF_TABLE4(2.0),A,ROU,S1,S1,EXC_A,F21,_Z,_Z,XDC_USD,_Z,N,T001,1971,6e-04,,F,6,A,0,RON
OECD.SDD.NAD:DSD_NAMAIN10@DF_TABLE4(2.0),A,ROU,S1,S1,EXC_A,F21,_Z,_Z,XDC_USD,_Z,N,T001,1972,0.000553,,F,6,A,0,RON
OECD.SDD.NAD:DSD_NAMAIN10@DF_TABLE4(2.0),A,ROU,S1,S1,EXC_A,F21,_Z,_Z,XDC_USD,_Z,N,T001,1973,0.001879,,F,6,A,0,RON
OECD.SDD.NAD:DSD_NAMAIN10@DF_TABLE4(2.0),A,ROU,S1,S1,EXC_A,F21,_Z,_Z,XDC_USD,_Z,N,T001,1974,0.002,,F,6,A,0,RON
OECD.SDD.NAD:DSD_NAMAIN10@DF_TABLE4(2.0),A,ROU,S1,S1,EXC_A,F21,_Z,_Z,XDC_USD,_Z,N,T001,1975,0.002,,F,6,A,0,RON
OECD.SDD.NAD:DSD_NAMAIN10@DF_TABLE4(2.0),A,ROU,S1,S1,EXC_A,F21,_Z,_Z,XDC_USD,_Z,N,T001,1976,0.002,,F,6,A,0,RON
OECD.SDD.NAD:DSD_NAMAIN10@DF_TABLE4(2.0),A,ROU,S1,S1,EXC_A,F21,_Z,_Z,XDC_USD,_Z,N,T001,1977,0.002,,F,6,A,0,RON
OECD.SDD.NAD:DSD_NAMAIN10@DF_TABLE4(2.0),A,ROU,S1,S1,EXC_A,F21,_Z,_Z,XDC_USD,_Z,N,T001,1978,0.001836,,F,6,A,0,RON
OECD.SDD.NAD:DSD_NAMAIN10@DF_TABLE4(2.0),A,ROU,S1,S1,EXC_A,F21,_Z,_Z,XDC_USD,_Z,N,T001,1979,0.0018,,F,6,A,0,RON
OECD.SDD.NAD:DSD_NAMAIN10@DF_TABLE4(2.0),A,ROU,S1,S1,EXC_A,F21,_Z,_Z,XDC_USD,_Z,N,T001,1980,0.0018,,F,6,A,0,RON
OECD.SDD.NAD:DSD_NAMAIN10@DF_TABLE4(2.0),A,ROU,S1,S1,EXC_A,F21,_Z,_Z,XDC_USD,_Z,N,T001,1981,0.0015,,F,6,A,0,RON
OECD.SDD.NAD:DSD_NAMAIN10@DF_TABLE4(2.0),A,ROU,S1,S1,EXC_A,F21,_Z,_Z,XDC_USD,_Z,N,T001,1982,0.0015,,F,6,A,0,RON
OECD.SDD.NAD:DSD_NAMAIN10@DF_TABLE4(2.0),A,ROU,S1,S1,EXC_A,F21,_Z,_Z,XDC_USD,_Z,N,T001,1983,0.001718,,F,6,A,0,RON
OECD.SDD.NAD:DSD_NAMAIN10@DF_TABLE4(2.0),A,ROU,S1,S1,EXC_A,F21,_Z,_Z,XDC_USD,_Z,N,T001,1984,0.002128,,F,6,A,0,RON
OECD.SDD.NAD:DSD_NAMAIN10@DF_TABLE4(2.0),A,ROU,S1,S1,EXC_A,F21,_Z,_Z,XDC_USD,_Z,N,T001,1985,0.001714,,F,6,A,0,RON
OECD.SDD.NAD:DSD_NAMAIN10@DF_TABLE4(2.0),A,ROU,S1,S1,EXC_A,F21,_Z,_Z,XDC_USD,_Z,N,T001,1986,0.001615,,F,6,A,0,RON
OECD.SDD.NAD:DSD_NAMAIN10@DF_TABLE4(2.0),A,ROU,S1,S1,EXC_A,F21,_Z,_Z,XDC_USD,_Z,N,T001,1987,0.001456,,F,6,A,0,RON
OECD.SDD.NAD:DSD_NAMAIN10@DF_TABLE4(2.0),A,ROU,S1,S1,EXC_A,F21,_Z,_Z,XDC_USD,_Z,N,T001,1988,0.001428,,F,6,A,0,RON
OECD.SDD.NAD:DSD_NAMAIN10@DF_TABLE4(2.0),A,ROU,S1,S1,EXC_A,F21,_Z,_Z,XDC_USD,_Z,N,T001,1989,0.001492,,F,6,A,0,RON
OECD.SDD.NAD:DSD_NAMAIN10@DF_TABLE4(2.0),A,ROU,S1,S1,EXC_A,F21,_Z,_Z,XDC_USD,_Z,N,T001,1990,0.002243,,F,6,A,0,RON
OECD.SDD.NAD:DSD_NAMAIN10@DF_TABLE4(2.0),A,ROU,S1,S1,EXC_A,F21,_Z,_Z,XDC_USD,_Z,N,T001,1991,0.007639,,F,6,A,0,RON
OECD.SDD.NAD:DSD_NAMAIN10@DF_TABLE4(2.0),A,ROU,S1,S1,EXC_A,F21,_Z,_Z,XDC_USD,_Z,N,T001,1992,0.030795,,F,6,A,0,RON
OECD.SDD.NAD:DSD_NAMAIN10@DF_TABLE4(2.0),A,ROU,S1,S1,EXC_A,F21,_Z,_Z,XDC_USD,_Z,N,T001,1993,0.076005,,F,6,A,0,RON
OECD.SDD.NAD:DSD_NAMAIN10@DF_TABLE4(2.0),A,ROU,S1,S1,EXC_A,F21,_Z,_Z,XDC_USD,_Z,N,T001,1994,0.165509,,F,6,A,0,RON
OECD.SDD.NAD:DSD_NAMAIN10@DF_TABLE4(2.0),A,ROU,S1,S1,EXC_A,F21,_Z,_Z,XDC_USD,_Z,N,T001,1995,0.203328,,F,6,A,0,RON
OECD.SDD.NAD:DSD_NAMAIN10@DF_TABLE4(2.0),A,ROU,S1,S1,EXC_A,F21,_Z,_Z,XDC_USD,_Z,N,T001,1996,0.308422,,F,6,A,0,RON
OECD.SDD.NAD:DSD_NAMAIN10@DF_TABLE4(2.0),A,ROU,S1,S1,EXC_A,F21,_Z,_Z,XDC_USD,_Z,N,T001,1997,0.716794,,F,6,A,0,RON
OECD.SDD.NAD:DSD_NAMAIN10@DF_TABLE4(2.0),A,ROU,S1,S1,EXC_A,F21,_Z,_Z,XDC_USD,_Z,N,T001,1998,0.887558,,F,6,A,0,RON
OECD.SDD.NAD:DSD_NAMAIN10@DF_TABLE4(2.0),A,ROU,S1,S1,EXC_A,F21,_Z,_Z,XDC_USD,_Z,N,T001,1999,1.533284,,F,6,A,0,RON
OECD.SDD.NAD:DSD_NAMAIN10@DF_TABLE4(2.0),A,ROU,S1,S1,EXC_A,F21,_Z,_Z,XDC_USD,_Z,N,T001,2000,2.170872,,F,6,A,0,RON
OECD.SDD.NAD:DSD_NAMAIN10@DF_TABLE4(2.0),A,ROU,S1,S1,EXC_A,F21,_Z,_Z,XDC_USD,_Z,N,T001,2001,2.906079,,F,6,A,0,RON
OECD.SDD.NAD:DSD_NAMAIN10@DF_TABLE4(2.0),A,ROU,S1,S1,EXC_A,F21,_Z,_Z,XDC_USD,_Z,N,T001,2002,3.305543,,F,6,A,0,RON
OECD.SDD.NAD:DSD_NAMAIN10@DF_TABLE4(2.0),A,ROU,S1,S1,EXC_A,F21,_Z,_Z,XDC_USD,_Z,N,T001,2003,3.320007,,F,6,A,0,RON
OECD.SDD.NAD:DSD_NAMAIN10@DF_TABLE4(2.0),A,ROU,S1,S1,EXC_A,F21,_Z,_Z,XDC_USD,_Z,N,T001,2004,3.263657,,F,6,A,0,RON
OECD.SDD.NAD:DSD_NAMAIN10@DF_TABLE4(2.0),A,ROU,S1,S1,EXC_A,F21,_Z,_Z,XDC_USD,_Z,N,T001,2005,2.913653,,F,6,A,0,RON
OECD.SDD.NAD:DSD_NAMAIN10@DF_TABLE4(2.0),A,ROU,S1,S1,EXC_A,F21,_Z,_Z,XDC_USD,_Z,N,T001,2006,2.808983,,F,6,A,0,RON
OECD.SDD.NAD:DSD_NAMAIN10@DF_TABLE4(2.0),A,ROU,S1,S1,EXC_A,F21,_Z,_Z,XDC_USD,_Z,N,T001,2007,2.43825,,F,6,A,0,RON
OECD.SDD.NAD:DSD_NAMAIN10@DF_TABLE4(2.0),A,ROU,S1,S1,EXC_A,F21,_Z,_Z,XDC_USD,_Z,N,T001,2008,2.518858,,F,6,A,0,RON
OECD.SDD.NAD:DSD_NAMAIN10@DF_TABLE4(2.0),A,ROU,S1,S1,EXC_A,F21,_Z,_Z,XDC_USD,_Z,N,T001,2009,3.049325,,F,6,A,0,RON
OECD.SDD.NAD:DSD_NAMAIN10@DF_TABLE4(2.0),A,ROU,S1,S1,EXC_A,F21,_Z,_Z,XDC_USD,_Z,N,T001,2010,3.1779,,F,6,A,0,RON
OECD.SDD.NAD:DSD_NAMAIN10@DF_TABLE4(2.0),A,ROU,S1,S1,EXC_A,F21,_Z,_Z,XDC_USD,_Z,N,T001,2011,3.048608,,F,6,A,0,RON
OECD.SDD.NAD:DSD_NAMAIN10@DF_TABLE4(2.0),A,ROU,S1,S1,EXC_A,F21,_Z,_Z,XDC_USD,_Z,N,T001,2012,3.4682,,F,6,A,0,RON
OECD.SDD.NAD:DSD_NAMAIN10@DF_TABLE4(2.0),A,ROU,S1,S1,EXC_A,F21,_Z,_Z,XDC_USD,_Z,N,T001,2013,3.327917,,F,6,A,0,RON
OECD.SDD.NAD:DSD_NAMAIN10@DF_TABLE4(2.0),A,ROU,S1,S1,EXC_A,F21,_Z,_Z,XDC_USD,_Z,N,T001,2014,3.349175,,F,6,A,0,RON
OECD.SDD.NAD:DSD_NAMAIN10@DF_TABLE4(2.0),A,ROU,S1,S1,EXC_A,F21,_Z,_Z,XDC_USD,_Z,N,T001,2015,4.005667,,F,6,A,0,RON
OECD.SDD.NAD:DSD_NAMAIN10@DF_TABLE4(2.0),A,ROU,S1,S1,EXC_A,F21,_Z,_Z,XDC_USD,_Z,N,T001,2016,4.059183,,F,6,A,0,RON
OECD.SDD.NAD:DSD_NAMAIN10@DF_TABLE4(2.0),A,ROU,S1,S1,EXC_A,F21,_Z,_Z,XDC_USD,_Z,N,T001,2017,4.052492,,F,6,A,0,RON
OECD.SDD.NAD:DSD_NAMAIN10@DF_TABLE4(2.0),A,ROU,S1,S1,EXC_A,F21,_Z,_Z,XDC_USD,_Z,N,T001,2018,3.941617,,F,6,A,0,RON
OECD.SDD.NAD:DSD_NAMAIN10@DF_TABLE4(2.0),A,ROU,S1,S1,EXC_A,F21,_Z,_Z,XDC_USD,_Z,N,T001,2019,4.237925,,F,6,A,0,RON
OECD.SDD.NAD:DSD_NAMAIN10@DF_TABLE4(2.0),A,ROU,S1,S1,EXC_A,F21,_Z,_Z,XDC_USD,_Z,N,T001,2020,4.243992,,F,6,A,0,RON
OECD.SDD.NAD:DSD_NAMAIN10@DF_TABLE4(2.0),A,ROU,S1,S1,EXC_A,F21,_Z,_Z,XDC_USD,_Z,N,T001,2021,4.160417,,F,6,A,0,RON
OECD.SDD.NAD:DSD_NAMAIN10@DF_TABLE4(2.0),A,ROU,S1,S1,EXC_A,F21,_Z,_Z,XDC_USD,_Z,N,T001,2022,4.688475,,F,6,A,0,RON
OECD.SDD.NAD:DSD_NAMAIN10@DF_TABLE4(2.0),A,ROU,S1,S1,EXC_A,F21,_Z,_Z,XDC_USD,_Z,N,T001,2023,4.574292,,F,6,A,0,RON
OECD.SDD.NAD:DSD_NAMAIN10@DF_TABLE4(2.0),A,DEU_F,S1,S1,EXC_A,F21,_Z,_Z,XDC_USD,_Z,N,T001,1960,2.147426,,F,6,A,0,_Z
OECD.SDD.NAD:DSD_NAMAIN10@DF_TABLE4(2.0),A,DEU_F,S1,S1,EXC_A,F21,_Z,_Z,XDC_USD,_Z,N,T001,1961,2.062209,,F,6,A,0,_Z
OECD.SDD.NAD:DSD_NAMAIN10@DF_TABLE4(2.0),A,ARG,S1,S1,EXC_A,F21,_Z,_Z,XDC_USD,_Z,N,T001,1962,0,,F,6,A,0,ARS
OECD.SDD.NAD:DSD_NAMAIN10@DF_TABLE4(2.0),A,DEU_F,S1,S1,EXC_A,F21,_Z,_Z,XDC_USD,_Z,N,T001,1962,2.045168,,F,6,A,0,_Z
OECD.SDD.NAD:DSD_NAMAIN10@DF_TABLE4(2.0),A,ARG,S1,S1,EXC_A,F21,_Z,_Z,XDC_USD,_Z,N,T001,1963,0,,F,6,A,0,ARS
OECD.SDD.NAD:DSD_NAMAIN10@DF_TABLE4(2.0),A,DEU_F,S1,S1,EXC_A,F21,_Z,_Z,XDC_USD,_Z,N,T001,1963,2.045168,,F,6,A,0,_Z
OECD.SDD.NAD:DSD_NAMAIN10@DF_TABLE4(2.0),A,ARG,S1,S1,EXC_A,F21,_Z,_Z,XDC_USD,_Z,N,T001,1964,0,,F,6,A,0,ARS
OECD.SDD.NAD:DSD_NAMAIN10@DF_TABLE4(2.0),A,DEU_F,S1,S1,EXC_A,F21,_Z,_Z,XDC_USD,_Z,N,T001,1964,2.045168,,F,6,A,0,_Z
OECD.SDD.NAD:DSD_NAMAIN10@DF_TABLE4(2.0),A,ARG,S1,S1,EXC_A,F21,_Z,_Z,XDC_USD,_Z,N,T001,1965,0,,F,6,A,0,ARS
OECD.SDD.NAD:DSD_NAMAIN10@DF_TABLE4(2.0),A,DEU_F,S1,S1,EXC_A,F21,_Z,_Z,XDC_USD,_Z,N,T001,1965,2.045168,,F,6,A,0,_Z
OECD.SDD.NAD:DSD_NAMAIN10@DF_TABLE4(2.0),A,ARG,S1,S1,EXC_A,F21,_Z,_Z,XDC_USD,_Z,N,T001,1966,0,,F,6,A,0,ARS
OECD.SDD.NAD:DSD_NAMAIN10@DF_TABLE4(2.0),A,DEU_F,S1,S1,EXC_A,F21,_Z,_Z,XDC_USD,_Z,N,T001,1966,2.045168,,F,6,A,0,_Z
OECD.SDD.NAD:DSD_NAMAIN10@DF_TABLE4(2.0),A,ARG,S1,S1,EXC_A,F21,_Z,_Z,XDC_USD,_Z,N,T001,1967,0,,F,6,A,0,ARS
OECD.SDD.NAD:DSD_NAMAIN10@DF_TABLE4(2.0),A,IDN,S1,S1,EXC_A,F21,_Z,_Z,XDC_USD,_Z,N,T001,1967,149.583333,,F,6,A,0,IDR
OECD.SDD.NAD:DSD_NAMAIN10@DF_TABLE4(2.0),A,DEU_F,S1,S1,EXC_A,F21,_Z,_Z,XDC_USD,_Z,N,T001,1967,2.045168,,F,6,A,0,_Z
OECD.SDD.NAD:DSD_NAMAIN10@DF_TABLE4(2.0),A,HUN,S1,S1,EXC_A,F21,_Z,_Z,XDC_USD,_Z,N,T001,1968,60,,F,6,A,0,HUF
OECD.SDD.NAD:DSD_NAMAIN10@DF_TABLE4(2.0),A,ARG,S1,S1,EXC_A,F21,_Z,_Z,XDC_USD,_Z,N,T001,1968,0,,F,6,A,0,ARS
OECD.SDD.NAD:DSD_NAMAIN10@DF_TABLE4(2.0),A,IDN,S1,S1,EXC_A,F21,_Z,_Z,XDC_USD,_Z,N,T001,1968,296.291667,,F,6,A,0,IDR
OECD.SDD.NAD:DSD_NAMAIN10@DF_TABLE4(2.0),A,DEU_F,S1,S1,EXC_A,F21,_Z,_Z,XDC_USD,_Z,N,T001,1968,2.045168,,F,6,A,0,_Z
OECD.SDD.NAD:DSD_NAMAIN10@DF_TABLE4(2.0),A,HUN,S1,S1,EXC_A,F21,_Z,_Z,XDC_USD,_Z,N,T001,1969,60,,F,6,A,0,HUF
OECD.SDD.NAD:DSD_NAMAIN10@DF_TABLE4(2.0),A,ARG,S1,S1,EXC_A,F21,_Z,_Z,XDC_USD,_Z,N,T001,1969,0,,F,6,A,0,ARS
OECD.SDD.NAD:DSD_NAMAIN10@DF_TABLE4(2.0),A,IDN,S1,S1,EXC_A,F21,_Z,_Z,XDC_USD,_Z,N,T001,1969,326,,F,6,A,0,IDR
OECD.SDD.NAD:DSD_NAMAIN10@DF_TABLE4(2.0),A,DEU_F,S1,S1,EXC_A,F21,_Z,_Z,XDC_USD,_Z,N,T001,1969,2.016193,,F,6,A,0,_Z
OECD.SDD.NAD:DSD_NAMAIN10@DF_TABLE4(2.0),A,HUN,S1,S1,EXC_A,F21,_Z,_Z,XDC_USD,_Z,N,T001,1970,60,,F,6,A,0,HUF
OECD.SDD.NAD:DSD_NAMAIN10@DF_TABLE4(2.0),A,ARG,S1,S1,EXC_A,F21,_Z,_Z,XDC_USD,_Z,N,T001,1970,0,,F,6,A,0,ARS
OECD.SDD.NAD:DSD_NAMAIN10@DF_TABLE4(2.0),A,IDN,S1,S1,EXC_A,F21,_Z,_Z,XDC_USD,_Z,N,T001,1970,362.833333,,F,6,A,0,IDR
OECD.SDD.NAD:DSD_NAMAIN10@DF_TABLE4(2.0),A,DEU_F,S1,S1,EXC_A,F21,_Z,_Z,XDC_USD,_Z,N,T001,1970,1.871328,,F,6,A,0,_Z
OECD.SDD.NAD:DSD_NAMAIN10@DF_TABLE4(2.0),A,HUN,S1,S1,EXC_A,F21,_Z,_Z,XDC_USD,_Z,N,T001,1971,59.821617,,F,6,A,0,HUF
OECD.SDD.NAD:DSD_NAMAIN10@DF_TABLE4(2.0),A,ARG,S1,S1,EXC_A,F21,_Z,_Z,XDC_USD,_Z,N,T001,1971,0,,F,6,A,0,ARS
OECD.SDD.NAD:DSD_NAMAIN10@DF_TABLE4(2.0),A,IDN,S1,S1,EXC_A,F21,_Z,_Z,XDC_USD,_Z,N,T001,1971,391.875,,F,6,A,0,IDR
OECD.SDD.NAD:DSD_NAMAIN10@DF_TABLE4(2.0),A,DEU_F,S1,S1,EXC_A,F21,_Z,_Z,XDC_USD,_Z,N,T001,1971,1.784813,,F,6,A,0,_Z
OECD.SDD.NAD:DSD_NAMAIN10@DF_TABLE4(2.0),A,HUN,S1,S1,EXC_A,F21,_Z,_Z,XDC_USD,_Z,N,T001,1972,55.26,,F,6,A,0,HUF
OECD.SDD.NAD:DSD_NAMAIN10@DF_TABLE4(2.0),A,ARG,S1,S1,EXC_A,F21,_Z,_Z,XDC_USD,_Z,N,T001,1972,0,,F,6,A,0,ARS
OECD.SDD.NAD:DSD_NAMAIN10@DF_TABLE4(2.0),A,IDN,S1,S1,EXC_A,F21,_Z,_Z,XDC_USD,_Z,N,T001,1972,415,,F,6,A,0,IDR
OECD.SDD.NAD:DSD_NAMAIN10@DF_TABLE4(2.0),A,DEU_F,S1,S1,EXC_A,F21,_Z,_Z,XDC_USD,_Z,N,T001,1972,1.630326,,F,6,A,0,_Z
OECD.SDD.NAD:DSD_NAMAIN10@DF_TABLE4(2.0),A,HUN,S1,S1,EXC_A,F21,_Z,_Z,XDC_USD,_Z,N,T001,1973,48.966225,,F,6,A,0,HUF
OECD.SDD.NAD:DSD_NAMAIN10@DF_TABLE4(2.0),A,ARG,S1,S1,EXC_A,F21,_Z,_Z,XDC_USD,_Z,N,T001,1973,0,,F,6,A,0,ARS
OECD.SDD.NAD:DSD_NAMAIN10@DF_TABLE4(2.0),A,IDN,S1,S1,EXC_A,F21,_Z,_Z,XDC_USD,_Z,N,T001,1973,415,,F,6,A,0,IDR
OECD.SDD.NAD:DSD_NAMAIN10@DF_TABLE4(2.0),A,DEU_F,S1,S1,EXC_A,F21,_Z,_Z,XDC_USD,_Z,N,T001,1973,1.366479,,F,6,A,0,_Z
OECD.SDD.NAD:DSD_NAMAIN10@DF_TABLE4(2.0),A,HUN,S1,S1,EXC_A,F21,_Z,_Z,XDC_USD,_Z,N,T001,1974,46.7524,,F,6,A,0,HUF
OECD.SDD.NAD:DSD_NAMAIN10@DF_TABLE4(2.0),A,ARG,S1,S1,EXC_A,F21,_Z,_Z,XDC_USD,_Z,N,T001,1974,0,,F,6,A,0,ARS
OECD.SDD.NAD:DSD_NAMAIN10@DF_TABLE4(2.0),A,IDN,S1,S1,EXC_A,F21,_Z,_Z,XDC_USD,_Z,N,T001,1974,415,,F,6,A,0,IDR
OECD.SDD.NAD:DSD_NAMAIN10@DF_TABLE4(2.0),A,DEU_F,S1,S1,EXC_A,F21,_Z,_Z,XDC_USD,_Z,N,T001,1974,1.323096,,F,6,A,0,_Z
OECD.SDD.NAD:DSD_NAMAIN10@DF_TABLE4(2.0),A,HUN,S1,S1,EXC_A,F21,_Z,_Z,XDC_USD,_Z,N,T001,1975,43.971383,,F,6,A,0,HUF
OECD.SDD.NAD:DSD_NAMAIN10@DF_TABLE4(2.0),A,ARG,S1,S1,EXC_A,F21,_Z,_Z,XDC_USD,_Z,N,T001,1975,0,,F,6,A,0,ARS
OECD.SDD.NAD:DSD_NAMAIN10@DF_TABLE4(2.0),A,IDN,S1,S1,EXC_A,F21,_Z,_Z,XDC_USD,_Z,N,T001,1975,415,,F,6,A,0,IDR
OECD.SDD.NAD:DSD_NAMAIN10@DF_TABLE4(2.0),A,DEU_F,S1,S1,EXC_A,F21,_Z,_Z,XDC_USD,_Z,N,T001,1975,1.257926,,F,6,A,0,_Z
OECD.SDD.NAD:DSD_NAMAIN10@DF_TABLE4(2.0),A,HUN,S1,S1,EXC_A,F21,_Z,_Z,XDC_USD,_Z,N,T001,1976,41.575267,,F,6,A,0,HUF
OECD.SDD.NAD:DSD_NAMAIN10@DF_TABLE4(2.0),A,ARG,S1,S1,EXC_A,F21,_Z,_Z,XDC_USD,_Z,N,T001,1976,0,,F,6,A,0,ARS
OECD.SDD.NAD:DSD_NAMAIN10@DF_TABLE4(2.0),A,IDN,S1,S1,EXC_A,F21,_Z,_Z,XDC_USD,_Z,N,T001,1976,415,,F,6,A,0,IDR
OECD.SDD.NAD:DSD_NAMAIN10@DF_TABLE4(2.0),A,DEU_F,S1,S1,EXC_A,F21,_Z,_Z,XDC_USD,_Z,N,T001,1976,1.287433,,F,6,A,0,_Z
OECD.SDD.NAD:DSD_NAMAIN10@DF_TABLE4(2.0),A,HUN,S1,S1,EXC_A,F21,_Z,_Z,XDC_USD,_Z,N,T001,1977,40.96075,,F,6,A,0,HUF
OECD.SDD.NAD:DSD_NAMAIN10@DF_TABLE4(2.0),A,ARG,S1,S1,EXC_A,F21,_Z,_Z,XDC_USD,_Z,N,T001,1977,0,,F,6,A,0,ARS
OECD.SDD.NAD:DSD_NAMAIN10@DF_TABLE4(2.0),A,IDN,S1,S1,EXC_A,F21,_Z,_Z,XDC_USD,_Z,N,T001,1977,415,,F,6,A,0,IDR
OECD.SDD.NAD:DSD_NAMAIN10@DF_TABLE4(2.0),A,DEU_F,S1,S1,EXC_A,F21,_Z,_Z,XDC_USD,_Z,N,T001,1977,1.187312,,F,6,A,0,_Z
OECD.SDD.NAD:DSD_NAMAIN10@DF_TABLE4(2.0),A,HUN,S1,S1,EXC_A,F21,_Z,_Z,XDC_USD,_Z,N,T001,1978,37.91135,,F,6,A,0,HUF
OECD.SDD.NAD:DSD_NAMAIN10@DF_TABLE4(2.0),A,ARG,S1,S1,EXC_A,F21,_Z,_Z,XDC_USD,_Z,N,T001,1978,0,,F,6,A,0,ARS
OECD.SDD.NAD:DSD_NAMAIN10@DF_TABLE4(2.0),A,IDN,S1,S1,EXC_A,F21,_Z,_Z,XDC_USD,_Z,N,T001,1978,442.045417,,F,6,A,0,IDR
OECD.SDD.NAD:DSD_NAMAIN10@DF_TABLE4(2.0),A,DEU_F,S1,S1,EXC_A,F21,_Z,_Z,XDC_USD,_Z,N,T001,1978,1.026996,,F,6,A,0,_Z
OECD.SDD.NAD:DSD_NAMAIN10@DF_TABLE4(2.0),A,HUN,S1,S1,EXC_A,F21,_Z,_Z,XDC_USD,_Z,N,T001,1979,35.578,,F,6,A,0,HUF
OECD.SDD.NAD:DSD_NAMAIN10@DF_TABLE4(2.0),A,ARG,S1,S1,EXC_A,F21,_Z,_Z,XDC_USD,_Z,N,T001,1979,0,,F,6,A,0,ARS
OECD.SDD.NAD:DSD_NAMAIN10@DF_TABLE4(2.0),A,IDN,S1,S1,EXC_A,F21,_Z,_Z,XDC_USD,_Z,N,T001,1979,623.0555,,F,6,A,0,IDR
OECD.SDD.NAD:DSD_NAMAIN10@DF_TABLE4(2.0),A,DEU_F,S1,S1,EXC_A,F21,_Z,_Z,XDC_USD,_Z,N,T001,1979,0.937137,,F,6,A,0,_Z
OECD.SDD.NAD:DSD_NAMAIN10@DF_TABLE4(2.0),A,HUN,S1,S1,EXC_A,F21,_Z,_Z,XDC_USD,_Z,N,T001,1980,32.532283,,F,6,A,0,HUF
OECD.SDD.NAD:DSD_NAMAIN10@DF_TABLE4(2.0),A,ARG,S1,S1,EXC_A,F21,_Z,_Z,XDC_USD,_Z,N,T001,1980,0,,F,6,A,0,ARS
OECD.SDD.NAD:DSD_NAMAIN10@DF_TABLE4(2.0),A,IDN,S1,S1,EXC_A,F21,_Z,_Z,XDC_USD,_Z,N,T001,1980,626.994,,F,6,A,0,IDR
OECD.SDD.NAD:DSD_NAMAIN10@DF_TABLE4(2.0),A,DEU_F,S1,S1,EXC_A,F21,_Z,_Z,XDC_USD,_Z,N,T001,1980,0.92936,,F,6,A,0,_Z
OECD.SDD.NAD:DSD_NAMAIN10@DF_TABLE4(2.0),A,HUN,S1,S1,EXC_A,F21,_Z,_Z,XDC_USD,_Z,N,T001,1981,34.314292,,F,6,A,0,HUF
OECD.SDD.NAD:DSD_NAMAIN10@DF_TABLE4(2.0),A,ARG,S1,S1,EXC_A,F21,_Z,_Z,XDC_USD,_Z,N,T001,1981,0,,F,6,A,0,ARS
OECD.SDD.NAD:DSD_NAMAIN10@DF_TABLE4(2.0),A,IDN,S1,S1,EXC_A,F21,_Z,_Z,XDC_USD,_Z,N,T001,1981,631.756667,,F,6,A,0,IDR
OECD.SDD.NAD:DSD_NAMAIN10@DF_TABLE4(2.0),A,DEU_F,S1,S1,EXC_A,F21,_Z,_Z,XDC_USD,_Z,N,T001,1981,1.15552,,F,6,A,0,_Z
OECD.SDD.NAD:DSD_NAMAIN10@DF_TABLE4(2.0),A,HUN,S1,S1,EXC_A,F21,_Z,_Z,XDC_USD,_Z,N,T001,1982,36.63055,,F,6,A,0,HUF
OECD.SDD.NAD:DSD_NAMAIN10@DF_TABLE4(2.0),A,ARG,S1,S1,EXC_A,F21,_Z,_Z,XDC_USD,_Z,N,T001,1982,0,,F,6,A,0,ARS
OECD.SDD.NAD:DSD_NAMAIN10@DF_TABLE4(2.0),A,IDN,S1,S1,EXC_A,F21,_Z,_Z,XDC_USD,_Z,N,T001,1982,661.42075,,F,6,A,0,IDR
OECD.SDD.NAD:DSD_NAMAIN10@DF_TABLE4(2.0),A,DEU_F,S1,S1,EXC_A,F21,_Z,_Z,XDC_USD,_Z,N,T001,1982,1.240696,,F,6,A,0,_Z
OECD.SDD.NAD:DSD_NAMAIN10@DF_TABLE4(2.0),A,HUN,S1,S1,EXC_A,F21,_Z,_Z,XDC_USD,_Z,N,T001,1983,42.67115,,F,6,A,0,HUF
OECD.SDD.NAD:DSD_NAMAIN10@DF_TABLE4(2.0),A,ARG,S1,S1,EXC_A,F21,_Z,_Z,XDC_USD,_Z,N,T001,1983,1e-06,,F,6,A,0,ARS
OECD.SDD.NAD:DSD_NAMAIN10@DF_TABLE4(2.0),A,IDN,S1,S1,EXC_A,F21,_Z,_Z,XDC_USD,_Z,N,T001,1983,909.264833,,F,6,A,0,IDR
OECD.SDD.NAD:DSD_NAMAIN10@DF_TABLE4(2.0),A,DEU_F,S1,S1,EXC_A,F21,_Z,_Z,XDC_USD,_Z,N,T001,1983,1.305461,,F,6,A,0,_Z
OECD.SDD.NAD:DSD_NAMAIN10@DF_TABLE4(2.0),A,HUN,S1,S1,EXC_A,F21,_Z,_Z,XDC_USD,_Z,N,T001,1984,48.042208,,F,6,A,0,HUF
OECD.SDD.NAD:DSD_NAMAIN10@DF_TABLE4(2.0),A,ARG,S1,S1,EXC_A,F21,_Z,_Z,XDC_USD,_Z,N,T001,1984,7e-06,,F,6,A,0,ARS
OECD.SDD.NAD:DSD_NAMAIN10@DF_TABLE4(2.0),A,IDN,S1,S1,EXC_A,F21,_Z,_Z,XDC_USD,_Z,N,T001,1984,1025.944833,,F,6,A,0,IDR
OECD.SDD.NAD:DSD_NAMAIN10@DF_TABLE4(2.0),A,DEU_F,S1,S1,EXC_A,F21,_Z,_Z,XDC_USD,_Z,N,T001,1984,1.455106,,F,6,A,0,_Z
OECD.SDD.NAD:DSD_NAMAIN10@DF_TABLE4(2.0),A,HUN,S1,S1,EXC_A,F21,_Z,_Z,XDC_USD,_Z,N,T001,1985,50.1194,,F,6,A,0,HUF
OECD.SDD.NAD:DSD_NAMAIN10@DF_TABLE4(2.0),A,ARG,S1,S1,EXC_A,F21,_Z,_Z,XDC_USD,_Z,N,T001,1985,6e-05,,F,6,A,0,ARS
OECD.SDD.NAD:DSD_NAMAIN10@DF_TABLE4(2.0),A,IDN,S1,S1,EXC_A,F21,_Z,_Z,XDC_USD,_Z,N,T001,1985,1110.58,,F,6,A,0,IDR
OECD.SDD.NAD:DSD_NAMAIN10@DF_TABLE4(2.0),A,DEU_F,S1,S1,EXC_A,F21,_Z,_Z,XDC_USD,_Z,N,T001,1985,1.505228,,F,6,A,0,_Z
OECD.SDD.NAD:DSD_NAMAIN10@DF_TABLE4(2.0),A,HUN,S1,S1,EXC_A,F21,_Z,_Z,XDC_USD,_Z,N,T001,1986,45.83215,,F,6,A,0,HUF
OECD.SDD.NAD:DSD_NAMAIN10@DF_TABLE4(2.0),A,ARG,S1,S1,EXC_A,F21,_Z,_Z,XDC_USD,_Z,N,T001,1986,9.4e-05,,F,6,A,0,ARS
OECD.SDD.NAD:DSD_NAMAIN10@DF_TABLE4(2.0),A,IDN,S1,S1,EXC_A,F21,_Z,_Z,XDC_USD,_Z,N,T001,1986,1282.56,,F,6,A,0,IDR
OECD.SDD.NAD:DSD_NAMAIN10@DF_TABLE4(2.0),A,DEU_F,S1,S1,EXC_A,F21,_Z,_Z,XDC_USD,_Z,N,T001,1986,1.11026,,F,6,A,0,_Z
OECD.SDD.NAD:DSD_NAMAIN10@DF_TABLE4(2.0),A,HUN,S1,S1,EXC_A,F21,_Z,_Z,XDC_USD,_Z,N,T001,1987,46.970542,,F,6,A,0,HUF
OECD.SDD.NAD:DSD_NAMAIN10@DF_TABLE4(2.0),A,ARG,S1,S1,EXC_A,F21,_Z,_Z,XDC_USD,_Z,N,T001,1987,0.000214,,F,6,A,0,ARS
OECD.SDD.NAD:DSD_NAMAIN10@DF_TABLE4(2.0),A,IDN,S1,S1,EXC_A,F21,_Z,_Z,XDC_USD,_Z,N,T001,1987,1643.848333,,F,6,A,0,IDR
OECD.SDD.NAD:DSD_NAMAIN10@DF_TABLE4(2.0),A,DEU_F,S1,S1,EXC_A,F21,_Z,_Z,XDC_USD,_Z,N,T001,1987,0.918991,,F,6,A,0,_Z
OECD.SDD.NAD:DSD_NAMAIN10@DF_TABLE4(2.0),A,HUN,S1,S1,EXC_A,F21,_Z,_Z,XDC_USD,_Z,N,T001,1988,50.413208,,F,6,A,0,HUF
OECD.SDD.NAD:DSD_NAMAIN10@DF_TABLE4(2.0),A,ARG,S1,S1,EXC_A,F21,_Z,_Z,XDC_USD,_Z,N,T001,1988,0.000875,,F,6,A,0,ARS
OECD.SDD.NAD:DSD_NAMAIN10@DF_TABLE4(2.0),A,IDN,S1,S1,EXC_A,F21,_Z,_Z,XDC_USD,_Z,N,T001,1988,1685.704167,,F,6,A,0,IDR
OECD.SDD.NAD:DSD_NAMAIN10@DF_TABLE4(2.0),A,DEU_F,S1,S1,EXC_A,F21,_Z,_Z,XDC_USD,_Z,N,T001,1988,0.897946,,F,6,A,0,_Z
OECD.SDD.NAD:DSD_NAMAIN10@DF_TABLE4(2.0),A,HUN,S1,S1,EXC_A,F21,_Z,_Z,XDC_USD,_Z,N,T001,1989,59.066342,,F,6,A,0,HUF
OECD.SDD.NAD:DSD_NAMAIN10@DF_TABLE4(2.0),A,ARG,S1,S1,EXC_A,F21,_Z,_Z,XDC_USD,_Z,N,T001,1989,0.042334,,F,6,A,0,ARS
OECD.SDD.NAD:DSD_NAMAIN10@DF_TABLE4(2.0),A,IDN,S1,S1,EXC_A,F21,_Z,_Z,XDC_USD,_Z,N,T001,1989,1770.059167,,F,6,A,0,IDR
OECD.SDD.NAD:DSD_NAMAIN10@DF_TABLE4(2.0),A,DEU_F,S1,S1,EXC_A,F21,_Z,_Z,XDC_USD,_Z,N,T001,1989,0.961249,,F,6,A,0,_Z
OECD.SDD.NAD:DSD_NAMAIN10@DF_TABLE4(2.0),A,CZE,S1,S1,EXC_A,F21,_Z,_Z,XDC_USD,_Z,N,T001,1990,21.145,,F,6,A,0,CZK
OECD.SDD.NAD:DSD_NAMAIN10@DF_TABLE4(2.0),A,HUN,S1,S1,EXC_A,F21,_Z,_Z,XDC_USD,_Z,N,T001,1990,63.205867,,F,6,A,0,HUF
OECD.SDD.NAD:DSD_NAMAIN10@DF_TABLE4(2.0),A,ARG,S1,S1,EXC_A,F21,_Z,_Z,XDC_USD,_Z,N,T001,1990,0.487589,,F,6,A,0,ARS
OECD.SDD.NAD:DSD_NAMAIN10@DF_TABLE4(2.0),A,IDN,S1,S1,EXC_A,F21,_Z,_Z,XDC_USD,_Z,N,T001,1990,1842.813333,,F,6,A,0,IDR
OECD.SDD.NAD:DSD_NAMAIN10@DF_TABLE4(2.0),A,DEU_F,S1,S1,EXC_A,F21,_Z,_Z,XDC_USD,_Z,N,T001,1990,0.82611,,F,6,A,0,_Z
OECD.SDD.NAD:DSD_NAMAIN10@DF_TABLE4(2.0),A,CZE,S1,S1,EXC_A,F21,_Z,_Z,XDC_USD,_Z,N,T001,1991,27.92,,F,6,A,0,CZK
OECD.SDD.NAD:DSD_NAMAIN10@DF_TABLE4(2.0),A,HUN,S1,S1,EXC_A,F21,_Z,_Z,XDC_USD,_Z,N,T001,1991,74.735383,,F,6,A,0,HUF
OECD.SDD.NAD:DSD_NAMAIN10@DF_TABLE4(2.0),A,ARG,S1,S1,EXC_A,F21,_Z,_Z,XDC_USD,_Z,N,T001,1991,0.953554,,F,6,A,0,ARS
OECD.SDD.NAD:DSD_NAMAIN10@DF_TABLE4(2.0),A,IDN,S1,S1,EXC_A,F21,_Z,_Z,XDC_USD,_Z,N,T001,1991,1950.3175,,F,6,A,0,IDR
OECD.SDD.NAD:DSD_NAMAIN10@DF_TABLE4(2.0),A,DEU_F,S1,S1,EXC_A,F21,_Z,_Z,XDC_USD,_Z,N,T001,1991,0.848509,,F,6,A,0,_Z
OECD.SDD.NAD:DSD_NAMAIN10@DF_TABLE4(2.0),A,CZE,S1,S1,EXC_A,F21,_Z,_Z,XDC_USD,_Z,N,T001,1992,28.37,,F,6,A,0,CZK
OECD.SDD.NAD:DSD_NAMAIN10@DF_TABLE4(2.0),A,HUN,S1,S1,EXC_A,F21,_Z,_Z,XDC_USD,_Z,N,T001,1992,78.988392,,F,6,A,0,HUF
OECD.SDD.NAD:DSD_NAMAIN10@DF_TABLE4(2.0),A,ALB,S1,S1,EXC_A,F21,_Z,_Z,XDC_USD,_Z,N,T001,1992,75.0325,,F,6,A,0,ALL
OECD.SDD.NAD:DSD_NAMAIN10@DF_TABLE4(2.0),A,ARG,S1,S1,EXC_A,F21,_Z,_Z,XDC_USD,_Z,N,T001,1992,0.990642,,F,6,A,0,ARS
OECD.SDD.NAD:DSD_NAMAIN10@DF_TABLE4(2.0),A,IDN,S1,S1,EXC_A,F21,_Z,_Z,XDC_USD,_Z,N,T001,1992,2029.920833,,F,6,A,0,IDR
OECD.SDD.NAD:DSD_NAMAIN10@DF_TABLE4(2.0),A,DEU_F,S1,S1,EXC_A,F21,_Z,_Z,XDC_USD,_Z,N,T001,1992,0.798459,,F,6,A,0,_Z
OECD.SDD.NAD:DSD_NAMAIN10@DF_TABLE4(2.0),A,CZE,S1,S1,EXC_A,F21,_Z,_Z,XDC_USD,_Z,N,T001,1993,29.152833,,F,6,A,0,CZK
OECD.SDD.NAD:DSD_NAMAIN10@DF_TABLE4(2.0),A,HUN,S1,S1,EXC_A,F21,_Z,_Z,XDC_USD,_Z,N,T001,1993,91.933183,,F,6,A,0,HUF
OECD.SDD.NAD:DSD_NAMAIN10@DF_TABLE4(2.0),A,ALB,S1,S1,EXC_A,F21,_Z,_Z,XDC_USD,_Z,N,T001,1993,102.0625,,F,6,A,0,ALL
OECD.SDD.NAD:DSD_NAMAIN10@DF_TABLE4(2.0),A,ARG,S1,S1,EXC_A,F21,_Z,_Z,XDC_USD,_Z,N,T001,1993,0.998946,,F,6,A,0,ARS
OECD.SDD.NAD:DSD_NAMAIN10@DF_TABLE4(2.0),A,BRA,S1,S1,EXC_A,F21,_Z,_Z,XDC_USD,_Z,N,T001,1993,0.038277,,F,6,A,0,BRL
OECD.SDD.NAD:DSD_NAMAIN10@DF_TABLE4(2.0),A,IDN,S1,S1,EXC_A,F21,_Z,_Z,XDC_USD,_Z,N,T001,1993,2087.103867,,F,6,A,0,IDR
OECD.SDD.NAD:DSD_NAMAIN10@DF_TABLE4(2.0),A,RUS,S1,S1,EXC_A,F21,_Z,_Z,XDC_USD,_Z,N,T001,1993,0.991667,,F,6,A,0,RUB
OECD.SDD.NAD:DSD_NAMAIN10@DF_TABLE4(2.0),A,DEU_F,S1,S1,EXC_A,F21,_Z,_Z,XDC_USD,_Z,N,T001,1993,0.845329,,F,6,A,0,_Z
OECD.SDD.NAD:DSD_NAMAIN10@DF_TABLE4(2.0),A,CZE,S1,S1,EXC_A,F21,_Z,_Z,XDC_USD,_Z,N,T001,1994,28.785083,,F,6,A,0,CZK
OECD.SDD.NAD:DSD_NAMAIN10@DF_TABLE4(2.0),A,HUN,S1,S1,EXC_A,F21,_Z,_Z,XDC_USD,_Z,N,T001,1994,105.160458,,F,6,A,0,HUF
OECD.SDD.NAD:DSD_NAMAIN10@DF_TABLE4(2.0),A,ALB,S1,S1,EXC_A,F21,_Z,_Z,XDC_USD,_Z,N,T001,1994,94.623333,,F,6,A,0,ALL
OECD.SDD.NAD:DSD_NAMAIN10@DF_TABLE4(2.0),A,ARG,S1,S1,EXC_A,F21,_Z,_Z,XDC_USD,_Z,N,T001,1994,0.999008,,F,6,A,0,ARS
OECD.SDD.NAD:DSD_NAMAIN10@DF_TABLE4(2.0),A,BRA,S1,S1,EXC_A,F21,_Z,_Z,XDC_USD,_Z,N,T001,1994,0.664684,,F,6,A,0,BRL
OECD.SDD.NAD:DSD_NAMAIN10@DF_TABLE4(2.0),A,IDN,S1,S1,EXC_A,F21,_Z,_Z,XDC_USD,_Z,N,T001,1994,2160.753675,,F,6,A,0,IDR
OECD.SDD.NAD:DSD_NAMAIN10@DF_TABLE4(2.0),A,MKD,S1,S1,EXC_A,F21,_Z,_Z,XDC_USD,_Z,N,T001,1994,43.263183,,F,6,A,0,MKD
OECD.SDD.NAD:DSD_NAMAIN10@DF_TABLE4(2.0),A,RUS,S1,S1,EXC_A,F21,_Z,_Z,XDC_USD,_Z,N,T001,1994,2.19075,,F,6,A,0,RUB
OECD.SDD.NAD:DSD_NAMAIN10@DF_TABLE4(2.0),A,DEU_F,S1,S1,EXC_A,F21,_Z,_Z,XDC_USD,_Z,N,T001,1994,0.829719,,F,6,A,0,_Z
OECD.SDD.NAD:DSD_NAMAIN10@DF_TABLE4(2.0),A,CZE,S1,S1,EXC_A,F21,_Z,_Z,XDC_USD,_Z,N,T001,1995,26.540667,,F,6,A,0,CZK
OECD.SDD.NAD:DSD_NAMAIN10@DF_TABLE4(2.0),A,HUN,S1,S1,EXC_A,F21,_Z,_Z,XDC_USD,_Z,N,T001,1995,125.681425,,F,6,A,0,HUF
OECD.SDD.NAD:DSD_NAMAIN10@DF_TABLE4(2.0),A,ALB,S1,S1,EXC_A,F21,_Z,_Z,XDC_USD,_Z,N,T001,1995,92.6975,,F,6,A,0,ALL
OECD.SDD.NAD:DSD_NAMAIN10@DF_TABLE4(2.0),A,ARG,S1,S1,EXC_A,F21,_Z,_Z,XDC_USD,_Z,N,T001,1995,0.99975,,F,6,A,0,ARS
OECD.SDD.NAD:DSD_NAMAIN10@DF_TABLE4(2.0),A,BRA,S1,S1,EXC_A,F21,_Z,_Z,XDC_USD,_Z,N,T001,1995,0.917667,,F,6,A,0,BRL
OECD.SDD.NAD:DSD_NAMAIN10@DF_TABLE4(2.0),A,IDN,S1,S1,EXC_A,F21,_Z,_Z,XDC_USD,_Z,N,T001,1995,2248.607975,,F,6,A,0,IDR
OECD.SDD.NAD:DSD_NAMAIN10@DF_TABLE4(2.0),A,MKD,S1,S1,EXC_A,F21,_Z,_Z,XDC_USD,_Z,N,T001,1995,37.881758,,F,6,A,0,MKD
OECD.SDD.NAD:DSD_NAMAIN10@DF_TABLE4(2.0),A,RUS,S1,S1,EXC_A,F21,_Z,_Z,XDC_USD,_Z,N,T001,1995,4.55915,,F,6,A,0,RUB
OECD.SDD.NAD:DSD_NAMAIN10@DF_TABLE4(2.0),A,DEU_F,S1,S1,EXC_A,F21,_Z,_Z,XDC_USD,_Z,N,T001,1995,0.732748,,F,6,A,0,_Z
OECD.SDD.NAD:DSD_NAMAIN10@DF_TABLE4(2.0),A,CZE,S1,S1,EXC_A,F21,_Z,_Z,XDC_USD,_Z,N,T001,1996,27.144917,,F,6,A,0,CZK
OECD.SDD.NAD:DSD_NAMAIN10@DF_TABLE4(2.0),A,HUN,S1,S1,EXC_A,F21,_Z,_Z,XDC_USD,_Z,N,T001,1996,152.646667,,F,6,A,0,HUF
OECD.SDD.NAD:DSD_NAMAIN10@DF_TABLE4(2.0),A,ALB,S1,S1,EXC_A,F21,_Z,_Z,XDC_USD,_Z,N,T001,1996,104.498917,,F,6,A,0,ALL
OECD.SDD.NAD:DSD_NAMAIN10@DF_TABLE4(2.0),A,ARG,S1,S1,EXC_A,F21,_Z,_Z,XDC_USD,_Z,N,T001,1996,0.999663,,F,6,A,0,ARS
OECD.SDD.NAD:DSD_NAMAIN10@DF_TABLE4(2.0),A,BRA,S1,S1,EXC_A,F21,_Z,_Z,XDC_USD,_Z,N,T001,1996,1.0051,,F,6,A,0,BRL
OECD.SDD.NAD:DSD_NAMAIN10@DF_TABLE4(2.0),A,GEO,S1,S1,EXC_A,F21,_Z,_Z,XDC_USD,_Z,N,T001,1996,1.2628,,F,6,A,0,GEL
OECD.SDD.NAD:DSD_NAMAIN10@DF_TABLE4(2.0),A,IDN,S1,S1,EXC_A,F21,_Z,_Z,XDC_USD,_Z,N,T001,1996,2342.296292,,F,6,A,0,IDR
OECD.SDD.NAD:DSD_NAMAIN10@DF_TABLE4(2.0),A,MKD,S1,S1,EXC_A,F21,_Z,_Z,XDC_USD,_Z,N,T001,1996,39.981075,,F,6,A,0,MKD
OECD.SDD.NAD:DSD_NAMAIN10@DF_TABLE4(2.0),A,RUS,S1,S1,EXC_A,F21,_Z,_Z,XDC_USD,_Z,N,T001,1996,5.120833,,F,6,A,0,RUB
OECD.SDD.NAD:DSD_NAMAIN10@DF_TABLE4(2.0),A,CZE,S1,S1,EXC_A,F21,_Z,_Z,XDC_USD,_Z,N,T001,1997,31.698417,,F,6,A,0,CZK
OECD.SDD.NAD:DSD_NAMAIN10@DF_TABLE4(2.0),A,HUN,S1,S1,EXC_A,F21,_Z,_Z,XDC_USD,_Z,N,T001,1997,186.789167,,F,6,A,0,HUF
OECD.SDD.NAD:DSD_NAMAIN10@DF_TABLE4(2.0),A,ALB,S1,S1,EXC_A,F21,_Z,_Z,XDC_USD,_Z,N,T001,1997,148.932917,,F,6,A,0,ALL
OECD.SDD.NAD:DSD_NAMAIN10@DF_TABLE4(2.0),A,ARG,S1,S1,EXC_A,F21,_Z,_Z,XDC_USD,_Z,N,T001,1997,0.9995,,F,6,A,0,ARS
OECD.SDD.NAD:DSD_NAMAIN10@DF_TABLE4(2.0),A,BRA,S1,S1,EXC_A,F21,_Z,_Z,XDC_USD,_Z,N,T001,1997,1.077992,,F,6,A,0,BRL
OECD.SDD.NAD:DSD_NAMAIN10@DF_TABLE4(2.0),A,GEO,S1,S1,EXC_A,F21,_Z,_Z,XDC_USD,_Z,N,T001,1997,1.2975,,F,6,A,0,GEL
OECD.SDD.NAD:DSD_NAMAIN10@DF_TABLE4(2.0),A,IDN,S1,S1,EXC_A,F21,_Z,_Z,XDC_USD,_Z,N,T001,1997,2909.38,,F,6,A,0,IDR
OECD.SDD.NAD:DSD_NAMAIN10@DF_TABLE4(2.0),A,MKD,S1,S1,EXC_A,F21,_Z,_Z,XDC_USD,_Z,N,T001,1997,50.00355,,F,6,A,0,MKD
OECD.SDD.NAD:DSD_NAMAIN10@DF_TABLE4(2.0),A,RUS,S1,S1,EXC_A,F21,_Z,_Z,XDC_USD,_Z,N,T001,1997,5.784833,,F,6,A,0,RUB
OECD.SDD.NAD:DSD_NAMAIN10@DF_TABLE4(2.0),A,SRB,S1,S1,EXC_A,F21,_Z,_Z,XDC_USD,_Z,N,T001,1997,5.9123,,F,6,A,0,RSD
OECD.SDD.NAD:DSD_NAMAIN10@DF_TABLE4(2.0),A,CZE,S1,S1,EXC_A,F21,_Z,_Z,XDC_USD,_Z,N,T001,1998,32.281167,,F,6,A,0,CZK
OECD.SDD.NAD:DSD_NAMAIN10@DF_TABLE4(2.0),A,HUN,S1,S1,EXC_A,F21,_Z,_Z,XDC_USD,_Z,N,T001,1998,214.401667,,F,6,A,0,HUF
OECD.SDD.NAD:DSD_NAMAIN10@DF_TABLE4(2.0),A,ALB,S1,S1,EXC_A,F21,_Z,_Z,XDC_USD,_Z,N,T001,1998,150.633333,,F,6,A,0,ALL
OECD.SDD.NAD:DSD_NAMAIN10@DF_TABLE4(2.0),A,ARG,S1,S1,EXC_A,F21,_Z,_Z,XDC_USD,_Z,N,T001,1998,0.9995,,F,6,A,0,ARS
OECD.SDD.NAD:DSD_NAMAIN10@DF_TABLE4(2.0),A,BRA,S1,S1,EXC_A,F21,_Z,_Z,XDC_USD,_Z,N,T001,1998,1.160517,,F,6,A,0,BRL
OECD.SDD.NAD:DSD_NAMAIN10@DF_TABLE4(2.0),A,GEO,S1,S1,EXC_A,F21,_Z,_Z,XDC_USD,_Z,N,T001,1998,1.389817,,F,6,A,0,GEL
OECD.SDD.NAD:DSD_NAMAIN10@DF_TABLE4(2.0),A,IDN,S1,S1,EXC_A,F21,_Z,_Z,XDC_USD,_Z,N,T001,1998,10013.6225,,F,6,A,0,IDR
OECD.SDD.NAD:DSD_NAMAIN10@DF_TABLE4(2.0),A,MKD,S1,S1,EXC_A,F21,_Z,_Z,XDC_USD,_Z,N,T001,1998,54.461733,,F,6,A,0,MKD
OECD.SDD.NAD:DSD_NAMAIN10@DF_TABLE4(2.0),A,RUS,S1,S1,EXC_A,F21,_Z,_Z,XDC_USD,_Z,N,T001,1998,9.705083,,F,6,A,0,RUB
OECD.SDD.NAD:DSD_NAMAIN10@DF_TABLE4(2.0),A,SRB,S1,S1,EXC_A,F21,_Z,_Z,XDC_USD,_Z,N,T001,1998,10.0308,,F,6,A,0,RSD
OECD.SDD.NAD:DSD_NAMAIN10@DF_TABLE4(2.0),A,CZE,S1,S1,EXC_A,F21,_Z,_Z,XDC_USD,_Z,N,T001,1999,34.56925,,F,6,A,0,CZK
OECD.SDD.NAD:DSD_NAMAIN10@DF_TABLE4(2.0),A,HUN,S1,S1,EXC_A,F21,_Z,_Z,XDC_USD,_Z,N,T001,1999,237.145833,,F,6,A,0,HUF
OECD.SDD.NAD:DSD_NAMAIN10@DF_TABLE4(2.0),A,ALB,S1,S1,EXC_A,F21,_Z,_Z,XDC_USD,_Z,N,T001,1999,137.690583,,F,6,A,0,ALL
OECD.SDD.NAD:DSD_NAMAIN10@DF_TABLE4(2.0),A,ARG,S1,S1,EXC_A,F21,_Z,_Z,XDC_USD,_Z,N,T001,1999,0.9995,,F,6,A,0,ARS
OECD.SDD.NAD:DSD_NAMAIN10@DF_TABLE4(2.0),A,BRA,S1,S1,EXC_A,F21,_Z,_Z,XDC_USD,_Z,N,T001,1999,1.813933,,F,6,A,0,BRL
OECD.SDD.NAD:DSD_NAMAIN10@DF_TABLE4(2.0),A,GEO,S1,S1,EXC_A,F21,_Z,_Z,XDC_USD,_Z,N,T001,1999,2.024517,,F,6,A,0,GEL
OECD.SDD.NAD:DSD_NAMAIN10@DF_TABLE4(2.0),A,IDN,S1,S1,EXC_A,F21,_Z,_Z,XDC_USD,_Z,N,T001,1999,7855.15,,F,6,A,0,IDR
OECD.SDD.NAD:DSD_NAMAIN10@DF_TABLE4(2.0),A,MKD,S1,S1,EXC_A,F21,_Z,_Z,XDC_USD,_Z,N,T001,1999,56.901828,,F,6,A,0,MKD
OECD.SDD.NAD:DSD_NAMAIN10@DF_TABLE4(2.0),A,RUS,S1,S1,EXC_A,F21,_Z,_Z,XDC_USD,_Z,N,T001,1999,24.6199,,F,6,A,0,RUB
OECD.SDD.NAD:DSD_NAMAIN10@DF_TABLE4(2.0),A,SRB,S1,S1,EXC_A,F21,_Z,_Z,XDC_USD,_Z,N,T001,1999,11.6615,,F,6,A,0,RSD
OECD.SDD.NAD:DSD_NAMAIN10@DF_TABLE4(2.0),A,CZE,S1,S1,EXC_A,F21,_Z,_Z,XDC_USD,_Z,N,T001,2000,38.598417,,F,6,A,0,CZK
OECD.SDD.NAD:DSD_NAMAIN10@DF_TABLE4(2.0),A,HUN,S1,S1,EXC_A,F21,_Z,_Z,XDC_USD,_Z,N,T001,2000,282.179167,,F,6,A,0,HUF
OECD.SDD.NAD:DSD_NAMAIN10@DF_TABLE4(2.0),A,ALB,S1,S1,EXC_A,F21,_Z,_Z,XDC_USD,_Z,N,T001,2000,143.709417,,F,6,A,0,ALL
OECD.SDD.NAD:DSD_NAMAIN10@DF_TABLE4(2.0),A,ARG,S1,S1,EXC_A,F21,_Z,_Z,XDC_USD,_Z,N,T001,2000,0.9995,,F,6,A,0,ARS
OECD.SDD.NAD:DSD_NAMAIN10@DF_TABLE4(2.0),A,BRA,S1,S1,EXC_A,F21,_Z,_Z,XDC_USD,_Z,N,T001,2000,1.829423,,F,6,A,0,BRL
OECD.SDD.NAD:DSD_NAMAIN10@DF_TABLE4(2.0),A,GEO,S1,S1,EXC_A,F21,_Z,_Z,XDC_USD,_Z,N,T001,2000,1.976167,,F,6,A,0,GEL
OECD.SDD.NAD:DSD_NAMAIN10@DF_TABLE4(2.0),A,IDN,S1,S1,EXC_A,F21,_Z,_Z,XDC_USD,_Z,N,T001,2000,8421.775,,F,6,A,0,IDR
OECD.SDD.NAD:DSD_NAMAIN10@DF_TABLE4(2.0),A,MKD,S1,S1,EXC_A,F21,_Z,_Z,XDC_USD,_Z,N,T001,2000,65.903867,,F,6,A,0,MKD
OECD.SDD.NAD:DSD_NAMAIN10@DF_TABLE4(2.0),A,RUS,S1,S1,EXC_A,F21,_Z,_Z,XDC_USD,_Z,N,T001,2000,28.129167,,F,6,A,0,RUB
OECD.SDD.NAD:DSD_NAMAIN10@DF_TABLE4(2.0),A,SRB,S1,S1,EXC_A,F21,_Z,_Z,XDC_USD,_Z,N,T001,2000,63.1659,,F,6,A,0,RSD
OECD.SDD.NAD:DSD_NAMAIN10@DF_TABLE4(2.0),A,CZE,S1,S1,EXC_A,F21,_Z,_Z,XDC_USD,_Z,N,T001,2001,38.035328,,F,6,A,0,CZK
OECD.SDD.NAD:DSD_NAMAIN10@DF_TABLE4(2.0),A,HUN,S1,S1,EXC_A,F21,_Z,_Z,XDC_USD,_Z,N,T001,2001,286.49,,F,6,A,0,HUF
OECD.SDD.NAD:DSD_NAMAIN10@DF_TABLE4(2.0),A,ALB,S1,S1,EXC_A,F21,_Z,_Z,XDC_USD,_Z,N,T001,2001,143.484833,,F,6,A,0,ALL
OECD.SDD.NAD:DSD_NAMAIN10@DF_TABLE4(2.0),A,ARG,S1,S1,EXC_A,F21,_Z,_Z,XDC_USD,_Z,N,T001,2001,0.9995,,F,6,A,0,ARS
OECD.SDD.NAD:DSD_NAMAIN10@DF_TABLE4(2.0),A,BRA,S1,S1,EXC_A,F21,_Z,_Z,XDC_USD,_Z,N,T001,2001,2.349632,,F,6,A,0,BRL
OECD.SDD.NAD:DSD_NAMAIN10@DF_TABLE4(2.0),A,GEO,S1,S1,EXC_A,F21,_Z,_Z,XDC_USD,_Z,N,T001,2001,2.073017,,F,6,A,0,GEL
OECD.SDD.NAD:DSD_NAMAIN10@DF_TABLE4(2.0),A,IDN,S1,S1,EXC_A,F21,_Z,_Z,XDC_USD,_Z,N,T001,2001,10260.85,,F,6,A,0,IDR
OECD.SDD.NAD:DSD_NAMAIN10@DF_TABLE4(2.0),A,MKD,S1,S1,EXC_A,F21,_Z,_Z,XDC_USD,_Z,N,T001,2001,68.037133,,F,6,A,0,MKD
OECD.SDD.NAD:DSD_NAMAIN10@DF_TABLE4(2.0),A,RUS,S1,S1,EXC_A,F21,_Z,_Z,XDC_USD,_Z,N,T001,2001,29.168525,,F,6,A,0,RUB
OECD.SDD.NAD:DSD_NAMAIN10@DF_TABLE4(2.0),A,SRB,S1,S1,EXC_A,F21,_Z,_Z,XDC_USD,_Z,N,T001,2001,66.91366,,F,6,A,0,RSD
OECD.SDD.NAD:DSD_NAMAIN10@DF_TABLE4(2.0),A,CZE,S1,S1,EXC_A,F21,_Z,_Z,XDC_USD,_Z,N,T001,2002,32.738518,,F,6,A,0,CZK
OECD.SDD.NAD:DSD_NAMAIN10@DF_TABLE4(2.0),A,HUN,S1,S1,EXC_A,F21,_Z,_Z,XDC_USD,_Z,N,T001,2002,257.886667,,F,6,A,0,HUF
OECD.SDD.NAD:DSD_NAMAIN10@DF_TABLE4(2.0),A,ALB,S1,S1,EXC_A,F21,_Z,_Z,XDC_USD,_Z,N,T001,2002,140.154516,,F,6,A,0,ALL
OECD.SDD.NAD:DSD_NAMAIN10@DF_TABLE4(2.0),A,ARG,S1,S1,EXC_A,F21,_Z,_Z,XDC_USD,_Z,N,T001,2002,3.063257,,F,6,A,0,ARS
OECD.SDD.NAD:DSD_NAMAIN10@DF_TABLE4(2.0),A,BRA,S1,S1,EXC_A,F21,_Z,_Z,XDC_USD,_Z,N,T001,2002,2.920363,,F,6,A,0,BRL
OECD.SDD.NAD:DSD_NAMAIN10@DF_TABLE4(2.0),A,GEO,S1,S1,EXC_A,F21,_Z,_Z,XDC_USD,_Z,N,T001,2002,2.195675,,F,6,A,0,GEL
OECD.SDD.NAD:DSD_NAMAIN10@DF_TABLE4(2.0),A,IDN,S1,S1,EXC_A,F21,_Z,_Z,XDC_USD,_Z,N,T001,2002,9311.191667,,F,6,A,0,IDR
OECD.SDD.NAD:DSD_NAMAIN10@DF_TABLE4(2.0),A,MKD,S1,S1,EXC_A,F21,_Z,_Z,XDC_USD,_Z,N,T001,2002,64.349792,,F,6,A,0,MKD
OECD.SDD.NAD:DSD_NAMAIN10@DF_TABLE4(2.0),A,RUS,S1,S1,EXC_A,F21,_Z,_Z,XDC_USD,_Z,N,T001,2002,31.348483,,F,6,A,0,RUB
OECD.SDD.NAD:DSD_NAMAIN10@DF_TABLE4(2.0),A,SRB,S1,S1,EXC_A,F21,_Z,_Z,XDC_USD,_Z,N,T001,2002,64.405225,,F,6,A,0,RSD
OECD.SDD.NAD:DSD_NAMAIN10@DF_TABLE4(2.0),A,CZE,S1,S1,EXC_A,F21,_Z,_Z,XDC_USD,_Z,N,T001,2003,28.209,,F,6,A,0,CZK
OECD.SDD.NAD:DSD_NAMAIN10@DF_TABLE4(2.0),A,HUN,S1,S1,EXC_A,F21,_Z,_Z,XDC_USD,_Z,N,T001,2003,224.306667,,F,6,A,0,HUF
OECD.SDD.NAD:DSD_NAMAIN10@DF_TABLE4(2.0),A,ALB,S1,S1,EXC_A,F21,_Z,_Z,XDC_USD,_Z,N,T001,2003,121.86325,,F,6,A,0,ALL
OECD.SDD.NAD:DSD_NAMAIN10@DF_TABLE4(2.0),A,ARG,S1,S1,EXC_A,F21,_Z,_Z,XDC_USD,_Z,N,T001,2003,2.900629,,F,6,A,0,ARS
OECD.SDD.NAD:DSD_NAMAIN10@DF_TABLE4(2.0),A,BRA,S1,S1,EXC_A,F21,_Z,_Z,XDC_USD,_Z,N,T001,2003,3.077475,,F,6,A,0,BRL
OECD.SDD.NAD:DSD_NAMAIN10@DF_TABLE4(2.0),A,GEO,S1,S1,EXC_A,F21,_Z,_Z,XDC_USD,_Z,N,T001,2003,2.14565,,F,6,A,0,GEL
OECD.SDD.NAD:DSD_NAMAIN10@DF_TABLE4(2.0),A,IDN,S1,S1,EXC_A,F21,_Z,_Z,XDC_USD,_Z,N,T001,2003,8577.133333,,F,6,A,0,IDR
OECD.SDD.NAD:DSD_NAMAIN10@DF_TABLE4(2.0),A,MKD,S1,S1,EXC_A,F21,_Z,_Z,XDC_USD,_Z,N,T001,2003,54.322258,,F,6,A,0,MKD
OECD.SDD.NAD:DSD_NAMAIN10@DF_TABLE4(2.0),A,RUS,S1,S1,EXC_A,F21,_Z,_Z,XDC_USD,_Z,N,T001,2003,30.692025,,F,6,A,0,RUB
OECD.SDD.NAD:DSD_NAMAIN10@DF_TABLE4(2.0),A,SRB,S1,S1,EXC_A,F21,_Z,_Z,XDC_USD,_Z,N,T001,2003,57.590042,,F,6,A,0,RSD
OECD.SDD.NAD:DSD_NAMAIN10@DF_TABLE4(2.0),A,CZE,S1,S1,EXC_A,F21,_Z,_Z,XDC_USD,_Z,N,T001,2004,25.69975,,F,6,A,0,CZK
OECD.SDD.NAD:DSD_NAMAIN10@DF_TABLE4(2.0),A,HUN,S1,S1,EXC_A,F21,_Z,_Z,XDC_USD,_Z,N,T001,2004,202.745833,,F,6,A,0,HUF
OECD.SDD.NAD:DSD_NAMAIN10@DF_TABLE4(2.0),A,ALB,S1,S1,EXC_A,F21,_Z,_Z,XDC_USD,_Z,N,T001,2004,102.780051,,F,6,A,0,ALL
OECD.SDD.NAD:DSD_NAMAIN10@DF_TABLE4(2.0),A,ARG,S1,S1,EXC_A,F21,_Z,_Z,XDC_USD,_Z,N,T001,2004,2.923301,,F,6,A,0,ARS
OECD.SDD.NAD:DSD_NAMAIN10@DF_TABLE4(2.0),A,BRA,S1,S1,EXC_A,F21,_Z,_Z,XDC_USD,_Z,N,T001,2004,2.925119,,F,6,A,0,BRL
OECD.SDD.NAD:DSD_NAMAIN10@DF_TABLE4(2.0),A,GEO,S1,S1,EXC_A,F21,_Z,_Z,XDC_USD,_Z,N,T001,2004,1.91665,,F,6,A,0,GEL
OECD.SDD.NAD:DSD_NAMAIN10@DF_TABLE4(2.0),A,IDN,S1,S1,EXC_A,F21,_Z,_Z,XDC_USD,_Z,N,T001,2004,8938.85,,F,6,A,0,IDR
OECD.SDD.NAD:DSD_NAMAIN10@DF_TABLE4(2.0),A,MKD,S1,S1,EXC_A,F21,_Z,_Z,XDC_USD,_Z,N,T001,2004,49.409933,,F,6,A,0,MKD
OECD.SDD.NAD:DSD_NAMAIN10@DF_TABLE4(2.0),A,RUS,S1,S1,EXC_A,F21,_Z,_Z,XDC_USD,_Z,N,T001,2004,28.813742,,F,6,A,0,RUB
OECD.SDD.NAD:DSD_NAMAIN10@DF_TABLE4(2.0),A,SRB,S1,S1,EXC_A,F21,_Z,_Z,XDC_USD,_Z,N,T001,2004,58.375708,,F,6,A,0,RSD
OECD.SDD.NAD:DSD_NAMAIN10@DF_TABLE4(2.0),A,CZE,S1,S1,EXC_A,F21,_Z,_Z,XDC_USD,_Z,N,T001,2005,23.957417,,F,6,A,0,CZK
OECD.SDD.NAD:DSD_NAMAIN10@DF_TABLE4(2.0),A,HUN,S1,S1,EXC_A,F21,_Z,_Z,XDC_USD,_Z,N,T001,2005,199.5825,,F,6,A,0,HUF
OECD.SDD.NAD:DSD_NAMAIN10@DF_TABLE4(2.0),A,ALB,S1,S1,EXC_A,F21,_Z,_Z,XDC_USD,_Z,N,T001,2005,99.870254,,F,6,A,0,ALL
OECD.SDD.NAD:DSD_NAMAIN10@DF_TABLE4(2.0),A,ARG,S1,S1,EXC_A,F21,_Z,_Z,XDC_USD,_Z,N,T001,2005,2.903658,,F,6,A,0,ARS
OECD.SDD.NAD:DSD_NAMAIN10@DF_TABLE4(2.0),A,BRA,S1,S1,EXC_A,F21,_Z,_Z,XDC_USD,_Z,N,T001,2005,2.43439,,F,6,A,0,BRL
OECD.SDD.NAD:DSD_NAMAIN10@DF_TABLE4(2.0),A,GEO,S1,S1,EXC_A,F21,_Z,_Z,XDC_USD,_Z,N,T001,2005,1.812675,,F,6,A,0,GEL
OECD.SDD.NAD:DSD_NAMAIN10@DF_TABLE4(2.0),A,IDN,S1,S1,EXC_A,F21,_Z,_Z,XDC_USD,_Z,N,T001,2005,9704.741667,,F,6,A,0,IDR
OECD.SDD.NAD:DSD_NAMAIN10@DF_TABLE4(2.0),A,MKD,S1,S1,EXC_A,F21,_Z,_Z,XDC_USD,_Z,N,T001,2005,49.283683,,F,6,A,0,MKD
OECD.SDD.NAD:DSD_NAMAIN10@DF_TABLE4(2.0),A,RUS,S1,S1,EXC_A,F21,_Z,_Z,XDC_USD,_Z,N,T001,2005,28.284442,,F,6,A,0,RUB
OECD.SDD.NAD:DSD_NAMAIN10@DF_TABLE4(2.0),A,SRB,S1,S1,EXC_A,F21,_Z,_Z,XDC_USD,_Z,N,T001,2005,66.717825,,F,6,A,0,RSD
OECD.SDD.NAD:DSD_NAMAIN10@DF_TABLE4(2.0),A,CZE,S1,S1,EXC_A,F21,_Z,_Z,XDC_USD,_Z,N,T001,2006,22.595583,,F,6,A,0,CZK
OECD.SDD.NAD:DSD_NAMAIN10@DF_TABLE4(2.0),A,HUN,S1,S1,EXC_A,F21,_Z,_Z,XDC_USD,_Z,N,T001,2006,210.39,,F,6,A,0,HUF
OECD.SDD.NAD:DSD_NAMAIN10@DF_TABLE4(2.0),A,ALB,S1,S1,EXC_A,F21,_Z,_Z,XDC_USD,_Z,N,T001,2006,98.103377,,F,6,A,0,ALL
OECD.SDD.NAD:DSD_NAMAIN10@DF_TABLE4(2.0),A,ARG,S1,S1,EXC_A,F21,_Z,_Z,XDC_USD,_Z,N,T001,2006,3.054313,,F,6,A,0,ARS
OECD.SDD.NAD:DSD_NAMAIN10@DF_TABLE4(2.0),A,BRA,S1,S1,EXC_A,F21,_Z,_Z,XDC_USD,_Z,N,T001,2006,2.175327,,F,6,A,0,BRL
OECD.SDD.NAD:DSD_NAMAIN10@DF_TABLE4(2.0),A,GEO,S1,S1,EXC_A,F21,_Z,_Z,XDC_USD,_Z,N,T001,2006,1.780433,,F,6,A,0,GEL
OECD.SDD.NAD:DSD_NAMAIN10@DF_TABLE4(2.0),A,IDN,S1,S1,EXC_A,F21,_Z,_Z,XDC_USD,_Z,N,T001,2006,9159.316667,,F,6,A,0,IDR
OECD.SDD.NAD:DSD_NAMAIN10@DF_TABLE4(2.0),A,MKD,S1,S1,EXC_A,F21,_Z,_Z,XDC_USD,_Z,N,T001,2006,48.801767,,F,6,A,0,MKD
OECD.SDD.NAD:DSD_NAMAIN10@DF_TABLE4(2.0),A,RUS,S1,S1,EXC_A,F21,_Z,_Z,XDC_USD,_Z,N,T001,2006,27.190958,,F,6,A,0,RUB
OECD.SDD.NAD:DSD_NAMAIN10@DF_TABLE4(2.0),A,SRB,S1,S1,EXC_A,F21,_Z,_Z,XDC_USD,_Z,N,T001,2006,67.155125,,F,6,A,0,RSD
OECD.SDD.NAD:DSD_NAMAIN10@DF_TABLE4(2.0),A,CZE,S1,S1,EXC_A,F21,_Z,_Z,XDC_USD,_Z,N,T001,2007,20.293667,,F,6,A,0,CZK
OECD.SDD.NAD:DSD_NAMAIN10@DF_TABLE4(2.0),A,HUN,S1,S1,EXC_A,F21,_Z,_Z,XDC_USD,_Z,N,T001,2007,183.625833,,F,6,A,0,HUF
OECD.SDD.NAD:DSD_NAMAIN10@DF_TABLE4(2.0),A,ALB,S1,S1,EXC_A,F21,_Z,_Z,XDC_USD,_Z,N,T001,2007,90.427894,,F,6,A,0,ALL
OECD.SDD.NAD:DSD_NAMAIN10@DF_TABLE4(2.0),A,ARG,S1,S1,EXC_A,F21,_Z,_Z,XDC_USD,_Z,N,T001,2007,3.095649,,F,6,A,0,ARS
OECD.SDD.NAD:DSD_NAMAIN10@DF_TABLE4(2.0),A,BRA,S1,S1,EXC_A,F21,_Z,_Z,XDC_USD,_Z,N,T001,2007,1.947058,,F,6,A,0,BRL
OECD.SDD.NAD:DSD_NAMAIN10@DF_TABLE4(2.0),A,GEO,S1,S1,EXC_A,F21,_Z,_Z,XDC_USD,_Z,N,T001,2007,1.670492,,F,6,A,0,GEL
OECD.SDD.NAD:DSD_NAMAIN10@DF_TABLE4(2.0),A,IDN,S1,S1,EXC_A,F21,_Z,_Z,XDC_USD,_Z,N,T001,2007,9141,,F,6,A,0,IDR
OECD.SDD.NAD:DSD_NAMAIN10@DF_TABLE4(2.0),A,MKD,S1,S1,EXC_A,F21,_Z,_Z,XDC_USD,_Z,N,T001,2007,44.729817,,F,6,A,0,MKD
OECD.SDD.NAD:DSD_NAMAIN10@DF_TABLE4(2.0),A,RUS,S1,S1,EXC_A,F21,_Z,_Z,XDC_USD,_Z,N,T001,2007,25.580845,,F,6,A,0,RUB
OECD.SDD.NAD:DSD_NAMAIN10@DF_TABLE4(2.0),A,SRB,S1,S1,EXC_A,F21,_Z,_Z,XDC_USD,_Z,N,T001,2007,58.449567,,F,6,A,0,RSD
OECD.SDD.NAD:DSD_NAMAIN10@DF_TABLE4(2.0),A,CZE,S1,S1,EXC_A,F21,_Z,_Z,XDC_USD,_Z,N,T001,2008,17.071667,,F,6,A,0,CZK
OECD.SDD.NAD:DSD_NAMAIN10@DF_TABLE4(2.0),A,HUN,S1,S1,EXC_A,F21,_Z,_Z,XDC_USD,_Z,N,T001,2008,172.113333,,F,6,A,0,HUF
OECD.SDD.NAD:DSD_NAMAIN10@DF_TABLE4(2.0),A,ALB,S1,S1,EXC_A,F21,_Z,_Z,XDC_USD,_Z,N,T001,2008,83.894604,,F,6,A,0,ALL
OECD.SDD.NAD:DSD_NAMAIN10@DF_TABLE4(2.0),A,ARG,S1,S1,EXC_A,F21,_Z,_Z,XDC_USD,_Z,N,T001,2008,3.144165,,F,6,A,0,ARS
OECD.SDD.NAD:DSD_NAMAIN10@DF_TABLE4(2.0),A,BRA,S1,S1,EXC_A,F21,_Z,_Z,XDC_USD,_Z,N,T001,2008,1.833767,,F,6,A,0,BRL
OECD.SDD.NAD:DSD_NAMAIN10@DF_TABLE4(2.0),A,GEO,S1,S1,EXC_A,F21,_Z,_Z,XDC_USD,_Z,N,T001,2008,1.490792,,F,6,A,0,GEL
OECD.SDD.NAD:DSD_NAMAIN10@DF_TABLE4(2.0),A,IDN,S1,S1,EXC_A,F21,_Z,_Z,XDC_USD,_Z,N,T001,2008,9698.9625,,F,6,A,0,IDR
OECD.SDD.NAD:DSD_NAMAIN10@DF_TABLE4(2.0),A,MKD,S1,S1,EXC_A,F21,_Z,_Z,XDC_USD,_Z,N,T001,2008,41.867683,,F,6,A,0,MKD
OECD.SDD.NAD:DSD_NAMAIN10@DF_TABLE4(2.0),A,RUS,S1,S1,EXC_A,F21,_Z,_Z,XDC_USD,_Z,N,T001,2008,24.852875,,F,6,A,0,RUB
OECD.SDD.NAD:DSD_NAMAIN10@DF_TABLE4(2.0),A,SRB,S1,S1,EXC_A,F21,_Z,_Z,XDC_USD,_Z,N,T001,2008,55.72925,,F,6,A,0,RSD
OECD.SDD.NAD:DSD_NAMAIN10@DF_TABLE4(2.0),A,CZE,S1,S1,EXC_A,F21,_Z,_Z,XDC_USD,_Z,N,T001,2009,19.063,,F,6,A,0,CZK
OECD.SDD.NAD:DSD_NAMAIN10@DF_TABLE4(2.0),A,HUN,S1,S1,EXC_A,F21,_Z,_Z,XDC_USD,_Z,N,T001,2009,202.341667,,F,6,A,0,HUF
OECD.SDD.NAD:DSD_NAMAIN10@DF_TABLE4(2.0),A,ALB,S1,S1,EXC_A,F21,_Z,_Z,XDC_USD,_Z,N,T001,2009,94.97812,,F,6,A,0,ALL
OECD.SDD.NAD:DSD_NAMAIN10@DF_TABLE4(2.0),A,ARG,S1,S1,EXC_A,F21,_Z,_Z,XDC_USD,_Z,N,T001,2009,3.710107,,F,6,A,0,ARS
OECD.SDD.NAD:DSD_NAMAIN10@DF_TABLE4(2.0),A,BRA,S1,S1,EXC_A,F21,_Z,_Z,XDC_USD,_Z,N,T001,2009,1.999428,,F,6,A,0,BRL
OECD.SDD.NAD:DSD_NAMAIN10@DF_TABLE4(2.0),A,GEO,S1,S1,EXC_A,F21,_Z,_Z,XDC_USD,_Z,N,T001,2009,1.670487,,F,6,A,0,GEL
OECD.SDD.NAD:DSD_NAMAIN10@DF_TABLE4(2.0),A,IDN,S1,S1,EXC_A,F21,_Z,_Z,XDC_USD,_Z,N,T001,2009,10389.9375,,F,6,A,0,IDR
OECD.SDD.NAD:DSD_NAMAIN10@DF_TABLE4(2.0),A,MKD,S1,S1,EXC_A,F21,_Z,_Z,XDC_USD,_Z,N,T001,2009,44.100575,,F,6,A,0,MKD
OECD.SDD.NAD:DSD_NAMAIN10@DF_TABLE4(2.0),A,RUS,S1,S1,EXC_A,F21,_Z,_Z,XDC_USD,_Z,N,T001,2009,31.740358,,F,6,A,0,RUB
OECD.SDD.NAD:DSD_NAMAIN10@DF_TABLE4(2.0),A,SRB,S1,S1,EXC_A,F21,_Z,_Z,XDC_USD,_Z,N,T001,2009,67.604933,,F,6,A,0,RSD
OECD.SDD.NAD:DSD_NAMAIN10@DF_TABLE4(2.0),A,CZE,S1,S1,EXC_A,F21,_Z,_Z,XDC_USD,_Z,N,T001,2010,19.09825,,F,6,A,0,CZK
OECD.SDD.NAD:DSD_NAMAIN10@DF_TABLE4(2.0),A,HUN,S1,S1,EXC_A,F21,_Z,_Z,XDC_USD,_Z,N,T001,2010,207.944167,,F,6,A,0,HUF
OECD.SDD.NAD:DSD_NAMAIN10@DF_TABLE4(2.0),A,ALB,S1,S1,EXC_A,F21,_Z,_Z,XDC_USD,_Z,N,T001,2010,103.936667,,F,6,A,0,ALL
OECD.SDD.NAD:DSD_NAMAIN10@DF_TABLE4(2.0),A,ARG,S1,S1,EXC_A,F21,_Z,_Z,XDC_USD,_Z,N,T001,2010,3.896295,,F,6,A,0,ARS
OECD.SDD.NAD:DSD_NAMAIN10@DF_TABLE4(2.0),A,BRA,S1,S1,EXC_A,F21,_Z,_Z,XDC_USD,_Z,N,T001,2010,1.759227,,F,6,A,0,BRL
OECD.SDD.NAD:DSD_NAMAIN10@DF_TABLE4(2.0),A,GEO,S1,S1,EXC_A,F21,_Z,_Z,XDC_USD,_Z,N,T001,2010,1.782342,,F,6,A,0,GEL
OECD.SDD.NAD:DSD_NAMAIN10@DF_TABLE4(2.0),A,IDN,S1,S1,EXC_A,F21,_Z,_Z,XDC_USD,_Z,N,T001,2010,9090.433333,,F,6,A,0,IDR
OECD.SDD.NAD:DSD_NAMAIN10@DF_TABLE4(2.0),A,MKD,S1,S1,EXC_A,F21,_Z,_Z,XDC_USD,_Z,N,T001,2010,46.485392,,F,6,A,0,MKD
OECD.SDD.NAD:DSD_NAMAIN10@DF_TABLE4(2.0),A,RUS,S1,S1,EXC_A,F21,_Z,_Z,XDC_USD,_Z,N,T001,2010,30.367915,,F,6,A,0,RUB
OECD.SDD.NAD:DSD_NAMAIN10@DF_TABLE4(2.0),A,SRB,S1,S1,EXC_A,F21,_Z,_Z,XDC_USD,_Z,N,T001,2010,77.722842,,F,6,A,0,RSD
OECD.SDD.NAD:DSD_NAMAIN10@DF_TABLE4(2.0),A,CZE,S1,S1,EXC_A,F21,_Z,_Z,XDC_USD,_Z,N,T001,2011,17.695917,,F,6,A,0,CZK
OECD.SDD.NAD:DSD_NAMAIN10@DF_TABLE4(2.0),A,HUN,S1,S1,EXC_A,F21,_Z,_Z,XDC_USD,_Z,N,T001,2011,201.055,,F,6,A,0,HUF
OECD.SDD.NAD:DSD_NAMAIN10@DF_TABLE4(2.0),A,ALB,S1,S1,EXC_A,F21,_Z,_Z,XDC_USD,_Z,N,T001,2011,100.895833,,F,6,A,0,ALL
OECD.SDD.NAD:DSD_NAMAIN10@DF_TABLE4(2.0),A,ARG,S1,S1,EXC_A,F21,_Z,_Z,XDC_USD,_Z,N,T001,2011,4.11014,,F,6,A,0,ARS
OECD.SDD.NAD:DSD_NAMAIN10@DF_TABLE4(2.0),A,BRA,S1,S1,EXC_A,F21,_Z,_Z,XDC_USD,_Z,N,T001,2011,1.672829,,F,6,A,0,BRL
OECD.SDD.NAD:DSD_NAMAIN10@DF_TABLE4(2.0),A,GEO,S1,S1,EXC_A,F21,_Z,_Z,XDC_USD,_Z,N,T001,2011,1.686495,,F,6,A,0,GEL
OECD.SDD.NAD:DSD_NAMAIN10@DF_TABLE4(2.0),A,IDN,S1,S1,EXC_A,F21,_Z,_Z,XDC_USD,_Z,N,T001,2011,8770.433333,,F,6,A,0,IDR
OECD.SDD.NAD:DSD_NAMAIN10@DF_TABLE4(2.0),A,MKD,S1,S1,EXC_A,F21,_Z,_Z,XDC_USD,_Z,N,T001,2011,44.230825,,F,6,A,0,MKD
OECD.SDD.NAD:DSD_NAMAIN10@DF_TABLE4(2.0),A,RUS,S1,S1,EXC_A,F21,_Z,_Z,XDC_USD,_Z,N,T001,2011,29.382341,,F,6,A,0,RUB
OECD.SDD.NAD:DSD_NAMAIN10@DF_TABLE4(2.0),A,SRB,S1,S1,EXC_A,F21,_Z,_Z,XDC_USD,_Z,N,T001,2011,73.355433,,F,6,A,0,RSD
OECD.SDD.NAD:DSD_NAMAIN10@DF_TABLE4(2.0),A,CZE,S1,S1,EXC_A,F21,_Z,_Z,XDC_USD,_Z,N,T001,2012,19.5775,,F,6,A,0,CZK
OECD.SDD.NAD:DSD_NAMAIN10@DF_TABLE4(2.0),A,HUN,S1,S1,EXC_A,F21,_Z,_Z,XDC_USD,_Z,N,T001,2012,225.104167,,F,6,A,0,HUF
OECD.SDD.NAD:DSD_NAMAIN10@DF_TABLE4(2.0),A,ALB,S1,S1,EXC_A,F21,_Z,_Z,XDC_USD,_Z,N,T001,2012,108.184167,,F,6,A,0,ALL
OECD.SDD.NAD:DSD_NAMAIN10@DF_TABLE4(2.0),A,ARG,S1,S1,EXC_A,F21,_Z,_Z,XDC_USD,_Z,N,T001,2012,4.536934,,F,6,A,0,ARS
OECD.SDD.NAD:DSD_NAMAIN10@DF_TABLE4(2.0),A,BRA,S1,S1,EXC_A,F21,_Z,_Z,XDC_USD,_Z,N,T001,2012,1.953069,,F,6,A,0,BRL
OECD.SDD.NAD:DSD_NAMAIN10@DF_TABLE4(2.0),A,GEO,S1,S1,EXC_A,F21,_Z,_Z,XDC_USD,_Z,N,T001,2012,1.651258,,F,6,A,0,GEL
OECD.SDD.NAD:DSD_NAMAIN10@DF_TABLE4(2.0),A,IDN,S1,S1,EXC_A,F21,_Z,_Z,XDC_USD,_Z,N,T001,2012,9386.629167,,F,6,A,0,IDR
OECD.SDD.NAD:DSD_NAMAIN10@DF_TABLE4(2.0),A,MKD,S1,S1,EXC_A,F21,_Z,_Z,XDC_USD,_Z,N,T001,2012,47.89025,,F,6,A,0,MKD
OECD.SDD.NAD:DSD_NAMAIN10@DF_TABLE4(2.0),A,RUS,S1,S1,EXC_A,F21,_Z,_Z,XDC_USD,_Z,N,T001,2012,30.839831,,F,6,A,0,RUB
OECD.SDD.NAD:DSD_NAMAIN10@DF_TABLE4(2.0),A,SRB,S1,S1,EXC_A,F21,_Z,_Z,XDC_USD,_Z,N,T001,2012,87.958808,,F,6,A,0,RSD
OECD.SDD.NAD:DSD_NAMAIN10@DF_TABLE4(2.0),A,CZE,S1,S1,EXC_A,F21,_Z,_Z,XDC_USD,_Z,N,T001,2013,19.570583,,F,6,A,0,CZK
OECD.SDD.NAD:DSD_NAMAIN10@DF_TABLE4(2.0),A,HUN,S1,S1,EXC_A,F21,_Z,_Z,XDC_USD,_Z,N,T001,2013,223.695,,F,6,A,0,HUF
OECD.SDD.NAD:DSD_NAMAIN10@DF_TABLE4(2.0),A,ALB,S1,S1,EXC_A,F21,_Z,_Z,XDC_USD,_Z,N,T001,2013,105.669167,,F,6,A,0,ALL
OECD.SDD.NAD:DSD_NAMAIN10@DF_TABLE4(2.0),A,ARG,S1,S1,EXC_A,F21,_Z,_Z,XDC_USD,_Z,N,T001,2013,5.459353,,F,6,A,0,ARS
OECD.SDD.NAD:DSD_NAMAIN10@DF_TABLE4(2.0),A,BRA,S1,S1,EXC_A,F21,_Z,_Z,XDC_USD,_Z,N,T001,2013,2.156089,,F,6,A,0,BRL
OECD.SDD.NAD:DSD_NAMAIN10@DF_TABLE4(2.0),A,GEO,S1,S1,EXC_A,F21,_Z,_Z,XDC_USD,_Z,N,T001,2013,1.66335,,F,6,A,0,GEL
OECD.SDD.NAD:DSD_NAMAIN10@DF_TABLE4(2.0),A,IDN,S1,S1,EXC_A,F21,_Z,_Z,XDC_USD,_Z,N,T001,2013,10461.24,,F,6,A,0,IDR
OECD.SDD.NAD:DSD_NAMAIN10@DF_TABLE4(2.0),A,MKD,S1,S1,EXC_A,F21,_Z,_Z,XDC_USD,_Z,N,T001,2013,46.395342,,F,6,A,0,MKD
OECD.SDD.NAD:DSD_NAMAIN10@DF_TABLE4(2.0),A,RUS,S1,S1,EXC_A,F21,_Z,_Z,XDC_USD,_Z,N,T001,2013,31.837144,,F,6,A,0,RUB
OECD.SDD.NAD:DSD_NAMAIN10@DF_TABLE4(2.0),A,SRB,S1,S1,EXC_A,F21,_Z,_Z,XDC_USD,_Z,N,T001,2013,85.158842,,F,6,A,0,RSD
OECD.SDD.NAD:DSD_NAMAIN10@DF_TABLE4(2.0),A,CZE,S1,S1,EXC_A,F21,_Z,_Z,XDC_USD,_Z,N,T001,2014,20.7575,,F,6,A,0,CZK
OECD.SDD.NAD:DSD_NAMAIN10@DF_TABLE4(2.0),A,HUN,S1,S1,EXC_A,F21,_Z,_Z,XDC_USD,_Z,N,T001,2014,232.601667,,F,6,A,0,HUF
OECD.SDD.NAD:DSD_NAMAIN10@DF_TABLE4(2.0),A,ALB,S1,S1,EXC_A,F21,_Z,_Z,XDC_USD,_Z,N,T001,2014,105.48,,F,6,A,0,ALL
OECD.SDD.NAD:DSD_NAMAIN10@DF_TABLE4(2.0),A,ARG,S1,S1,EXC_A,F21,_Z,_Z,XDC_USD,_Z,N,T001,2014,8.075276,,F,6,A,0,ARS
OECD.SDD.NAD:DSD_NAMAIN10@DF_TABLE4(2.0),A,BRA,S1,S1,EXC_A,F21,_Z,_Z,XDC_USD,_Z,N,T001,2014,2.352952,,F,6,A,0,BRL
OECD.SDD.NAD:DSD_NAMAIN10@DF_TABLE4(2.0),A,GEO,S1,S1,EXC_A,F21,_Z,_Z,XDC_USD,_Z,N,T001,2014,1.765667,,F,6,A,0,GEL
OECD.SDD.NAD:DSD_NAMAIN10@DF_TABLE4(2.0),A,IDN,S1,S1,EXC_A,F21,_Z,_Z,XDC_USD,_Z,N,T001,2014,11865.211296,,F,6,A,0,IDR
OECD.SDD.NAD:DSD_NAMAIN10@DF_TABLE4(2.0),A,MKD,S1,S1,EXC_A,F21,_Z,_Z,XDC_USD,_Z,N,T001,2014,46.437131,,F,6,A,0,MKD
OECD.SDD.NAD:DSD_NAMAIN10@DF_TABLE4(2.0),A,RUS,S1,S1,EXC_A,F21,_Z,_Z,XDC_USD,_Z,N,T001,2014,38.378207,,F,6,A,0,RUB
OECD.SDD.NAD:DSD_NAMAIN10@DF_TABLE4(2.0),A,SRB,S1,S1,EXC_A,F21,_Z,_Z,XDC_USD,_Z,N,T001,2014,88.405308,,F,6,A,0,RSD
OECD.SDD.NAD:DSD_NAMAIN10@DF_TABLE4(2.0),A,CZE,S1,S1,EXC_A,F21,_Z,_Z,XDC_USD,_Z,N,T001,2015,24.59875,,F,6,A,0,CZK
OECD.SDD.NAD:DSD_NAMAIN10@DF_TABLE4(2.0),A,HUN,S1,S1,EXC_A,F21,_Z,_Z,XDC_USD,_Z,N,T001,2015,279.3325,,F,6,A,0,HUF
OECD.SDD.NAD:DSD_NAMAIN10@DF_TABLE4(2.0),A,ALB,S1,S1,EXC_A,F21,_Z,_Z,XDC_USD,_Z,N,T001,2015,125.961667,,F,6,A,0,ALL
OECD.SDD.NAD:DSD_NAMAIN10@DF_TABLE4(2.0),A,ARG,S1,S1,EXC_A,F21,_Z,_Z,XDC_USD,_Z,N,T001,2015,9.233186,,F,6,A,0,ARS
OECD.SDD.NAD:DSD_NAMAIN10@DF_TABLE4(2.0),A,BRA,S1,S1,EXC_A,F21,_Z,_Z,XDC_USD,_Z,N,T001,2015,3.326904,,F,6,A,0,BRL
OECD.SDD.NAD:DSD_NAMAIN10@DF_TABLE4(2.0),A,GEO,S1,S1,EXC_A,F21,_Z,_Z,XDC_USD,_Z,N,T001,2015,2.269342,,F,6,A,0,GEL
OECD.SDD.NAD:DSD_NAMAIN10@DF_TABLE4(2.0),A,IDN,S1,S1,EXC_A,F21,_Z,_Z,XDC_USD,_Z,N,T001,2015,13389.412937,,F,6,A,0,IDR
OECD.SDD.NAD:DSD_NAMAIN10@DF_TABLE4(2.0),A,MKD,S1,S1,EXC_A,F21,_Z,_Z,XDC_USD,_Z,N,T001,2015,55.537075,,F,6,A,0,MKD
OECD.SDD.NAD:DSD_NAMAIN10@DF_TABLE4(2.0),A,RUS,S1,S1,EXC_A,F21,_Z,_Z,XDC_USD,_Z,N,T001,2015,60.93765,,F,6,A,0,RUB
OECD.SDD.NAD:DSD_NAMAIN10@DF_TABLE4(2.0),A,SRB,S1,S1,EXC_A,F21,_Z,_Z,XDC_USD,_Z,N,T001,2015,108.811425,,F,6,A,0,RSD
OECD.SDD.NAD:DSD_NAMAIN10@DF_TABLE4(2.0),A,CZE,S1,S1,EXC_A,F21,_Z,_Z,XDC_USD,_Z,N,T001,2016,24.439917,,F,6,A,0,CZK
OECD.SDD.NAD:DSD_NAMAIN10@DF_TABLE4(2.0),A,HUN,S1,S1,EXC_A,F21,_Z,_Z,XDC_USD,_Z,N,T001,2016,281.523333,,F,6,A,0,HUF
OECD.SDD.NAD:DSD_NAMAIN10@DF_TABLE4(2.0),A,ALB,S1,S1,EXC_A,F21,_Z,_Z,XDC_USD,_Z,N,T001,2016,124.1425,,F,6,A,0,ALL
OECD.SDD.NAD:DSD_NAMAIN10@DF_TABLE4(2.0),A,ARG,S1,S1,EXC_A,F21,_Z,_Z,XDC_USD,_Z,N,T001,2016,14.758175,,F,6,A,0,ARS
OECD.SDD.NAD:DSD_NAMAIN10@DF_TABLE4(2.0),A,BRA,S1,S1,EXC_A,F21,_Z,_Z,XDC_USD,_Z,N,T001,2016,3.491313,,F,6,A,0,BRL
OECD.SDD.NAD:DSD_NAMAIN10@DF_TABLE4(2.0),A,GEO,S1,S1,EXC_A,F21,_Z,_Z,XDC_USD,_Z,N,T001,2016,2.366725,,F,6,A,0,GEL
OECD.SDD.NAD:DSD_NAMAIN10@DF_TABLE4(2.0),A,IDN,S1,S1,EXC_A,F21,_Z,_Z,XDC_USD,_Z,N,T001,2016,13308.326802,,F,6,A,0,IDR
OECD.SDD.NAD:DSD_NAMAIN10@DF_TABLE4(2.0),A,MKD,S1,S1,EXC_A,F21,_Z,_Z,XDC_USD,_Z,N,T001,2016,55.731725,,F,6,A,0,MKD
OECD.SDD.NAD:DSD_NAMAIN10@DF_TABLE4(2.0),A,RUS,S1,S1,EXC_A,F21,_Z,_Z,XDC_USD,_Z,N,T001,2016,67.055933,,F,6,A,0,RUB
OECD.SDD.NAD:DSD_NAMAIN10@DF_TABLE4(2.0),A,SRB,S1,S1,EXC_A,F21,_Z,_Z,XDC_USD,_Z,N,T001,2016,111.27785,,F,6,A,0,RSD
OECD.SDD.NAD:DSD_NAMAIN10@DF_TABLE4(2.0),A,CZE,S1,S1,EXC_A,F21,_Z,_Z,XDC_USD,_Z,N,T001,2017,23.376333,,F,6,A,0,CZK
OECD.SDD.NAD:DSD_NAMAIN10@DF_TABLE4(2.0),A,HUN,S1,S1,EXC_A,F21,_Z,_Z,XDC_USD,_Z,N,T001,2017,274.433333,,F,6,A,0,HUF
OECD.SDD.NAD:DSD_NAMAIN10@DF_TABLE4(2.0),A,ALB,S1,S1,EXC_A,F21,_Z,_Z,XDC_USD,_Z,N,T001,2017,119.1,,F,6,A,0,ALL
OECD.SDD.NAD:DSD_NAMAIN10@DF_TABLE4(2.0),A,ARG,S1,S1,EXC_A,F21,_Z,_Z,XDC_USD,_Z,N,T001,2017,16.562707,,F,6,A,0,ARS
OECD.SDD.NAD:DSD_NAMAIN10@DF_TABLE4(2.0),A,BRA,S1,S1,EXC_A,F21,_Z,_Z,XDC_USD,_Z,N,T001,2017,3.191389,,F,6,A,0,BRL
OECD.SDD.NAD:DSD_NAMAIN10@DF_TABLE4(2.0),A,GEO,S1,S1,EXC_A,F21,_Z,_Z,XDC_USD,_Z,N,T001,2017,2.509542,,F,6,A,0,GEL
OECD.SDD.NAD:DSD_NAMAIN10@DF_TABLE4(2.0),A,IDN,S1,S1,EXC_A,F21,_Z,_Z,XDC_USD,_Z,N,T001,2017,13380.833879,,F,6,A,0,IDR
OECD.SDD.NAD:DSD_NAMAIN10@DF_TABLE4(2.0),A,MKD,S1,S1,EXC_A,F21,_Z,_Z,XDC_USD,_Z,N,T001,2017,54.665458,,F,6,A,0,MKD
OECD.SDD.NAD:DSD_NAMAIN10@DF_TABLE4(2.0),A,RUS,S1,S1,EXC_A,F21,_Z,_Z,XDC_USD,_Z,N,T001,2017,58.342801,,F,6,A,0,RUB
OECD.SDD.NAD:DSD_NAMAIN10@DF_TABLE4(2.0),A,SRB,S1,S1,EXC_A,F21,_Z,_Z,XDC_USD,_Z,N,T001,2017,107.75885,,F,6,A,0,RSD
OECD.SDD.NAD:DSD_NAMAIN10@DF_TABLE4(2.0),A,CZE,S1,S1,EXC_A,F21,_Z,_Z,XDC_USD,_Z,N,T001,2018,21.729917,,F,6,A,0,CZK
OECD.SDD.NAD:DSD_NAMAIN10@DF_TABLE4(2.0),A,HUN,S1,S1,EXC_A,F21,_Z,_Z,XDC_USD,_Z,N,T001,2018,270.211667,,F,6,A,0,HUF
OECD.SDD.NAD:DSD_NAMAIN10@DF_TABLE4(2.0),A,ALB,S1,S1,EXC_A,F21,_Z,_Z,XDC_USD,_Z,N,T001,2018,107.989167,,F,6,A,0,ALL
OECD.SDD.NAD:DSD_NAMAIN10@DF_TABLE4(2.0),A,ARG,S1,S1,EXC_A,F21,_Z,_Z,XDC_USD,_Z,N,T001,2018,28.094992,,F,6,A,0,ARS
OECD.SDD.NAD:DSD_NAMAIN10@DF_TABLE4(2.0),A,BRA,S1,S1,EXC_A,F21,_Z,_Z,XDC_USD,_Z,N,T001,2018,3.653825,,F,6,A,0,BRL
OECD.SDD.NAD:DSD_NAMAIN10@DF_TABLE4(2.0),A,GEO,S1,S1,EXC_A,F21,_Z,_Z,XDC_USD,_Z,N,T001,2018,2.534111,,F,6,A,0,GEL
OECD.SDD.NAD:DSD_NAMAIN10@DF_TABLE4(2.0),A,IDN,S1,S1,EXC_A,F21,_Z,_Z,XDC_USD,_Z,N,T001,2018,14236.938773,,F,6,A,0,IDR
OECD.SDD.NAD:DSD_NAMAIN10@DF_TABLE4(2.0),A,MKD,S1,S1,EXC_A,F21,_Z,_Z,XDC_USD,_Z,N,T001,2018,52.107108,,F,6,A,0,MKD
OECD.SDD.NAD:DSD_NAMAIN10@DF_TABLE4(2.0),A,RUS,S1,S1,EXC_A,F21,_Z,_Z,XDC_USD,_Z,N,T001,2018,62.668133,,F,6,A,0,RUB
OECD.SDD.NAD:DSD_NAMAIN10@DF_TABLE4(2.0),A,SRB,S1,S1,EXC_A,F21,_Z,_Z,XDC_USD,_Z,N,T001,2018,100.175075,,F,6,A,0,RSD
OECD.SDD.NAD:DSD_NAMAIN10@DF_TABLE4(2.0),A,CZE,S1,S1,EXC_A,F21,_Z,_Z,XDC_USD,_Z,N,T001,2019,22.93225,,F,6,A,0,CZK
OECD.SDD.NAD:DSD_NAMAIN10@DF_TABLE4(2.0),A,HUN,S1,S1,EXC_A,F21,_Z,_Z,XDC_USD,_Z,N,T001,2019,290.66,,F,6,A,0,HUF
OECD.SDD.NAD:DSD_NAMAIN10@DF_TABLE4(2.0),A,ALB,S1,S1,EXC_A,F21,_Z,_Z,XDC_USD,_Z,N,T001,2019,109.850833,,F,6,A,0,ALL
OECD.SDD.NAD:DSD_NAMAIN10@DF_TABLE4(2.0),A,ARG,S1,S1,EXC_A,F21,_Z,_Z,XDC_USD,_Z,N,T001,2019,48.147892,,F,6,A,0,ARS
OECD.SDD.NAD:DSD_NAMAIN10@DF_TABLE4(2.0),A,BRA,S1,S1,EXC_A,F21,_Z,_Z,XDC_USD,_Z,N,T001,2019,3.944471,,F,6,A,0,BRL
OECD.SDD.NAD:DSD_NAMAIN10@DF_TABLE4(2.0),A,GEO,S1,S1,EXC_A,F21,_Z,_Z,XDC_USD,_Z,N,T001,2019,2.818145,,F,6,A,0,GEL
OECD.SDD.NAD:DSD_NAMAIN10@DF_TABLE4(2.0),A,IDN,S1,S1,EXC_A,F21,_Z,_Z,XDC_USD,_Z,N,T001,2019,14147.671361,,F,6,A,0,IDR
OECD.SDD.NAD:DSD_NAMAIN10@DF_TABLE4(2.0),A,MKD,S1,S1,EXC_A,F21,_Z,_Z,XDC_USD,_Z,N,T001,2019,54.9472,,F,6,A,0,MKD
OECD.SDD.NAD:DSD_NAMAIN10@DF_TABLE4(2.0),A,RUS,S1,S1,EXC_A,F21,_Z,_Z,XDC_USD,_Z,N,T001,2019,64.737658,,F,6,A,0,RUB
OECD.SDD.NAD:DSD_NAMAIN10@DF_TABLE4(2.0),A,SRB,S1,S1,EXC_A,F21,_Z,_Z,XDC_USD,_Z,N,T001,2019,105.249558,,F,6,A,0,RSD
OECD.SDD.NAD:DSD_NAMAIN10@DF_TABLE4(2.0),A,CZE,S1,S1,EXC_A,F21,_Z,_Z,XDC_USD,_Z,N,T001,2020,23.21025,,F,6,A,0,CZK
OECD.SDD.NAD:DSD_NAMAIN10@DF_TABLE4(2.0),A,HUN,S1,S1,EXC_A,F21,_Z,_Z,XDC_USD,_Z,N,T001,2020,307.996667,,F,6,A,0,HUF
OECD.SDD.NAD:DSD_NAMAIN10@DF_TABLE4(2.0),A,ALB,S1,S1,EXC_A,F21,_Z,_Z,XDC_USD,_Z,N,T001,2020,108.65,,F,6,A,0,ALL
OECD.SDD.NAD:DSD_NAMAIN10@DF_TABLE4(2.0),A,ARG,S1,S1,EXC_A,F21,_Z,_Z,XDC_USD,_Z,N,T001,2020,70.539167,,F,6,A,0,ARS
OECD.SDD.NAD:DSD_NAMAIN10@DF_TABLE4(2.0),A,BRA,S1,S1,EXC_A,F21,_Z,_Z,XDC_USD,_Z,N,T001,2020,5.155179,,F,6,A,0,BRL
OECD.SDD.NAD:DSD_NAMAIN10@DF_TABLE4(2.0),A,GEO,S1,S1,EXC_A,F21,_Z,_Z,XDC_USD,_Z,N,T001,2020,3.109017,,F,6,A,0,GEL
OECD.SDD.NAD:DSD_NAMAIN10@DF_TABLE4(2.0),A,IDN,S1,S1,EXC_A,F21,_Z,_Z,XDC_USD,_Z,N,T001,2020,14582.203468,,F,6,A,0,IDR
OECD.SDD.NAD:DSD_NAMAIN10@DF_TABLE4(2.0),A,MKD,S1,S1,EXC_A,F21,_Z,_Z,XDC_USD,_Z,N,T001,2020,54.144325,,F,6,A,0,MKD
OECD.SDD.NAD:DSD_NAMAIN10@DF_TABLE4(2.0),A,RUS,S1,S1,EXC_A,F21,_Z,_Z,XDC_USD,_Z,N,T001,2020,72.104908,,F,6,A,0,RUB
OECD.SDD.NAD:DSD_NAMAIN10@DF_TABLE4(2.0),A,SRB,S1,S1,EXC_A,F21,_Z,_Z,XDC_USD,_Z,N,T001,2020,103.163292,,F,6,A,0,RSD
OECD.SDD.NAD:DSD_NAMAIN10@DF_TABLE4(2.0),A,CZE,S1,S1,EXC_A,F21,_Z,_Z,XDC_USD,_Z,N,T001,2021,21.678167,,F,6,A,0,CZK
OECD.SDD.NAD:DSD_NAMAIN10@DF_TABLE4(2.0),A,HUN,S1,S1,EXC_A,F21,_Z,_Z,XDC_USD,_Z,N,T001,2021,303.140833,,F,6,A,0,HUF
OECD.SDD.NAD:DSD_NAMAIN10@DF_TABLE4(2.0),A,ALB,S1,S1,EXC_A,F21,_Z,_Z,XDC_USD,_Z,N,T001,2021,103.52,,F,6,A,0,ALL
OECD.SDD.NAD:DSD_NAMAIN10@DF_TABLE4(2.0),A,ARG,S1,S1,EXC_A,F21,_Z,_Z,XDC_USD,_Z,N,T001,2021,94.990742,,F,6,A,0,ARS
OECD.SDD.NAD:DSD_NAMAIN10@DF_TABLE4(2.0),A,BRA,S1,S1,EXC_A,F21,_Z,_Z,XDC_USD,_Z,N,T001,2021,5.394401,,F,6,A,0,BRL
OECD.SDD.NAD:DSD_NAMAIN10@DF_TABLE4(2.0),A,GEO,S1,S1,EXC_A,F21,_Z,_Z,XDC_USD,_Z,N,T001,2021,3.221558,,F,6,A,0,GEL
OECD.SDD.NAD:DSD_NAMAIN10@DF_TABLE4(2.0),A,IDN,S1,S1,EXC_A,F21,_Z,_Z,XDC_USD,_Z,N,T001,2021,14308.143901,,F,6,A,0,IDR
OECD.SDD.NAD:DSD_NAMAIN10@DF_TABLE4(2.0),A,MKD,S1,S1,EXC_A,F21,_Z,_Z,XDC_USD,_Z,N,T001,2021,52.102158,,F,6,A,0,MKD
OECD.SDD.NAD:DSD_NAMAIN10@DF_TABLE4(2.0),A,RUS,S1,S1,EXC_A,F21,_Z,_Z,XDC_USD,_Z,N,T001,2021,73.65435,,F,6,A,0,RUB
OECD.SDD.NAD:DSD_NAMAIN10@DF_TABLE4(2.0),A,SRB,S1,S1,EXC_A,F21,_Z,_Z,XDC_USD,_Z,N,T001,2021,99.395942,,F,6,A,0,RSD
OECD.SDD.NAD:DSD_NAMAIN10@DF_TABLE4(2.0),A,CZE,S1,S1,EXC_A,F21,_Z,_Z,XDC_USD,_Z,N,T001,2022,23.357,,F,6,A,0,CZK
OECD.SDD.NAD:DSD_NAMAIN10@DF_TABLE4(2.0),A,HUN,S1,S1,EXC_A,F21,_Z,_Z,XDC_USD,_Z,N,T001,2022,372.595833,,F,6,A,0,HUF
OECD.SDD.NAD:DSD_NAMAIN10@DF_TABLE4(2.0),A,ALB,S1,S1,EXC_A,F21,_Z,_Z,XDC_USD,_Z,N,T001,2022,113.041667,,F,6,A,0,ALL
OECD.SDD.NAD:DSD_NAMAIN10@DF_TABLE4(2.0),A,ARG,S1,S1,EXC_A,F21,_Z,_Z,XDC_USD,_Z,N,T001,2022,130.61655,,F,6,A,0,ARS
OECD.SDD.NAD:DSD_NAMAIN10@DF_TABLE4(2.0),A,BRA,S1,S1,EXC_A,F21,_Z,_Z,XDC_USD,_Z,N,T001,2022,5.16397,,F,6,A,0,BRL
OECD.SDD.NAD:DSD_NAMAIN10@DF_TABLE4(2.0),A,GEO,S1,S1,EXC_A,F21,_Z,_Z,XDC_USD,_Z,N,T001,2022,2.9162,,F,6,A,0,GEL
OECD.SDD.NAD:DSD_NAMAIN10@DF_TABLE4(2.0),A,IDN,S1,S1,EXC_A,F21,_Z,_Z,XDC_USD,_Z,N,T001,2022,14849.853936,,F,6,A,0,IDR
OECD.SDD.NAD:DSD_NAMAIN10@DF_TABLE4(2.0),A,MKD,S1,S1,EXC_A,F21,_Z,_Z,XDC_USD,_Z,N,T001,2022,58.574392,,F,6,A,0,MKD
OECD.SDD.NAD:DSD_NAMAIN10@DF_TABLE4(2.0),A,RUS,S1,S1,EXC_A,F21,_Z,_Z,XDC_USD,_Z,N,T001,2022,68.484942,,F,6,A,0,RUB
OECD.SDD.NAD:DSD_NAMAIN10@DF_TABLE4(2.0),A,SRB,S1,S1,EXC_A,F21,_Z,_Z,XDC_USD,_Z,N,T001,2022,111.662183,,F,6,A,0,RSD
OECD.SDD.NAD:DSD_NAMAIN10@DF_TABLE4(2.0),A,CZE,S1,S1,EXC_A,F21,_Z,_Z,XDC_USD,_Z,N,T001,2023,22.198083,,F,6,A,0,CZK
OECD.SDD.NAD:DSD_NAMAIN10@DF_TABLE4(2.0),A,HUN,S1,S1,EXC_A,F21,_Z,_Z,XDC_USD,_Z,N,T001,2023,353.088333,,F,6,A,0,HUF
OECD.SDD.NAD:DSD_NAMAIN10@DF_TABLE4(2.0),A,ALB,S1,S1,EXC_A,F21,_Z,_Z,XDC_USD,_Z,N,T001,2023,100.645,,F,6,A,0,ALL
OECD.SDD.NAD:DSD_NAMAIN10@DF_TABLE4(2.0),A,ARG,S1,S1,EXC_A,F21,_Z,_Z,XDC_USD,_Z,N,T001,2023,296.258042,,F,6,A,0,ARS
OECD.SDD.NAD:DSD_NAMAIN10@DF_TABLE4(2.0),A,BRA,S1,S1,EXC_A,F21,_Z,_Z,XDC_USD,_Z,N,T001,2023,4.99438,,F,6,A,0,BRL
OECD.SDD.NAD:DSD_NAMAIN10@DF_TABLE4(2.0),A,GEO,S1,S1,EXC_A,F21,_Z,_Z,XDC_USD,_Z,N,T001,2023,2.627958,,F,6,A,0,GEL
OECD.SDD.NAD:DSD_NAMAIN10@DF_TABLE4(2.0),A,IDN,S1,S1,EXC_A,F21,_Z,_Z,XDC_USD,_Z,N,T001,2023,15236.884662,,F,6,A,0,IDR
OECD.SDD.NAD:DSD_NAMAIN10@DF_TABLE4(2.0),A,MKD,S1,S1,EXC_A,F21,_Z,_Z,XDC_USD,_Z,N,T001,2023,56.947192,,F,6,A,0,MKD
OECD.SDD.NAD:DSD_NAMAIN10@DF_TABLE4(2.0),A,RUS,S1,S1,EXC_A,F21,_Z,_Z,XDC_USD,_Z,N,T001,2023,85.162008,,F,6,A,0,RUB
OECD.SDD.NAD:DSD_NAMAIN10@DF_TABLE4(2.0),A,SRB,S1,S1,EXC_A,F21,_Z,_Z,XDC_USD,_Z,N,T001,2023,108.402692,,F,6,A,0,RSD
OECD.SDD.NAD:DSD_NAMAIN10@DF_TABLE4(2.0),A,MEX,S1,S1,EXC_A,F21,_Z,_Z,XDC_USD,_Z,N,T001,1950,0.00865,,F,6,A,0,MXN
OECD.SDD.NAD:DSD_NAMAIN10@DF_TABLE4(2.0),A,MEX,S1,S1,EXC_A,F21,_Z,_Z,XDC_USD,_Z,N,T001,1951,0.00865,,F,6,A,0,MXN
OECD.SDD.NAD:DSD_NAMAIN10@DF_TABLE4(2.0),A,MEX,S1,S1,EXC_A,F21,_Z,_Z,XDC_USD,_Z,N,T001,1952,0.00865,,F,6,A,0,MXN
OECD.SDD.NAD:DSD_NAMAIN10@DF_TABLE4(2.0),A,MEX,S1,S1,EXC_A,F21,_Z,_Z,XDC_USD,_Z,N,T001,1953,0.00865,,F,6,A,0,MXN
OECD.SDD.NAD:DSD_NAMAIN10@DF_TABLE4(2.0),A,MEX,S1,S1,EXC_A,F21,_Z,_Z,XDC_USD,_Z,N,T001,1954,0.0125,,F,6,A,0,MXN
OECD.SDD.NAD:DSD_NAMAIN10@DF_TABLE4(2.0),A,MEX,S1,S1,EXC_A,F21,_Z,_Z,XDC_USD,_Z,N,T001,1955,0.0125,,F,6,A,0,MXN
OECD.SDD.NAD:DSD_NAMAIN10@DF_TABLE4(2.0),A,MEX,S1,S1,EXC_A,F21,_Z,_Z,XDC_USD,_Z,N,T001,1956,0.0125,,F,6,A,0,MXN
OECD.SDD.NAD:DSD_NAMAIN10@DF_TABLE4(2.0),A,MEX,S1,S1,EXC_A,F21,_Z,_Z,XDC_USD,_Z,N,T001,1957,0.0125,,F,6,A,0,MXN
OECD.SDD.NAD:DSD_NAMAIN10@DF_TABLE4(2.0),A,MEX,S1,S1,EXC_A,F21,_Z,_Z,XDC_USD,_Z,N,T001,1958,0.0125,,F,6,A,0,MXN
OECD.SDD.NAD:DSD_NAMAIN10@DF_TABLE4(2.0),A,MEX,S1,S1,EXC_A,F21,_Z,_Z,XDC_USD,_Z,N,T001,1959,0.0125,,F,6,A,0,MXN
OECD.SDD.NAD:DSD_NAMAIN10@DF_TABLE4(2.0),A,MEX,S1,S1,EXC_A,F21,_Z,_Z,XDC_USD,_Z,N,T001,1960,0.0125,,F,6,A,0,MXN
OECD.SDD.NAD:DSD_NAMAIN10@DF_TABLE4(2.0),A,MEX,S1,S1,EXC_A,F21,_Z,_Z,XDC_USD,_Z,N,T001,1961,0.0125,,F,6,A,0,MXN
OECD.SDD.NAD:DSD_NAMAIN10@DF_TABLE4(2.0),A,MEX,S1,S1,EXC_A,F21,_Z,_Z,XDC_USD,_Z,N,T001,1962,0.0125,,F,6,A,0,MXN
OECD.SDD.NAD:DSD_NAMAIN10@DF_TABLE4(2.0),A,MEX,S1,S1,EXC_A,F21,_Z,_Z,XDC_USD,_Z,N,T001,1963,0.0125,,F,6,A,0,MXN
OECD.SDD.NAD:DSD_NAMAIN10@DF_TABLE4(2.0),A,MEX,S1,S1,EXC_A,F21,_Z,_Z,XDC_USD,_Z,N,T001,1964,0.0125,,F,6,A,0,MXN
OECD.SDD.NAD:DSD_NAMAIN10@DF_TABLE4(2.0),A,MEX,S1,S1,EXC_A,F21,_Z,_Z,XDC_USD,_Z,N,T001,1965,0.0125,,F,6,A,0,MXN
OECD.SDD.NAD:DSD_NAMAIN10@DF_TABLE4(2.0),A,MEX,S1,S1,EXC_A,F21,_Z,_Z,XDC_USD,_Z,N,T001,1966,0.0125,,F,6,A,0,MXN
OECD.SDD.NAD:DSD_NAMAIN10@DF_TABLE4(2.0),A,MEX,S1,S1,EXC_A,F21,_Z,_Z,XDC_USD,_Z,N,T001,1967,0.0125,,F,6,A,0,MXN
OECD.SDD.NAD:DSD_NAMAIN10@DF_TABLE4(2.0),A,MEX,S1,S1,EXC_A,F21,_Z,_Z,XDC_USD,_Z,N,T001,1968,0.0125,,F,6,A,0,MXN
OECD.SDD.NAD:DSD_NAMAIN10@DF_TABLE4(2.0),A,MEX,S1,S1,EXC_A,F21,_Z,_Z,XDC_USD,_Z,N,T001,1969,0.0125,,F,6,A,0,MXN
OECD.SDD.NAD:DSD_NAMAIN10@DF_TABLE4(2.0),A,MEX,S1,S1,EXC_A,F21,_Z,_Z,XDC_USD,_Z,N,T001,1970,0.0125,,F,6,A,0,MXN
OECD.SDD.NAD:DSD_NAMAIN10@DF_TABLE4(2.0),A,MEX,S1,S1,EXC_A,F21,_Z,_Z,XDC_USD,_Z,N,T001,1971,0.0125,,F,6,A,0,MXN
OECD.SDD.NAD:DSD_NAMAIN10@DF_TABLE4(2.0),A,MEX,S1,S1,EXC_A,F21,_Z,_Z,XDC_USD,_Z,N,T001,1972,0.0125,,F,6,A,0,MXN
OECD.SDD.NAD:DSD_NAMAIN10@DF_TABLE4(2.0),A,MEX,S1,S1,EXC_A,F21,_Z,_Z,XDC_USD,_Z,N,T001,1973,0.0125,,F,6,A,0,MXN
OECD.SDD.NAD:DSD_NAMAIN10@DF_TABLE4(2.0),A,MEX,S1,S1,EXC_A,F21,_Z,_Z,XDC_USD,_Z,N,T001,1974,0.0125,,F,6,A,0,MXN
OECD.SDD.NAD:DSD_NAMAIN10@DF_TABLE4(2.0),A,MEX,S1,S1,EXC_A,F21,_Z,_Z,XDC_USD,_Z,N,T001,1975,0.0125,,F,6,A,0,MXN
OECD.SDD.NAD:DSD_NAMAIN10@DF_TABLE4(2.0),A,MEX,S1,S1,EXC_A,F21,_Z,_Z,XDC_USD,_Z,N,T001,1976,0.015426,,F,6,A,0,MXN
OECD.SDD.NAD:DSD_NAMAIN10@DF_TABLE4(2.0),A,MEX,S1,S1,EXC_A,F21,_Z,_Z,XDC_USD,_Z,N,T001,1977,0.022573,,F,6,A,0,MXN
OECD.SDD.NAD:DSD_NAMAIN10@DF_TABLE4(2.0),A,MEX,S1,S1,EXC_A,F21,_Z,_Z,XDC_USD,_Z,N,T001,1978,0.022767,,F,6,A,0,MXN
OECD.SDD.NAD:DSD_NAMAIN10@DF_TABLE4(2.0),A,MEX,S1,S1,EXC_A,F21,_Z,_Z,XDC_USD,_Z,N,T001,1979,0.022805,,F,6,A,0,MXN
OECD.SDD.NAD:DSD_NAMAIN10@DF_TABLE4(2.0),A,MEX,S1,S1,EXC_A,F21,_Z,_Z,XDC_USD,_Z,N,T001,1980,0.022951,,F,6,A,0,MXN
OECD.SDD.NAD:DSD_NAMAIN10@DF_TABLE4(2.0),A,MEX,S1,S1,EXC_A,F21,_Z,_Z,XDC_USD,_Z,N,T001,1981,0.024515,,F,6,A,0,MXN
OECD.SDD.NAD:DSD_NAMAIN10@DF_TABLE4(2.0),A,MEX,S1,S1,EXC_A,F21,_Z,_Z,XDC_USD,_Z,N,T001,1982,0.056402,,F,6,A,0,MXN
OECD.SDD.NAD:DSD_NAMAIN10@DF_TABLE4(2.0),A,MEX,S1,S1,EXC_A,F21,_Z,_Z,XDC_USD,_Z,N,T001,1983,0.120094,,F,6,A,0,MXN
OECD.SDD.NAD:DSD_NAMAIN10@DF_TABLE4(2.0),A,MEX,S1,S1,EXC_A,F21,_Z,_Z,XDC_USD,_Z,N,T001,1984,0.167828,,F,6,A,0,MXN
OECD.SDD.NAD:DSD_NAMAIN10@DF_TABLE4(2.0),A,MEX,S1,S1,EXC_A,F21,_Z,_Z,XDC_USD,_Z,N,T001,1985,0.256872,,F,6,A,0,MXN
OECD.SDD.NAD:DSD_NAMAIN10@DF_TABLE4(2.0),A,MEX,S1,S1,EXC_A,F21,_Z,_Z,XDC_USD,_Z,N,T001,1986,0.611773,,F,6,A,0,MXN
OECD.SDD.NAD:DSD_NAMAIN10@DF_TABLE4(2.0),A,MEX,S1,S1,EXC_A,F21,_Z,_Z,XDC_USD,_Z,N,T001,1987,1.378183,,F,6,A,0,MXN
OECD.SDD.NAD:DSD_NAMAIN10@DF_TABLE4(2.0),A,MEX,S1,S1,EXC_A,F21,_Z,_Z,XDC_USD,_Z,N,T001,1988,2.273105,,F,6,A,0,MXN
OECD.SDD.NAD:DSD_NAMAIN10@DF_TABLE4(2.0),A,MEX,S1,S1,EXC_A,F21,_Z,_Z,XDC_USD,_Z,N,T001,1989,2.461473,,F,6,A,0,MXN
OECD.SDD.NAD:DSD_NAMAIN10@DF_TABLE4(2.0),A,MEX,S1,S1,EXC_A,F21,_Z,_Z,XDC_USD,_Z,N,T001,1990,2.812599,,F,6,A,0,MXN
OECD.SDD.NAD:DSD_NAMAIN10@DF_TABLE4(2.0),A,MEX,S1,S1,EXC_A,F21,_Z,_Z,XDC_USD,_Z,N,T001,1991,3.01843,,F,6,A,0,MXN
OECD.SDD.NAD:DSD_NAMAIN10@DF_TABLE4(2.0),A,MEX,S1,S1,EXC_A,F21,_Z,_Z,XDC_USD,_Z,N,T001,1992,3.094898,,F,6,A,0,MXN
OECD.SDD.NAD:DSD_NAMAIN10@DF_TABLE4(2.0),A,MEX,S1,S1,EXC_A,F21,_Z,_Z,XDC_USD,_Z,N,T001,1993,3.115617,,F,6,A,0,MXN
OECD.SDD.NAD:DSD_NAMAIN10@DF_TABLE4(2.0),A,MEX,S1,S1,EXC_A,F21,_Z,_Z,XDC_USD,_Z,N,T001,1994,3.375117,,F,6,A,0,MXN
OECD.SDD.NAD:DSD_NAMAIN10@DF_TABLE4(2.0),A,MEX,S1,S1,EXC_A,F21,_Z,_Z,XDC_USD,_Z,N,T001,1995,6.419425,,F,6,A,0,MXN
OECD.SDD.NAD:DSD_NAMAIN10@DF_TABLE4(2.0),A,MEX,S1,S1,EXC_A,F21,_Z,_Z,XDC_USD,_Z,N,T001,1996,7.599448,,F,6,A,0,MXN
OECD.SDD.NAD:DSD_NAMAIN10@DF_TABLE4(2.0),A,MEX,S1,S1,EXC_A,F21,_Z,_Z,XDC_USD,_Z,N,T001,1997,7.91846,,F,6,A,0,MXN
OECD.SDD.NAD:DSD_NAMAIN10@DF_TABLE4(2.0),A,MEX,S1,S1,EXC_A,F21,_Z,_Z,XDC_USD,_Z,N,T001,1998,9.136042,,F,6,A,0,MXN
OECD.SDD.NAD:DSD_NAMAIN10@DF_TABLE4(2.0),A,MEX,S1,S1,EXC_A,F21,_Z,_Z,XDC_USD,_Z,N,T001,1999,9.560398,,F,6,A,0,MXN
OECD.SDD.NAD:DSD_NAMAIN10@DF_TABLE4(2.0),A,MEX,S1,S1,EXC_A,F21,_Z,_Z,XDC_USD,_Z,N,T001,2000,9.455558,,F,6,A,0,MXN
OECD.SDD.NAD:DSD_NAMAIN10@DF_TABLE4(2.0),A,MEX,S1,S1,EXC_A,F21,_Z,_Z,XDC_USD,_Z,N,T001,2001,9.342342,,F,6,A,0,MXN
OECD.SDD.NAD:DSD_NAMAIN10@DF_TABLE4(2.0),A,MEX,S1,S1,EXC_A,F21,_Z,_Z,XDC_USD,_Z,N,T001,2002,9.655958,,F,6,A,0,MXN
OECD.SDD.NAD:DSD_NAMAIN10@DF_TABLE4(2.0),A,MEX,S1,S1,EXC_A,F21,_Z,_Z,XDC_USD,_Z,N,T001,2003,10.789019,,F,6,A,0,MXN
OECD.SDD.NAD:DSD_NAMAIN10@DF_TABLE4(2.0),A,MEX,S1,S1,EXC_A,F21,_Z,_Z,XDC_USD,_Z,N,T001,2004,11.285967,,F,6,A,0,MXN
OECD.SDD.NAD:DSD_NAMAIN10@DF_TABLE4(2.0),A,MEX,S1,S1,EXC_A,F21,_Z,_Z,XDC_USD,_Z,N,T001,2005,10.897892,,F,6,A,0,MXN
OECD.SDD.NAD:DSD_NAMAIN10@DF_TABLE4(2.0),A,MEX,S1,S1,EXC_A,F21,_Z,_Z,XDC_USD,_Z,N,T001,2006,10.899242,,F,6,A,0,MXN
OECD.SDD.NAD:DSD_NAMAIN10@DF_TABLE4(2.0),A,MEX,S1,S1,EXC_A,F21,_Z,_Z,XDC_USD,_Z,N,T001,2007,10.928192,,F,6,A,0,MXN
OECD.SDD.NAD:DSD_NAMAIN10@DF_TABLE4(2.0),A,MEX,S1,S1,EXC_A,F21,_Z,_Z,XDC_USD,_Z,N,T001,2008,11.129717,,F,6,A,0,MXN
OECD.SDD.NAD:DSD_NAMAIN10@DF_TABLE4(2.0),A,MEX,S1,S1,EXC_A,F21,_Z,_Z,XDC_USD,_Z,N,T001,2009,13.513475,,F,6,A,0,MXN
OECD.SDD.NAD:DSD_NAMAIN10@DF_TABLE4(2.0),A,MEX,S1,S1,EXC_A,F21,_Z,_Z,XDC_USD,_Z,N,T001,2010,12.636008,,F,6,A,0,MXN
OECD.SDD.NAD:DSD_NAMAIN10@DF_TABLE4(2.0),A,MEX,S1,S1,EXC_A,F21,_Z,_Z,XDC_USD,_Z,N,T001,2011,12.423325,,F,6,A,0,MXN
OECD.SDD.NAD:DSD_NAMAIN10@DF_TABLE4(2.0),A,MEX,S1,S1,EXC_A,F21,_Z,_Z,XDC_USD,_Z,N,T001,2012,13.169458,,F,6,A,0,MXN
OECD.SDD.NAD:DSD_NAMAIN10@DF_TABLE4(2.0),A,MEX,S1,S1,EXC_A,F21,_Z,_Z,XDC_USD,_Z,N,T001,2013,12.771992,,F,6,A,0,MXN
OECD.SDD.NAD:DSD_NAMAIN10@DF_TABLE4(2.0),A,MEX,S1,S1,EXC_A,F21,_Z,_Z,XDC_USD,_Z,N,T001,2014,13.29245,,F,6,A,0,MXN
OECD.SDD.NAD:DSD_NAMAIN10@DF_TABLE4(2.0),A,MEX,S1,S1,EXC_A,F21,_Z,_Z,XDC_USD,_Z,N,T001,2015,15.848267,,F,6,A,0,MXN
OECD.SDD.NAD:DSD_NAMAIN10@DF_TABLE4(2.0),A,MEX,S1,S1,EXC_A,F21,_Z,_Z,XDC_USD,_Z,N,T001,2016,18.664058,,F,6,A,0,MXN
OECD.SDD.NAD:DSD_NAMAIN10@DF_TABLE4(2.0),A,MEX,S1,S1,EXC_A,F21,_Z,_Z,XDC_USD,_Z,N,T001,2017,18.926517,,F,6,A,0,MXN
OECD.SDD.NAD:DSD_NAMAIN10@DF_TABLE4(2.0),A,MEX,S1,S1,EXC_A,F21,_Z,_Z,XDC_USD,_Z,N,T001,2018,19.244342,,F,6,A,0,MXN
OECD.SDD.NAD:DSD_NAMAIN10@DF_TABLE4(2.0),A,MEX,S1,S1,EXC_A,F21,_Z,_Z,XDC_USD,_Z,N,T001,2019,19.263633,,F,6,A,0,MXN
OECD.SDD.NAD:DSD_NAMAIN10@DF_TABLE4(2.0),A,MEX,S1,S1,EXC_A,F21,_Z,_Z,XDC_USD,_Z,N,T001,2020,21.485608,,F,6,A,0,MXN
OECD.SDD.NAD:DSD_NAMAIN10@DF_TABLE4(2.0),A,MEX,S1,S1,EXC_A,F21,_Z,_Z,XDC_USD,_Z,N,T001,2021,20.272408,,F,6,A,0,MXN
OECD.SDD.NAD:DSD_NAMAIN10@DF_TABLE4(2.0),A,MEX,S1,S1,EXC_A,F21,_Z,_Z,XDC_USD,_Z,N,T001,2022,20.12735,,F,6,A,0,MXN
OECD.SDD.NAD:DSD_NAMAIN10@DF_TABLE4(2.0),A,MEX,S1,S1,EXC_A,F21,_Z,_Z,XDC_USD,_Z,N,T001,2023,17.758717,,F,6,A,0,MXN
OECD.SDD.NAD:DSD_NAMAIN10@DF_TABLE4(2.0),A,KOR,S1,S1,EXC_A,F21,_Z,_Z,XDC_USD,_Z,N,T001,1950,2.5,,F,6,A,0,KRW
OECD.SDD.NAD:DSD_NAMAIN10@DF_TABLE4(2.0),A,KOR,S1,S1,EXC_A,F21,_Z,_Z,XDC_USD,_Z,N,T001,1951,6,,F,6,A,0,KRW
OECD.SDD.NAD:DSD_NAMAIN10@DF_TABLE4(2.0),A,KOR,S1,S1,EXC_A,F21,_Z,_Z,XDC_USD,_Z,N,T001,1952,6,,F,6,A,0,KRW
OECD.SDD.NAD:DSD_NAMAIN10@DF_TABLE4(2.0),A,KOR,S1,S1,EXC_A,F21,_Z,_Z,XDC_USD,_Z,N,T001,1953,18,,F,6,A,0,KRW
OECD.SDD.NAD:DSD_NAMAIN10@DF_TABLE4(2.0),A,KOR,S1,S1,EXC_A,F21,_Z,_Z,XDC_USD,_Z,N,T001,1954,18,,F,6,A,0,KRW
OECD.SDD.NAD:DSD_NAMAIN10@DF_TABLE4(2.0),A,KOR,S1,S1,EXC_A,F21,_Z,_Z,XDC_USD,_Z,N,T001,1955,50,,F,6,A,0,KRW
OECD.SDD.NAD:DSD_NAMAIN10@DF_TABLE4(2.0),A,KOR,S1,S1,EXC_A,F21,_Z,_Z,XDC_USD,_Z,N,T001,1956,50,,F,6,A,0,KRW
OECD.SDD.NAD:DSD_NAMAIN10@DF_TABLE4(2.0),A,KOR,S1,S1,EXC_A,F21,_Z,_Z,XDC_USD,_Z,N,T001,1957,50,,F,6,A,0,KRW
OECD.SDD.NAD:DSD_NAMAIN10@DF_TABLE4(2.0),A,KOR,S1,S1,EXC_A,F21,_Z,_Z,XDC_USD,_Z,N,T001,1958,50,,F,6,A,0,KRW
OECD.SDD.NAD:DSD_NAMAIN10@DF_TABLE4(2.0),A,KOR,S1,S1,EXC_A,F21,_Z,_Z,XDC_USD,_Z,N,T001,1959,50,,F,6,A,0,KRW
OECD.SDD.NAD:DSD_NAMAIN10@DF_TABLE4(2.0),A,KOR,S1,S1,EXC_A,F21,_Z,_Z,XDC_USD,_Z,N,T001,1960,63.125,,F,6,A,0,KRW
OECD.SDD.NAD:DSD_NAMAIN10@DF_TABLE4(2.0),A,KOR,S1,S1,EXC_A,F21,_Z,_Z,XDC_USD,_Z,N,T001,1961,124.791667,,F,6,A,0,KRW
OECD.SDD.NAD:DSD_NAMAIN10@DF_TABLE4(2.0),A,KOR,S1,S1,EXC_A,F21,_Z,_Z,XDC_USD,_Z,N,T001,1962,130,,F,6,A,0,KRW
OECD.SDD.NAD:DSD_NAMAIN10@DF_TABLE4(2.0),A,KOR,S1,S1,EXC_A,F21,_Z,_Z,XDC_USD,_Z,N,T001,1963,130,,F,6,A,0,KRW
OECD.SDD.NAD:DSD_NAMAIN10@DF_TABLE4(2.0),A,KOR,S1,S1,EXC_A,F21,_Z,_Z,XDC_USD,_Z,N,T001,1964,213.846667,,F,6,A,0,KRW
OECD.SDD.NAD:DSD_NAMAIN10@DF_TABLE4(2.0),A,KOR,S1,S1,EXC_A,F21,_Z,_Z,XDC_USD,_Z,N,T001,1965,266.27,,F,6,A,0,KRW
OECD.SDD.NAD:DSD_NAMAIN10@DF_TABLE4(2.0),A,KOR,S1,S1,EXC_A,F21,_Z,_Z,XDC_USD,_Z,N,T001,1966,271.134167,,F,6,A,0,KRW
OECD.SDD.NAD:DSD_NAMAIN10@DF_TABLE4(2.0),A,KOR,S1,S1,EXC_A,F21,_Z,_Z,XDC_USD,_Z,N,T001,1967,270.511667,,F,6,A,0,KRW
OECD.SDD.NAD:DSD_NAMAIN10@DF_TABLE4(2.0),A,KOR,S1,S1,EXC_A,F21,_Z,_Z,XDC_USD,_Z,N,T001,1968,276.643333,,F,6,A,0,KRW
OECD.SDD.NAD:DSD_NAMAIN10@DF_TABLE4(2.0),A,KOR,S1,S1,EXC_A,F21,_Z,_Z,XDC_USD,_Z,N,T001,1969,288.241667,,F,6,A,0,KRW
OECD.SDD.NAD:DSD_NAMAIN10@DF_TABLE4(2.0),A,KOR,S1,S1,EXC_A,F21,_Z,_Z,XDC_USD,_Z,N,T001,1970,310.555833,,F,6,A,0,KRW
OECD.SDD.NAD:DSD_NAMAIN10@DF_TABLE4(2.0),A,KOR,S1,S1,EXC_A,F21,_Z,_Z,XDC_USD,_Z,N,T001,1971,347.1475,,F,6,A,0,KRW
OECD.SDD.NAD:DSD_NAMAIN10@DF_TABLE4(2.0),A,KOR,S1,S1,EXC_A,F21,_Z,_Z,XDC_USD,_Z,N,T001,1972,392.894167,,F,6,A,0,KRW
OECD.SDD.NAD:DSD_NAMAIN10@DF_TABLE4(2.0),A,KOR,S1,S1,EXC_A,F21,_Z,_Z,XDC_USD,_Z,N,T001,1973,398.321667,,F,6,A,0,KRW
OECD.SDD.NAD:DSD_NAMAIN10@DF_TABLE4(2.0),A,KOR,S1,S1,EXC_A,F21,_Z,_Z,XDC_USD,_Z,N,T001,1974,404.4725,,F,6,A,0,KRW
OECD.SDD.NAD:DSD_NAMAIN10@DF_TABLE4(2.0),A,KOR,S1,S1,EXC_A,F21,_Z,_Z,XDC_USD,_Z,N,T001,1975,484,,F,6,A,0,KRW
OECD.SDD.NAD:DSD_NAMAIN10@DF_TABLE4(2.0),A,KOR,S1,S1,EXC_A,F21,_Z,_Z,XDC_USD,_Z,N,T001,1976,484,,F,6,A,0,KRW
OECD.SDD.NAD:DSD_NAMAIN10@DF_TABLE4(2.0),A,KOR,S1,S1,EXC_A,F21,_Z,_Z,XDC_USD,_Z,N,T001,1977,484,,F,6,A,0,KRW
OECD.SDD.NAD:DSD_NAMAIN10@DF_TABLE4(2.0),A,KOR,S1,S1,EXC_A,F21,_Z,_Z,XDC_USD,_Z,N,T001,1978,484,,F,6,A,0,KRW
OECD.SDD.NAD:DSD_NAMAIN10@DF_TABLE4(2.0),A,KOR,S1,S1,EXC_A,F21,_Z,_Z,XDC_USD,_Z,N,T001,1979,484,,F,6,A,0,KRW
OECD.SDD.NAD:DSD_NAMAIN10@DF_TABLE4(2.0),A,KOR,S1,S1,EXC_A,F21,_Z,_Z,XDC_USD,_Z,N,T001,1980,607.716667,,F,6,A,0,KRW
OECD.SDD.NAD:DSD_NAMAIN10@DF_TABLE4(2.0),A,KOR,S1,S1,EXC_A,F21,_Z,_Z,XDC_USD,_Z,N,T001,1981,681.028333,,F,6,A,0,KRW
OECD.SDD.NAD:DSD_NAMAIN10@DF_TABLE4(2.0),A,KOR,S1,S1,EXC_A,F21,_Z,_Z,XDC_USD,_Z,N,T001,1982,731.1675,,F,6,A,0,KRW
OECD.SDD.NAD:DSD_NAMAIN10@DF_TABLE4(2.0),A,KOR,S1,S1,EXC_A,F21,_Z,_Z,XDC_USD,_Z,N,T001,1983,775.748333,,F,6,A,0,KRW
OECD.SDD.NAD:DSD_NAMAIN10@DF_TABLE4(2.0),A,KOR,S1,S1,EXC_A,F21,_Z,_Z,XDC_USD,_Z,N,T001,1984,805.970833,,F,6,A,0,KRW
OECD.SDD.NAD:DSD_NAMAIN10@DF_TABLE4(2.0),A,KOR,S1,S1,EXC_A,F21,_Z,_Z,XDC_USD,_Z,N,T001,1985,870.02,,F,6,A,0,KRW
OECD.SDD.NAD:DSD_NAMAIN10@DF_TABLE4(2.0),A,KOR,S1,S1,EXC_A,F21,_Z,_Z,XDC_USD,_Z,N,T001,1986,881.455833,,F,6,A,0,KRW
OECD.SDD.NAD:DSD_NAMAIN10@DF_TABLE4(2.0),A,KOR,S1,S1,EXC_A,F21,_Z,_Z,XDC_USD,_Z,N,T001,1987,822.564167,,F,6,A,0,KRW
OECD.SDD.NAD:DSD_NAMAIN10@DF_TABLE4(2.0),A,KOR,S1,S1,EXC_A,F21,_Z,_Z,XDC_USD,_Z,N,T001,1988,731.463333,,F,6,A,0,KRW
OECD.SDD.NAD:DSD_NAMAIN10@DF_TABLE4(2.0),A,KOR,S1,S1,EXC_A,F21,_Z,_Z,XDC_USD,_Z,N,T001,1989,671.455833,,F,6,A,0,KRW
OECD.SDD.NAD:DSD_NAMAIN10@DF_TABLE4(2.0),A,KOR,S1,S1,EXC_A,F21,_Z,_Z,XDC_USD,_Z,N,T001,1990,707.765833,,F,6,A,0,KRW
OECD.SDD.NAD:DSD_NAMAIN10@DF_TABLE4(2.0),A,KOR,S1,S1,EXC_A,F21,_Z,_Z,XDC_USD,_Z,N,T001,1991,733.329167,,F,6,A,0,KRW
OECD.SDD.NAD:DSD_NAMAIN10@DF_TABLE4(2.0),A,KOR,S1,S1,EXC_A,F21,_Z,_Z,XDC_USD,_Z,N,T001,1992,780.670833,,F,6,A,0,KRW
OECD.SDD.NAD:DSD_NAMAIN10@DF_TABLE4(2.0),A,KOR,S1,S1,EXC_A,F21,_Z,_Z,XDC_USD,_Z,N,T001,1993,802.538333,,F,6,A,0,KRW
OECD.SDD.NAD:DSD_NAMAIN10@DF_TABLE4(2.0),A,KOR,S1,S1,EXC_A,F21,_Z,_Z,XDC_USD,_Z,N,T001,1994,803.771667,,F,6,A,0,KRW
OECD.SDD.NAD:DSD_NAMAIN10@DF_TABLE4(2.0),A,KOR,S1,S1,EXC_A,F21,_Z,_Z,XDC_USD,_Z,N,T001,1995,771.254167,,F,6,A,0,KRW
OECD.SDD.NAD:DSD_NAMAIN10@DF_TABLE4(2.0),A,KOR,S1,S1,EXC_A,F21,_Z,_Z,XDC_USD,_Z,N,T001,1996,804.4575,,F,6,A,0,KRW
OECD.SDD.NAD:DSD_NAMAIN10@DF_TABLE4(2.0),A,KOR,S1,S1,EXC_A,F21,_Z,_Z,XDC_USD,_Z,N,T001,1997,949.89,,F,6,A,0,KRW
OECD.SDD.NAD:DSD_NAMAIN10@DF_TABLE4(2.0),A,KOR,S1,S1,EXC_A,F21,_Z,_Z,XDC_USD,_Z,N,T001,1998,1403.183333,,F,6,A,0,KRW
OECD.SDD.NAD:DSD_NAMAIN10@DF_TABLE4(2.0),A,KOR,S1,S1,EXC_A,F21,_Z,_Z,XDC_USD,_Z,N,T001,1999,1189.439167,,F,6,A,0,KRW
OECD.SDD.NAD:DSD_NAMAIN10@DF_TABLE4(2.0),A,KOR,S1,S1,EXC_A,F21,_Z,_Z,XDC_USD,_Z,N,T001,2000,1130.3625,,F,6,A,0,KRW
OECD.SDD.NAD:DSD_NAMAIN10@DF_TABLE4(2.0),A,KOR,S1,S1,EXC_A,F21,_Z,_Z,XDC_USD,_Z,N,T001,2001,1290.79,,F,6,A,0,KRW
OECD.SDD.NAD:DSD_NAMAIN10@DF_TABLE4(2.0),A,KOR,S1,S1,EXC_A,F21,_Z,_Z,XDC_USD,_Z,N,T001,2002,1251.6025,,F,6,A,0,KRW
OECD.SDD.NAD:DSD_NAMAIN10@DF_TABLE4(2.0),A,KOR,S1,S1,EXC_A,F21,_Z,_Z,XDC_USD,_Z,N,T001,2003,1191.645833,,F,6,A,0,KRW
OECD.SDD.NAD:DSD_NAMAIN10@DF_TABLE4(2.0),A,KOR,S1,S1,EXC_A,F21,_Z,_Z,XDC_USD,_Z,N,T001,2004,1146.249167,,F,6,A,0,KRW
OECD.SDD.NAD:DSD_NAMAIN10@DF_TABLE4(2.0),A,KOR,S1,S1,EXC_A,F21,_Z,_Z,XDC_USD,_Z,N,T001,2005,1024.328333,,F,6,A,0,KRW
OECD.SDD.NAD:DSD_NAMAIN10@DF_TABLE4(2.0),A,KOR,S1,S1,EXC_A,F21,_Z,_Z,XDC_USD,_Z,N,T001,2006,955.340833,,F,6,A,0,KRW
OECD.SDD.NAD:DSD_NAMAIN10@DF_TABLE4(2.0),A,KOR,S1,S1,EXC_A,F21,_Z,_Z,XDC_USD,_Z,N,T001,2007,929.375833,,F,6,A,0,KRW
OECD.SDD.NAD:DSD_NAMAIN10@DF_TABLE4(2.0),A,KOR,S1,S1,EXC_A,F21,_Z,_Z,XDC_USD,_Z,N,T001,2008,1100.125833,,F,6,A,0,KRW
OECD.SDD.NAD:DSD_NAMAIN10@DF_TABLE4(2.0),A,KOR,S1,S1,EXC_A,F21,_Z,_Z,XDC_USD,_Z,N,T001,2009,1277.245833,,F,6,A,0,KRW
OECD.SDD.NAD:DSD_NAMAIN10@DF_TABLE4(2.0),A,KOR,S1,S1,EXC_A,F21,_Z,_Z,XDC_USD,_Z,N,T001,2010,1156.46,,F,6,A,0,KRW
OECD.SDD.NAD:DSD_NAMAIN10@DF_TABLE4(2.0),A,KOR,S1,S1,EXC_A,F21,_Z,_Z,XDC_USD,_Z,N,T001,2011,1108.233333,,F,6,A,0,KRW
OECD.SDD.NAD:DSD_NAMAIN10@DF_TABLE4(2.0),A,KOR,S1,S1,EXC_A,F21,_Z,_Z,XDC_USD,_Z,N,T001,2012,1126.806667,,F,6,A,0,KRW
OECD.SDD.NAD:DSD_NAMAIN10@DF_TABLE4(2.0),A,KOR,S1,S1,EXC_A,F21,_Z,_Z,XDC_USD,_Z,N,T001,2013,1094.9825,,F,6,A,0,KRW
OECD.SDD.NAD:DSD_NAMAIN10@DF_TABLE4(2.0),A,KOR,S1,S1,EXC_A,F21,_Z,_Z,XDC_USD,_Z,N,T001,2014,1052.84,,F,6,A,0,KRW
OECD.SDD.NAD:DSD_NAMAIN10@DF_TABLE4(2.0),A,KOR,S1,S1,EXC_A,F21,_Z,_Z,XDC_USD,_Z,N,T001,2015,1130.9525,,F,6,A,0,KRW
OECD.SDD.NAD:DSD_NAMAIN10@DF_TABLE4(2.0),A,KOR,S1,S1,EXC_A,F21,_Z,_Z,XDC_USD,_Z,N,T001,2016,1160.7675,,F,6,A,0,KRW
OECD.SDD.NAD:DSD_NAMAIN10@DF_TABLE4(2.0),A,KOR,S1,S1,EXC_A,F21,_Z,_Z,XDC_USD,_Z,N,T001,2017,1131.000833,,F,6,A,0,KRW
OECD.SDD.NAD:DSD_NAMAIN10@DF_TABLE4(2.0),A,KOR,S1,S1,EXC_A,F21,_Z,_Z,XDC_USD,_Z,N,T001,2018,1100.163333,,F,6,A,0,KRW
OECD.SDD.NAD:DSD_NAMAIN10@DF_TABLE4(2.0),A,KOR,S1,S1,EXC_A,F21,_Z,_Z,XDC_USD,_Z,N,T001,2019,1165.3575,,F,6,A,0,KRW
OECD.SDD.NAD:DSD_NAMAIN10@DF_TABLE4(2.0),A,KOR,S1,S1,EXC_A,F21,_Z,_Z,XDC_USD,_Z,N,T001,2020,1180.265833,,F,6,A,0,KRW
OECD.SDD.NAD:DSD_NAMAIN10@DF_TABLE4(2.0),A,KOR,S1,S1,EXC_A,F21,_Z,_Z,XDC_USD,_Z,N,T001,2021,1143.951667,,F,6,A,0,KRW
OECD.SDD.NAD:DSD_NAMAIN10@DF_TABLE4(2.0),A,KOR,S1,S1,EXC_A,F21,_Z,_Z,XDC_USD,_Z,N,T001,2022,1291.446667,,F,6,A,0,KRW
OECD.SDD.NAD:DSD_NAMAIN10@DF_TABLE4(2.0),A,KOR,S1,S1,EXC_A,F21,_Z,_Z,XDC_USD,_Z,N,T001,2023,1305.6625,,F,6,A,0,KRW
OECD.SDD.NAD:DSD_NAMAIN10@DF_TABLE4(2.0),A,ISR,S1,S1,EXC_A,F21,_Z,_Z,XDC_USD,_Z,N,T001,1950,3.6e-05,,F,6,A,0,ILS
OECD.SDD.NAD:DSD_NAMAIN10@DF_TABLE4(2.0),A,ISR,S1,S1,EXC_A,F21,_Z,_Z,XDC_USD,_Z,N,T001,1951,3.6e-05,,F,6,A,0,ILS
OECD.SDD.NAD:DSD_NAMAIN10@DF_TABLE4(2.0),A,ISR,S1,S1,EXC_A,F21,_Z,_Z,XDC_USD,_Z,N,T001,1952,3.6e-05,,F,6,A,0,ILS
OECD.SDD.NAD:DSD_NAMAIN10@DF_TABLE4(2.0),A,ISR,S1,S1,EXC_A,F21,_Z,_Z,XDC_USD,_Z,N,T001,1953,1e-04,,F,6,A,0,ILS
OECD.SDD.NAD:DSD_NAMAIN10@DF_TABLE4(2.0),A,ISR,S1,S1,EXC_A,F21,_Z,_Z,XDC_USD,_Z,N,T001,1954,0.00018,,F,6,A,0,ILS
OECD.SDD.NAD:DSD_NAMAIN10@DF_TABLE4(2.0),A,ISR,S1,S1,EXC_A,F21,_Z,_Z,XDC_USD,_Z,N,T001,1955,0.00018,,F,6,A,0,ILS
OECD.SDD.NAD:DSD_NAMAIN10@DF_TABLE4(2.0),A,ISR,S1,S1,EXC_A,F21,_Z,_Z,XDC_USD,_Z,N,T001,1956,0.00018,,F,6,A,0,ILS
OECD.SDD.NAD:DSD_NAMAIN10@DF_TABLE4(2.0),A,ISR,S1,S1,EXC_A,F21,_Z,_Z,XDC_USD,_Z,N,T001,1957,0.00018,,F,6,A,0,ILS
OECD.SDD.NAD:DSD_NAMAIN10@DF_TABLE4(2.0),A,ISR,S1,S1,EXC_A,F21,_Z,_Z,XDC_USD,_Z,N,T001,1958,0.00018,,F,6,A,0,ILS
OECD.SDD.NAD:DSD_NAMAIN10@DF_TABLE4(2.0),A,ISR,S1,S1,EXC_A,F21,_Z,_Z,XDC_USD,_Z,N,T001,1959,0.00018,,F,6,A,0,ILS
OECD.SDD.NAD:DSD_NAMAIN10@DF_TABLE4(2.0),A,ISR,S1,S1,EXC_A,F21,_Z,_Z,XDC_USD,_Z,N,T001,1960,0.00018,,F,6,A,0,ILS
OECD.SDD.NAD:DSD_NAMAIN10@DF_TABLE4(2.0),A,ISR,S1,S1,EXC_A,F21,_Z,_Z,XDC_USD,_Z,N,T001,1961,0.00018,,F,6,A,0,ILS
OECD.SDD.NAD:DSD_NAMAIN10@DF_TABLE4(2.0),A,ISR,S1,S1,EXC_A,F21,_Z,_Z,XDC_USD,_Z,N,T001,1962,0.00029,,F,6,A,0,ILS
OECD.SDD.NAD:DSD_NAMAIN10@DF_TABLE4(2.0),A,ISR,S1,S1,EXC_A,F21,_Z,_Z,XDC_USD,_Z,N,T001,1963,3e-04,,F,6,A,0,ILS
OECD.SDD.NAD:DSD_NAMAIN10@DF_TABLE4(2.0),A,ISR,S1,S1,EXC_A,F21,_Z,_Z,XDC_USD,_Z,N,T001,1964,3e-04,,F,6,A,0,ILS
OECD.SDD.NAD:DSD_NAMAIN10@DF_TABLE4(2.0),A,ISR,S1,S1,EXC_A,F21,_Z,_Z,XDC_USD,_Z,N,T001,1965,3e-04,,F,6,A,0,ILS
OECD.SDD.NAD:DSD_NAMAIN10@DF_TABLE4(2.0),A,ISR,S1,S1,EXC_A,F21,_Z,_Z,XDC_USD,_Z,N,T001,1966,3e-04,,F,6,A,0,ILS
OECD.SDD.NAD:DSD_NAMAIN10@DF_TABLE4(2.0),A,ISR,S1,S1,EXC_A,F21,_Z,_Z,XDC_USD,_Z,N,T001,1967,0.000308,,F,6,A,0,ILS
OECD.SDD.NAD:DSD_NAMAIN10@DF_TABLE4(2.0),A,ISR,S1,S1,EXC_A,F21,_Z,_Z,XDC_USD,_Z,N,T001,1968,0.00035,,F,6,A,0,ILS
OECD.SDD.NAD:DSD_NAMAIN10@DF_TABLE4(2.0),A,ISR,S1,S1,EXC_A,F21,_Z,_Z,XDC_USD,_Z,N,T001,1969,0.00035,,F,6,A,0,ILS
OECD.SDD.NAD:DSD_NAMAIN10@DF_TABLE4(2.0),A,ISR,S1,S1,EXC_A,F21,_Z,_Z,XDC_USD,_Z,N,T001,1970,0.00035,,F,6,A,0,ILS
OECD.SDD.NAD:DSD_NAMAIN10@DF_TABLE4(2.0),A,ISR,S1,S1,EXC_A,F21,_Z,_Z,XDC_USD,_Z,N,T001,1971,0.000379,,F,6,A,0,ILS
OECD.SDD.NAD:DSD_NAMAIN10@DF_TABLE4(2.0),A,ISR,S1,S1,EXC_A,F21,_Z,_Z,XDC_USD,_Z,N,T001,1972,0.000418,,F,6,A,0,ILS
OECD.SDD.NAD:DSD_NAMAIN10@DF_TABLE4(2.0),A,ISR,S1,S1,EXC_A,F21,_Z,_Z,XDC_USD,_Z,N,T001,1973,0.000419,,F,6,A,0,ILS
OECD.SDD.NAD:DSD_NAMAIN10@DF_TABLE4(2.0),A,ISR,S1,S1,EXC_A,F21,_Z,_Z,XDC_USD,_Z,N,T001,1974,0.000445,,F,6,A,0,ILS
OECD.SDD.NAD:DSD_NAMAIN10@DF_TABLE4(2.0),A,ISR,S1,S1,EXC_A,F21,_Z,_Z,XDC_USD,_Z,N,T001,1975,0.000634,,F,6,A,0,ILS
OECD.SDD.NAD:DSD_NAMAIN10@DF_TABLE4(2.0),A,ISR,S1,S1,EXC_A,F21,_Z,_Z,XDC_USD,_Z,N,T001,1976,0.000793,,F,6,A,0,ILS
OECD.SDD.NAD:DSD_NAMAIN10@DF_TABLE4(2.0),A,ISR,S1,S1,EXC_A,F21,_Z,_Z,XDC_USD,_Z,N,T001,1977,0.001045,,F,6,A,0,ILS
OECD.SDD.NAD:DSD_NAMAIN10@DF_TABLE4(2.0),A,ISR,S1,S1,EXC_A,F21,_Z,_Z,XDC_USD,_Z,N,T001,1978,0.001744,,F,6,A,0,ILS
OECD.SDD.NAD:DSD_NAMAIN10@DF_TABLE4(2.0),A,ISR,S1,S1,EXC_A,F21,_Z,_Z,XDC_USD,_Z,N,T001,1979,0.002541,,F,6,A,0,ILS
OECD.SDD.NAD:DSD_NAMAIN10@DF_TABLE4(2.0),A,ISR,S1,S1,EXC_A,F21,_Z,_Z,XDC_USD,_Z,N,T001,1980,0.005124,,F,6,A,0,ILS
OECD.SDD.NAD:DSD_NAMAIN10@DF_TABLE4(2.0),A,ISR,S1,S1,EXC_A,F21,_Z,_Z,XDC_USD,_Z,N,T001,1981,0.011431,,F,6,A,0,ILS
OECD.SDD.NAD:DSD_NAMAIN10@DF_TABLE4(2.0),A,ISR,S1,S1,EXC_A,F21,_Z,_Z,XDC_USD,_Z,N,T001,1982,0.024267,,F,6,A,0,ILS
OECD.SDD.NAD:DSD_NAMAIN10@DF_TABLE4(2.0),A,ISR,S1,S1,EXC_A,F21,_Z,_Z,XDC_USD,_Z,N,T001,1983,0.056214,,F,6,A,0,ILS
OECD.SDD.NAD:DSD_NAMAIN10@DF_TABLE4(2.0),A,ISR,S1,S1,EXC_A,F21,_Z,_Z,XDC_USD,_Z,N,T001,1984,0.29321,,F,6,A,0,ILS
OECD.SDD.NAD:DSD_NAMAIN10@DF_TABLE4(2.0),A,ISR,S1,S1,EXC_A,F21,_Z,_Z,XDC_USD,_Z,N,T001,1985,1.178849,,F,6,A,0,ILS
OECD.SDD.NAD:DSD_NAMAIN10@DF_TABLE4(2.0),A,ISR,S1,S1,EXC_A,F21,_Z,_Z,XDC_USD,_Z,N,T001,1986,1.487842,,F,6,A,0,ILS
OECD.SDD.NAD:DSD_NAMAIN10@DF_TABLE4(2.0),A,ISR,S1,S1,EXC_A,F21,_Z,_Z,XDC_USD,_Z,N,T001,1987,1.594642,,F,6,A,0,ILS
OECD.SDD.NAD:DSD_NAMAIN10@DF_TABLE4(2.0),A,ISR,S1,S1,EXC_A,F21,_Z,_Z,XDC_USD,_Z,N,T001,1988,1.598933,,F,6,A,0,ILS
OECD.SDD.NAD:DSD_NAMAIN10@DF_TABLE4(2.0),A,ISR,S1,S1,EXC_A,F21,_Z,_Z,XDC_USD,_Z,N,T001,1989,1.916417,,F,6,A,0,ILS
OECD.SDD.NAD:DSD_NAMAIN10@DF_TABLE4(2.0),A,ISR,S1,S1,EXC_A,F21,_Z,_Z,XDC_USD,_Z,N,T001,1990,2.016175,,F,6,A,0,ILS
OECD.SDD.NAD:DSD_NAMAIN10@DF_TABLE4(2.0),A,ISR,S1,S1,EXC_A,F21,_Z,_Z,XDC_USD,_Z,N,T001,1991,2.279108,,F,6,A,0,ILS
OECD.SDD.NAD:DSD_NAMAIN10@DF_TABLE4(2.0),A,ISR,S1,S1,EXC_A,F21,_Z,_Z,XDC_USD,_Z,N,T001,1992,2.459083,,F,6,A,0,ILS
OECD.SDD.NAD:DSD_NAMAIN10@DF_TABLE4(2.0),A,ISR,S1,S1,EXC_A,F21,_Z,_Z,XDC_USD,_Z,N,T001,1993,2.830083,,F,6,A,0,ILS
OECD.SDD.NAD:DSD_NAMAIN10@DF_TABLE4(2.0),A,ISR,S1,S1,EXC_A,F21,_Z,_Z,XDC_USD,_Z,N,T001,1994,3.011055,,F,6,A,0,ILS
OECD.SDD.NAD:DSD_NAMAIN10@DF_TABLE4(2.0),A,ISR,S1,S1,EXC_A,F21,_Z,_Z,XDC_USD,_Z,N,T001,1995,3.011292,,F,6,A,0,ILS
OECD.SDD.NAD:DSD_NAMAIN10@DF_TABLE4(2.0),A,ISR,S1,S1,EXC_A,F21,_Z,_Z,XDC_USD,_Z,N,T001,1996,3.19165,,F,6,A,0,ILS
OECD.SDD.NAD:DSD_NAMAIN10@DF_TABLE4(2.0),A,ISR,S1,S1,EXC_A,F21,_Z,_Z,XDC_USD,_Z,N,T001,1997,3.44935,,F,6,A,0,ILS
OECD.SDD.NAD:DSD_NAMAIN10@DF_TABLE4(2.0),A,ISR,S1,S1,EXC_A,F21,_Z,_Z,XDC_USD,_Z,N,T001,1998,3.800075,,F,6,A,0,ILS
OECD.SDD.NAD:DSD_NAMAIN10@DF_TABLE4(2.0),A,ISR,S1,S1,EXC_A,F21,_Z,_Z,XDC_USD,_Z,N,T001,1999,4.139717,,F,6,A,0,ILS
OECD.SDD.NAD:DSD_NAMAIN10@DF_TABLE4(2.0),A,ISR,S1,S1,EXC_A,F21,_Z,_Z,XDC_USD,_Z,N,T001,2000,4.077333,,F,6,A,0,ILS
OECD.SDD.NAD:DSD_NAMAIN10@DF_TABLE4(2.0),A,ISR,S1,S1,EXC_A,F21,_Z,_Z,XDC_USD,_Z,N,T001,2001,4.20565,,F,6,A,0,ILS
OECD.SDD.NAD:DSD_NAMAIN10@DF_TABLE4(2.0),A,ISR,S1,S1,EXC_A,F21,_Z,_Z,XDC_USD,_Z,N,T001,2002,4.737825,,F,6,A,0,ILS
OECD.SDD.NAD:DSD_NAMAIN10@DF_TABLE4(2.0),A,ISR,S1,S1,EXC_A,F21,_Z,_Z,XDC_USD,_Z,N,T001,2003,4.554133,,F,6,A,0,ILS
OECD.SDD.NAD:DSD_NAMAIN10@DF_TABLE4(2.0),A,ISR,S1,S1,EXC_A,F21,_Z,_Z,XDC_USD,_Z,N,T001,2004,4.481983,,F,6,A,0,ILS
OECD.SDD.NAD:DSD_NAMAIN10@DF_TABLE4(2.0),A,ISR,S1,S1,EXC_A,F21,_Z,_Z,XDC_USD,_Z,N,T001,2005,4.4877,,F,6,A,0,ILS
OECD.SDD.NAD:DSD_NAMAIN10@DF_TABLE4(2.0),A,ISR,S1,S1,EXC_A,F21,_Z,_Z,XDC_USD,_Z,N,T001,2006,4.455808,,F,6,A,0,ILS
OECD.SDD.NAD:DSD_NAMAIN10@DF_TABLE4(2.0),A,ISR,S1,S1,EXC_A,F21,_Z,_Z,XDC_USD,_Z,N,T001,2007,4.108083,,F,6,A,0,ILS
OECD.SDD.NAD:DSD_NAMAIN10@DF_TABLE4(2.0),A,ISR,S1,S1,EXC_A,F21,_Z,_Z,XDC_USD,_Z,N,T001,2008,3.588021,,F,6,A,0,ILS
OECD.SDD.NAD:DSD_NAMAIN10@DF_TABLE4(2.0),A,ISR,S1,S1,EXC_A,F21,_Z,_Z,XDC_USD,_Z,N,T001,2009,3.932335,,F,6,A,0,ILS
OECD.SDD.NAD:DSD_NAMAIN10@DF_TABLE4(2.0),A,ISR,S1,S1,EXC_A,F21,_Z,_Z,XDC_USD,_Z,N,T001,2010,3.738975,,F,6,A,0,ILS
OECD.SDD.NAD:DSD_NAMAIN10@DF_TABLE4(2.0),A,ISR,S1,S1,EXC_A,F21,_Z,_Z,XDC_USD,_Z,N,T001,2011,3.578129,,F,6,A,0,ILS
OECD.SDD.NAD:DSD_NAMAIN10@DF_TABLE4(2.0),A,ISR,S1,S1,EXC_A,F21,_Z,_Z,XDC_USD,_Z,N,T001,2012,3.855922,,F,6,A,0,ILS
OECD.SDD.NAD:DSD_NAMAIN10@DF_TABLE4(2.0),A,ISR,S1,S1,EXC_A,F21,_Z,_Z,XDC_USD,_Z,N,T001,2013,3.610758,,F,6,A,0,ILS
OECD.SDD.NAD:DSD_NAMAIN10@DF_TABLE4(2.0),A,ISR,S1,S1,EXC_A,F21,_Z,_Z,XDC_USD,_Z,N,T001,2014,3.577925,,F,6,A,0,ILS
OECD.SDD.NAD:DSD_NAMAIN10@DF_TABLE4(2.0),A,ISR,S1,S1,EXC_A,F21,_Z,_Z,XDC_USD,_Z,N,T001,2015,3.886833,,F,6,A,0,ILS
OECD.SDD.NAD:DSD_NAMAIN10@DF_TABLE4(2.0),A,ISR,S1,S1,EXC_A,F21,_Z,_Z,XDC_USD,_Z,N,T001,2016,3.840567,,F,6,A,0,ILS
OECD.SDD.NAD:DSD_NAMAIN10@DF_TABLE4(2.0),A,ISR,S1,S1,EXC_A,F21,_Z,_Z,XDC_USD,_Z,N,T001,2017,3.599556,,F,6,A,0,ILS
OECD.SDD.NAD:DSD_NAMAIN10@DF_TABLE4(2.0),A,ISR,S1,S1,EXC_A,F21,_Z,_Z,XDC_USD,_Z,N,T001,2018,3.590558,,F,6,A,0,ILS
OECD.SDD.NAD:DSD_NAMAIN10@DF_TABLE4(2.0),A,ISR,S1,S1,EXC_A,F21,_Z,_Z,XDC_USD,_Z,N,T001,2019,3.564527,,F,6,A,0,ILS
OECD.SDD.NAD:DSD_NAMAIN10@DF_TABLE4(2.0),A,ISR,S1,S1,EXC_A,F21,_Z,_Z,XDC_USD,_Z,N,T001,2020,3.442406,,F,6,A,0,ILS
OECD.SDD.NAD:DSD_NAMAIN10@DF_TABLE4(2.0),A,ISR,S1,S1,EXC_A,F21,_Z,_Z,XDC_USD,_Z,N,T001,2021,3.230198,,F,6,A,0,ILS
OECD.SDD.NAD:DSD_NAMAIN10@DF_TABLE4(2.0),A,ISR,S1,S1,EXC_A,F21,_Z,_Z,XDC_USD,_Z,N,T001,2022,3.359614,,F,6,A,0,ILS
OECD.SDD.NAD:DSD_NAMAIN10@DF_TABLE4(2.0),A,ISR,S1,S1,EXC_A,F21,_Z,_Z,XDC_USD,_Z,N,T001,2023,3.667375,,F,6,A,0,ILS
OECD.SDD.NAD:DSD_NAMAIN10@DF_TABLE4(2.0),A,ISL,S1,S1,EXC_A,F21,_Z,_Z,XDC_USD,_Z,N,T001,1950,0.1629,,F,6,A,0,ISK
OECD.SDD.NAD:DSD_NAMAIN10@DF_TABLE4(2.0),A,ISL,S1,S1,EXC_A,F21,_Z,_Z,XDC_USD,_Z,N,T001,1951,0.1629,,F,6,A,0,ISK
OECD.SDD.NAD:DSD_NAMAIN10@DF_TABLE4(2.0),A,ISL,S1,S1,EXC_A,F21,_Z,_Z,XDC_USD,_Z,N,T001,1952,0.1629,,F,6,A,0,ISK
OECD.SDD.NAD:DSD_NAMAIN10@DF_TABLE4(2.0),A,ISL,S1,S1,EXC_A,F21,_Z,_Z,XDC_USD,_Z,N,T001,1953,0.1629,,F,6,A,0,ISK
OECD.SDD.NAD:DSD_NAMAIN10@DF_TABLE4(2.0),A,ISL,S1,S1,EXC_A,F21,_Z,_Z,XDC_USD,_Z,N,T001,1954,0.1629,,F,6,A,0,ISK
OECD.SDD.NAD:DSD_NAMAIN10@DF_TABLE4(2.0),A,ISL,S1,S1,EXC_A,F21,_Z,_Z,XDC_USD,_Z,N,T001,1955,0.1629,,F,6,A,0,ISK
OECD.SDD.NAD:DSD_NAMAIN10@DF_TABLE4(2.0),A,ISL,S1,S1,EXC_A,F21,_Z,_Z,XDC_USD,_Z,N,T001,1956,0.1629,,F,6,A,0,ISK
OECD.SDD.NAD:DSD_NAMAIN10@DF_TABLE4(2.0),A,ISL,S1,S1,EXC_A,F21,_Z,_Z,XDC_USD,_Z,N,T001,1957,0.162857,,F,6,A,0,ISK
OECD.SDD.NAD:DSD_NAMAIN10@DF_TABLE4(2.0),A,ISL,S1,S1,EXC_A,F21,_Z,_Z,XDC_USD,_Z,N,T001,1958,0.162857,,F,6,A,0,ISK
OECD.SDD.NAD:DSD_NAMAIN10@DF_TABLE4(2.0),A,ISL,S1,S1,EXC_A,F21,_Z,_Z,XDC_USD,_Z,N,T001,1959,0.162857,,F,6,A,0,ISK
OECD.SDD.NAD:DSD_NAMAIN10@DF_TABLE4(2.0),A,ISL,S1,S1,EXC_A,F21,_Z,_Z,XDC_USD,_Z,N,T001,1960,0.361905,,F,6,A,0,ISK
OECD.SDD.NAD:DSD_NAMAIN10@DF_TABLE4(2.0),A,ISL,S1,S1,EXC_A,F21,_Z,_Z,XDC_USD,_Z,N,T001,1961,0.400833,,F,6,A,0,ISK
OECD.SDD.NAD:DSD_NAMAIN10@DF_TABLE4(2.0),A,ISL,S1,S1,EXC_A,F21,_Z,_Z,XDC_USD,_Z,N,T001,1962,0.43,,F,6,A,0,ISK
OECD.SDD.NAD:DSD_NAMAIN10@DF_TABLE4(2.0),A,ISL,S1,S1,EXC_A,F21,_Z,_Z,XDC_USD,_Z,N,T001,1963,0.43,,F,6,A,0,ISK
OECD.SDD.NAD:DSD_NAMAIN10@DF_TABLE4(2.0),A,ISL,S1,S1,EXC_A,F21,_Z,_Z,XDC_USD,_Z,N,T001,1964,0.43,,F,6,A,0,ISK
OECD.SDD.NAD:DSD_NAMAIN10@DF_TABLE4(2.0),A,ISL,S1,S1,EXC_A,F21,_Z,_Z,XDC_USD,_Z,N,T001,1965,0.43,,F,6,A,0,ISK
OECD.SDD.NAD:DSD_NAMAIN10@DF_TABLE4(2.0),A,ISL,S1,S1,EXC_A,F21,_Z,_Z,XDC_USD,_Z,N,T001,1966,0.43,,F,6,A,0,ISK
OECD.SDD.NAD:DSD_NAMAIN10@DF_TABLE4(2.0),A,ISL,S1,S1,EXC_A,F21,_Z,_Z,XDC_USD,_Z,N,T001,1967,0.441667,,F,6,A,0,ISK
OECD.SDD.NAD:DSD_NAMAIN10@DF_TABLE4(2.0),A,ISL,S1,S1,EXC_A,F21,_Z,_Z,XDC_USD,_Z,N,T001,1968,0.621667,,F,6,A,0,ISK
OECD.SDD.NAD:DSD_NAMAIN10@DF_TABLE4(2.0),A,ISL,S1,S1,EXC_A,F21,_Z,_Z,XDC_USD,_Z,N,T001,1969,0.88,,F,6,A,0,ISK
OECD.SDD.NAD:DSD_NAMAIN10@DF_TABLE4(2.0),A,ISL,S1,S1,EXC_A,F21,_Z,_Z,XDC_USD,_Z,N,T001,1970,0.88,,F,6,A,0,ISK
OECD.SDD.NAD:DSD_NAMAIN10@DF_TABLE4(2.0),A,ISL,S1,S1,EXC_A,F21,_Z,_Z,XDC_USD,_Z,N,T001,1971,0.88,,F,6,A,0,ISK
OECD.SDD.NAD:DSD_NAMAIN10@DF_TABLE4(2.0),A,ISL,S1,S1,EXC_A,F21,_Z,_Z,XDC_USD,_Z,N,T001,1972,0.882604,,F,6,A,0,ISK
OECD.SDD.NAD:DSD_NAMAIN10@DF_TABLE4(2.0),A,ISL,S1,S1,EXC_A,F21,_Z,_Z,XDC_USD,_Z,N,T001,1973,0.901342,,F,6,A,0,ISK
OECD.SDD.NAD:DSD_NAMAIN10@DF_TABLE4(2.0),A,ISL,S1,S1,EXC_A,F21,_Z,_Z,XDC_USD,_Z,N,T001,1974,0.999517,,F,6,A,0,ISK
OECD.SDD.NAD:DSD_NAMAIN10@DF_TABLE4(2.0),A,ISL,S1,S1,EXC_A,F21,_Z,_Z,XDC_USD,_Z,N,T001,1975,1.53695,,F,6,A,0,ISK
OECD.SDD.NAD:DSD_NAMAIN10@DF_TABLE4(2.0),A,ISL,S1,S1,EXC_A,F21,_Z,_Z,XDC_USD,_Z,N,T001,1976,1.821717,,F,6,A,0,ISK
OECD.SDD.NAD:DSD_NAMAIN10@DF_TABLE4(2.0),A,ISL,S1,S1,EXC_A,F21,_Z,_Z,XDC_USD,_Z,N,T001,1977,1.9887,,F,6,A,0,ISK
OECD.SDD.NAD:DSD_NAMAIN10@DF_TABLE4(2.0),A,ISL,S1,S1,EXC_A,F21,_Z,_Z,XDC_USD,_Z,N,T001,1978,2.711108,,F,6,A,0,ISK
OECD.SDD.NAD:DSD_NAMAIN10@DF_TABLE4(2.0),A,ISL,S1,S1,EXC_A,F21,_Z,_Z,XDC_USD,_Z,N,T001,1979,3.526,,F,6,A,0,ISK
OECD.SDD.NAD:DSD_NAMAIN10@DF_TABLE4(2.0),A,ISL,S1,S1,EXC_A,F21,_Z,_Z,XDC_USD,_Z,N,T001,1980,4.797642,,F,6,A,0,ISK
OECD.SDD.NAD:DSD_NAMAIN10@DF_TABLE4(2.0),A,ISL,S1,S1,EXC_A,F21,_Z,_Z,XDC_USD,_Z,N,T001,1981,7.224183,,F,6,A,0,ISK
OECD.SDD.NAD:DSD_NAMAIN10@DF_TABLE4(2.0),A,ISL,S1,S1,EXC_A,F21,_Z,_Z,XDC_USD,_Z,N,T001,1982,12.351533,,F,6,A,0,ISK
OECD.SDD.NAD:DSD_NAMAIN10@DF_TABLE4(2.0),A,ISL,S1,S1,EXC_A,F21,_Z,_Z,XDC_USD,_Z,N,T001,1983,24.842767,,F,6,A,0,ISK
OECD.SDD.NAD:DSD_NAMAIN10@DF_TABLE4(2.0),A,ISL,S1,S1,EXC_A,F21,_Z,_Z,XDC_USD,_Z,N,T001,1984,31.693742,,F,6,A,0,ISK
OECD.SDD.NAD:DSD_NAMAIN10@DF_TABLE4(2.0),A,ISL,S1,S1,EXC_A,F21,_Z,_Z,XDC_USD,_Z,N,T001,1985,41.507667,,F,6,A,0,ISK
OECD.SDD.NAD:DSD_NAMAIN10@DF_TABLE4(2.0),A,ISL,S1,S1,EXC_A,F21,_Z,_Z,XDC_USD,_Z,N,T001,1986,41.104158,,F,6,A,0,ISK
OECD.SDD.NAD:DSD_NAMAIN10@DF_TABLE4(2.0),A,ISL,S1,S1,EXC_A,F21,_Z,_Z,XDC_USD,_Z,N,T001,1987,38.677183,,F,6,A,0,ISK
OECD.SDD.NAD:DSD_NAMAIN10@DF_TABLE4(2.0),A,ISL,S1,S1,EXC_A,F21,_Z,_Z,XDC_USD,_Z,N,T001,1988,43.013983,,F,6,A,0,ISK
OECD.SDD.NAD:DSD_NAMAIN10@DF_TABLE4(2.0),A,ISL,S1,S1,EXC_A,F21,_Z,_Z,XDC_USD,_Z,N,T001,1989,57.041792,,F,6,A,0,ISK
OECD.SDD.NAD:DSD_NAMAIN10@DF_TABLE4(2.0),A,ISL,S1,S1,EXC_A,F21,_Z,_Z,XDC_USD,_Z,N,T001,1990,58.283775,,F,6,A,0,ISK
OECD.SDD.NAD:DSD_NAMAIN10@DF_TABLE4(2.0),A,ISL,S1,S1,EXC_A,F21,_Z,_Z,XDC_USD,_Z,N,T001,1991,58.996342,,F,6,A,0,ISK
OECD.SDD.NAD:DSD_NAMAIN10@DF_TABLE4(2.0),A,ISL,S1,S1,EXC_A,F21,_Z,_Z,XDC_USD,_Z,N,T001,1992,57.545933,,F,6,A,0,ISK
OECD.SDD.NAD:DSD_NAMAIN10@DF_TABLE4(2.0),A,ISL,S1,S1,EXC_A,F21,_Z,_Z,XDC_USD,_Z,N,T001,1993,67.603182,,F,6,A,0,ISK
OECD.SDD.NAD:DSD_NAMAIN10@DF_TABLE4(2.0),A,ISL,S1,S1,EXC_A,F21,_Z,_Z,XDC_USD,_Z,N,T001,1994,69.944378,,F,6,A,0,ISK
OECD.SDD.NAD:DSD_NAMAIN10@DF_TABLE4(2.0),A,ISL,S1,S1,EXC_A,F21,_Z,_Z,XDC_USD,_Z,N,T001,1995,64.691667,,F,6,A,0,ISK
OECD.SDD.NAD:DSD_NAMAIN10@DF_TABLE4(2.0),A,ISL,S1,S1,EXC_A,F21,_Z,_Z,XDC_USD,_Z,N,T001,1996,66.5,,F,6,A,0,ISK
OECD.SDD.NAD:DSD_NAMAIN10@DF_TABLE4(2.0),A,ISL,S1,S1,EXC_A,F21,_Z,_Z,XDC_USD,_Z,N,T001,1997,70.904291,,F,6,A,0,ISK
OECD.SDD.NAD:DSD_NAMAIN10@DF_TABLE4(2.0),A,ISL,S1,S1,EXC_A,F21,_Z,_Z,XDC_USD,_Z,N,T001,1998,70.958333,,F,6,A,0,ISK
OECD.SDD.NAD:DSD_NAMAIN10@DF_TABLE4(2.0),A,ISL,S1,S1,EXC_A,F21,_Z,_Z,XDC_USD,_Z,N,T001,1999,72.335293,,F,6,A,0,ISK
OECD.SDD.NAD:DSD_NAMAIN10@DF_TABLE4(2.0),A,ISL,S1,S1,EXC_A,F21,_Z,_Z,XDC_USD,_Z,N,T001,2000,78.615947,,F,6,A,0,ISK
OECD.SDD.NAD:DSD_NAMAIN10@DF_TABLE4(2.0),A,ISL,S1,S1,EXC_A,F21,_Z,_Z,XDC_USD,_Z,N,T001,2001,97.424603,,F,6,A,0,ISK
OECD.SDD.NAD:DSD_NAMAIN10@DF_TABLE4(2.0),A,ISL,S1,S1,EXC_A,F21,_Z,_Z,XDC_USD,_Z,N,T001,2002,91.661667,,F,6,A,0,ISK
OECD.SDD.NAD:DSD_NAMAIN10@DF_TABLE4(2.0),A,ISL,S1,S1,EXC_A,F21,_Z,_Z,XDC_USD,_Z,N,T001,2003,76.708983,,F,6,A,0,ISK
OECD.SDD.NAD:DSD_NAMAIN10@DF_TABLE4(2.0),A,ISL,S1,S1,EXC_A,F21,_Z,_Z,XDC_USD,_Z,N,T001,2004,70.191667,,F,6,A,0,ISK
OECD.SDD.NAD:DSD_NAMAIN10@DF_TABLE4(2.0),A,ISL,S1,S1,EXC_A,F21,_Z,_Z,XDC_USD,_Z,N,T001,2005,62.981667,,F,6,A,0,ISK
OECD.SDD.NAD:DSD_NAMAIN10@DF_TABLE4(2.0),A,ISL,S1,S1,EXC_A,F21,_Z,_Z,XDC_USD,_Z,N,T001,2006,70.18,,F,6,A,0,ISK
OECD.SDD.NAD:DSD_NAMAIN10@DF_TABLE4(2.0),A,ISL,S1,S1,EXC_A,F21,_Z,_Z,XDC_USD,_Z,N,T001,2007,64.055,,F,6,A,0,ISK
OECD.SDD.NAD:DSD_NAMAIN10@DF_TABLE4(2.0),A,ISL,S1,S1,EXC_A,F21,_Z,_Z,XDC_USD,_Z,N,T001,2008,87.947917,,F,6,A,0,ISK
OECD.SDD.NAD:DSD_NAMAIN10@DF_TABLE4(2.0),A,ISL,S1,S1,EXC_A,F21,_Z,_Z,XDC_USD,_Z,N,T001,2009,123.638381,,F,6,A,0,ISK
OECD.SDD.NAD:DSD_NAMAIN10@DF_TABLE4(2.0),A,ISL,S1,S1,EXC_A,F21,_Z,_Z,XDC_USD,_Z,N,T001,2010,122.241811,,F,6,A,0,ISK
OECD.SDD.NAD:DSD_NAMAIN10@DF_TABLE4(2.0),A,ISL,S1,S1,EXC_A,F21,_Z,_Z,XDC_USD,_Z,N,T001,2011,115.95404,,F,6,A,0,ISK
OECD.SDD.NAD:DSD_NAMAIN10@DF_TABLE4(2.0),A,ISL,S1,S1,EXC_A,F21,_Z,_Z,XDC_USD,_Z,N,T001,2012,125.082787,,F,6,A,0,ISK
OECD.SDD.NAD:DSD_NAMAIN10@DF_TABLE4(2.0),A,ISL,S1,S1,EXC_A,F21,_Z,_Z,XDC_USD,_Z,N,T001,2013,122.179121,,F,6,A,0,ISK
OECD.SDD.NAD:DSD_NAMAIN10@DF_TABLE4(2.0),A,ISL,S1,S1,EXC_A,F21,_Z,_Z,XDC_USD,_Z,N,T001,2014,116.767353,,F,6,A,0,ISK
OECD.SDD.NAD:DSD_NAMAIN10@DF_TABLE4(2.0),A,ISL,S1,S1,EXC_A,F21,_Z,_Z,XDC_USD,_Z,N,T001,2015,131.918708,,F,6,A,0,ISK
OECD.SDD.NAD:DSD_NAMAIN10@DF_TABLE4(2.0),A,ISL,S1,S1,EXC_A,F21,_Z,_Z,XDC_USD,_Z,N,T001,2016,120.811548,,F,6,A,0,ISK
OECD.SDD.NAD:DSD_NAMAIN10@DF_TABLE4(2.0),A,ISL,S1,S1,EXC_A,F21,_Z,_Z,XDC_USD,_Z,N,T001,2017,106.839572,,F,6,A,0,ISK
OECD.SDD.NAD:DSD_NAMAIN10@DF_TABLE4(2.0),A,ISL,S1,S1,EXC_A,F21,_Z,_Z,XDC_USD,_Z,N,T001,2018,108.300176,,F,6,A,0,ISK
OECD.SDD.NAD:DSD_NAMAIN10@DF_TABLE4(2.0),A,ISL,S1,S1,EXC_A,F21,_Z,_Z,XDC_USD,_Z,N,T001,2019,122.606774,,F,6,A,0,ISK
OECD.SDD.NAD:DSD_NAMAIN10@DF_TABLE4(2.0),A,ISL,S1,S1,EXC_A,F21,_Z,_Z,XDC_USD,_Z,N,T001,2020,135.421712,,F,6,A,0,ISK
OECD.SDD.NAD:DSD_NAMAIN10@DF_TABLE4(2.0),A,ISL,S1,S1,EXC_A,F21,_Z,_Z,XDC_USD,_Z,N,T001,2021,126.98886,,F,6,A,0,ISK
OECD.SDD.NAD:DSD_NAMAIN10@DF_TABLE4(2.0),A,ISL,S1,S1,EXC_A,F21,_Z,_Z,XDC_USD,_Z,N,T001,2022,135.279902,,F,6,A,0,ISK
OECD.SDD.NAD:DSD_NAMAIN10@DF_TABLE4(2.0),A,ISL,S1,S1,EXC_A,F21,_Z,_Z,XDC_USD,_Z,N,T001,2023,137.942952,,F,6,A,0,ISK
OECD.SDD.NAD:DSD_NAMAIN10@DF_TABLE4(2.0),A,DNK,S1,S1,EXC_A,F21,_Z,_Z,XDC_USD,_Z,N,T001,1950,6.90714,,F,6,A,0,DKK
OECD.SDD.NAD:DSD_NAMAIN10@DF_TABLE4(2.0),A,DNK,S1,S1,EXC_A,F21,_Z,_Z,XDC_USD,_Z,N,T001,1951,6.90714,,F,6,A,0,DKK
OECD.SDD.NAD:DSD_NAMAIN10@DF_TABLE4(2.0),A,DNK,S1,S1,EXC_A,F21,_Z,_Z,XDC_USD,_Z,N,T001,1952,6.90714,,F,6,A,0,DKK
OECD.SDD.NAD:DSD_NAMAIN10@DF_TABLE4(2.0),A,DNK,S1,S1,EXC_A,F21,_Z,_Z,XDC_USD,_Z,N,T001,1953,6.90714,,F,6,A,0,DKK
OECD.SDD.NAD:DSD_NAMAIN10@DF_TABLE4(2.0),A,DNK,S1,S1,EXC_A,F21,_Z,_Z,XDC_USD,_Z,N,T001,1954,6.90714,,F,6,A,0,DKK
OECD.SDD.NAD:DSD_NAMAIN10@DF_TABLE4(2.0),A,DNK,S1,S1,EXC_A,F21,_Z,_Z,XDC_USD,_Z,N,T001,1955,6.90714,,F,6,A,0,DKK
OECD.SDD.NAD:DSD_NAMAIN10@DF_TABLE4(2.0),A,DNK,S1,S1,EXC_A,F21,_Z,_Z,XDC_USD,_Z,N,T001,1956,6.90714,,F,6,A,0,DKK
OECD.SDD.NAD:DSD_NAMAIN10@DF_TABLE4(2.0),A,DNK,S1,S1,EXC_A,F21,_Z,_Z,XDC_USD,_Z,N,T001,1957,6.90714,,F,6,A,0,DKK
OECD.SDD.NAD:DSD_NAMAIN10@DF_TABLE4(2.0),A,DNK,S1,S1,EXC_A,F21,_Z,_Z,XDC_USD,_Z,N,T001,1958,6.90714,,F,6,A,0,DKK
OECD.SDD.NAD:DSD_NAMAIN10@DF_TABLE4(2.0),A,DNK,S1,S1,EXC_A,F21,_Z,_Z,XDC_USD,_Z,N,T001,1959,6.90714,,F,6,A,0,DKK
OECD.SDD.NAD:DSD_NAMAIN10@DF_TABLE4(2.0),A,DNK,S1,S1,EXC_A,F21,_Z,_Z,XDC_USD,_Z,N,T001,1960,6.90714,,F,6,A,0,DKK
OECD.SDD.NAD:DSD_NAMAIN10@DF_TABLE4(2.0),A,DNK,S1,S1,EXC_A,F21,_Z,_Z,XDC_USD,_Z,N,T001,1961,6.90714,,F,6,A,0,DKK
OECD.SDD.NAD:DSD_NAMAIN10@DF_TABLE4(2.0),A,DNK,S1,S1,EXC_A,F21,_Z,_Z,XDC_USD,_Z,N,T001,1962,6.90714,,F,6,A,0,DKK
OECD.SDD.NAD:DSD_NAMAIN10@DF_TABLE4(2.0),A,DNK,S1,S1,EXC_A,F21,_Z,_Z,XDC_USD,_Z,N,T001,1963,6.90714,,F,6,A,0,DKK
OECD.SDD.NAD:DSD_NAMAIN10@DF_TABLE4(2.0),A,DNK,S1,S1,EXC_A,F21,_Z,_Z,XDC_USD,_Z,N,T001,1964,6.90714,,F,6,A,0,DKK
OECD.SDD.NAD:DSD_NAMAIN10@DF_TABLE4(2.0),A,DNK,S1,S1,EXC_A,F21,_Z,_Z,XDC_USD,_Z,N,T001,1965,6.90714,,F,6,A,0,DKK
OECD.SDD.NAD:DSD_NAMAIN10@DF_TABLE4(2.0),A,DNK,S1,S1,EXC_A,F21,_Z,_Z,XDC_USD,_Z,N,T001,1966,6.90714,,F,6,A,0,DKK
OECD.SDD.NAD:DSD_NAMAIN10@DF_TABLE4(2.0),A,DNK,S1,S1,EXC_A,F21,_Z,_Z,XDC_USD,_Z,N,T001,1967,6.956542,,F,6,A,0,DKK
OECD.SDD.NAD:DSD_NAMAIN10@DF_TABLE4(2.0),A,DNK,S1,S1,EXC_A,F21,_Z,_Z,XDC_USD,_Z,N,T001,1968,7.5,,F,6,A,0,DKK
OECD.SDD.NAD:DSD_NAMAIN10@DF_TABLE4(2.0),A,DNK,S1,S1,EXC_A,F21,_Z,_Z,XDC_USD,_Z,N,T001,1969,7.5,,F,6,A,0,DKK
OECD.SDD.NAD:DSD_NAMAIN10@DF_TABLE4(2.0),A,DNK,S1,S1,EXC_A,F21,_Z,_Z,XDC_USD,_Z,N,T001,1970,7.5,,F,6,A,0,DKK
OECD.SDD.NAD:DSD_NAMAIN10@DF_TABLE4(2.0),A,DNK,S1,S1,EXC_A,F21,_Z,_Z,XDC_USD,_Z,N,T001,1971,7.426338,,F,6,A,0,DKK
OECD.SDD.NAD:DSD_NAMAIN10@DF_TABLE4(2.0),A,DNK,S1,S1,EXC_A,F21,_Z,_Z,XDC_USD,_Z,N,T001,1972,6.949292,,F,6,A,0,DKK
OECD.SDD.NAD:DSD_NAMAIN10@DF_TABLE4(2.0),A,DNK,S1,S1,EXC_A,F21,_Z,_Z,XDC_USD,_Z,N,T001,1973,6.0495,,F,6,A,0,DKK
OECD.SDD.NAD:DSD_NAMAIN10@DF_TABLE4(2.0),A,DNK,S1,S1,EXC_A,F21,_Z,_Z,XDC_USD,_Z,N,T001,1974,6.0949,,F,6,A,0,DKK
OECD.SDD.NAD:DSD_NAMAIN10@DF_TABLE4(2.0),A,DNK,S1,S1,EXC_A,F21,_Z,_Z,XDC_USD,_Z,N,T001,1975,5.74615,,F,6,A,0,DKK
OECD.SDD.NAD:DSD_NAMAIN10@DF_TABLE4(2.0),A,DNK,S1,S1,EXC_A,F21,_Z,_Z,XDC_USD,_Z,N,T001,1976,6.045025,,F,6,A,0,DKK
OECD.SDD.NAD:DSD_NAMAIN10@DF_TABLE4(2.0),A,DNK,S1,S1,EXC_A,F21,_Z,_Z,XDC_USD,_Z,N,T001,1977,6.003192,,F,6,A,0,DKK
OECD.SDD.NAD:DSD_NAMAIN10@DF_TABLE4(2.0),A,DNK,S1,S1,EXC_A,F21,_Z,_Z,XDC_USD,_Z,N,T001,1978,5.514625,,F,6,A,0,DKK
OECD.SDD.NAD:DSD_NAMAIN10@DF_TABLE4(2.0),A,DNK,S1,S1,EXC_A,F21,_Z,_Z,XDC_USD,_Z,N,T001,1979,5.260958,,F,6,A,0,DKK
OECD.SDD.NAD:DSD_NAMAIN10@DF_TABLE4(2.0),A,DNK,S1,S1,EXC_A,F21,_Z,_Z,XDC_USD,_Z,N,T001,1980,5.635942,,F,6,A,0,DKK
OECD.SDD.NAD:DSD_NAMAIN10@DF_TABLE4(2.0),A,DNK,S1,S1,EXC_A,F21,_Z,_Z,XDC_USD,_Z,N,T001,1981,7.123367,,F,6,A,0,DKK
OECD.SDD.NAD:DSD_NAMAIN10@DF_TABLE4(2.0),A,DNK,S1,S1,EXC_A,F21,_Z,_Z,XDC_USD,_Z,N,T001,1982,8.332442,,F,6,A,0,DKK
OECD.SDD.NAD:DSD_NAMAIN10@DF_TABLE4(2.0),A,DNK,S1,S1,EXC_A,F21,_Z,_Z,XDC_USD,_Z,N,T001,1983,9.144992,,F,6,A,0,DKK
OECD.SDD.NAD:DSD_NAMAIN10@DF_TABLE4(2.0),A,DNK,S1,S1,EXC_A,F21,_Z,_Z,XDC_USD,_Z,N,T001,1984,10.356592,,F,6,A,0,DKK
OECD.SDD.NAD:DSD_NAMAIN10@DF_TABLE4(2.0),A,DNK,S1,S1,EXC_A,F21,_Z,_Z,XDC_USD,_Z,N,T001,1985,10.596392,,F,6,A,0,DKK
OECD.SDD.NAD:DSD_NAMAIN10@DF_TABLE4(2.0),A,DNK,S1,S1,EXC_A,F21,_Z,_Z,XDC_USD,_Z,N,T001,1986,8.090992,,F,6,A,0,DKK
OECD.SDD.NAD:DSD_NAMAIN10@DF_TABLE4(2.0),A,DNK,S1,S1,EXC_A,F21,_Z,_Z,XDC_USD,_Z,N,T001,1987,6.840317,,F,6,A,0,DKK
OECD.SDD.NAD:DSD_NAMAIN10@DF_TABLE4(2.0),A,DNK,S1,S1,EXC_A,F21,_Z,_Z,XDC_USD,_Z,N,T001,1988,6.731525,,F,6,A,0,DKK
OECD.SDD.NAD:DSD_NAMAIN10@DF_TABLE4(2.0),A,DNK,S1,S1,EXC_A,F21,_Z,_Z,XDC_USD,_Z,N,T001,1989,7.310175,,F,6,A,0,DKK
OECD.SDD.NAD:DSD_NAMAIN10@DF_TABLE4(2.0),A,DNK,S1,S1,EXC_A,F21,_Z,_Z,XDC_USD,_Z,N,T001,1990,6.188558,,F,6,A,0,DKK
OECD.SDD.NAD:DSD_NAMAIN10@DF_TABLE4(2.0),A,DNK,S1,S1,EXC_A,F21,_Z,_Z,XDC_USD,_Z,N,T001,1991,6.396458,,F,6,A,0,DKK
OECD.SDD.NAD:DSD_NAMAIN10@DF_TABLE4(2.0),A,DNK,S1,S1,EXC_A,F21,_Z,_Z,XDC_USD,_Z,N,T001,1992,6.036133,,F,6,A,0,DKK
OECD.SDD.NAD:DSD_NAMAIN10@DF_TABLE4(2.0),A,DNK,S1,S1,EXC_A,F21,_Z,_Z,XDC_USD,_Z,N,T001,1993,6.483939,,F,6,A,0,DKK
OECD.SDD.NAD:DSD_NAMAIN10@DF_TABLE4(2.0),A,DNK,S1,S1,EXC_A,F21,_Z,_Z,XDC_USD,_Z,N,T001,1994,6.360552,,F,6,A,0,DKK
OECD.SDD.NAD:DSD_NAMAIN10@DF_TABLE4(2.0),A,DNK,S1,S1,EXC_A,F21,_Z,_Z,XDC_USD,_Z,N,T001,1995,5.602367,,F,6,A,0,DKK
OECD.SDD.NAD:DSD_NAMAIN10@DF_TABLE4(2.0),A,DNK,S1,S1,EXC_A,F21,_Z,_Z,XDC_USD,_Z,N,T001,1996,5.798672,,F,6,A,0,DKK
OECD.SDD.NAD:DSD_NAMAIN10@DF_TABLE4(2.0),A,DNK,S1,S1,EXC_A,F21,_Z,_Z,XDC_USD,_Z,N,T001,1997,6.604459,,F,6,A,0,DKK
OECD.SDD.NAD:DSD_NAMAIN10@DF_TABLE4(2.0),A,DNK,S1,S1,EXC_A,F21,_Z,_Z,XDC_USD,_Z,N,T001,1998,6.700827,,F,6,A,0,DKK
OECD.SDD.NAD:DSD_NAMAIN10@DF_TABLE4(2.0),A,DNK,S1,S1,EXC_A,F21,_Z,_Z,XDC_USD,_Z,N,T001,1999,6.97624,,F,6,A,0,DKK
OECD.SDD.NAD:DSD_NAMAIN10@DF_TABLE4(2.0),A,DNK,S1,S1,EXC_A,F21,_Z,_Z,XDC_USD,_Z,N,T001,2000,8.083144,,F,6,A,0,DKK
OECD.SDD.NAD:DSD_NAMAIN10@DF_TABLE4(2.0),A,DNK,S1,S1,EXC_A,F21,_Z,_Z,XDC_USD,_Z,N,T001,2001,8.322817,,F,6,A,0,DKK
OECD.SDD.NAD:DSD_NAMAIN10@DF_TABLE4(2.0),A,DNK,S1,S1,EXC_A,F21,_Z,_Z,XDC_USD,_Z,N,T001,2002,7.894714,,F,6,A,0,DKK
OECD.SDD.NAD:DSD_NAMAIN10@DF_TABLE4(2.0),A,DNK,S1,S1,EXC_A,F21,_Z,_Z,XDC_USD,_Z,N,T001,2003,6.587673,,F,6,A,0,DKK
OECD.SDD.NAD:DSD_NAMAIN10@DF_TABLE4(2.0),A,DNK,S1,S1,EXC_A,F21,_Z,_Z,XDC_USD,_Z,N,T001,2004,5.991057,,F,6,A,0,DKK
OECD.SDD.NAD:DSD_NAMAIN10@DF_TABLE4(2.0),A,DNK,S1,S1,EXC_A,F21,_Z,_Z,XDC_USD,_Z,N,T001,2005,5.99691,,F,6,A,0,DKK
OECD.SDD.NAD:DSD_NAMAIN10@DF_TABLE4(2.0),A,DNK,S1,S1,EXC_A,F21,_Z,_Z,XDC_USD,_Z,N,T001,2006,5.946778,,F,6,A,0,DKK
OECD.SDD.NAD:DSD_NAMAIN10@DF_TABLE4(2.0),A,DNK,S1,S1,EXC_A,F21,_Z,_Z,XDC_USD,_Z,N,T001,2007,5.443701,,F,6,A,0,DKK
OECD.SDD.NAD:DSD_NAMAIN10@DF_TABLE4(2.0),A,DNK,S1,S1,EXC_A,F21,_Z,_Z,XDC_USD,_Z,N,T001,2008,5.098131,,F,6,A,0,DKK
OECD.SDD.NAD:DSD_NAMAIN10@DF_TABLE4(2.0),A,DNK,S1,S1,EXC_A,F21,_Z,_Z,XDC_USD,_Z,N,T001,2009,5.360867,,F,6,A,0,DKK
OECD.SDD.NAD:DSD_NAMAIN10@DF_TABLE4(2.0),A,DNK,S1,S1,EXC_A,F21,_Z,_Z,XDC_USD,_Z,N,T001,2010,5.624075,,F,6,A,0,DKK
OECD.SDD.NAD:DSD_NAMAIN10@DF_TABLE4(2.0),A,DNK,S1,S1,EXC_A,F21,_Z,_Z,XDC_USD,_Z,N,T001,2011,5.368712,,F,6,A,0,DKK
OECD.SDD.NAD:DSD_NAMAIN10@DF_TABLE4(2.0),A,DNK,S1,S1,EXC_A,F21,_Z,_Z,XDC_USD,_Z,N,T001,2012,5.792476,,F,6,A,0,DKK
OECD.SDD.NAD:DSD_NAMAIN10@DF_TABLE4(2.0),A,DNK,S1,S1,EXC_A,F21,_Z,_Z,XDC_USD,_Z,N,T001,2013,5.616312,,F,6,A,0,DKK
OECD.SDD.NAD:DSD_NAMAIN10@DF_TABLE4(2.0),A,DNK,S1,S1,EXC_A,F21,_Z,_Z,XDC_USD,_Z,N,T001,2014,5.612467,,F,6,A,0,DKK
OECD.SDD.NAD:DSD_NAMAIN10@DF_TABLE4(2.0),A,DNK,S1,S1,EXC_A,F21,_Z,_Z,XDC_USD,_Z,N,T001,2015,6.727907,,F,6,A,0,DKK
OECD.SDD.NAD:DSD_NAMAIN10@DF_TABLE4(2.0),A,DNK,S1,S1,EXC_A,F21,_Z,_Z,XDC_USD,_Z,N,T001,2016,6.731718,,F,6,A,0,DKK
OECD.SDD.NAD:DSD_NAMAIN10@DF_TABLE4(2.0),A,DNK,S1,S1,EXC_A,F21,_Z,_Z,XDC_USD,_Z,N,T001,2017,6.602893,,F,6,A,0,DKK
OECD.SDD.NAD:DSD_NAMAIN10@DF_TABLE4(2.0),A,DNK,S1,S1,EXC_A,F21,_Z,_Z,XDC_USD,_Z,N,T001,2018,6.314619,,F,6,A,0,DKK
OECD.SDD.NAD:DSD_NAMAIN10@DF_TABLE4(2.0),A,DNK,S1,S1,EXC_A,F21,_Z,_Z,XDC_USD,_Z,N,T001,2019,6.669447,,F,6,A,0,DKK
OECD.SDD.NAD:DSD_NAMAIN10@DF_TABLE4(2.0),A,DNK,S1,S1,EXC_A,F21,_Z,_Z,XDC_USD,_Z,N,T001,2020,6.542152,,F,6,A,0,DKK
OECD.SDD.NAD:DSD_NAMAIN10@DF_TABLE4(2.0),A,DNK,S1,S1,EXC_A,F21,_Z,_Z,XDC_USD,_Z,N,T001,2021,6.287113,,F,6,A,0,DKK
OECD.SDD.NAD:DSD_NAMAIN10@DF_TABLE4(2.0),A,DNK,S1,S1,EXC_A,F21,_Z,_Z,XDC_USD,_Z,N,T001,2022,7.076152,,F,6,A,0,DKK
OECD.SDD.NAD:DSD_NAMAIN10@DF_TABLE4(2.0),A,DNK,S1,S1,EXC_A,F21,_Z,_Z,XDC_USD,_Z,N,T001,2023,6.889703,,F,6,A,0,DKK
OECD.SDD.NAD:DSD_NAMAIN10@DF_TABLE4(2.0),A,CRI,S1,S1,EXC_A,F21,_Z,_Z,XDC_USD,_Z,N,T001,1950,5.615,,F,6,A,0,CRC
OECD.SDD.NAD:DSD_NAMAIN10@DF_TABLE4(2.0),A,CRI,S1,S1,EXC_A,F21,_Z,_Z,XDC_USD,_Z,N,T001,1951,5.615,,F,6,A,0,CRC
OECD.SDD.NAD:DSD_NAMAIN10@DF_TABLE4(2.0),A,CRI,S1,S1,EXC_A,F21,_Z,_Z,XDC_USD,_Z,N,T001,1952,5.615,,F,6,A,0,CRC
OECD.SDD.NAD:DSD_NAMAIN10@DF_TABLE4(2.0),A,CRI,S1,S1,EXC_A,F21,_Z,_Z,XDC_USD,_Z,N,T001,1953,5.615,,F,6,A,0,CRC
OECD.SDD.NAD:DSD_NAMAIN10@DF_TABLE4(2.0),A,CRI,S1,S1,EXC_A,F21,_Z,_Z,XDC_USD,_Z,N,T001,1954,5.615,,F,6,A,0,CRC
OECD.SDD.NAD:DSD_NAMAIN10@DF_TABLE4(2.0),A,CRI,S1,S1,EXC_A,F21,_Z,_Z,XDC_USD,_Z,N,T001,1955,5.615,,F,6,A,0,CRC
OECD.SDD.NAD:DSD_NAMAIN10@DF_TABLE4(2.0),A,CRI,S1,S1,EXC_A,F21,_Z,_Z,XDC_USD,_Z,N,T001,1956,5.615,,F,6,A,0,CRC
OECD.SDD.NAD:DSD_NAMAIN10@DF_TABLE4(2.0),A,CRI,S1,S1,EXC_A,F21,_Z,_Z,XDC_USD,_Z,N,T001,1957,5.615,,F,6,A,0,CRC
OECD.SDD.NAD:DSD_NAMAIN10@DF_TABLE4(2.0),A,CRI,S1,S1,EXC_A,F21,_Z,_Z,XDC_USD,_Z,N,T001,1958,5.615,,F,6,A,0,CRC
OECD.SDD.NAD:DSD_NAMAIN10@DF_TABLE4(2.0),A,CRI,S1,S1,EXC_A,F21,_Z,_Z,XDC_USD,_Z,N,T001,1959,5.615,,F,6,A,0,CRC
OECD.SDD.NAD:DSD_NAMAIN10@DF_TABLE4(2.0),A,CRI,S1,S1,EXC_A,F21,_Z,_Z,XDC_USD,_Z,N,T001,1960,5.615,,F,6,A,0,CRC
OECD.SDD.NAD:DSD_NAMAIN10@DF_TABLE4(2.0),A,CRI,S1,S1,EXC_A,F21,_Z,_Z,XDC_USD,_Z,N,T001,1961,5.951667,,F,6,A,0,CRC
OECD.SDD.NAD:DSD_NAMAIN10@DF_TABLE4(2.0),A,CRI,S1,S1,EXC_A,F21,_Z,_Z,XDC_USD,_Z,N,T001,1962,6.625,,F,6,A,0,CRC
OECD.SDD.NAD:DSD_NAMAIN10@DF_TABLE4(2.0),A,CRI,S1,S1,EXC_A,F21,_Z,_Z,XDC_USD,_Z,N,T001,1963,6.625,,F,6,A,0,CRC
OECD.SDD.NAD:DSD_NAMAIN10@DF_TABLE4(2.0),A,CRI,S1,S1,EXC_A,F21,_Z,_Z,XDC_USD,_Z,N,T001,1964,6.625,,F,6,A,0,CRC
OECD.SDD.NAD:DSD_NAMAIN10@DF_TABLE4(2.0),A,CRI,S1,S1,EXC_A,F21,_Z,_Z,XDC_USD,_Z,N,T001,1965,6.625,,F,6,A,0,CRC
OECD.SDD.NAD:DSD_NAMAIN10@DF_TABLE4(2.0),A,CRI,S1,S1,EXC_A,F21,_Z,_Z,XDC_USD,_Z,N,T001,1966,6.625,,F,6,A,0,CRC
OECD.SDD.NAD:DSD_NAMAIN10@DF_TABLE4(2.0),A,CRI,S1,S1,EXC_A,F21,_Z,_Z,XDC_USD,_Z,N,T001,1967,6.625,,F,6,A,0,CRC
OECD.SDD.NAD:DSD_NAMAIN10@DF_TABLE4(2.0),A,CRI,S1,S1,EXC_A,F21,_Z,_Z,XDC_USD,_Z,N,T001,1968,6.625,,F,6,A,0,CRC
OECD.SDD.NAD:DSD_NAMAIN10@DF_TABLE4(2.0),A,CRI,S1,S1,EXC_A,F21,_Z,_Z,XDC_USD,_Z,N,T001,1969,6.625,,F,6,A,0,CRC
OECD.SDD.NAD:DSD_NAMAIN10@DF_TABLE4(2.0),A,CRI,S1,S1,EXC_A,F21,_Z,_Z,XDC_USD,_Z,N,T001,1970,6.625,,F,6,A,0,CRC
OECD.SDD.NAD:DSD_NAMAIN10@DF_TABLE4(2.0),A,CRI,S1,S1,EXC_A,F21,_Z,_Z,XDC_USD,_Z,N,T001,1971,6.625833,,F,6,A,0,CRC
OECD.SDD.NAD:DSD_NAMAIN10@DF_TABLE4(2.0),A,CRI,S1,S1,EXC_A,F21,_Z,_Z,XDC_USD,_Z,N,T001,1972,6.635,,F,6,A,0,CRC
OECD.SDD.NAD:DSD_NAMAIN10@DF_TABLE4(2.0),A,CRI,S1,S1,EXC_A,F21,_Z,_Z,XDC_USD,_Z,N,T001,1973,6.646758,,F,6,A,0,CRC
OECD.SDD.NAD:DSD_NAMAIN10@DF_TABLE4(2.0),A,CRI,S1,S1,EXC_A,F21,_Z,_Z,XDC_USD,_Z,N,T001,1974,7.93,,F,6,A,0,CRC
OECD.SDD.NAD:DSD_NAMAIN10@DF_TABLE4(2.0),A,CRI,S1,S1,EXC_A,F21,_Z,_Z,XDC_USD,_Z,N,T001,1975,8.57,,F,6,A,0,CRC
OECD.SDD.NAD:DSD_NAMAIN10@DF_TABLE4(2.0),A,CRI,S1,S1,EXC_A,F21,_Z,_Z,XDC_USD,_Z,N,T001,1976,8.57,,F,6,A,0,CRC
OECD.SDD.NAD:DSD_NAMAIN10@DF_TABLE4(2.0),A,CRI,S1,S1,EXC_A,F21,_Z,_Z,XDC_USD,_Z,N,T001,1977,8.57,,F,6,A,0,CRC
OECD.SDD.NAD:DSD_NAMAIN10@DF_TABLE4(2.0),A,CRI,S1,S1,EXC_A,F21,_Z,_Z,XDC_USD,_Z,N,T001,1978,8.57,,F,6,A,0,CRC
OECD.SDD.NAD:DSD_NAMAIN10@DF_TABLE4(2.0),A,CRI,S1,S1,EXC_A,F21,_Z,_Z,XDC_USD,_Z,N,T001,1979,8.57,,F,6,A,0,CRC
OECD.SDD.NAD:DSD_NAMAIN10@DF_TABLE4(2.0),A,CRI,S1,S1,EXC_A,F21,_Z,_Z,XDC_USD,_Z,N,T001,1980,8.57,,F,6,A,0,CRC
OECD.SDD.NAD:DSD_NAMAIN10@DF_TABLE4(2.0),A,CRI,S1,S1,EXC_A,F21,_Z,_Z,XDC_USD,_Z,N,T001,1981,21.763333,,F,6,A,0,CRC
OECD.SDD.NAD:DSD_NAMAIN10@DF_TABLE4(2.0),A,CRI,S1,S1,EXC_A,F21,_Z,_Z,XDC_USD,_Z,N,T001,1982,37.406667,,F,6,A,0,CRC
OECD.SDD.NAD:DSD_NAMAIN10@DF_TABLE4(2.0),A,CRI,S1,S1,EXC_A,F21,_Z,_Z,XDC_USD,_Z,N,T001,1983,41.094167,,F,6,A,0,CRC
OECD.SDD.NAD:DSD_NAMAIN10@DF_TABLE4(2.0),A,CRI,S1,S1,EXC_A,F21,_Z,_Z,XDC_USD,_Z,N,T001,1984,44.532683,,F,6,A,0,CRC
OECD.SDD.NAD:DSD_NAMAIN10@DF_TABLE4(2.0),A,CRI,S1,S1,EXC_A,F21,_Z,_Z,XDC_USD,_Z,N,T001,1985,50.45335,,F,6,A,0,CRC
OECD.SDD.NAD:DSD_NAMAIN10@DF_TABLE4(2.0),A,CRI,S1,S1,EXC_A,F21,_Z,_Z,XDC_USD,_Z,N,T001,1986,55.985892,,F,6,A,0,CRC
OECD.SDD.NAD:DSD_NAMAIN10@DF_TABLE4(2.0),A,CRI,S1,S1,EXC_A,F21,_Z,_Z,XDC_USD,_Z,N,T001,1987,62.7762,,F,6,A,0,CRC
OECD.SDD.NAD:DSD_NAMAIN10@DF_TABLE4(2.0),A,CRI,S1,S1,EXC_A,F21,_Z,_Z,XDC_USD,_Z,N,T001,1988,75.804733,,F,6,A,0,CRC
OECD.SDD.NAD:DSD_NAMAIN10@DF_TABLE4(2.0),A,CRI,S1,S1,EXC_A,F21,_Z,_Z,XDC_USD,_Z,N,T001,1989,81.504208,,F,6,A,0,CRC
OECD.SDD.NAD:DSD_NAMAIN10@DF_TABLE4(2.0),A,CRI,S1,S1,EXC_A,F21,_Z,_Z,XDC_USD,_Z,N,T001,1990,91.579292,,F,6,A,0,CRC
OECD.SDD.NAD:DSD_NAMAIN10@DF_TABLE4(2.0),A,CRI,S1,S1,EXC_A,F21,_Z,_Z,XDC_USD,_Z,N,T001,1991,122.432417,,F,6,A,0,CRC
OECD.SDD.NAD:DSD_NAMAIN10@DF_TABLE4(2.0),A,CRI,S1,S1,EXC_A,F21,_Z,_Z,XDC_USD,_Z,N,T001,1992,134.506333,,F,6,A,0,CRC
OECD.SDD.NAD:DSD_NAMAIN10@DF_TABLE4(2.0),A,CRI,S1,S1,EXC_A,F21,_Z,_Z,XDC_USD,_Z,N,T001,1993,142.171667,,F,6,A,0,CRC
OECD.SDD.NAD:DSD_NAMAIN10@DF_TABLE4(2.0),A,CRI,S1,S1,EXC_A,F21,_Z,_Z,XDC_USD,_Z,N,T001,1994,157.066667,,F,6,A,0,CRC
OECD.SDD.NAD:DSD_NAMAIN10@DF_TABLE4(2.0),A,CRI,S1,S1,EXC_A,F21,_Z,_Z,XDC_USD,_Z,N,T001,1995,179.729167,,F,6,A,0,CRC
OECD.SDD.NAD:DSD_NAMAIN10@DF_TABLE4(2.0),A,CRI,S1,S1,EXC_A,F21,_Z,_Z,XDC_USD,_Z,N,T001,1996,207.689167,,F,6,A,0,CRC
OECD.SDD.NAD:DSD_NAMAIN10@DF_TABLE4(2.0),A,CRI,S1,S1,EXC_A,F21,_Z,_Z,XDC_USD,_Z,N,T001,1997,232.5975,,F,6,A,0,CRC
OECD.SDD.NAD:DSD_NAMAIN10@DF_TABLE4(2.0),A,CRI,S1,S1,EXC_A,F21,_Z,_Z,XDC_USD,_Z,N,T001,1998,257.229167,,F,6,A,0,CRC
OECD.SDD.NAD:DSD_NAMAIN10@DF_TABLE4(2.0),A,CRI,S1,S1,EXC_A,F21,_Z,_Z,XDC_USD,_Z,N,T001,1999,285.684695,,F,6,A,0,CRC
OECD.SDD.NAD:DSD_NAMAIN10@DF_TABLE4(2.0),A,CRI,S1,S1,EXC_A,F21,_Z,_Z,XDC_USD,_Z,N,T001,2000,308.186667,,F,6,A,0,CRC
OECD.SDD.NAD:DSD_NAMAIN10@DF_TABLE4(2.0),A,CRI,S1,S1,EXC_A,F21,_Z,_Z,XDC_USD,_Z,N,T001,2001,328.870833,,F,6,A,0,CRC
OECD.SDD.NAD:DSD_NAMAIN10@DF_TABLE4(2.0),A,CRI,S1,S1,EXC_A,F21,_Z,_Z,XDC_USD,_Z,N,T001,2002,359.817527,,F,6,A,0,CRC
OECD.SDD.NAD:DSD_NAMAIN10@DF_TABLE4(2.0),A,CRI,S1,S1,EXC_A,F21,_Z,_Z,XDC_USD,_Z,N,T001,2003,398.662222,,F,6,A,0,CRC
OECD.SDD.NAD:DSD_NAMAIN10@DF_TABLE4(2.0),A,CRI,S1,S1,EXC_A,F21,_Z,_Z,XDC_USD,_Z,N,T001,2004,437.935,,F,6,A,0,CRC
OECD.SDD.NAD:DSD_NAMAIN10@DF_TABLE4(2.0),A,CRI,S1,S1,EXC_A,F21,_Z,_Z,XDC_USD,_Z,N,T001,2005,477.786741,,F,6,A,0,CRC
OECD.SDD.NAD:DSD_NAMAIN10@DF_TABLE4(2.0),A,CRI,S1,S1,EXC_A,F21,_Z,_Z,XDC_USD,_Z,N,T001,2006,511.301818,,F,6,A,0,CRC
OECD.SDD.NAD:DSD_NAMAIN10@DF_TABLE4(2.0),A,CRI,S1,S1,EXC_A,F21,_Z,_Z,XDC_USD,_Z,N,T001,2007,516.61739,,F,6,A,0,CRC
OECD.SDD.NAD:DSD_NAMAIN10@DF_TABLE4(2.0),A,CRI,S1,S1,EXC_A,F21,_Z,_Z,XDC_USD,_Z,N,T001,2008,526.235513,,F,6,A,0,CRC
OECD.SDD.NAD:DSD_NAMAIN10@DF_TABLE4(2.0),A,CRI,S1,S1,EXC_A,F21,_Z,_Z,XDC_USD,_Z,N,T001,2009,573.287957,,F,6,A,0,CRC
OECD.SDD.NAD:DSD_NAMAIN10@DF_TABLE4(2.0),A,CRI,S1,S1,EXC_A,F21,_Z,_Z,XDC_USD,_Z,N,T001,2010,525.829201,,F,6,A,0,CRC
OECD.SDD.NAD:DSD_NAMAIN10@DF_TABLE4(2.0),A,CRI,S1,S1,EXC_A,F21,_Z,_Z,XDC_USD,_Z,N,T001,2011,505.66424,,F,6,A,0,CRC
OECD.SDD.NAD:DSD_NAMAIN10@DF_TABLE4(2.0),A,CRI,S1,S1,EXC_A,F21,_Z,_Z,XDC_USD,_Z,N,T001,2012,502.901462,,F,6,A,0,CRC
OECD.SDD.NAD:DSD_NAMAIN10@DF_TABLE4(2.0),A,CRI,S1,S1,EXC_A,F21,_Z,_Z,XDC_USD,_Z,N,T001,2013,499.766833,,F,6,A,0,CRC
OECD.SDD.NAD:DSD_NAMAIN10@DF_TABLE4(2.0),A,CRI,S1,S1,EXC_A,F21,_Z,_Z,XDC_USD,_Z,N,T001,2014,538.3172,,F,6,A,0,CRC
OECD.SDD.NAD:DSD_NAMAIN10@DF_TABLE4(2.0),A,CRI,S1,S1,EXC_A,F21,_Z,_Z,XDC_USD,_Z,N,T001,2015,534.56577,,F,6,A,0,CRC
OECD.SDD.NAD:DSD_NAMAIN10@DF_TABLE4(2.0),A,CRI,S1,S1,EXC_A,F21,_Z,_Z,XDC_USD,_Z,N,T001,2016,544.739367,,F,6,A,0,CRC
OECD.SDD.NAD:DSD_NAMAIN10@DF_TABLE4(2.0),A,CRI,S1,S1,EXC_A,F21,_Z,_Z,XDC_USD,_Z,N,T001,2017,567.51309,,F,6,A,0,CRC
OECD.SDD.NAD:DSD_NAMAIN10@DF_TABLE4(2.0),A,CRI,S1,S1,EXC_A,F21,_Z,_Z,XDC_USD,_Z,N,T001,2018,576.972501,,F,6,A,0,CRC
OECD.SDD.NAD:DSD_NAMAIN10@DF_TABLE4(2.0),A,CRI,S1,S1,EXC_A,F21,_Z,_Z,XDC_USD,_Z,N,T001,2019,587.294596,,F,6,A,0,CRC
OECD.SDD.NAD:DSD_NAMAIN10@DF_TABLE4(2.0),A,CRI,S1,S1,EXC_A,F21,_Z,_Z,XDC_USD,_Z,N,T001,2020,584.900855,,F,6,A,0,CRC
OECD.SDD.NAD:DSD_NAMAIN10@DF_TABLE4(2.0),A,CRI,S1,S1,EXC_A,F21,_Z,_Z,XDC_USD,_Z,N,T001,2021,620.78472,,F,6,A,0,CRC
OECD.SDD.NAD:DSD_NAMAIN10@DF_TABLE4(2.0),A,CRI,S1,S1,EXC_A,F21,_Z,_Z,XDC_USD,_Z,N,T001,2022,647.135818,,F,6,A,0,CRC
OECD.SDD.NAD:DSD_NAMAIN10@DF_TABLE4(2.0),A,CRI,S1,S1,EXC_A,F21,_Z,_Z,XDC_USD,_Z,N,T001,2023,544.050776,,F,6,A,0,CRC
OECD.SDD.NAD:DSD_NAMAIN10@DF_TABLE4(2.0),A,COL,S1,S1,EXC_A,F21,_Z,_Z,XDC_USD,_Z,N,T001,1950,1.96,,F,6,A,0,COP
OECD.SDD.NAD:DSD_NAMAIN10@DF_TABLE4(2.0),A,COL,S1,S1,EXC_A,F21,_Z,_Z,XDC_USD,_Z,N,T001,1951,2.4,,F,6,A,0,COP
OECD.SDD.NAD:DSD_NAMAIN10@DF_TABLE4(2.0),A,COL,S1,S1,EXC_A,F21,_Z,_Z,XDC_USD,_Z,N,T001,1952,2.51,,F,6,A,0,COP
OECD.SDD.NAD:DSD_NAMAIN10@DF_TABLE4(2.0),A,COL,S1,S1,EXC_A,F21,_Z,_Z,XDC_USD,_Z,N,T001,1953,2.51,,F,6,A,0,COP
OECD.SDD.NAD:DSD_NAMAIN10@DF_TABLE4(2.0),A,COL,S1,S1,EXC_A,F21,_Z,_Z,XDC_USD,_Z,N,T001,1954,2.51,,F,6,A,0,COP
OECD.SDD.NAD:DSD_NAMAIN10@DF_TABLE4(2.0),A,COL,S1,S1,EXC_A,F21,_Z,_Z,XDC_USD,_Z,N,T001,1955,2.51,,F,6,A,0,COP
OECD.SDD.NAD:DSD_NAMAIN10@DF_TABLE4(2.0),A,COL,S1,S1,EXC_A,F21,_Z,_Z,XDC_USD,_Z,N,T001,1956,2.51,,F,6,A,0,COP
OECD.SDD.NAD:DSD_NAMAIN10@DF_TABLE4(2.0),A,COL,S1,S1,EXC_A,F21,_Z,_Z,XDC_USD,_Z,N,T001,1957,3.7975,,F,6,A,0,COP
OECD.SDD.NAD:DSD_NAMAIN10@DF_TABLE4(2.0),A,COL,S1,S1,EXC_A,F21,_Z,_Z,XDC_USD,_Z,N,T001,1958,6.4,,F,6,A,0,COP
OECD.SDD.NAD:DSD_NAMAIN10@DF_TABLE4(2.0),A,COL,S1,S1,EXC_A,F21,_Z,_Z,XDC_USD,_Z,N,T001,1959,6.4,,F,6,A,0,COP
OECD.SDD.NAD:DSD_NAMAIN10@DF_TABLE4(2.0),A,COL,S1,S1,EXC_A,F21,_Z,_Z,XDC_USD,_Z,N,T001,1960,6.635,,F,6,A,0,COP
OECD.SDD.NAD:DSD_NAMAIN10@DF_TABLE4(2.0),A,COL,S1,S1,EXC_A,F21,_Z,_Z,XDC_USD,_Z,N,T001,1961,6.7,,F,6,A,0,COP
OECD.SDD.NAD:DSD_NAMAIN10@DF_TABLE4(2.0),A,COL,S1,S1,EXC_A,F21,_Z,_Z,XDC_USD,_Z,N,T001,1962,6.961667,,F,6,A,0,COP
OECD.SDD.NAD:DSD_NAMAIN10@DF_TABLE4(2.0),A,COL,S1,S1,EXC_A,F21,_Z,_Z,XDC_USD,_Z,N,T001,1963,9,,F,6,A,0,COP
OECD.SDD.NAD:DSD_NAMAIN10@DF_TABLE4(2.0),A,COL,S1,S1,EXC_A,F21,_Z,_Z,XDC_USD,_Z,N,T001,1964,9,,F,6,A,0,COP
OECD.SDD.NAD:DSD_NAMAIN10@DF_TABLE4(2.0),A,COL,S1,S1,EXC_A,F21,_Z,_Z,XDC_USD,_Z,N,T001,1965,10.5,,F,6,A,0,COP
OECD.SDD.NAD:DSD_NAMAIN10@DF_TABLE4(2.0),A,COL,S1,S1,EXC_A,F21,_Z,_Z,XDC_USD,_Z,N,T001,1966,13.5,,F,6,A,0,COP
OECD.SDD.NAD:DSD_NAMAIN10@DF_TABLE4(2.0),A,COL,S1,S1,EXC_A,F21,_Z,_Z,XDC_USD,_Z,N,T001,1967,14.506667,,F,6,A,0,COP
OECD.SDD.NAD:DSD_NAMAIN10@DF_TABLE4(2.0),A,COL,S1,S1,EXC_A,F21,_Z,_Z,XDC_USD,_Z,N,T001,1968,16.291667,,F,6,A,0,COP
OECD.SDD.NAD:DSD_NAMAIN10@DF_TABLE4(2.0),A,COL,S1,S1,EXC_A,F21,_Z,_Z,XDC_USD,_Z,N,T001,1969,17.321667,,F,6,A,0,COP
OECD.SDD.NAD:DSD_NAMAIN10@DF_TABLE4(2.0),A,COL,S1,S1,EXC_A,F21,_Z,_Z,XDC_USD,_Z,N,T001,1970,18.444167,,F,6,A,0,COP
OECD.SDD.NAD:DSD_NAMAIN10@DF_TABLE4(2.0),A,COL,S1,S1,EXC_A,F21,_Z,_Z,XDC_USD,_Z,N,T001,1971,19.933333,,F,6,A,0,COP
OECD.SDD.NAD:DSD_NAMAIN10@DF_TABLE4(2.0),A,COL,S1,S1,EXC_A,F21,_Z,_Z,XDC_USD,_Z,N,T001,1972,21.866667,,F,6,A,0,COP
OECD.SDD.NAD:DSD_NAMAIN10@DF_TABLE4(2.0),A,COL,S1,S1,EXC_A,F21,_Z,_Z,XDC_USD,_Z,N,T001,1973,23.571667,,F,6,A,0,COP
OECD.SDD.NAD:DSD_NAMAIN10@DF_TABLE4(2.0),A,COL,S1,S1,EXC_A,F21,_Z,_Z,XDC_USD,_Z,N,T001,1974,26.061667,,F,6,A,0,COP
OECD.SDD.NAD:DSD_NAMAIN10@DF_TABLE4(2.0),A,COL,S1,S1,EXC_A,F21,_Z,_Z,XDC_USD,_Z,N,T001,1975,30.9275,,F,6,A,0,COP
OECD.SDD.NAD:DSD_NAMAIN10@DF_TABLE4(2.0),A,COL,S1,S1,EXC_A,F21,_Z,_Z,XDC_USD,_Z,N,T001,1976,34.695,,F,6,A,0,COP
OECD.SDD.NAD:DSD_NAMAIN10@DF_TABLE4(2.0),A,COL,S1,S1,EXC_A,F21,_Z,_Z,XDC_USD,_Z,N,T001,1977,36.774167,,F,6,A,0,COP
OECD.SDD.NAD:DSD_NAMAIN10@DF_TABLE4(2.0),A,COL,S1,S1,EXC_A,F21,_Z,_Z,XDC_USD,_Z,N,T001,1978,39.095,,F,6,A,0,COP
OECD.SDD.NAD:DSD_NAMAIN10@DF_TABLE4(2.0),A,COL,S1,S1,EXC_A,F21,_Z,_Z,XDC_USD,_Z,N,T001,1979,42.548333,,F,6,A,0,COP
OECD.SDD.NAD:DSD_NAMAIN10@DF_TABLE4(2.0),A,COL,S1,S1,EXC_A,F21,_Z,_Z,XDC_USD,_Z,N,T001,1980,47.278333,,F,6,A,0,COP
OECD.SDD.NAD:DSD_NAMAIN10@DF_TABLE4(2.0),A,COL,S1,S1,EXC_A,F21,_Z,_Z,XDC_USD,_Z,N,T001,1981,54.489167,,F,6,A,0,COP
OECD.SDD.NAD:DSD_NAMAIN10@DF_TABLE4(2.0),A,COL,S1,S1,EXC_A,F21,_Z,_Z,XDC_USD,_Z,N,T001,1982,64.085833,,F,6,A,0,COP
OECD.SDD.NAD:DSD_NAMAIN10@DF_TABLE4(2.0),A,COL,S1,S1,EXC_A,F21,_Z,_Z,XDC_USD,_Z,N,T001,1983,78.8575,,F,6,A,0,COP
OECD.SDD.NAD:DSD_NAMAIN10@DF_TABLE4(2.0),A,COL,S1,S1,EXC_A,F21,_Z,_Z,XDC_USD,_Z,N,T001,1984,100.8175,,F,6,A,0,COP
OECD.SDD.NAD:DSD_NAMAIN10@DF_TABLE4(2.0),A,COL,S1,S1,EXC_A,F21,_Z,_Z,XDC_USD,_Z,N,T001,1985,142.311667,,F,6,A,0,COP
OECD.SDD.NAD:DSD_NAMAIN10@DF_TABLE4(2.0),A,COL,S1,S1,EXC_A,F21,_Z,_Z,XDC_USD,_Z,N,T001,1986,194.260833,,F,6,A,0,COP
OECD.SDD.NAD:DSD_NAMAIN10@DF_TABLE4(2.0),A,COL,S1,S1,EXC_A,F21,_Z,_Z,XDC_USD,_Z,N,T001,1987,242.606667,,F,6,A,0,COP
OECD.SDD.NAD:DSD_NAMAIN10@DF_TABLE4(2.0),A,COL,S1,S1,EXC_A,F21,_Z,_Z,XDC_USD,_Z,N,T001,1988,299.173333,,F,6,A,0,COP
OECD.SDD.NAD:DSD_NAMAIN10@DF_TABLE4(2.0),A,COL,S1,S1,EXC_A,F21,_Z,_Z,XDC_USD,_Z,N,T001,1989,382.566667,,F,6,A,0,COP
OECD.SDD.NAD:DSD_NAMAIN10@DF_TABLE4(2.0),A,COL,S1,S1,EXC_A,F21,_Z,_Z,XDC_USD,_Z,N,T001,1990,502.26,,F,6,A,0,COP
OECD.SDD.NAD:DSD_NAMAIN10@DF_TABLE4(2.0),A,COL,S1,S1,EXC_A,F21,_Z,_Z,XDC_USD,_Z,N,T001,1991,627.1525,,F,6,A,0,COP
OECD.SDD.NAD:DSD_NAMAIN10@DF_TABLE4(2.0),A,COL,S1,S1,EXC_A,F21,_Z,_Z,XDC_USD,_Z,N,T001,1992,680.385833,,F,6,A,0,COP
OECD.SDD.NAD:DSD_NAMAIN10@DF_TABLE4(2.0),A,COL,S1,S1,EXC_A,F21,_Z,_Z,XDC_USD,_Z,N,T001,1993,786.346667,,F,6,A,0,COP
OECD.SDD.NAD:DSD_NAMAIN10@DF_TABLE4(2.0),A,COL,S1,S1,EXC_A,F21,_Z,_Z,XDC_USD,_Z,N,T001,1994,826.54,,F,6,A,0,COP
OECD.SDD.NAD:DSD_NAMAIN10@DF_TABLE4(2.0),A,COL,S1,S1,EXC_A,F21,_Z,_Z,XDC_USD,_Z,N,T001,1995,912.895,,F,6,A,0,COP
OECD.SDD.NAD:DSD_NAMAIN10@DF_TABLE4(2.0),A,COL,S1,S1,EXC_A,F21,_Z,_Z,XDC_USD,_Z,N,T001,1996,1036.6225,,F,6,A,0,COP
OECD.SDD.NAD:DSD_NAMAIN10@DF_TABLE4(2.0),A,COL,S1,S1,EXC_A,F21,_Z,_Z,XDC_USD,_Z,N,T001,1997,1141.116667,,F,6,A,0,COP
OECD.SDD.NAD:DSD_NAMAIN10@DF_TABLE4(2.0),A,COL,S1,S1,EXC_A,F21,_Z,_Z,XDC_USD,_Z,N,T001,1998,1426.424167,,F,6,A,0,COP
OECD.SDD.NAD:DSD_NAMAIN10@DF_TABLE4(2.0),A,COL,S1,S1,EXC_A,F21,_Z,_Z,XDC_USD,_Z,N,T001,1999,1756.685833,,F,6,A,0,COP
OECD.SDD.NAD:DSD_NAMAIN10@DF_TABLE4(2.0),A,COL,S1,S1,EXC_A,F21,_Z,_Z,XDC_USD,_Z,N,T001,2000,2087.918333,,F,6,A,0,COP
OECD.SDD.NAD:DSD_NAMAIN10@DF_TABLE4(2.0),A,COL,S1,S1,EXC_A,F21,_Z,_Z,XDC_USD,_Z,N,T001,2001,2299.893333,,F,6,A,0,COP
OECD.SDD.NAD:DSD_NAMAIN10@DF_TABLE4(2.0),A,COL,S1,S1,EXC_A,F21,_Z,_Z,XDC_USD,_Z,N,T001,2002,2504.680833,,F,6,A,0,COP
OECD.SDD.NAD:DSD_NAMAIN10@DF_TABLE4(2.0),A,COL,S1,S1,EXC_A,F21,_Z,_Z,XDC_USD,_Z,N,T001,2003,2877.543333,,F,6,A,0,COP
OECD.SDD.NAD:DSD_NAMAIN10@DF_TABLE4(2.0),A,COL,S1,S1,EXC_A,F21,_Z,_Z,XDC_USD,_Z,N,T001,2004,2628.368333,,F,6,A,0,COP
OECD.SDD.NAD:DSD_NAMAIN10@DF_TABLE4(2.0),A,COL,S1,S1,EXC_A,F21,_Z,_Z,XDC_USD,_Z,N,T001,2005,2321.131667,,F,6,A,0,COP
OECD.SDD.NAD:DSD_NAMAIN10@DF_TABLE4(2.0),A,COL,S1,S1,EXC_A,F21,_Z,_Z,XDC_USD,_Z,N,T001,2006,2358.594605,,F,6,A,0,COP
OECD.SDD.NAD:DSD_NAMAIN10@DF_TABLE4(2.0),A,COL,S1,S1,EXC_A,F21,_Z,_Z,XDC_USD,_Z,N,T001,2007,2077.810958,,F,6,A,0,COP
OECD.SDD.NAD:DSD_NAMAIN10@DF_TABLE4(2.0),A,COL,S1,S1,EXC_A,F21,_Z,_Z,XDC_USD,_Z,N,T001,2008,1965.1375,,F,6,A,0,COP
OECD.SDD.NAD:DSD_NAMAIN10@DF_TABLE4(2.0),A,COL,S1,S1,EXC_A,F21,_Z,_Z,XDC_USD,_Z,N,T001,2009,2157.598333,,F,6,A,0,COP
OECD.SDD.NAD:DSD_NAMAIN10@DF_TABLE4(2.0),A,COL,S1,S1,EXC_A,F21,_Z,_Z,XDC_USD,_Z,N,T001,2010,1898.9975,,F,6,A,0,COP
OECD.SDD.NAD:DSD_NAMAIN10@DF_TABLE4(2.0),A,COL,S1,S1,EXC_A,F21,_Z,_Z,XDC_USD,_Z,N,T001,2011,1848.016667,,F,6,A,0,COP
OECD.SDD.NAD:DSD_NAMAIN10@DF_TABLE4(2.0),A,COL,S1,S1,EXC_A,F21,_Z,_Z,XDC_USD,_Z,N,T001,2012,1798.011667,,F,6,A,0,COP
OECD.SDD.NAD:DSD_NAMAIN10@DF_TABLE4(2.0),A,COL,S1,S1,EXC_A,F21,_Z,_Z,XDC_USD,_Z,N,T001,2013,1868.895,,F,6,A,0,COP
OECD.SDD.NAD:DSD_NAMAIN10@DF_TABLE4(2.0),A,COL,S1,S1,EXC_A,F21,_Z,_Z,XDC_USD,_Z,N,T001,2014,2001.105,,F,6,A,0,COP
OECD.SDD.NAD:DSD_NAMAIN10@DF_TABLE4(2.0),A,COL,S1,S1,EXC_A,F21,_Z,_Z,XDC_USD,_Z,N,T001,2015,2741.781667,,F,6,A,0,COP
OECD.SDD.NAD:DSD_NAMAIN10@DF_TABLE4(2.0),A,COL,S1,S1,EXC_A,F21,_Z,_Z,XDC_USD,_Z,N,T001,2016,3055.255,,F,6,A,0,COP
OECD.SDD.NAD:DSD_NAMAIN10@DF_TABLE4(2.0),A,COL,S1,S1,EXC_A,F21,_Z,_Z,XDC_USD,_Z,N,T001,2017,2951.486911,,F,6,A,0,COP
OECD.SDD.NAD:DSD_NAMAIN10@DF_TABLE4(2.0),A,COL,S1,S1,EXC_A,F21,_Z,_Z,XDC_USD,_Z,N,T001,2018,2955.70397,,F,6,A,0,COP
OECD.SDD.NAD:DSD_NAMAIN10@DF_TABLE4(2.0),A,COL,S1,S1,EXC_A,F21,_Z,_Z,XDC_USD,_Z,N,T001,2019,3281.622194,,F,6,A,0,COP
OECD.SDD.NAD:DSD_NAMAIN10@DF_TABLE4(2.0),A,COL,S1,S1,EXC_A,F21,_Z,_Z,XDC_USD,_Z,N,T001,2020,3693.275833,,F,6,A,0,COP
OECD.SDD.NAD:DSD_NAMAIN10@DF_TABLE4(2.0),A,COL,S1,S1,EXC_A,F21,_Z,_Z,XDC_USD,_Z,N,T001,2021,3744.244167,,F,6,A,0,COP
OECD.SDD.NAD:DSD_NAMAIN10@DF_TABLE4(2.0),A,COL,S1,S1,EXC_A,F21,_Z,_Z,XDC_USD,_Z,N,T001,2022,4256.194167,,F,6,A,0,COP
OECD.SDD.NAD:DSD_NAMAIN10@DF_TABLE4(2.0),A,COL,S1,S1,EXC_A,F21,_Z,_Z,XDC_USD,_Z,N,T001,2023,4325.955,,F,6,A,0,COP
OECD.SDD.NAD:DSD_NAMAIN10@DF_TABLE4(2.0),A,CHL,S1,S1,EXC_A,F21,_Z,_Z,XDC_USD,_Z,N,T001,1950,4.8e-05,,F,6,A,0,CLP
OECD.SDD.NAD:DSD_NAMAIN10@DF_TABLE4(2.0),A,CHL,S1,S1,EXC_A,F21,_Z,_Z,XDC_USD,_Z,N,T001,1951,5.6e-05,,F,6,A,0,CLP
OECD.SDD.NAD:DSD_NAMAIN10@DF_TABLE4(2.0),A,CHL,S1,S1,EXC_A,F21,_Z,_Z,XDC_USD,_Z,N,T001,1952,6.2e-05,,F,6,A,0,CLP
OECD.SDD.NAD:DSD_NAMAIN10@DF_TABLE4(2.0),A,CHL,S1,S1,EXC_A,F21,_Z,_Z,XDC_USD,_Z,N,T001,1953,7.1e-05,,F,6,A,0,CLP
OECD.SDD.NAD:DSD_NAMAIN10@DF_TABLE4(2.0),A,CHL,S1,S1,EXC_A,F21,_Z,_Z,XDC_USD,_Z,N,T001,1954,9.2e-05,,F,6,A,0,CLP
OECD.SDD.NAD:DSD_NAMAIN10@DF_TABLE4(2.0),A,CHL,S1,S1,EXC_A,F21,_Z,_Z,XDC_USD,_Z,N,T001,1955,0.000162,,F,6,A,0,CLP
OECD.SDD.NAD:DSD_NAMAIN10@DF_TABLE4(2.0),A,CHL,S1,S1,EXC_A,F21,_Z,_Z,XDC_USD,_Z,N,T001,1956,0.000336,,F,6,A,0,CLP
OECD.SDD.NAD:DSD_NAMAIN10@DF_TABLE4(2.0),A,CHL,S1,S1,EXC_A,F21,_Z,_Z,XDC_USD,_Z,N,T001,1957,0.000521,,F,6,A,0,CLP
OECD.SDD.NAD:DSD_NAMAIN10@DF_TABLE4(2.0),A,CHL,S1,S1,EXC_A,F21,_Z,_Z,XDC_USD,_Z,N,T001,1958,0.000705,,F,6,A,0,CLP
OECD.SDD.NAD:DSD_NAMAIN10@DF_TABLE4(2.0),A,CHL,S1,S1,EXC_A,F21,_Z,_Z,XDC_USD,_Z,N,T001,1959,0.000944,,F,6,A,0,CLP
OECD.SDD.NAD:DSD_NAMAIN10@DF_TABLE4(2.0),A,CHL,S1,S1,EXC_A,F21,_Z,_Z,XDC_USD,_Z,N,T001,1960,0.001049,,F,6,A,0,CLP
OECD.SDD.NAD:DSD_NAMAIN10@DF_TABLE4(2.0),A,CHL,S1,S1,EXC_A,F21,_Z,_Z,XDC_USD,_Z,N,T001,1961,0.00105,,F,6,A,0,CLP
OECD.SDD.NAD:DSD_NAMAIN10@DF_TABLE4(2.0),A,CHL,S1,S1,EXC_A,F21,_Z,_Z,XDC_USD,_Z,N,T001,1962,0.001058,,F,6,A,0,CLP
OECD.SDD.NAD:DSD_NAMAIN10@DF_TABLE4(2.0),A,CHL,S1,S1,EXC_A,F21,_Z,_Z,XDC_USD,_Z,N,T001,1963,0.001622,,F,6,A,0,CLP
OECD.SDD.NAD:DSD_NAMAIN10@DF_TABLE4(2.0),A,CHL,S1,S1,EXC_A,F21,_Z,_Z,XDC_USD,_Z,N,T001,1964,0.002307,,F,6,A,0,CLP
OECD.SDD.NAD:DSD_NAMAIN10@DF_TABLE4(2.0),A,CHL,S1,S1,EXC_A,F21,_Z,_Z,XDC_USD,_Z,N,T001,1965,0.003157,,F,6,A,0,CLP
OECD.SDD.NAD:DSD_NAMAIN10@DF_TABLE4(2.0),A,CHL,S1,S1,EXC_A,F21,_Z,_Z,XDC_USD,_Z,N,T001,1966,0.003851,,F,6,A,0,CLP
OECD.SDD.NAD:DSD_NAMAIN10@DF_TABLE4(2.0),A,CHL,S1,S1,EXC_A,F21,_Z,_Z,XDC_USD,_Z,N,T001,1967,0.005068,,F,6,A,0,CLP
OECD.SDD.NAD:DSD_NAMAIN10@DF_TABLE4(2.0),A,CHL,S1,S1,EXC_A,F21,_Z,_Z,XDC_USD,_Z,N,T001,1968,0.006876,,F,6,A,0,CLP
OECD.SDD.NAD:DSD_NAMAIN10@DF_TABLE4(2.0),A,CHL,S1,S1,EXC_A,F21,_Z,_Z,XDC_USD,_Z,N,T001,1969,0.008618,,F,6,A,0,CLP
OECD.SDD.NAD:DSD_NAMAIN10@DF_TABLE4(2.0),A,CHL,S1,S1,EXC_A,F21,_Z,_Z,XDC_USD,_Z,N,T001,1970,0.011278,,F,6,A,0,CLP
OECD.SDD.NAD:DSD_NAMAIN10@DF_TABLE4(2.0),A,CHL,S1,S1,EXC_A,F21,_Z,_Z,XDC_USD,_Z,N,T001,1971,0.012209,,F,6,A,0,CLP
OECD.SDD.NAD:DSD_NAMAIN10@DF_TABLE4(2.0),A,CHL,S1,S1,EXC_A,F21,_Z,_Z,XDC_USD,_Z,N,T001,1972,0.020835,,F,6,A,0,CLP
OECD.SDD.NAD:DSD_NAMAIN10@DF_TABLE4(2.0),A,CHL,S1,S1,EXC_A,F21,_Z,_Z,XDC_USD,_Z,N,T001,1973,0.071642,,F,6,A,0,CLP
OECD.SDD.NAD:DSD_NAMAIN10@DF_TABLE4(2.0),A,CHL,S1,S1,EXC_A,F21,_Z,_Z,XDC_USD,_Z,N,T001,1974,0.592826,,F,6,A,0,CLP
OECD.SDD.NAD:DSD_NAMAIN10@DF_TABLE4(2.0),A,CHL,S1,S1,EXC_A,F21,_Z,_Z,XDC_USD,_Z,N,T001,1975,4.910417,,F,6,A,0,CLP
OECD.SDD.NAD:DSD_NAMAIN10@DF_TABLE4(2.0),A,CHL,S1,S1,EXC_A,F21,_Z,_Z,XDC_USD,_Z,N,T001,1976,13.054167,,F,6,A,0,CLP
OECD.SDD.NAD:DSD_NAMAIN10@DF_TABLE4(2.0),A,CHL,S1,S1,EXC_A,F21,_Z,_Z,XDC_USD,_Z,N,T001,1977,21.535833,,F,6,A,0,CLP
OECD.SDD.NAD:DSD_NAMAIN10@DF_TABLE4(2.0),A,CHL,S1,S1,EXC_A,F21,_Z,_Z,XDC_USD,_Z,N,T001,1978,31.655833,,F,6,A,0,CLP
OECD.SDD.NAD:DSD_NAMAIN10@DF_TABLE4(2.0),A,CHL,S1,S1,EXC_A,F21,_Z,_Z,XDC_USD,_Z,N,T001,1979,37.245833,,F,6,A,0,CLP
OECD.SDD.NAD:DSD_NAMAIN10@DF_TABLE4(2.0),A,CHL,S1,S1,EXC_A,F21,_Z,_Z,XDC_USD,_Z,N,T001,1980,39,,F,6,A,0,CLP
OECD.SDD.NAD:DSD_NAMAIN10@DF_TABLE4(2.0),A,CHL,S1,S1,EXC_A,F21,_Z,_Z,XDC_USD,_Z,N,T001,1981,39,,F,6,A,0,CLP
OECD.SDD.NAD:DSD_NAMAIN10@DF_TABLE4(2.0),A,CHL,S1,S1,EXC_A,F21,_Z,_Z,XDC_USD,_Z,N,T001,1982,50.908333,,F,6,A,0,CLP
OECD.SDD.NAD:DSD_NAMAIN10@DF_TABLE4(2.0),A,CHL,S1,S1,EXC_A,F21,_Z,_Z,XDC_USD,_Z,N,T001,1983,78.788333,,F,6,A,0,CLP
OECD.SDD.NAD:DSD_NAMAIN10@DF_TABLE4(2.0),A,CHL,S1,S1,EXC_A,F21,_Z,_Z,XDC_USD,_Z,N,T001,1984,98.4775,,F,6,A,0,CLP
OECD.SDD.NAD:DSD_NAMAIN10@DF_TABLE4(2.0),A,CHL,S1,S1,EXC_A,F21,_Z,_Z,XDC_USD,_Z,N,T001,1985,160.86,,F,6,A,0,CLP
OECD.SDD.NAD:DSD_NAMAIN10@DF_TABLE4(2.0),A,CHL,S1,S1,EXC_A,F21,_Z,_Z,XDC_USD,_Z,N,T001,1986,192.93,,F,6,A,0,CLP
OECD.SDD.NAD:DSD_NAMAIN10@DF_TABLE4(2.0),A,CHL,S1,S1,EXC_A,F21,_Z,_Z,XDC_USD,_Z,N,T001,1987,219.406667,,F,6,A,0,CLP
OECD.SDD.NAD:DSD_NAMAIN10@DF_TABLE4(2.0),A,CHL,S1,S1,EXC_A,F21,_Z,_Z,XDC_USD,_Z,N,T001,1988,245.011667,,F,6,A,0,CLP
OECD.SDD.NAD:DSD_NAMAIN10@DF_TABLE4(2.0),A,CHL,S1,S1,EXC_A,F21,_Z,_Z,XDC_USD,_Z,N,T001,1989,266.954167,,F,6,A,0,CLP
OECD.SDD.NAD:DSD_NAMAIN10@DF_TABLE4(2.0),A,CHL,S1,S1,EXC_A,F21,_Z,_Z,XDC_USD,_Z,N,T001,1990,304.903333,,F,6,A,0,CLP
OECD.SDD.NAD:DSD_NAMAIN10@DF_TABLE4(2.0),A,CHL,S1,S1,EXC_A,F21,_Z,_Z,XDC_USD,_Z,N,T001,1991,349.215833,,F,6,A,0,CLP
OECD.SDD.NAD:DSD_NAMAIN10@DF_TABLE4(2.0),A,CHL,S1,S1,EXC_A,F21,_Z,_Z,XDC_USD,_Z,N,T001,1992,362.575833,,F,6,A,0,CLP
OECD.SDD.NAD:DSD_NAMAIN10@DF_TABLE4(2.0),A,CHL,S1,S1,EXC_A,F21,_Z,_Z,XDC_USD,_Z,N,T001,1993,404.165833,,F,6,A,0,CLP
OECD.SDD.NAD:DSD_NAMAIN10@DF_TABLE4(2.0),A,CHL,S1,S1,EXC_A,F21,_Z,_Z,XDC_USD,_Z,N,T001,1994,420.176667,,F,6,A,0,CLP
OECD.SDD.NAD:DSD_NAMAIN10@DF_TABLE4(2.0),A,CHL,S1,S1,EXC_A,F21,_Z,_Z,XDC_USD,_Z,N,T001,1995,396.773333,,F,6,A,0,CLP
OECD.SDD.NAD:DSD_NAMAIN10@DF_TABLE4(2.0),A,CHL,S1,S1,EXC_A,F21,_Z,_Z,XDC_USD,_Z,N,T001,1996,412.266667,,F,6,A,0,CLP
OECD.SDD.NAD:DSD_NAMAIN10@DF_TABLE4(2.0),A,CHL,S1,S1,EXC_A,F21,_Z,_Z,XDC_USD,_Z,N,T001,1997,419.295,,F,6,A,0,CLP
OECD.SDD.NAD:DSD_NAMAIN10@DF_TABLE4(2.0),A,CHL,S1,S1,EXC_A,F21,_Z,_Z,XDC_USD,_Z,N,T001,1998,460.2875,,F,6,A,0,CLP
OECD.SDD.NAD:DSD_NAMAIN10@DF_TABLE4(2.0),A,CHL,S1,S1,EXC_A,F21,_Z,_Z,XDC_USD,_Z,N,T001,1999,508.776667,,F,6,A,0,CLP
OECD.SDD.NAD:DSD_NAMAIN10@DF_TABLE4(2.0),A,CHL,S1,S1,EXC_A,F21,_Z,_Z,XDC_USD,_Z,N,T001,2000,539.5875,,F,6,A,0,CLP
OECD.SDD.NAD:DSD_NAMAIN10@DF_TABLE4(2.0),A,CHL,S1,S1,EXC_A,F21,_Z,_Z,XDC_USD,_Z,N,T001,2001,634.938333,,F,6,A,0,CLP
OECD.SDD.NAD:DSD_NAMAIN10@DF_TABLE4(2.0),A,CHL,S1,S1,EXC_A,F21,_Z,_Z,XDC_USD,_Z,N,T001,2002,688.936667,,F,6,A,0,CLP
OECD.SDD.NAD:DSD_NAMAIN10@DF_TABLE4(2.0),A,CHL,S1,S1,EXC_A,F21,_Z,_Z,XDC_USD,_Z,N,T001,2003,691.3975,,F,6,A,0,CLP
OECD.SDD.NAD:DSD_NAMAIN10@DF_TABLE4(2.0),A,CHL,S1,S1,EXC_A,F21,_Z,_Z,XDC_USD,_Z,N,T001,2004,609.529167,,F,6,A,0,CLP
OECD.SDD.NAD:DSD_NAMAIN10@DF_TABLE4(2.0),A,CHL,S1,S1,EXC_A,F21,_Z,_Z,XDC_USD,_Z,N,T001,2005,559.7675,,F,6,A,0,CLP
OECD.SDD.NAD:DSD_NAMAIN10@DF_TABLE4(2.0),A,CHL,S1,S1,EXC_A,F21,_Z,_Z,XDC_USD,_Z,N,T001,2006,530.275,,F,6,A,0,CLP
OECD.SDD.NAD:DSD_NAMAIN10@DF_TABLE4(2.0),A,CHL,S1,S1,EXC_A,F21,_Z,_Z,XDC_USD,_Z,N,T001,2007,522.464167,,F,6,A,0,CLP
OECD.SDD.NAD:DSD_NAMAIN10@DF_TABLE4(2.0),A,CHL,S1,S1,EXC_A,F21,_Z,_Z,XDC_USD,_Z,N,T001,2008,522.461036,,F,6,A,0,CLP
OECD.SDD.NAD:DSD_NAMAIN10@DF_TABLE4(2.0),A,CHL,S1,S1,EXC_A,F21,_Z,_Z,XDC_USD,_Z,N,T001,2009,560.859895,,F,6,A,0,CLP
OECD.SDD.NAD:DSD_NAMAIN10@DF_TABLE4(2.0),A,CHL,S1,S1,EXC_A,F21,_Z,_Z,XDC_USD,_Z,N,T001,2010,510.249167,,F,6,A,0,CLP
OECD.SDD.NAD:DSD_NAMAIN10@DF_TABLE4(2.0),A,CHL,S1,S1,EXC_A,F21,_Z,_Z,XDC_USD,_Z,N,T001,2011,483.6675,,F,6,A,0,CLP
OECD.SDD.NAD:DSD_NAMAIN10@DF_TABLE4(2.0),A,CHL,S1,S1,EXC_A,F21,_Z,_Z,XDC_USD,_Z,N,T001,2012,486.471303,,F,6,A,0,CLP
OECD.SDD.NAD:DSD_NAMAIN10@DF_TABLE4(2.0),A,CHL,S1,S1,EXC_A,F21,_Z,_Z,XDC_USD,_Z,N,T001,2013,495.272878,,F,6,A,0,CLP
OECD.SDD.NAD:DSD_NAMAIN10@DF_TABLE4(2.0),A,CHL,S1,S1,EXC_A,F21,_Z,_Z,XDC_USD,_Z,N,T001,2014,570.348216,,F,6,A,0,CLP
OECD.SDD.NAD:DSD_NAMAIN10@DF_TABLE4(2.0),A,CHL,S1,S1,EXC_A,F21,_Z,_Z,XDC_USD,_Z,N,T001,2015,654.124084,,F,6,A,0,CLP
OECD.SDD.NAD:DSD_NAMAIN10@DF_TABLE4(2.0),A,CHL,S1,S1,EXC_A,F21,_Z,_Z,XDC_USD,_Z,N,T001,2016,676.957736,,F,6,A,0,CLP
OECD.SDD.NAD:DSD_NAMAIN10@DF_TABLE4(2.0),A,CHL,S1,S1,EXC_A,F21,_Z,_Z,XDC_USD,_Z,N,T001,2017,648.833793,,F,6,A,0,CLP
OECD.SDD.NAD:DSD_NAMAIN10@DF_TABLE4(2.0),A,CHL,S1,S1,EXC_A,F21,_Z,_Z,XDC_USD,_Z,N,T001,2018,641.276813,,F,6,A,0,CLP
OECD.SDD.NAD:DSD_NAMAIN10@DF_TABLE4(2.0),A,CHL,S1,S1,EXC_A,F21,_Z,_Z,XDC_USD,_Z,N,T001,2019,702.897423,,F,6,A,0,CLP
OECD.SDD.NAD:DSD_NAMAIN10@DF_TABLE4(2.0),A,CHL,S1,S1,EXC_A,F21,_Z,_Z,XDC_USD,_Z,N,T001,2020,792.727206,,F,6,A,0,CLP
OECD.SDD.NAD:DSD_NAMAIN10@DF_TABLE4(2.0),A,CHL,S1,S1,EXC_A,F21,_Z,_Z,XDC_USD,_Z,N,T001,2021,758.955379,,F,6,A,0,CLP
OECD.SDD.NAD:DSD_NAMAIN10@DF_TABLE4(2.0),A,CHL,S1,S1,EXC_A,F21,_Z,_Z,XDC_USD,_Z,N,T001,2022,873.31419,,F,6,A,0,CLP
OECD.SDD.NAD:DSD_NAMAIN10@DF_TABLE4(2.0),A,CHL,S1,S1,EXC_A,F21,_Z,_Z,XDC_USD,_Z,N,T001,2023,840.066527,,F,6,A,0,CLP
OECD.SDD.NAD:DSD_NAMAIN10@DF_TABLE4(2.0),A,CAN,S1,S1,EXC_A,F21,_Z,_Z,XDC_USD,_Z,N,T001,1950,1.089,,F,6,A,0,CAD
OECD.SDD.NAD:DSD_NAMAIN10@DF_TABLE4(2.0),A,CAN,S1,S1,EXC_A,F21,_Z,_Z,XDC_USD,_Z,N,T001,1951,1.053,,F,6,A,0,CAD
OECD.SDD.NAD:DSD_NAMAIN10@DF_TABLE4(2.0),A,CAN,S1,S1,EXC_A,F21,_Z,_Z,XDC_USD,_Z,N,T001,1952,0.979,,F,6,A,0,CAD
OECD.SDD.NAD:DSD_NAMAIN10@DF_TABLE4(2.0),A,CAN,S1,S1,EXC_A,F21,_Z,_Z,XDC_USD,_Z,N,T001,1953,0.983,,F,6,A,0,CAD
OECD.SDD.NAD:DSD_NAMAIN10@DF_TABLE4(2.0),A,CAN,S1,S1,EXC_A,F21,_Z,_Z,XDC_USD,_Z,N,T001,1954,0.973,,F,6,A,0,CAD
OECD.SDD.NAD:DSD_NAMAIN10@DF_TABLE4(2.0),A,CAN,S1,S1,EXC_A,F21,_Z,_Z,XDC_USD,_Z,N,T001,1955,0.986,,F,6,A,0,CAD
OECD.SDD.NAD:DSD_NAMAIN10@DF_TABLE4(2.0),A,CAN,S1,S1,EXC_A,F21,_Z,_Z,XDC_USD,_Z,N,T001,1956,0.984,,F,6,A,0,CAD
OECD.SDD.NAD:DSD_NAMAIN10@DF_TABLE4(2.0),A,CAN,S1,S1,EXC_A,F21,_Z,_Z,XDC_USD,_Z,N,T001,1957,0.958844,,F,6,A,0,CAD
OECD.SDD.NAD:DSD_NAMAIN10@DF_TABLE4(2.0),A,CAN,S1,S1,EXC_A,F21,_Z,_Z,XDC_USD,_Z,N,T001,1958,0.970619,,F,6,A,0,CAD
OECD.SDD.NAD:DSD_NAMAIN10@DF_TABLE4(2.0),A,CAN,S1,S1,EXC_A,F21,_Z,_Z,XDC_USD,_Z,N,T001,1959,0.959114,,F,6,A,0,CAD
OECD.SDD.NAD:DSD_NAMAIN10@DF_TABLE4(2.0),A,CAN,S1,S1,EXC_A,F21,_Z,_Z,XDC_USD,_Z,N,T001,1960,0.969767,,F,6,A,0,CAD
OECD.SDD.NAD:DSD_NAMAIN10@DF_TABLE4(2.0),A,CAN,S1,S1,EXC_A,F21,_Z,_Z,XDC_USD,_Z,N,T001,1961,1.013063,,F,6,A,0,CAD
OECD.SDD.NAD:DSD_NAMAIN10@DF_TABLE4(2.0),A,CAN,S1,S1,EXC_A,F21,_Z,_Z,XDC_USD,_Z,N,T001,1962,1.068769,,F,6,A,0,CAD
OECD.SDD.NAD:DSD_NAMAIN10@DF_TABLE4(2.0),A,CAN,S1,S1,EXC_A,F21,_Z,_Z,XDC_USD,_Z,N,T001,1963,1.078514,,F,6,A,0,CAD
OECD.SDD.NAD:DSD_NAMAIN10@DF_TABLE4(2.0),A,CAN,S1,S1,EXC_A,F21,_Z,_Z,XDC_USD,_Z,N,T001,1964,1.078598,,F,6,A,0,CAD
OECD.SDD.NAD:DSD_NAMAIN10@DF_TABLE4(2.0),A,CAN,S1,S1,EXC_A,F21,_Z,_Z,XDC_USD,_Z,N,T001,1965,1.077984,,F,6,A,0,CAD
OECD.SDD.NAD:DSD_NAMAIN10@DF_TABLE4(2.0),A,CAN,S1,S1,EXC_A,F21,_Z,_Z,XDC_USD,_Z,N,T001,1966,1.077342,,F,6,A,0,CAD
OECD.SDD.NAD:DSD_NAMAIN10@DF_TABLE4(2.0),A,CAN,S1,S1,EXC_A,F21,_Z,_Z,XDC_USD,_Z,N,T001,1967,1.07871,,F,6,A,0,CAD
OECD.SDD.NAD:DSD_NAMAIN10@DF_TABLE4(2.0),A,CAN,S1,S1,EXC_A,F21,_Z,_Z,XDC_USD,_Z,N,T001,1968,1.077471,,F,6,A,0,CAD
OECD.SDD.NAD:DSD_NAMAIN10@DF_TABLE4(2.0),A,CAN,S1,S1,EXC_A,F21,_Z,_Z,XDC_USD,_Z,N,T001,1969,1.076781,,F,6,A,0,CAD
OECD.SDD.NAD:DSD_NAMAIN10@DF_TABLE4(2.0),A,CAN,S1,S1,EXC_A,F21,_Z,_Z,XDC_USD,_Z,N,T001,1970,1.044219,,F,6,A,0,CAD
OECD.SDD.NAD:DSD_NAMAIN10@DF_TABLE4(2.0),A,CAN,S1,S1,EXC_A,F21,_Z,_Z,XDC_USD,_Z,N,T001,1971,1.009811,,F,6,A,0,CAD
OECD.SDD.NAD:DSD_NAMAIN10@DF_TABLE4(2.0),A,CAN,S1,S1,EXC_A,F21,_Z,_Z,XDC_USD,_Z,N,T001,1972,0.990663,,F,6,A,0,CAD
OECD.SDD.NAD:DSD_NAMAIN10@DF_TABLE4(2.0),A,CAN,S1,S1,EXC_A,F21,_Z,_Z,XDC_USD,_Z,N,T001,1973,1.00009,,F,6,A,0,CAD
OECD.SDD.NAD:DSD_NAMAIN10@DF_TABLE4(2.0),A,CAN,S1,S1,EXC_A,F21,_Z,_Z,XDC_USD,_Z,N,T001,1974,0.978018,,F,6,A,0,CAD
OECD.SDD.NAD:DSD_NAMAIN10@DF_TABLE4(2.0),A,CAN,S1,S1,EXC_A,F21,_Z,_Z,XDC_USD,_Z,N,T001,1975,1.017159,,F,6,A,0,CAD
OECD.SDD.NAD:DSD_NAMAIN10@DF_TABLE4(2.0),A,CAN,S1,S1,EXC_A,F21,_Z,_Z,XDC_USD,_Z,N,T001,1976,0.986028,,F,6,A,0,CAD
OECD.SDD.NAD:DSD_NAMAIN10@DF_TABLE4(2.0),A,CAN,S1,S1,EXC_A,F21,_Z,_Z,XDC_USD,_Z,N,T001,1977,1.063442,,F,6,A,0,CAD
OECD.SDD.NAD:DSD_NAMAIN10@DF_TABLE4(2.0),A,CAN,S1,S1,EXC_A,F21,_Z,_Z,XDC_USD,_Z,N,T001,1978,1.140659,,F,6,A,0,CAD
OECD.SDD.NAD:DSD_NAMAIN10@DF_TABLE4(2.0),A,CAN,S1,S1,EXC_A,F21,_Z,_Z,XDC_USD,_Z,N,T001,1979,1.171424,,F,6,A,0,CAD
OECD.SDD.NAD:DSD_NAMAIN10@DF_TABLE4(2.0),A,CAN,S1,S1,EXC_A,F21,_Z,_Z,XDC_USD,_Z,N,T001,1980,1.169227,,F,6,A,0,CAD
OECD.SDD.NAD:DSD_NAMAIN10@DF_TABLE4(2.0),A,CAN,S1,S1,EXC_A,F21,_Z,_Z,XDC_USD,_Z,N,T001,1981,1.198903,,F,6,A,0,CAD
OECD.SDD.NAD:DSD_NAMAIN10@DF_TABLE4(2.0),A,CAN,S1,S1,EXC_A,F21,_Z,_Z,XDC_USD,_Z,N,T001,1982,1.233735,,F,6,A,0,CAD
OECD.SDD.NAD:DSD_NAMAIN10@DF_TABLE4(2.0),A,CAN,S1,S1,EXC_A,F21,_Z,_Z,XDC_USD,_Z,N,T001,1983,1.232412,,F,6,A,0,CAD
OECD.SDD.NAD:DSD_NAMAIN10@DF_TABLE4(2.0),A,CAN,S1,S1,EXC_A,F21,_Z,_Z,XDC_USD,_Z,N,T001,1984,1.295066,,F,6,A,0,CAD
OECD.SDD.NAD:DSD_NAMAIN10@DF_TABLE4(2.0),A,CAN,S1,S1,EXC_A,F21,_Z,_Z,XDC_USD,_Z,N,T001,1985,1.365507,,F,6,A,0,CAD
OECD.SDD.NAD:DSD_NAMAIN10@DF_TABLE4(2.0),A,CAN,S1,S1,EXC_A,F21,_Z,_Z,XDC_USD,_Z,N,T001,1986,1.389471,,F,6,A,0,CAD
OECD.SDD.NAD:DSD_NAMAIN10@DF_TABLE4(2.0),A,CAN,S1,S1,EXC_A,F21,_Z,_Z,XDC_USD,_Z,N,T001,1987,1.325983,,F,6,A,0,CAD
OECD.SDD.NAD:DSD_NAMAIN10@DF_TABLE4(2.0),A,CAN,S1,S1,EXC_A,F21,_Z,_Z,XDC_USD,_Z,N,T001,1988,1.230701,,F,6,A,0,CAD
OECD.SDD.NAD:DSD_NAMAIN10@DF_TABLE4(2.0),A,CAN,S1,S1,EXC_A,F21,_Z,_Z,XDC_USD,_Z,N,T001,1989,1.183972,,F,6,A,0,CAD
OECD.SDD.NAD:DSD_NAMAIN10@DF_TABLE4(2.0),A,CAN,S1,S1,EXC_A,F21,_Z,_Z,XDC_USD,_Z,N,T001,1990,1.166774,,F,6,A,0,CAD
OECD.SDD.NAD:DSD_NAMAIN10@DF_TABLE4(2.0),A,CAN,S1,S1,EXC_A,F21,_Z,_Z,XDC_USD,_Z,N,T001,1991,1.145726,,F,6,A,0,CAD
OECD.SDD.NAD:DSD_NAMAIN10@DF_TABLE4(2.0),A,CAN,S1,S1,EXC_A,F21,_Z,_Z,XDC_USD,_Z,N,T001,1992,1.208723,,F,6,A,0,CAD
OECD.SDD.NAD:DSD_NAMAIN10@DF_TABLE4(2.0),A,CAN,S1,S1,EXC_A,F21,_Z,_Z,XDC_USD,_Z,N,T001,1993,1.290088,,F,6,A,0,CAD
OECD.SDD.NAD:DSD_NAMAIN10@DF_TABLE4(2.0),A,CAN,S1,S1,EXC_A,F21,_Z,_Z,XDC_USD,_Z,N,T001,1994,1.365673,,F,6,A,0,CAD
OECD.SDD.NAD:DSD_NAMAIN10@DF_TABLE4(2.0),A,CAN,S1,S1,EXC_A,F21,_Z,_Z,XDC_USD,_Z,N,T001,1995,1.372445,,F,6,A,0,CAD
OECD.SDD.NAD:DSD_NAMAIN10@DF_TABLE4(2.0),A,CAN,S1,S1,EXC_A,F21,_Z,_Z,XDC_USD,_Z,N,T001,1996,1.363522,,F,6,A,0,CAD
OECD.SDD.NAD:DSD_NAMAIN10@DF_TABLE4(2.0),A,CAN,S1,S1,EXC_A,F21,_Z,_Z,XDC_USD,_Z,N,T001,1997,1.384598,,F,6,A,0,CAD
OECD.SDD.NAD:DSD_NAMAIN10@DF_TABLE4(2.0),A,CAN,S1,S1,EXC_A,F21,_Z,_Z,XDC_USD,_Z,N,T001,1998,1.483505,,F,6,A,0,CAD
OECD.SDD.NAD:DSD_NAMAIN10@DF_TABLE4(2.0),A,CAN,S1,S1,EXC_A,F21,_Z,_Z,XDC_USD,_Z,N,T001,1999,1.485705,,F,6,A,0,CAD
OECD.SDD.NAD:DSD_NAMAIN10@DF_TABLE4(2.0),A,CAN,S1,S1,EXC_A,F21,_Z,_Z,XDC_USD,_Z,N,T001,2000,1.485394,,F,6,A,0,CAD
OECD.SDD.NAD:DSD_NAMAIN10@DF_TABLE4(2.0),A,CAN,S1,S1,EXC_A,F21,_Z,_Z,XDC_USD,_Z,N,T001,2001,1.54884,,F,6,A,0,CAD
OECD.SDD.NAD:DSD_NAMAIN10@DF_TABLE4(2.0),A,CAN,S1,S1,EXC_A,F21,_Z,_Z,XDC_USD,_Z,N,T001,2002,1.570343,,F,6,A,0,CAD
OECD.SDD.NAD:DSD_NAMAIN10@DF_TABLE4(2.0),A,CAN,S1,S1,EXC_A,F21,_Z,_Z,XDC_USD,_Z,N,T001,2003,1.401015,,F,6,A,0,CAD
OECD.SDD.NAD:DSD_NAMAIN10@DF_TABLE4(2.0),A,CAN,S1,S1,EXC_A,F21,_Z,_Z,XDC_USD,_Z,N,T001,2004,1.301282,,F,6,A,0,CAD
OECD.SDD.NAD:DSD_NAMAIN10@DF_TABLE4(2.0),A,CAN,S1,S1,EXC_A,F21,_Z,_Z,XDC_USD,_Z,N,T001,2005,1.211405,,F,6,A,0,CAD
OECD.SDD.NAD:DSD_NAMAIN10@DF_TABLE4(2.0),A,CAN,S1,S1,EXC_A,F21,_Z,_Z,XDC_USD,_Z,N,T001,2006,1.134345,,F,6,A,0,CAD
OECD.SDD.NAD:DSD_NAMAIN10@DF_TABLE4(2.0),A,CAN,S1,S1,EXC_A,F21,_Z,_Z,XDC_USD,_Z,N,T001,2007,1.074046,,F,6,A,0,CAD
OECD.SDD.NAD:DSD_NAMAIN10@DF_TABLE4(2.0),A,CAN,S1,S1,EXC_A,F21,_Z,_Z,XDC_USD,_Z,N,T001,2008,1.067087,,F,6,A,0,CAD
OECD.SDD.NAD:DSD_NAMAIN10@DF_TABLE4(2.0),A,CAN,S1,S1,EXC_A,F21,_Z,_Z,XDC_USD,_Z,N,T001,2009,1.141535,,F,6,A,0,CAD
OECD.SDD.NAD:DSD_NAMAIN10@DF_TABLE4(2.0),A,CAN,S1,S1,EXC_A,F21,_Z,_Z,XDC_USD,_Z,N,T001,2010,1.030113,,F,6,A,0,CAD
OECD.SDD.NAD:DSD_NAMAIN10@DF_TABLE4(2.0),A,CAN,S1,S1,EXC_A,F21,_Z,_Z,XDC_USD,_Z,N,T001,2011,0.989258,,F,6,A,0,CAD
OECD.SDD.NAD:DSD_NAMAIN10@DF_TABLE4(2.0),A,CAN,S1,S1,EXC_A,F21,_Z,_Z,XDC_USD,_Z,N,T001,2012,0.999365,,F,6,A,0,CAD
OECD.SDD.NAD:DSD_NAMAIN10@DF_TABLE4(2.0),A,CAN,S1,S1,EXC_A,F21,_Z,_Z,XDC_USD,_Z,N,T001,2013,1.030137,,F,6,A,0,CAD
OECD.SDD.NAD:DSD_NAMAIN10@DF_TABLE4(2.0),A,CAN,S1,S1,EXC_A,F21,_Z,_Z,XDC_USD,_Z,N,T001,2014,1.104747,,F,6,A,0,CAD
OECD.SDD.NAD:DSD_NAMAIN10@DF_TABLE4(2.0),A,CAN,S1,S1,EXC_A,F21,_Z,_Z,XDC_USD,_Z,N,T001,2015,1.278786,,F,6,A,0,CAD
OECD.SDD.NAD:DSD_NAMAIN10@DF_TABLE4(2.0),A,CAN,S1,S1,EXC_A,F21,_Z,_Z,XDC_USD,_Z,N,T001,2016,1.325615,,F,6,A,0,CAD
OECD.SDD.NAD:DSD_NAMAIN10@DF_TABLE4(2.0),A,CAN,S1,S1,EXC_A,F21,_Z,_Z,XDC_USD,_Z,N,T001,2017,1.297936,,F,6,A,0,CAD
OECD.SDD.NAD:DSD_NAMAIN10@DF_TABLE4(2.0),A,CAN,S1,S1,EXC_A,F21,_Z,_Z,XDC_USD,_Z,N,T001,2018,1.295818,,F,6,A,0,CAD
OECD.SDD.NAD:DSD_NAMAIN10@DF_TABLE4(2.0),A,CAN,S1,S1,EXC_A,F21,_Z,_Z,XDC_USD,_Z,N,T001,2019,1.326793,,F,6,A,0,CAD
OECD.SDD.NAD:DSD_NAMAIN10@DF_TABLE4(2.0),A,CAN,S1,S1,EXC_A,F21,_Z,_Z,XDC_USD,_Z,N,T001,2020,1.341153,,F,6,A,0,CAD
OECD.SDD.NAD:DSD_NAMAIN10@DF_TABLE4(2.0),A,CAN,S1,S1,EXC_A,F21,_Z,_Z,XDC_USD,_Z,N,T001,2021,1.253877,,F,6,A,0,CAD
OECD.SDD.NAD:DSD_NAMAIN10@DF_TABLE4(2.0),A,CAN,S1,S1,EXC_A,F21,_Z,_Z,XDC_USD,_Z,N,T001,2022,1.301555,,F,6,A,0,CAD
OECD.SDD.NAD:DSD_NAMAIN10@DF_TABLE4(2.0),A,CAN,S1,S1,EXC_A,F21,_Z,_Z,XDC_USD,_Z,N,T001,2023,1.349909,,F,6,A,0,CAD
OECD.SDD.NAD:DSD_NAMAIN10@DF_TABLE4(2.0),A,AUS,S1,S1,EXC_A,F21,_Z,_Z,XDC_USD,_Z,N,T001,1950,0.892857,,F,6,A,0,AUD
OECD.SDD.NAD:DSD_NAMAIN10@DF_TABLE4(2.0),A,AUS,S1,S1,EXC_A,F21,_Z,_Z,XDC_USD,_Z,N,T001,1951,0.892857,,F,6,A,0,AUD
OECD.SDD.NAD:DSD_NAMAIN10@DF_TABLE4(2.0),A,AUS,S1,S1,EXC_A,F21,_Z,_Z,XDC_USD,_Z,N,T001,1952,0.892857,,F,6,A,0,AUD
OECD.SDD.NAD:DSD_NAMAIN10@DF_TABLE4(2.0),A,AUS,S1,S1,EXC_A,F21,_Z,_Z,XDC_USD,_Z,N,T001,1953,0.892857,,F,6,A,0,AUD
OECD.SDD.NAD:DSD_NAMAIN10@DF_TABLE4(2.0),A,AUS,S1,S1,EXC_A,F21,_Z,_Z,XDC_USD,_Z,N,T001,1954,0.892857,,F,6,A,0,AUD
OECD.SDD.NAD:DSD_NAMAIN10@DF_TABLE4(2.0),A,AUS,S1,S1,EXC_A,F21,_Z,_Z,XDC_USD,_Z,N,T001,1955,0.892857,,F,6,A,0,AUD
OECD.SDD.NAD:DSD_NAMAIN10@DF_TABLE4(2.0),A,AUS,S1,S1,EXC_A,F21,_Z,_Z,XDC_USD,_Z,N,T001,1956,0.892857,,F,6,A,0,AUD
OECD.SDD.NAD:DSD_NAMAIN10@DF_TABLE4(2.0),A,AUS,S1,S1,EXC_A,F21,_Z,_Z,XDC_USD,_Z,N,T001,1957,0.892857,,F,6,A,0,AUD
OECD.SDD.NAD:DSD_NAMAIN10@DF_TABLE4(2.0),A,AUS,S1,S1,EXC_A,F21,_Z,_Z,XDC_USD,_Z,N,T001,1958,0.892857,,F,6,A,0,AUD
OECD.SDD.NAD:DSD_NAMAIN10@DF_TABLE4(2.0),A,AUS,S1,S1,EXC_A,F21,_Z,_Z,XDC_USD,_Z,N,T001,1959,0.892857,,F,6,A,0,AUD
OECD.SDD.NAD:DSD_NAMAIN10@DF_TABLE4(2.0),A,AUS,S1,S1,EXC_A,F21,_Z,_Z,XDC_USD,_Z,N,T001,1960,0.892857,,F,6,A,0,AUD
OECD.SDD.NAD:DSD_NAMAIN10@DF_TABLE4(2.0),A,AUS,S1,S1,EXC_A,F21,_Z,_Z,XDC_USD,_Z,N,T001,1961,0.892857,,F,6,A,0,AUD
OECD.SDD.NAD:DSD_NAMAIN10@DF_TABLE4(2.0),A,AUS,S1,S1,EXC_A,F21,_Z,_Z,XDC_USD,_Z,N,T001,1962,0.892857,,F,6,A,0,AUD
OECD.SDD.NAD:DSD_NAMAIN10@DF_TABLE4(2.0),A,AUS,S1,S1,EXC_A,F21,_Z,_Z,XDC_USD,_Z,N,T001,1963,0.892857,,F,6,A,0,AUD
OECD.SDD.NAD:DSD_NAMAIN10@DF_TABLE4(2.0),A,AUS,S1,S1,EXC_A,F21,_Z,_Z,XDC_USD,_Z,N,T001,1964,0.892857,,F,6,A,0,AUD
OECD.SDD.NAD:DSD_NAMAIN10@DF_TABLE4(2.0),A,AUS,S1,S1,EXC_A,F21,_Z,_Z,XDC_USD,_Z,N,T001,1965,0.892857,,F,6,A,0,AUD
OECD.SDD.NAD:DSD_NAMAIN10@DF_TABLE4(2.0),A,AUS,S1,S1,EXC_A,F21,_Z,_Z,XDC_USD,_Z,N,T001,1966,0.892857,,F,6,A,0,AUD
OECD.SDD.NAD:DSD_NAMAIN10@DF_TABLE4(2.0),A,AUS,S1,S1,EXC_A,F21,_Z,_Z,XDC_USD,_Z,N,T001,1967,0.892857,,F,6,A,0,AUD
OECD.SDD.NAD:DSD_NAMAIN10@DF_TABLE4(2.0),A,AUS,S1,S1,EXC_A,F21,_Z,_Z,XDC_USD,_Z,N,T001,1968,0.892857,,F,6,A,0,AUD
OECD.SDD.NAD:DSD_NAMAIN10@DF_TABLE4(2.0),A,AUS,S1,S1,EXC_A,F21,_Z,_Z,XDC_USD,_Z,N,T001,1969,0.892857,,F,6,A,0,AUD
OECD.SDD.NAD:DSD_NAMAIN10@DF_TABLE4(2.0),A,AUS,S1,S1,EXC_A,F21,_Z,_Z,XDC_USD,_Z,N,T001,1970,0.892857,,F,6,A,0,AUD
OECD.SDD.NAD:DSD_NAMAIN10@DF_TABLE4(2.0),A,AUS,S1,S1,EXC_A,F21,_Z,_Z,XDC_USD,_Z,N,T001,1971,0.88267,,F,6,A,0,AUD
OECD.SDD.NAD:DSD_NAMAIN10@DF_TABLE4(2.0),A,AUS,S1,S1,EXC_A,F21,_Z,_Z,XDC_USD,_Z,N,T001,1972,0.838698,,F,6,A,0,AUD
OECD.SDD.NAD:DSD_NAMAIN10@DF_TABLE4(2.0),A,AUS,S1,S1,EXC_A,F21,_Z,_Z,XDC_USD,_Z,N,T001,1973,0.704114,,F,6,A,0,AUD
OECD.SDD.NAD:DSD_NAMAIN10@DF_TABLE4(2.0),A,AUS,S1,S1,EXC_A,F21,_Z,_Z,XDC_USD,_Z,N,T001,1974,0.696666,,F,6,A,0,AUD
OECD.SDD.NAD:DSD_NAMAIN10@DF_TABLE4(2.0),A,AUS,S1,S1,EXC_A,F21,_Z,_Z,XDC_USD,_Z,N,T001,1975,0.763871,,F,6,A,0,AUD
OECD.SDD.NAD:DSD_NAMAIN10@DF_TABLE4(2.0),A,AUS,S1,S1,EXC_A,F21,_Z,_Z,XDC_USD,_Z,N,T001,1976,0.818284,,F,6,A,0,AUD
OECD.SDD.NAD:DSD_NAMAIN10@DF_TABLE4(2.0),A,AUS,S1,S1,EXC_A,F21,_Z,_Z,XDC_USD,_Z,N,T001,1977,0.901825,,F,6,A,0,AUD
OECD.SDD.NAD:DSD_NAMAIN10@DF_TABLE4(2.0),A,AUS,S1,S1,EXC_A,F21,_Z,_Z,XDC_USD,_Z,N,T001,1978,0.873659,,F,6,A,0,AUD
OECD.SDD.NAD:DSD_NAMAIN10@DF_TABLE4(2.0),A,AUS,S1,S1,EXC_A,F21,_Z,_Z,XDC_USD,_Z,N,T001,1979,0.894641,,F,6,A,0,AUD
OECD.SDD.NAD:DSD_NAMAIN10@DF_TABLE4(2.0),A,AUS,S1,S1,EXC_A,F21,_Z,_Z,XDC_USD,_Z,N,T001,1980,0.878244,,F,6,A,0,AUD
OECD.SDD.NAD:DSD_NAMAIN10@DF_TABLE4(2.0),A,AUS,S1,S1,EXC_A,F21,_Z,_Z,XDC_USD,_Z,N,T001,1981,0.870215,,F,6,A,0,AUD
OECD.SDD.NAD:DSD_NAMAIN10@DF_TABLE4(2.0),A,AUS,S1,S1,EXC_A,F21,_Z,_Z,XDC_USD,_Z,N,T001,1982,0.985863,,F,6,A,0,AUD
OECD.SDD.NAD:DSD_NAMAIN10@DF_TABLE4(2.0),A,AUS,S1,S1,EXC_A,F21,_Z,_Z,XDC_USD,_Z,N,T001,1983,1.110015,,F,6,A,0,AUD
OECD.SDD.NAD:DSD_NAMAIN10@DF_TABLE4(2.0),A,AUS,S1,S1,EXC_A,F21,_Z,_Z,XDC_USD,_Z,N,T001,1984,1.139519,,F,6,A,0,AUD
OECD.SDD.NAD:DSD_NAMAIN10@DF_TABLE4(2.0),A,AUS,S1,S1,EXC_A,F21,_Z,_Z,XDC_USD,_Z,N,T001,1985,1.431895,,F,6,A,0,AUD
OECD.SDD.NAD:DSD_NAMAIN10@DF_TABLE4(2.0),A,AUS,S1,S1,EXC_A,F21,_Z,_Z,XDC_USD,_Z,N,T001,1986,1.495974,,F,6,A,0,AUD
OECD.SDD.NAD:DSD_NAMAIN10@DF_TABLE4(2.0),A,AUS,S1,S1,EXC_A,F21,_Z,_Z,XDC_USD,_Z,N,T001,1987,1.42818,,F,6,A,0,AUD
OECD.SDD.NAD:DSD_NAMAIN10@DF_TABLE4(2.0),A,AUS,S1,S1,EXC_A,F21,_Z,_Z,XDC_USD,_Z,N,T001,1988,1.279908,,F,6,A,0,AUD
OECD.SDD.NAD:DSD_NAMAIN10@DF_TABLE4(2.0),A,AUS,S1,S1,EXC_A,F21,_Z,_Z,XDC_USD,_Z,N,T001,1989,1.264597,,F,6,A,0,AUD
OECD.SDD.NAD:DSD_NAMAIN10@DF_TABLE4(2.0),A,AUS,S1,S1,EXC_A,F21,_Z,_Z,XDC_USD,_Z,N,T001,1990,1.281057,,F,6,A,0,AUD
OECD.SDD.NAD:DSD_NAMAIN10@DF_TABLE4(2.0),A,AUS,S1,S1,EXC_A,F21,_Z,_Z,XDC_USD,_Z,N,T001,1991,1.283756,,F,6,A,0,AUD
OECD.SDD.NAD:DSD_NAMAIN10@DF_TABLE4(2.0),A,AUS,S1,S1,EXC_A,F21,_Z,_Z,XDC_USD,_Z,N,T001,1992,1.361648,,F,6,A,0,AUD
OECD.SDD.NAD:DSD_NAMAIN10@DF_TABLE4(2.0),A,AUS,S1,S1,EXC_A,F21,_Z,_Z,XDC_USD,_Z,N,T001,1993,1.47056,,F,6,A,0,AUD
OECD.SDD.NAD:DSD_NAMAIN10@DF_TABLE4(2.0),A,AUS,S1,S1,EXC_A,F21,_Z,_Z,XDC_USD,_Z,N,T001,1994,1.367751,,F,6,A,0,AUD
OECD.SDD.NAD:DSD_NAMAIN10@DF_TABLE4(2.0),A,AUS,S1,S1,EXC_A,F21,_Z,_Z,XDC_USD,_Z,N,T001,1995,1.349033,,F,6,A,0,AUD
OECD.SDD.NAD:DSD_NAMAIN10@DF_TABLE4(2.0),A,AUS,S1,S1,EXC_A,F21,_Z,_Z,XDC_USD,_Z,N,T001,1996,1.277863,,F,6,A,0,AUD
OECD.SDD.NAD:DSD_NAMAIN10@DF_TABLE4(2.0),A,AUS,S1,S1,EXC_A,F21,_Z,_Z,XDC_USD,_Z,N,T001,1997,1.34738,,F,6,A,0,AUD
OECD.SDD.NAD:DSD_NAMAIN10@DF_TABLE4(2.0),A,AUS,S1,S1,EXC_A,F21,_Z,_Z,XDC_USD,_Z,N,T001,1998,1.591828,,F,6,A,0,AUD
OECD.SDD.NAD:DSD_NAMAIN10@DF_TABLE4(2.0),A,AUS,S1,S1,EXC_A,F21,_Z,_Z,XDC_USD,_Z,N,T001,1999,1.54995,,F,6,A,0,AUD
OECD.SDD.NAD:DSD_NAMAIN10@DF_TABLE4(2.0),A,AUS,S1,S1,EXC_A,F21,_Z,_Z,XDC_USD,_Z,N,T001,2000,1.724827,,F,6,A,0,AUD
OECD.SDD.NAD:DSD_NAMAIN10@DF_TABLE4(2.0),A,AUS,S1,S1,EXC_A,F21,_Z,_Z,XDC_USD,_Z,N,T001,2001,1.933443,,F,6,A,0,AUD
OECD.SDD.NAD:DSD_NAMAIN10@DF_TABLE4(2.0),A,AUS,S1,S1,EXC_A,F21,_Z,_Z,XDC_USD,_Z,N,T001,2002,1.840563,,F,6,A,0,AUD
OECD.SDD.NAD:DSD_NAMAIN10@DF_TABLE4(2.0),A,AUS,S1,S1,EXC_A,F21,_Z,_Z,XDC_USD,_Z,N,T001,2003,1.541914,,F,6,A,0,AUD
OECD.SDD.NAD:DSD_NAMAIN10@DF_TABLE4(2.0),A,AUS,S1,S1,EXC_A,F21,_Z,_Z,XDC_USD,_Z,N,T001,2004,1.359752,,F,6,A,0,AUD
OECD.SDD.NAD:DSD_NAMAIN10@DF_TABLE4(2.0),A,AUS,S1,S1,EXC_A,F21,_Z,_Z,XDC_USD,_Z,N,T001,2005,1.309473,,F,6,A,0,AUD
OECD.SDD.NAD:DSD_NAMAIN10@DF_TABLE4(2.0),A,AUS,S1,S1,EXC_A,F21,_Z,_Z,XDC_USD,_Z,N,T001,2006,1.327973,,F,6,A,0,AUD
OECD.SDD.NAD:DSD_NAMAIN10@DF_TABLE4(2.0),A,AUS,S1,S1,EXC_A,F21,_Z,_Z,XDC_USD,_Z,N,T001,2007,1.195073,,F,6,A,0,AUD
OECD.SDD.NAD:DSD_NAMAIN10@DF_TABLE4(2.0),A,AUS,S1,S1,EXC_A,F21,_Z,_Z,XDC_USD,_Z,N,T001,2008,1.192178,,F,6,A,0,AUD
OECD.SDD.NAD:DSD_NAMAIN10@DF_TABLE4(2.0),A,AUS,S1,S1,EXC_A,F21,_Z,_Z,XDC_USD,_Z,N,T001,2009,1.282189,,F,6,A,0,AUD
OECD.SDD.NAD:DSD_NAMAIN10@DF_TABLE4(2.0),A,AUS,S1,S1,EXC_A,F21,_Z,_Z,XDC_USD,_Z,N,T001,2010,1.090159,,F,6,A,0,AUD
OECD.SDD.NAD:DSD_NAMAIN10@DF_TABLE4(2.0),A,AUS,S1,S1,EXC_A,F21,_Z,_Z,XDC_USD,_Z,N,T001,2011,0.969463,,F,6,A,0,AUD
OECD.SDD.NAD:DSD_NAMAIN10@DF_TABLE4(2.0),A,AUS,S1,S1,EXC_A,F21,_Z,_Z,XDC_USD,_Z,N,T001,2012,0.965801,,F,6,A,0,AUD
OECD.SDD.NAD:DSD_NAMAIN10@DF_TABLE4(2.0),A,AUS,S1,S1,EXC_A,F21,_Z,_Z,XDC_USD,_Z,N,T001,2013,1.035843,,F,6,A,0,AUD
OECD.SDD.NAD:DSD_NAMAIN10@DF_TABLE4(2.0),A,AUS,S1,S1,EXC_A,F21,_Z,_Z,XDC_USD,_Z,N,T001,2014,1.109363,,F,6,A,0,AUD
OECD.SDD.NAD:DSD_NAMAIN10@DF_TABLE4(2.0),A,AUS,S1,S1,EXC_A,F21,_Z,_Z,XDC_USD,_Z,N,T001,2015,1.33109,,F,6,A,0,AUD
OECD.SDD.NAD:DSD_NAMAIN10@DF_TABLE4(2.0),A,AUS,S1,S1,EXC_A,F21,_Z,_Z,XDC_USD,_Z,N,T001,2016,1.345214,,F,6,A,0,AUD
OECD.SDD.NAD:DSD_NAMAIN10@DF_TABLE4(2.0),A,AUS,S1,S1,EXC_A,F21,_Z,_Z,XDC_USD,_Z,N,T001,2017,1.304758,,F,6,A,0,AUD
OECD.SDD.NAD:DSD_NAMAIN10@DF_TABLE4(2.0),A,AUS,S1,S1,EXC_A,F21,_Z,_Z,XDC_USD,_Z,N,T001,2018,1.338412,,F,6,A,0,AUD
OECD.SDD.NAD:DSD_NAMAIN10@DF_TABLE4(2.0),A,AUS,S1,S1,EXC_A,F21,_Z,_Z,XDC_USD,_Z,N,T001,2019,1.438507,,F,6,A,0,AUD
OECD.SDD.NAD:DSD_NAMAIN10@DF_TABLE4(2.0),A,AUS,S1,S1,EXC_A,F21,_Z,_Z,XDC_USD,_Z,N,T001,2020,1.453085,,F,6,A,0,AUD
OECD.SDD.NAD:DSD_NAMAIN10@DF_TABLE4(2.0),A,AUS,S1,S1,EXC_A,F21,_Z,_Z,XDC_USD,_Z,N,T001,2021,1.331224,,F,6,A,0,AUD
OECD.SDD.NAD:DSD_NAMAIN10@DF_TABLE4(2.0),A,AUS,S1,S1,EXC_A,F21,_Z,_Z,XDC_USD,_Z,N,T001,2022,1.441664,,F,6,A,0,AUD
OECD.SDD.NAD:DSD_NAMAIN10@DF_TABLE4(2.0),A,AUS,S1,S1,EXC_A,F21,_Z,_Z,XDC_USD,_Z,N,T001,2023,1.505191,,F,6,A,0,AUD
OECD.SDD.NAD:DSD_NAMAIN10@DF_TABLE4(2.0),A,USA,S1,S1,EXC_A,F21,_Z,_Z,XDC_USD,_Z,N,T001,1950,1,,F,6,A,0,USD
OECD.SDD.NAD:DSD_NAMAIN10@DF_TABLE4(2.0),A,USA,S1,S1,EXC_A,F21,_Z,_Z,XDC_USD,_Z,N,T001,1951,1,,F,6,A,0,USD
OECD.SDD.NAD:DSD_NAMAIN10@DF_TABLE4(2.0),A,USA,S1,S1,EXC_A,F21,_Z,_Z,XDC_USD,_Z,N,T001,1952,1,,F,6,A,0,USD
OECD.SDD.NAD:DSD_NAMAIN10@DF_TABLE4(2.0),A,USA,S1,S1,EXC_A,F21,_Z,_Z,XDC_USD,_Z,N,T001,1953,1,,F,6,A,0,USD
OECD.SDD.NAD:DSD_NAMAIN10@DF_TABLE4(2.0),A,USA,S1,S1,EXC_A,F21,_Z,_Z,XDC_USD,_Z,N,T001,1954,1,,F,6,A,0,USD
OECD.SDD.NAD:DSD_NAMAIN10@DF_TABLE4(2.0),A,USA,S1,S1,EXC_A,F21,_Z,_Z,XDC_USD,_Z,N,T001,1955,1,,F,6,A,0,USD
OECD.SDD.NAD:DSD_NAMAIN10@DF_TABLE4(2.0),A,USA,S1,S1,EXC_A,F21,_Z,_Z,XDC_USD,_Z,N,T001,1956,1,,F,6,A,0,USD
OECD.SDD.NAD:DSD_NAMAIN10@DF_TABLE4(2.0),A,USA,S1,S1,EXC_A,F21,_Z,_Z,XDC_USD,_Z,N,T001,1957,1,,F,6,A,0,USD
OECD.SDD.NAD:DSD_NAMAIN10@DF_TABLE4(2.0),A,USA,S1,S1,EXC_A,F21,_Z,_Z,XDC_USD,_Z,N,T001,1958,1,,F,6,A,0,USD
OECD.SDD.NAD:DSD_NAMAIN10@DF_TABLE4(2.0),A,USA,S1,S1,EXC_A,F21,_Z,_Z,XDC_USD,_Z,N,T001,1959,1,,F,6,A,0,USD
OECD.SDD.NAD:DSD_NAMAIN10@DF_TABLE4(2.0),A,USA,S1,S1,EXC_A,F21,_Z,_Z,XDC_USD,_Z,N,T001,1960,1,,F,6,A,0,USD
OECD.SDD.NAD:DSD_NAMAIN10@DF_TABLE4(2.0),A,USA,S1,S1,EXC_A,F21,_Z,_Z,XDC_USD,_Z,N,T001,1961,1,,F,6,A,0,USD
OECD.SDD.NAD:DSD_NAMAIN10@DF_TABLE4(2.0),A,USA,S1,S1,EXC_A,F21,_Z,_Z,XDC_USD,_Z,N,T001,1962,1,,F,6,A,0,USD
OECD.SDD.NAD:DSD_NAMAIN10@DF_TABLE4(2.0),A,USA,S1,S1,EXC_A,F21,_Z,_Z,XDC_USD,_Z,N,T001,1963,1,,F,6,A,0,USD
OECD.SDD.NAD:DSD_NAMAIN10@DF_TABLE4(2.0),A,USA,S1,S1,EXC_A,F21,_Z,_Z,XDC_USD,_Z,N,T001,1964,1,,F,6,A,0,USD
OECD.SDD.NAD:DSD_NAMAIN10@DF_TABLE4(2.0),A,USA,S1,S1,EXC_A,F21,_Z,_Z,XDC_USD,_Z,N,T001,1965,1,,F,6,A,0,USD
OECD.SDD.NAD:DSD_NAMAIN10@DF_TABLE4(2.0),A,USA,S1,S1,EXC_A,F21,_Z,_Z,XDC_USD,_Z,N,T001,1966,1,,F,6,A,0,USD
OECD.SDD.NAD:DSD_NAMAIN10@DF_TABLE4(2.0),A,USA,S1,S1,EXC_A,F21,_Z,_Z,XDC_USD,_Z,N,T001,1967,1,,F,6,A,0,USD
OECD.SDD.NAD:DSD_NAMAIN10@DF_TABLE4(2.0),A,USA,S1,S1,EXC_A,F21,_Z,_Z,XDC_USD,_Z,N,T001,1968,1,,F,6,A,0,USD
OECD.SDD.NAD:DSD_NAMAIN10@DF_TABLE4(2.0),A,USA,S1,S1,EXC_A,F21,_Z,_Z,XDC_USD,_Z,N,T001,1969,1,,F,6,A,0,USD
OECD.SDD.NAD:DSD_NAMAIN10@DF_TABLE4(2.0),A,USA,S1,S1,EXC_A,F21,_Z,_Z,XDC_USD,_Z,N,T001,1970,1,,F,6,A,0,USD
OECD.SDD.NAD:DSD_NAMAIN10@DF_TABLE4(2.0),A,USA,S1,S1,EXC_A,F21,_Z,_Z,XDC_USD,_Z,N,T001,1971,1,,F,6,A,0,USD
OECD.SDD.NAD:DSD_NAMAIN10@DF_TABLE4(2.0),A,USA,S1,S1,EXC_A,F21,_Z,_Z,XDC_USD,_Z,N,T001,1972,1,,F,6,A,0,USD
OECD.SDD.NAD:DSD_NAMAIN10@DF_TABLE4(2.0),A,USA,S1,S1,EXC_A,F21,_Z,_Z,XDC_USD,_Z,N,T001,1973,1,,F,6,A,0,USD
OECD.SDD.NAD:DSD_NAMAIN10@DF_TABLE4(2.0),A,USA,S1,S1,EXC_A,F21,_Z,_Z,XDC_USD,_Z,N,T001,1974,1,,F,6,A,0,USD
OECD.SDD.NAD:DSD_NAMAIN10@DF_TABLE4(2.0),A,USA,S1,S1,EXC_A,F21,_Z,_Z,XDC_USD,_Z,N,T001,1975,1,,F,6,A,0,USD
OECD.SDD.NAD:DSD_NAMAIN10@DF_TABLE4(2.0),A,USA,S1,S1,EXC_A,F21,_Z,_Z,XDC_USD,_Z,N,T001,1976,1,,F,6,A,0,USD
OECD.SDD.NAD:DSD_NAMAIN10@DF_TABLE4(2.0),A,USA,S1,S1,EXC_A,F21,_Z,_Z,XDC_USD,_Z,N,T001,1977,1,,F,6,A,0,USD
OECD.SDD.NAD:DSD_NAMAIN10@DF_TABLE4(2.0),A,USA,S1,S1,EXC_A,F21,_Z,_Z,XDC_USD,_Z,N,T001,1978,1,,F,6,A,0,USD
OECD.SDD.NAD:DSD_NAMAIN10@DF_TABLE4(2.0),A,USA,S1,S1,EXC_A,F21,_Z,_Z,XDC_USD,_Z,N,T001,1979,1,,F,6,A,0,USD
OECD.SDD.NAD:DSD_NAMAIN10@DF_TABLE4(2.0),A,USA,S1,S1,EXC_A,F21,_Z,_Z,XDC_USD,_Z,N,T001,1980,1,,F,6,A,0,USD
OECD.SDD.NAD:DSD_NAMAIN10@DF_TABLE4(2.0),A,USA,S1,S1,EXC_A,F21,_Z,_Z,XDC_USD,_Z,N,T001,1981,1,,F,6,A,0,USD
OECD.SDD.NAD:DSD_NAMAIN10@DF_TABLE4(2.0),A,USA,S1,S1,EXC_A,F21,_Z,_Z,XDC_USD,_Z,N,T001,1982,1,,F,6,A,0,USD
OECD.SDD.NAD:DSD_NAMAIN10@DF_TABLE4(2.0),A,USA,S1,S1,EXC_A,F21,_Z,_Z,XDC_USD,_Z,N,T001,1983,1,,F,6,A,0,USD
OECD.SDD.NAD:DSD_NAMAIN10@DF_TABLE4(2.0),A,USA,S1,S1,EXC_A,F21,_Z,_Z,XDC_USD,_Z,N,T001,1984,1,,F,6,A,0,USD
OECD.SDD.NAD:DSD_NAMAIN10@DF_TABLE4(2.0),A,USA,S1,S1,EXC_A,F21,_Z,_Z,XDC_USD,_Z,N,T001,1985,1,,F,6,A,0,USD
OECD.SDD.NAD:DSD_NAMAIN10@DF_TABLE4(2.0),A,USA,S1,S1,EXC_A,F21,_Z,_Z,XDC_USD,_Z,N,T001,1986,1,,F,6,A,0,USD
OECD.SDD.NAD:DSD_NAMAIN10@DF_TABLE4(2.0),A,USA,S1,S1,EXC_A,F21,_Z,_Z,XDC_USD,_Z,N,T001,1987,1,,F,6,A,0,USD
OECD.SDD.NAD:DSD_NAMAIN10@DF_TABLE4(2.0),A,USA,S1,S1,EXC_A,F21,_Z,_Z,XDC_USD,_Z,N,T001,1988,1,,F,6,A,0,USD
OECD.SDD.NAD:DSD_NAMAIN10@DF_TABLE4(2.0),A,USA,S1,S1,EXC_A,F21,_Z,_Z,XDC_USD,_Z,N,T001,1989,1,,F,6,A,0,USD
OECD.SDD.NAD:DSD_NAMAIN10@DF_TABLE4(2.0),A,USA,S1,S1,EXC_A,F21,_Z,_Z,XDC_USD,_Z,N,T001,1990,1,,F,6,A,0,USD
OECD.SDD.NAD:DSD_NAMAIN10@DF_TABLE4(2.0),A,USA,S1,S1,EXC_A,F21,_Z,_Z,XDC_USD,_Z,N,T001,1991,1,,F,6,A,0,USD
OECD.SDD.NAD:DSD_NAMAIN10@DF_TABLE4(2.0),A,USA,S1,S1,EXC_A,F21,_Z,_Z,XDC_USD,_Z,N,T001,1992,1,,F,6,A,0,USD
OECD.SDD.NAD:DSD_NAMAIN10@DF_TABLE4(2.0),A,USA,S1,S1,EXC_A,F21,_Z,_Z,XDC_USD,_Z,N,T001,1993,1,,F,6,A,0,USD
OECD.SDD.NAD:DSD_NAMAIN10@DF_TABLE4(2.0),A,USA,S1,S1,EXC_A,F21,_Z,_Z,XDC_USD,_Z,N,T001,1994,1,,F,6,A,0,USD
OECD.SDD.NAD:DSD_NAMAIN10@DF_TABLE4(2.0),A,USA,S1,S1,EXC_A,F21,_Z,_Z,XDC_USD,_Z,N,T001,1995,1,,F,6,A,0,USD
OECD.SDD.NAD:DSD_NAMAIN10@DF_TABLE4(2.0),A,USA,S1,S1,EXC_A,F21,_Z,_Z,XDC_USD,_Z,N,T001,1996,1,,F,6,A,0,USD
OECD.SDD.NAD:DSD_NAMAIN10@DF_TABLE4(2.0),A,USA,S1,S1,EXC_A,F21,_Z,_Z,XDC_USD,_Z,N,T001,1997,1,,F,6,A,0,USD
OECD.SDD.NAD:DSD_NAMAIN10@DF_TABLE4(2.0),A,USA,S1,S1,EXC_A,F21,_Z,_Z,XDC_USD,_Z,N,T001,1998,1,,F,6,A,0,USD
OECD.SDD.NAD:DSD_NAMAIN10@DF_TABLE4(2.0),A,USA,S1,S1,EXC_A,F21,_Z,_Z,XDC_USD,_Z,N,T001,1999,1,,F,6,A,0,USD
OECD.SDD.NAD:DSD_NAMAIN10@DF_TABLE4(2.0),A,USA,S1,S1,EXC_A,F21,_Z,_Z,XDC_USD,_Z,N,T001,2000,1,,F,6,A,0,USD
OECD.SDD.NAD:DSD_NAMAIN10@DF_TABLE4(2.0),A,USA,S1,S1,EXC_A,F21,_Z,_Z,XDC_USD,_Z,N,T001,2001,1,,F,6,A,0,USD
OECD.SDD.NAD:DSD_NAMAIN10@DF_TABLE4(2.0),A,USA,S1,S1,EXC_A,F21,_Z,_Z,XDC_USD,_Z,N,T001,2002,1,,F,6,A,0,USD
OECD.SDD.NAD:DSD_NAMAIN10@DF_TABLE4(2.0),A,USA,S1,S1,EXC_A,F21,_Z,_Z,XDC_USD,_Z,N,T001,2003,1,,F,6,A,0,USD
OECD.SDD.NAD:DSD_NAMAIN10@DF_TABLE4(2.0),A,USA,S1,S1,EXC_A,F21,_Z,_Z,XDC_USD,_Z,N,T001,2004,1,,F,6,A,0,USD
OECD.SDD.NAD:DSD_NAMAIN10@DF_TABLE4(2.0),A,USA,S1,S1,EXC_A,F21,_Z,_Z,XDC_USD,_Z,N,T001,2005,1,,F,6,A,0,USD
OECD.SDD.NAD:DSD_NAMAIN10@DF_TABLE4(2.0),A,USA,S1,S1,EXC_A,F21,_Z,_Z,XDC_USD,_Z,N,T001,2006,1,,F,6,A,0,USD
OECD.SDD.NAD:DSD_NAMAIN10@DF_TABLE4(2.0),A,USA,S1,S1,EXC_A,F21,_Z,_Z,XDC_USD,_Z,N,T001,2007,1,,F,6,A,0,USD
OECD.SDD.NAD:DSD_NAMAIN10@DF_TABLE4(2.0),A,USA,S1,S1,EXC_A,F21,_Z,_Z,XDC_USD,_Z,N,T001,2008,1,,F,6,A,0,USD
OECD.SDD.NAD:DSD_NAMAIN10@DF_TABLE4(2.0),A,USA,S1,S1,EXC_A,F21,_Z,_Z,XDC_USD,_Z,N,T001,2009,1,,F,6,A,0,USD
OECD.SDD.NAD:DSD_NAMAIN10@DF_TABLE4(2.0),A,USA,S1,S1,EXC_A,F21,_Z,_Z,XDC_USD,_Z,N,T001,2010,1,,F,6,A,0,USD
OECD.SDD.NAD:DSD_NAMAIN10@DF_TABLE4(2.0),A,USA,S1,S1,EXC_A,F21,_Z,_Z,XDC_USD,_Z,N,T001,2011,1,,F,6,A,0,USD
OECD.SDD.NAD:DSD_NAMAIN10@DF_TABLE4(2.0),A,USA,S1,S1,EXC_A,F21,_Z,_Z,XDC_USD,_Z,N,T001,2012,1,,F,6,A,0,USD
OECD.SDD.NAD:DSD_NAMAIN10@DF_TABLE4(2.0),A,USA,S1,S1,EXC_A,F21,_Z,_Z,XDC_USD,_Z,N,T001,2013,1,,F,6,A,0,USD
OECD.SDD.NAD:DSD_NAMAIN10@DF_TABLE4(2.0),A,USA,S1,S1,EXC_A,F21,_Z,_Z,XDC_USD,_Z,N,T001,2014,1,,F,6,A,0,USD
OECD.SDD.NAD:DSD_NAMAIN10@DF_TABLE4(2.0),A,USA,S1,S1,EXC_A,F21,_Z,_Z,XDC_USD,_Z,N,T001,2015,1,,F,6,A,0,USD
OECD.SDD.NAD:DSD_NAMAIN10@DF_TABLE4(2.0),A,USA,S1,S1,EXC_A,F21,_Z,_Z,XDC_USD,_Z,N,T001,2016,1,,F,6,A,0,USD
OECD.SDD.NAD:DSD_NAMAIN10@DF_TABLE4(2.0),A,USA,S1,S1,EXC_A,F21,_Z,_Z,XDC_USD,_Z,N,T001,2017,1,,F,6,A,0,USD
OECD.SDD.NAD:DSD_NAMAIN10@DF_TABLE4(2.0),A,USA,S1,S1,EXC_A,F21,_Z,_Z,XDC_USD,_Z,N,T001,2018,1,,F,6,A,0,USD
OECD.SDD.NAD:DSD_NAMAIN10@DF_TABLE4(2.0),A,USA,S1,S1,EXC_A,F21,_Z,_Z,XDC_USD,_Z,N,T001,2019,1,,F,6,A,0,USD
OECD.SDD.NAD:DSD_NAMAIN10@DF_TABLE4(2.0),A,USA,S1,S1,EXC_A,F21,_Z,_Z,XDC_USD,_Z,N,T001,2020,1,,F,6,A,0,USD
OECD.SDD.NAD:DSD_NAMAIN10@DF_TABLE4(2.0),A,USA,S1,S1,EXC_A,F21,_Z,_Z,XDC_USD,_Z,N,T001,2021,1,,F,6,A,0,USD
OECD.SDD.NAD:DSD_NAMAIN10@DF_TABLE4(2.0),A,USA,S1,S1,EXC_A,F21,_Z,_Z,XDC_USD,_Z,N,T001,2022,1,,F,6,A,0,USD
OECD.SDD.NAD:DSD_NAMAIN10@DF_TABLE4(2.0),A,USA,S1,S1,EXC_A,F21,_Z,_Z,XDC_USD,_Z,N,T001,2023,1,,F,6,A,0,USD
OECD.SDD.NAD:DSD_NAMAIN10@DF_TABLE4(2.0),A,JPN,S1,S1,EXC_A,F21,_Z,_Z,XDC_USD,_Z,N,T001,1950,361.1,,F,6,A,0,JPY
OECD.SDD.NAD:DSD_NAMAIN10@DF_TABLE4(2.0),A,NOR,S1,S1,EXC_A,F21,_Z,_Z,XDC_USD,_Z,N,T001,1950,7.14286,,F,6,A,0,NOK
OECD.SDD.NAD:DSD_NAMAIN10@DF_TABLE4(2.0),A,CHE,S1,S1,EXC_A,F21,_Z,_Z,XDC_USD,_Z,N,T001,1950,4.37295,,F,6,A,0,CHF
OECD.SDD.NAD:DSD_NAMAIN10@DF_TABLE4(2.0),A,TUR,S1,S1,EXC_A,F21,_Z,_Z,XDC_USD,_Z,N,T001,1950,2.8,,F,6,A,0,TRY
OECD.SDD.NAD:DSD_NAMAIN10@DF_TABLE4(2.0),A,PER,S1,S1,EXC_A,F21,_Z,_Z,XDC_USD,_Z,N,T001,1950,0,,F,6,A,0,_Z
OECD.SDD.NAD:DSD_NAMAIN10@DF_TABLE4(2.0),A,JPN,S1,S1,EXC_A,F21,_Z,_Z,XDC_USD,_Z,N,T001,1951,361.1,,F,6,A,0,JPY
OECD.SDD.NAD:DSD_NAMAIN10@DF_TABLE4(2.0),A,NOR,S1,S1,EXC_A,F21,_Z,_Z,XDC_USD,_Z,N,T001,1951,7.14286,,F,6,A,0,NOK
OECD.SDD.NAD:DSD_NAMAIN10@DF_TABLE4(2.0),A,CHE,S1,S1,EXC_A,F21,_Z,_Z,XDC_USD,_Z,N,T001,1951,4.37295,,F,6,A,0,CHF
OECD.SDD.NAD:DSD_NAMAIN10@DF_TABLE4(2.0),A,TUR,S1,S1,EXC_A,F21,_Z,_Z,XDC_USD,_Z,N,T001,1951,2.8,,F,6,A,0,TRY
OECD.SDD.NAD:DSD_NAMAIN10@DF_TABLE4(2.0),A,PER,S1,S1,EXC_A,F21,_Z,_Z,XDC_USD,_Z,N,T001,1951,0,,F,6,A,0,_Z
OECD.SDD.NAD:DSD_NAMAIN10@DF_TABLE4(2.0),A,JPN,S1,S1,EXC_A,F21,_Z,_Z,XDC_USD,_Z,N,T001,1952,361.1,,F,6,A,0,JPY
OECD.SDD.NAD:DSD_NAMAIN10@DF_TABLE4(2.0),A,NOR,S1,S1,EXC_A,F21,_Z,_Z,XDC_USD,_Z,N,T001,1952,7.14286,,F,6,A,0,NOK
OECD.SDD.NAD:DSD_NAMAIN10@DF_TABLE4(2.0),A,CHE,S1,S1,EXC_A,F21,_Z,_Z,XDC_USD,_Z,N,T001,1952,4.37295,,F,6,A,0,CHF
OECD.SDD.NAD:DSD_NAMAIN10@DF_TABLE4(2.0),A,TUR,S1,S1,EXC_A,F21,_Z,_Z,XDC_USD,_Z,N,T001,1952,2.8,,F,6,A,0,TRY
OECD.SDD.NAD:DSD_NAMAIN10@DF_TABLE4(2.0),A,PER,S1,S1,EXC_A,F21,_Z,_Z,XDC_USD,_Z,N,T001,1952,0,,F,6,A,0,_Z
OECD.SDD.NAD:DSD_NAMAIN10@DF_TABLE4(2.0),A,JPN,S1,S1,EXC_A,F21,_Z,_Z,XDC_USD,_Z,N,T001,1953,360,,F,6,A,0,JPY
OECD.SDD.NAD:DSD_NAMAIN10@DF_TABLE4(2.0),A,NOR,S1,S1,EXC_A,F21,_Z,_Z,XDC_USD,_Z,N,T001,1953,7.14286,,F,6,A,0,NOK
OECD.SDD.NAD:DSD_NAMAIN10@DF_TABLE4(2.0),A,CHE,S1,S1,EXC_A,F21,_Z,_Z,XDC_USD,_Z,N,T001,1953,4.37295,,F,6,A,0,CHF
OECD.SDD.NAD:DSD_NAMAIN10@DF_TABLE4(2.0),A,TUR,S1,S1,EXC_A,F21,_Z,_Z,XDC_USD,_Z,N,T001,1953,2.8,,F,6,A,0,TRY
OECD.SDD.NAD:DSD_NAMAIN10@DF_TABLE4(2.0),A,BGR,S1,S1,EXC_A,F21,_Z,_Z,XDC_USD,_Z,N,T001,1953,0.000598,,F,6,A,0,EUR
OECD.SDD.NAD:DSD_NAMAIN10@DF_TABLE4(2.0),A,PER,S1,S1,EXC_A,F21,_Z,_Z,XDC_USD,_Z,N,T001,1953,0,,F,6,A,0,_Z
OECD.SDD.NAD:DSD_NAMAIN10@DF_TABLE4(2.0),A,JPN,S1,S1,EXC_A,F21,_Z,_Z,XDC_USD,_Z,N,T001,1954,360,,F,6,A,0,JPY
OECD.SDD.NAD:DSD_NAMAIN10@DF_TABLE4(2.0),A,NOR,S1,S1,EXC_A,F21,_Z,_Z,XDC_USD,_Z,N,T001,1954,7.14286,,F,6,A,0,NOK
OECD.SDD.NAD:DSD_NAMAIN10@DF_TABLE4(2.0),A,CHE,S1,S1,EXC_A,F21,_Z,_Z,XDC_USD,_Z,N,T001,1954,4.37295,,F,6,A,0,CHF
OECD.SDD.NAD:DSD_NAMAIN10@DF_TABLE4(2.0),A,TUR,S1,S1,EXC_A,F21,_Z,_Z,XDC_USD,_Z,N,T001,1954,2.8,,F,6,A,0,TRY
OECD.SDD.NAD:DSD_NAMAIN10@DF_TABLE4(2.0),A,BGR,S1,S1,EXC_A,F21,_Z,_Z,XDC_USD,_Z,N,T001,1954,0.000598,,F,6,A,0,EUR
OECD.SDD.NAD:DSD_NAMAIN10@DF_TABLE4(2.0),A,PER,S1,S1,EXC_A,F21,_Z,_Z,XDC_USD,_Z,N,T001,1954,0,,F,6,A,0,_Z
OECD.SDD.NAD:DSD_NAMAIN10@DF_TABLE4(2.0),A,JPN,S1,S1,EXC_A,F21,_Z,_Z,XDC_USD,_Z,N,T001,1955,360,,F,6,A,0,JPY
OECD.SDD.NAD:DSD_NAMAIN10@DF_TABLE4(2.0),A,NOR,S1,S1,EXC_A,F21,_Z,_Z,XDC_USD,_Z,N,T001,1955,7.14286,,F,6,A,0,NOK
OECD.SDD.NAD:DSD_NAMAIN10@DF_TABLE4(2.0),A,CHE,S1,S1,EXC_A,F21,_Z,_Z,XDC_USD,_Z,N,T001,1955,4.37295,,F,6,A,0,CHF
OECD.SDD.NAD:DSD_NAMAIN10@DF_TABLE4(2.0),A,TUR,S1,S1,EXC_A,F21,_Z,_Z,XDC_USD,_Z,N,T001,1955,2.8,,F,6,A,0,TRY
OECD.SDD.NAD:DSD_NAMAIN10@DF_TABLE4(2.0),A,BGR,S1,S1,EXC_A,F21,_Z,_Z,XDC_USD,_Z,N,T001,1955,0.000598,,F,6,A,0,EUR
OECD.SDD.NAD:DSD_NAMAIN10@DF_TABLE4(2.0),A,PER,S1,S1,EXC_A,F21,_Z,_Z,XDC_USD,_Z,N,T001,1955,0,,F,6,A,0,_Z
OECD.SDD.NAD:DSD_NAMAIN10@DF_TABLE4(2.0),A,JPN,S1,S1,EXC_A,F21,_Z,_Z,XDC_USD,_Z,N,T001,1956,360,,F,6,A,0,JPY
OECD.SDD.NAD:DSD_NAMAIN10@DF_TABLE4(2.0),A,NOR,S1,S1,EXC_A,F21,_Z,_Z,XDC_USD,_Z,N,T001,1956,7.14286,,F,6,A,0,NOK
OECD.SDD.NAD:DSD_NAMAIN10@DF_TABLE4(2.0),A,CHE,S1,S1,EXC_A,F21,_Z,_Z,XDC_USD,_Z,N,T001,1956,4.37295,,F,6,A,0,CHF
OECD.SDD.NAD:DSD_NAMAIN10@DF_TABLE4(2.0),A,TUR,S1,S1,EXC_A,F21,_Z,_Z,XDC_USD,_Z,N,T001,1956,2.8,,F,6,A,0,TRY
OECD.SDD.NAD:DSD_NAMAIN10@DF_TABLE4(2.0),A,BGR,S1,S1,EXC_A,F21,_Z,_Z,XDC_USD,_Z,N,T001,1956,0.000598,,F,6,A,0,EUR
OECD.SDD.NAD:DSD_NAMAIN10@DF_TABLE4(2.0),A,PER,S1,S1,EXC_A,F21,_Z,_Z,XDC_USD,_Z,N,T001,1956,0,,F,6,A,0,_Z
OECD.SDD.NAD:DSD_NAMAIN10@DF_TABLE4(2.0),A,JPN,S1,S1,EXC_A,F21,_Z,_Z,XDC_USD,_Z,N,T001,1957,360,,F,6,A,0,JPY
OECD.SDD.NAD:DSD_NAMAIN10@DF_TABLE4(2.0),A,NOR,S1,S1,EXC_A,F21,_Z,_Z,XDC_USD,_Z,N,T001,1957,7.14286,,F,6,A,0,NOK
OECD.SDD.NAD:DSD_NAMAIN10@DF_TABLE4(2.0),A,CHE,S1,S1,EXC_A,F21,_Z,_Z,XDC_USD,_Z,N,T001,1957,4.37295,,F,6,A,0,CHF
OECD.SDD.NAD:DSD_NAMAIN10@DF_TABLE4(2.0),A,TUR,S1,S1,EXC_A,F21,_Z,_Z,XDC_USD,_Z,N,T001,1957,0.233336,,F,6,A,0,TRY
OECD.SDD.NAD:DSD_NAMAIN10@DF_TABLE4(2.0),A,BGR,S1,S1,EXC_A,F21,_Z,_Z,XDC_USD,_Z,N,T001,1957,0.000598,,F,6,A,0,EUR
OECD.SDD.NAD:DSD_NAMAIN10@DF_TABLE4(2.0),A,PER,S1,S1,EXC_A,F21,_Z,_Z,XDC_USD,_Z,N,T001,1957,0,,F,6,A,0,_Z
OECD.SDD.NAD:DSD_NAMAIN10@DF_TABLE4(2.0),A,JPN,S1,S1,EXC_A,F21,_Z,_Z,XDC_USD,_Z,N,T001,1958,360,,F,6,A,0,JPY
OECD.SDD.NAD:DSD_NAMAIN10@DF_TABLE4(2.0),A,NOR,S1,S1,EXC_A,F21,_Z,_Z,XDC_USD,_Z,N,T001,1958,7.14286,,F,6,A,0,NOK
OECD.SDD.NAD:DSD_NAMAIN10@DF_TABLE4(2.0),A,CHE,S1,S1,EXC_A,F21,_Z,_Z,XDC_USD,_Z,N,T001,1958,4.37295,,F,6,A,0,CHF
OECD.SDD.NAD:DSD_NAMAIN10@DF_TABLE4(2.0),A,TUR,S1,S1,EXC_A,F21,_Z,_Z,XDC_USD,_Z,N,T001,1958,5e-06,,F,6,A,0,TRY
OECD.SDD.NAD:DSD_NAMAIN10@DF_TABLE4(2.0),A,BGR,S1,S1,EXC_A,F21,_Z,_Z,XDC_USD,_Z,N,T001,1958,0.000598,,F,6,A,0,EUR
OECD.SDD.NAD:DSD_NAMAIN10@DF_TABLE4(2.0),A,PER,S1,S1,EXC_A,F21,_Z,_Z,XDC_USD,_Z,N,T001,1958,0,,F,6,A,0,_Z
OECD.SDD.NAD:DSD_NAMAIN10@DF_TABLE4(2.0),A,JPN,S1,S1,EXC_A,F21,_Z,_Z,XDC_USD,_Z,N,T001,1959,360,,F,6,A,0,JPY
OECD.SDD.NAD:DSD_NAMAIN10@DF_TABLE4(2.0),A,NOR,S1,S1,EXC_A,F21,_Z,_Z,XDC_USD,_Z,N,T001,1959,7.14286,,F,6,A,0,NOK
OECD.SDD.NAD:DSD_NAMAIN10@DF_TABLE4(2.0),A,CHE,S1,S1,EXC_A,F21,_Z,_Z,XDC_USD,_Z,N,T001,1959,4.37295,,F,6,A,0,CHF
OECD.SDD.NAD:DSD_NAMAIN10@DF_TABLE4(2.0),A,TUR,S1,S1,EXC_A,F21,_Z,_Z,XDC_USD,_Z,N,T001,1959,9e-06,,F,6,A,0,TRY
OECD.SDD.NAD:DSD_NAMAIN10@DF_TABLE4(2.0),A,BGR,S1,S1,EXC_A,F21,_Z,_Z,XDC_USD,_Z,N,T001,1959,0.000598,,F,6,A,0,EUR
OECD.SDD.NAD:DSD_NAMAIN10@DF_TABLE4(2.0),A,PER,S1,S1,EXC_A,F21,_Z,_Z,XDC_USD,_Z,N,T001,1959,0,,F,6,A,0,_Z
OECD.SDD.NAD:DSD_NAMAIN10@DF_TABLE4(2.0),A,JPN,S1,S1,EXC_A,F21,_Z,_Z,XDC_USD,_Z,N,T001,1960,360,,F,6,A,0,JPY
OECD.SDD.NAD:DSD_NAMAIN10@DF_TABLE4(2.0),A,NOR,S1,S1,EXC_A,F21,_Z,_Z,XDC_USD,_Z,N,T001,1960,7.14286,,F,6,A,0,NOK
OECD.SDD.NAD:DSD_NAMAIN10@DF_TABLE4(2.0),A,CHE,S1,S1,EXC_A,F21,_Z,_Z,XDC_USD,_Z,N,T001,1960,4.37295,,F,6,A,0,CHF
OECD.SDD.NAD:DSD_NAMAIN10@DF_TABLE4(2.0),A,TUR,S1,S1,EXC_A,F21,_Z,_Z,XDC_USD,_Z,N,T001,1960,9e-06,,F,6,A,0,TRY
OECD.SDD.NAD:DSD_NAMAIN10@DF_TABLE4(2.0),A,BGR,S1,S1,EXC_A,F21,_Z,_Z,XDC_USD,_Z,N,T001,1960,0.000598,,F,6,A,0,EUR
OECD.SDD.NAD:DSD_NAMAIN10@DF_TABLE4(2.0),A,PER,S1,S1,EXC_A,F21,_Z,_Z,XDC_USD,_Z,N,T001,1960,0,,F,6,A,0,_Z
OECD.SDD.NAD:DSD_NAMAIN10@DF_TABLE4(2.0),A,SAU,S1,S1,EXC_A,F21,_Z,_Z,XDC_USD,_Z,N,T001,1960,4.5,,F,6,A,0,SAR
OECD.SDD.NAD:DSD_NAMAIN10@DF_TABLE4(2.0),A,JPN,S1,S1,EXC_A,F21,_Z,_Z,XDC_USD,_Z,N,T001,1961,360,,F,6,A,0,JPY
OECD.SDD.NAD:DSD_NAMAIN10@DF_TABLE4(2.0),A,NOR,S1,S1,EXC_A,F21,_Z,_Z,XDC_USD,_Z,N,T001,1961,7.14286,,F,6,A,0,NOK
OECD.SDD.NAD:DSD_NAMAIN10@DF_TABLE4(2.0),A,CHE,S1,S1,EXC_A,F21,_Z,_Z,XDC_USD,_Z,N,T001,1961,4.37295,,F,6,A,0,CHF
OECD.SDD.NAD:DSD_NAMAIN10@DF_TABLE4(2.0),A,TUR,S1,S1,EXC_A,F21,_Z,_Z,XDC_USD,_Z,N,T001,1961,9e-06,,F,6,A,0,TRY
OECD.SDD.NAD:DSD_NAMAIN10@DF_TABLE4(2.0),A,BGR,S1,S1,EXC_A,F21,_Z,_Z,XDC_USD,_Z,N,T001,1961,0.000598,,F,6,A,0,EUR
OECD.SDD.NAD:DSD_NAMAIN10@DF_TABLE4(2.0),A,PER,S1,S1,EXC_A,F21,_Z,_Z,XDC_USD,_Z,N,T001,1961,0,,F,6,A,0,_Z
OECD.SDD.NAD:DSD_NAMAIN10@DF_TABLE4(2.0),A,SAU,S1,S1,EXC_A,F21,_Z,_Z,XDC_USD,_Z,N,T001,1961,4.5,,F,6,A,0,SAR
OECD.SDD.NAD:DSD_NAMAIN10@DF_TABLE4(2.0),A,JPN,S1,S1,EXC_A,F21,_Z,_Z,XDC_USD,_Z,N,T001,1962,360,,F,6,A,0,JPY
OECD.SDD.NAD:DSD_NAMAIN10@DF_TABLE4(2.0),A,NOR,S1,S1,EXC_A,F21,_Z,_Z,XDC_USD,_Z,N,T001,1962,7.14286,,F,6,A,0,NOK
OECD.SDD.NAD:DSD_NAMAIN10@DF_TABLE4(2.0),A,CHE,S1,S1,EXC_A,F21,_Z,_Z,XDC_USD,_Z,N,T001,1962,4.37295,,F,6,A,0,CHF
OECD.SDD.NAD:DSD_NAMAIN10@DF_TABLE4(2.0),A,TUR,S1,S1,EXC_A,F21,_Z,_Z,XDC_USD,_Z,N,T001,1962,9e-06,,F,6,A,0,TRY
OECD.SDD.NAD:DSD_NAMAIN10@DF_TABLE4(2.0),A,BGR,S1,S1,EXC_A,F21,_Z,_Z,XDC_USD,_Z,N,T001,1962,0.000598,,F,6,A,0,EUR
OECD.SDD.NAD:DSD_NAMAIN10@DF_TABLE4(2.0),A,PER,S1,S1,EXC_A,F21,_Z,_Z,XDC_USD,_Z,N,T001,1962,0,,F,6,A,0,_Z
OECD.SDD.NAD:DSD_NAMAIN10@DF_TABLE4(2.0),A,SAU,S1,S1,EXC_A,F21,_Z,_Z,XDC_USD,_Z,N,T001,1962,4.5,,F,6,A,0,SAR
OECD.SDD.NAD:DSD_NAMAIN10@DF_TABLE4(2.0),A,JPN,S1,S1,EXC_A,F21,_Z,_Z,XDC_USD,_Z,N,T001,1963,360,,F,6,A,0,JPY
OECD.SDD.NAD:DSD_NAMAIN10@DF_TABLE4(2.0),A,NOR,S1,S1,EXC_A,F21,_Z,_Z,XDC_USD,_Z,N,T001,1963,7.14286,,F,6,A,0,NOK
OECD.SDD.NAD:DSD_NAMAIN10@DF_TABLE4(2.0),A,CHE,S1,S1,EXC_A,F21,_Z,_Z,XDC_USD,_Z,N,T001,1963,4.37295,,F,6,A,0,CHF
OECD.SDD.NAD:DSD_NAMAIN10@DF_TABLE4(2.0),A,TUR,S1,S1,EXC_A,F21,_Z,_Z,XDC_USD,_Z,N,T001,1963,9e-06,,F,6,A,0,TRY
OECD.SDD.NAD:DSD_NAMAIN10@DF_TABLE4(2.0),A,BGR,S1,S1,EXC_A,F21,_Z,_Z,XDC_USD,_Z,N,T001,1963,0.000598,,F,6,A,0,EUR
OECD.SDD.NAD:DSD_NAMAIN10@DF_TABLE4(2.0),A,PER,S1,S1,EXC_A,F21,_Z,_Z,XDC_USD,_Z,N,T001,1963,0,,F,6,A,0,_Z
OECD.SDD.NAD:DSD_NAMAIN10@DF_TABLE4(2.0),A,SAU,S1,S1,EXC_A,F21,_Z,_Z,XDC_USD,_Z,N,T001,1963,4.5,,F,6,A,0,SAR
OECD.SDD.NAD:DSD_NAMAIN10@DF_TABLE4(2.0),A,JPN,S1,S1,EXC_A,F21,_Z,_Z,XDC_USD,_Z,N,T001,1964,360,,F,6,A,0,JPY
OECD.SDD.NAD:DSD_NAMAIN10@DF_TABLE4(2.0),A,NOR,S1,S1,EXC_A,F21,_Z,_Z,XDC_USD,_Z,N,T001,1964,7.14286,,F,6,A,0,NOK
OECD.SDD.NAD:DSD_NAMAIN10@DF_TABLE4(2.0),A,CHE,S1,S1,EXC_A,F21,_Z,_Z,XDC_USD,_Z,N,T001,1964,4.37295,,F,6,A,0,CHF
OECD.SDD.NAD:DSD_NAMAIN10@DF_TABLE4(2.0),A,TUR,S1,S1,EXC_A,F21,_Z,_Z,XDC_USD,_Z,N,T001,1964,9e-06,,F,6,A,0,TRY
OECD.SDD.NAD:DSD_NAMAIN10@DF_TABLE4(2.0),A,BGR,S1,S1,EXC_A,F21,_Z,_Z,XDC_USD,_Z,N,T001,1964,0.000598,,F,6,A,0,EUR
OECD.SDD.NAD:DSD_NAMAIN10@DF_TABLE4(2.0),A,PER,S1,S1,EXC_A,F21,_Z,_Z,XDC_USD,_Z,N,T001,1964,0,,F,6,A,0,_Z
OECD.SDD.NAD:DSD_NAMAIN10@DF_TABLE4(2.0),A,SAU,S1,S1,EXC_A,F21,_Z,_Z,XDC_USD,_Z,N,T001,1964,4.5,,F,6,A,0,SAR
OECD.SDD.NAD:DSD_NAMAIN10@DF_TABLE4(2.0),A,JPN,S1,S1,EXC_A,F21,_Z,_Z,XDC_USD,_Z,N,T001,1965,360,,F,6,A,0,JPY
OECD.SDD.NAD:DSD_NAMAIN10@DF_TABLE4(2.0),A,NOR,S1,S1,EXC_A,F21,_Z,_Z,XDC_USD,_Z,N,T001,1965,7.14286,,F,6,A,0,NOK
OECD.SDD.NAD:DSD_NAMAIN10@DF_TABLE4(2.0),A,CHE,S1,S1,EXC_A,F21,_Z,_Z,XDC_USD,_Z,N,T001,1965,4.37295,,F,6,A,0,CHF
OECD.SDD.NAD:DSD_NAMAIN10@DF_TABLE4(2.0),A,TUR,S1,S1,EXC_A,F21,_Z,_Z,XDC_USD,_Z,N,T001,1965,9e-06,,F,6,A,0,TRY
OECD.SDD.NAD:DSD_NAMAIN10@DF_TABLE4(2.0),A,BGR,S1,S1,EXC_A,F21,_Z,_Z,XDC_USD,_Z,N,T001,1965,0.000598,,F,6,A,0,EUR
OECD.SDD.NAD:DSD_NAMAIN10@DF_TABLE4(2.0),A,PER,S1,S1,EXC_A,F21,_Z,_Z,XDC_USD,_Z,N,T001,1965,0,,F,6,A,0,_Z
OECD.SDD.NAD:DSD_NAMAIN10@DF_TABLE4(2.0),A,SAU,S1,S1,EXC_A,F21,_Z,_Z,XDC_USD,_Z,N,T001,1965,4.5,,F,6,A,0,SAR
OECD.SDD.NAD:DSD_NAMAIN10@DF_TABLE4(2.0),A,JPN,S1,S1,EXC_A,F21,_Z,_Z,XDC_USD,_Z,N,T001,1966,360,,F,6,A,0,JPY
OECD.SDD.NAD:DSD_NAMAIN10@DF_TABLE4(2.0),A,NOR,S1,S1,EXC_A,F21,_Z,_Z,XDC_USD,_Z,N,T001,1966,7.14286,,F,6,A,0,NOK
OECD.SDD.NAD:DSD_NAMAIN10@DF_TABLE4(2.0),A,CHE,S1,S1,EXC_A,F21,_Z,_Z,XDC_USD,_Z,N,T001,1966,4.37295,,F,6,A,0,CHF
OECD.SDD.NAD:DSD_NAMAIN10@DF_TABLE4(2.0),A,TUR,S1,S1,EXC_A,F21,_Z,_Z,XDC_USD,_Z,N,T001,1966,9e-06,,F,6,A,0,TRY
OECD.SDD.NAD:DSD_NAMAIN10@DF_TABLE4(2.0),A,BGR,S1,S1,EXC_A,F21,_Z,_Z,XDC_USD,_Z,N,T001,1966,0.000598,,F,6,A,0,EUR
OECD.SDD.NAD:DSD_NAMAIN10@DF_TABLE4(2.0),A,PER,S1,S1,EXC_A,F21,_Z,_Z,XDC_USD,_Z,N,T001,1966,0,,F,6,A,0,_Z
OECD.SDD.NAD:DSD_NAMAIN10@DF_TABLE4(2.0),A,SAU,S1,S1,EXC_A,F21,_Z,_Z,XDC_USD,_Z,N,T001,1966,4.5,,F,6,A,0,SAR
OECD.SDD.NAD:DSD_NAMAIN10@DF_TABLE4(2.0),A,JPN,S1,S1,EXC_A,F21,_Z,_Z,XDC_USD,_Z,N,T001,1967,360,,F,6,A,0,JPY
OECD.SDD.NAD:DSD_NAMAIN10@DF_TABLE4(2.0),A,NOR,S1,S1,EXC_A,F21,_Z,_Z,XDC_USD,_Z,N,T001,1967,7.14286,,F,6,A,0,NOK
OECD.SDD.NAD:DSD_NAMAIN10@DF_TABLE4(2.0),A,CHE,S1,S1,EXC_A,F21,_Z,_Z,XDC_USD,_Z,N,T001,1967,4.37295,,F,6,A,0,CHF
OECD.SDD.NAD:DSD_NAMAIN10@DF_TABLE4(2.0),A,TUR,S1,S1,EXC_A,F21,_Z,_Z,XDC_USD,_Z,N,T001,1967,9e-06,,F,6,A,0,TRY
OECD.SDD.NAD:DSD_NAMAIN10@DF_TABLE4(2.0),A,BGR,S1,S1,EXC_A,F21,_Z,_Z,XDC_USD,_Z,N,T001,1967,0.000598,,F,6,A,0,EUR
OECD.SDD.NAD:DSD_NAMAIN10@DF_TABLE4(2.0),A,PER,S1,S1,EXC_A,F21,_Z,_Z,XDC_USD,_Z,N,T001,1967,0,,F,6,A,0,_Z
OECD.SDD.NAD:DSD_NAMAIN10@DF_TABLE4(2.0),A,SAU,S1,S1,EXC_A,F21,_Z,_Z,XDC_USD,_Z,N,T001,1967,4.5,,F,6,A,0,SAR
OECD.SDD.NAD:DSD_NAMAIN10@DF_TABLE4(2.0),A,JPN,S1,S1,EXC_A,F21,_Z,_Z,XDC_USD,_Z,N,T001,1968,360,,F,6,A,0,JPY
OECD.SDD.NAD:DSD_NAMAIN10@DF_TABLE4(2.0),A,NOR,S1,S1,EXC_A,F21,_Z,_Z,XDC_USD,_Z,N,T001,1968,7.14286,,F,6,A,0,NOK
OECD.SDD.NAD:DSD_NAMAIN10@DF_TABLE4(2.0),A,CHE,S1,S1,EXC_A,F21,_Z,_Z,XDC_USD,_Z,N,T001,1968,4.37295,,F,6,A,0,CHF
OECD.SDD.NAD:DSD_NAMAIN10@DF_TABLE4(2.0),A,TUR,S1,S1,EXC_A,F21,_Z,_Z,XDC_USD,_Z,N,T001,1968,9e-06,,F,6,A,0,TRY
OECD.SDD.NAD:DSD_NAMAIN10@DF_TABLE4(2.0),A,BGR,S1,S1,EXC_A,F21,_Z,_Z,XDC_USD,_Z,N,T001,1968,0.000598,,F,6,A,0,EUR
OECD.SDD.NAD:DSD_NAMAIN10@DF_TABLE4(2.0),A,PER,S1,S1,EXC_A,F21,_Z,_Z,XDC_USD,_Z,N,T001,1968,0,,F,6,A,0,_Z
OECD.SDD.NAD:DSD_NAMAIN10@DF_TABLE4(2.0),A,SAU,S1,S1,EXC_A,F21,_Z,_Z,XDC_USD,_Z,N,T001,1968,4.5,,F,6,A,0,SAR
OECD.SDD.NAD:DSD_NAMAIN10@DF_TABLE4(2.0),A,JPN,S1,S1,EXC_A,F21,_Z,_Z,XDC_USD,_Z,N,T001,1969,360,,F,6,A,0,JPY
OECD.SDD.NAD:DSD_NAMAIN10@DF_TABLE4(2.0),A,NOR,S1,S1,EXC_A,F21,_Z,_Z,XDC_USD,_Z,N,T001,1969,7.14286,,F,6,A,0,NOK
OECD.SDD.NAD:DSD_NAMAIN10@DF_TABLE4(2.0),A,CHE,S1,S1,EXC_A,F21,_Z,_Z,XDC_USD,_Z,N,T001,1969,4.37295,,F,6,A,0,CHF
OECD.SDD.NAD:DSD_NAMAIN10@DF_TABLE4(2.0),A,TUR,S1,S1,EXC_A,F21,_Z,_Z,XDC_USD,_Z,N,T001,1969,9e-06,,F,6,A,0,TRY
OECD.SDD.NAD:DSD_NAMAIN10@DF_TABLE4(2.0),A,BGR,S1,S1,EXC_A,F21,_Z,_Z,XDC_USD,_Z,N,T001,1969,0.000598,,F,6,A,0,EUR
OECD.SDD.NAD:DSD_NAMAIN10@DF_TABLE4(2.0),A,PER,S1,S1,EXC_A,F21,_Z,_Z,XDC_USD,_Z,N,T001,1969,0,,F,6,A,0,_Z
OECD.SDD.NAD:DSD_NAMAIN10@DF_TABLE4(2.0),A,SAU,S1,S1,EXC_A,F21,_Z,_Z,XDC_USD,_Z,N,T001,1969,4.5,,F,6,A,0,SAR
OECD.SDD.NAD:DSD_NAMAIN10@DF_TABLE4(2.0),A,JPN,S1,S1,EXC_A,F21,_Z,_Z,XDC_USD,_Z,N,T001,1970,360,,F,6,A,0,JPY
OECD.SDD.NAD:DSD_NAMAIN10@DF_TABLE4(2.0),A,NOR,S1,S1,EXC_A,F21,_Z,_Z,XDC_USD,_Z,N,T001,1970,7.14286,,F,6,A,0,NOK
OECD.SDD.NAD:DSD_NAMAIN10@DF_TABLE4(2.0),A,CHE,S1,S1,EXC_A,F21,_Z,_Z,XDC_USD,_Z,N,T001,1970,4.37295,,F,6,A,0,CHF
OECD.SDD.NAD:DSD_NAMAIN10@DF_TABLE4(2.0),A,TUR,S1,S1,EXC_A,F21,_Z,_Z,XDC_USD,_Z,N,T001,1970,1.1e-05,,F,6,A,0,TRY
OECD.SDD.NAD:DSD_NAMAIN10@DF_TABLE4(2.0),A,BGR,S1,S1,EXC_A,F21,_Z,_Z,XDC_USD,_Z,N,T001,1970,0.000598,,F,6,A,0,EUR
OECD.SDD.NAD:DSD_NAMAIN10@DF_TABLE4(2.0),A,PER,S1,S1,EXC_A,F21,_Z,_Z,XDC_USD,_Z,N,T001,1970,0,,F,6,A,0,_Z
OECD.SDD.NAD:DSD_NAMAIN10@DF_TABLE4(2.0),A,SAU,S1,S1,EXC_A,F21,_Z,_Z,XDC_USD,_Z,N,T001,1970,4.5,,F,6,A,0,SAR
OECD.SDD.NAD:DSD_NAMAIN10@DF_TABLE4(2.0),A,JPN,S1,S1,EXC_A,F21,_Z,_Z,XDC_USD,_Z,N,T001,1971,350.677694,,F,6,A,0,JPY
OECD.SDD.NAD:DSD_NAMAIN10@DF_TABLE4(2.0),A,NOR,S1,S1,EXC_A,F21,_Z,_Z,XDC_USD,_Z,N,T001,1971,7.055905,,F,6,A,0,NOK
OECD.SDD.NAD:DSD_NAMAIN10@DF_TABLE4(2.0),A,CHE,S1,S1,EXC_A,F21,_Z,_Z,XDC_USD,_Z,N,T001,1971,4.133854,,F,6,A,0,CHF
OECD.SDD.NAD:DSD_NAMAIN10@DF_TABLE4(2.0),A,TUR,S1,S1,EXC_A,F21,_Z,_Z,XDC_USD,_Z,N,T001,1971,1.5e-05,,F,6,A,0,TRY
OECD.SDD.NAD:DSD_NAMAIN10@DF_TABLE4(2.0),A,BGR,S1,S1,EXC_A,F21,_Z,_Z,XDC_USD,_Z,N,T001,1971,0.000598,,F,6,A,0,EUR
OECD.SDD.NAD:DSD_NAMAIN10@DF_TABLE4(2.0),A,PER,S1,S1,EXC_A,F21,_Z,_Z,XDC_USD,_Z,N,T001,1971,0,,F,6,A,0,_Z
OECD.SDD.NAD:DSD_NAMAIN10@DF_TABLE4(2.0),A,SAU,S1,S1,EXC_A,F21,_Z,_Z,XDC_USD,_Z,N,T001,1971,4.486829,,F,6,A,0,SAR
OECD.SDD.NAD:DSD_NAMAIN10@DF_TABLE4(2.0),A,JPN,S1,S1,EXC_A,F21,_Z,_Z,XDC_USD,_Z,N,T001,1972,303.1725,,F,6,A,0,JPY
OECD.SDD.NAD:DSD_NAMAIN10@DF_TABLE4(2.0),A,NOR,S1,S1,EXC_A,F21,_Z,_Z,XDC_USD,_Z,N,T001,1972,6.588249,,F,6,A,0,NOK
OECD.SDD.NAD:DSD_NAMAIN10@DF_TABLE4(2.0),A,CHE,S1,S1,EXC_A,F21,_Z,_Z,XDC_USD,_Z,N,T001,1972,3.81925,,F,6,A,0,CHF
OECD.SDD.NAD:DSD_NAMAIN10@DF_TABLE4(2.0),A,TUR,S1,S1,EXC_A,F21,_Z,_Z,XDC_USD,_Z,N,T001,1972,1.4e-05,,F,6,A,0,TRY
OECD.SDD.NAD:DSD_NAMAIN10@DF_TABLE4(2.0),A,BGR,S1,S1,EXC_A,F21,_Z,_Z,XDC_USD,_Z,N,T001,1972,0.000552,,F,6,A,0,EUR
OECD.SDD.NAD:DSD_NAMAIN10@DF_TABLE4(2.0),A,PER,S1,S1,EXC_A,F21,_Z,_Z,XDC_USD,_Z,N,T001,1972,0,,F,6,A,0,_Z
OECD.SDD.NAD:DSD_NAMAIN10@DF_TABLE4(2.0),A,SAU,S1,S1,EXC_A,F21,_Z,_Z,XDC_USD,_Z,N,T001,1972,4.144753,,F,6,A,0,SAR
OECD.SDD.NAD:DSD_NAMAIN10@DF_TABLE4(2.0),A,JPN,S1,S1,EXC_A,F21,_Z,_Z,XDC_USD,_Z,N,T001,1973,271.701667,,F,6,A,0,JPY
OECD.SDD.NAD:DSD_NAMAIN10@DF_TABLE4(2.0),A,NOR,S1,S1,EXC_A,F21,_Z,_Z,XDC_USD,_Z,N,T001,1973,5.765833,,F,6,A,0,NOK
OECD.SDD.NAD:DSD_NAMAIN10@DF_TABLE4(2.0),A,CHE,S1,S1,EXC_A,F21,_Z,_Z,XDC_USD,_Z,N,T001,1973,3.164833,,F,6,A,0,CHF
OECD.SDD.NAD:DSD_NAMAIN10@DF_TABLE4(2.0),A,TUR,S1,S1,EXC_A,F21,_Z,_Z,XDC_USD,_Z,N,T001,1973,1.4e-05,,F,6,A,0,TRY
OECD.SDD.NAD:DSD_NAMAIN10@DF_TABLE4(2.0),A,BGR,S1,S1,EXC_A,F21,_Z,_Z,XDC_USD,_Z,N,T001,1973,0.000501,,F,6,A,0,EUR
OECD.SDD.NAD:DSD_NAMAIN10@DF_TABLE4(2.0),A,PER,S1,S1,EXC_A,F21,_Z,_Z,XDC_USD,_Z,N,T001,1973,0,,F,6,A,0,_Z
OECD.SDD.NAD:DSD_NAMAIN10@DF_TABLE4(2.0),A,SAU,S1,S1,EXC_A,F21,_Z,_Z,XDC_USD,_Z,N,T001,1973,3.706589,,F,6,A,0,SAR
OECD.SDD.NAD:DSD_NAMAIN10@DF_TABLE4(2.0),A,JPN,S1,S1,EXC_A,F21,_Z,_Z,XDC_USD,_Z,N,T001,1974,292.0825,,F,6,A,0,JPY
OECD.SDD.NAD:DSD_NAMAIN10@DF_TABLE4(2.0),A,NOR,S1,S1,EXC_A,F21,_Z,_Z,XDC_USD,_Z,N,T001,1974,5.539708,,F,6,A,0,NOK
OECD.SDD.NAD:DSD_NAMAIN10@DF_TABLE4(2.0),A,CHE,S1,S1,EXC_A,F21,_Z,_Z,XDC_USD,_Z,N,T001,1974,2.97925,,F,6,A,0,CHF
OECD.SDD.NAD:DSD_NAMAIN10@DF_TABLE4(2.0),A,TUR,S1,S1,EXC_A,F21,_Z,_Z,XDC_USD,_Z,N,T001,1974,1.4e-05,,F,6,A,0,TRY
OECD.SDD.NAD:DSD_NAMAIN10@DF_TABLE4(2.0),A,BGR,S1,S1,EXC_A,F21,_Z,_Z,XDC_USD,_Z,N,T001,1974,0.000496,,F,6,A,0,EUR
OECD.SDD.NAD:DSD_NAMAIN10@DF_TABLE4(2.0),A,PER,S1,S1,EXC_A,F21,_Z,_Z,XDC_USD,_Z,N,T001,1974,0,,F,6,A,0,_Z
OECD.SDD.NAD:DSD_NAMAIN10@DF_TABLE4(2.0),A,SAU,S1,S1,EXC_A,F21,_Z,_Z,XDC_USD,_Z,N,T001,1974,3.55,,F,6,A,0,SAR
OECD.SDD.NAD:DSD_NAMAIN10@DF_TABLE4(2.0),A,JPN,S1,S1,EXC_A,F21,_Z,_Z,XDC_USD,_Z,N,T001,1975,296.7875,,F,6,A,0,JPY
OECD.SDD.NAD:DSD_NAMAIN10@DF_TABLE4(2.0),A,NOR,S1,S1,EXC_A,F21,_Z,_Z,XDC_USD,_Z,N,T001,1975,5.226942,,F,6,A,0,NOK
OECD.SDD.NAD:DSD_NAMAIN10@DF_TABLE4(2.0),A,CHE,S1,S1,EXC_A,F21,_Z,_Z,XDC_USD,_Z,N,T001,1975,2.581283,,F,6,A,0,CHF
OECD.SDD.NAD:DSD_NAMAIN10@DF_TABLE4(2.0),A,TUR,S1,S1,EXC_A,F21,_Z,_Z,XDC_USD,_Z,N,T001,1975,1.4e-05,,F,6,A,0,TRY
OECD.SDD.NAD:DSD_NAMAIN10@DF_TABLE4(2.0),A,PER,S1,S1,EXC_A,F21,_Z,_Z,XDC_USD,_Z,N,T001,1975,0,,F,6,A,0,_Z
OECD.SDD.NAD:DSD_NAMAIN10@DF_TABLE4(2.0),A,SAU,S1,S1,EXC_A,F21,_Z,_Z,XDC_USD,_Z,N,T001,1975,3.517612,,F,6,A,0,SAR
OECD.SDD.NAD:DSD_NAMAIN10@DF_TABLE4(2.0),A,JPN,S1,S1,EXC_A,F21,_Z,_Z,XDC_USD,_Z,N,T001,1976,296.5525,,F,6,A,0,JPY
OECD.SDD.NAD:DSD_NAMAIN10@DF_TABLE4(2.0),A,NOR,S1,S1,EXC_A,F21,_Z,_Z,XDC_USD,_Z,N,T001,1976,5.456517,,F,6,A,0,NOK
OECD.SDD.NAD:DSD_NAMAIN10@DF_TABLE4(2.0),A,CHE,S1,S1,EXC_A,F21,_Z,_Z,XDC_USD,_Z,N,T001,1976,2.499642,,F,6,A,0,CHF
OECD.SDD.NAD:DSD_NAMAIN10@DF_TABLE4(2.0),A,TUR,S1,S1,EXC_A,F21,_Z,_Z,XDC_USD,_Z,N,T001,1976,1.6e-05,,F,6,A,0,TRY
OECD.SDD.NAD:DSD_NAMAIN10@DF_TABLE4(2.0),A,PER,S1,S1,EXC_A,F21,_Z,_Z,XDC_USD,_Z,N,T001,1976,0,,F,6,A,0,_Z
OECD.SDD.NAD:DSD_NAMAIN10@DF_TABLE4(2.0),A,SAU,S1,S1,EXC_A,F21,_Z,_Z,XDC_USD,_Z,N,T001,1976,3.53,,F,6,A,0,SAR
OECD.SDD.NAD:DSD_NAMAIN10@DF_TABLE4(2.0),A,JPN,S1,S1,EXC_A,F21,_Z,_Z,XDC_USD,_Z,N,T001,1977,268.51,,F,6,A,0,JPY
OECD.SDD.NAD:DSD_NAMAIN10@DF_TABLE4(2.0),A,NOR,S1,S1,EXC_A,F21,_Z,_Z,XDC_USD,_Z,N,T001,1977,5.3235,,F,6,A,0,NOK
OECD.SDD.NAD:DSD_NAMAIN10@DF_TABLE4(2.0),A,CHE,S1,S1,EXC_A,F21,_Z,_Z,XDC_USD,_Z,N,T001,1977,2.403525,,F,6,A,0,CHF
OECD.SDD.NAD:DSD_NAMAIN10@DF_TABLE4(2.0),A,TUR,S1,S1,EXC_A,F21,_Z,_Z,XDC_USD,_Z,N,T001,1977,1.8e-05,,F,6,A,0,TRY
OECD.SDD.NAD:DSD_NAMAIN10@DF_TABLE4(2.0),A,PER,S1,S1,EXC_A,F21,_Z,_Z,XDC_USD,_Z,N,T001,1977,0,,F,6,A,0,_Z
OECD.SDD.NAD:DSD_NAMAIN10@DF_TABLE4(2.0),A,SAU,S1,S1,EXC_A,F21,_Z,_Z,XDC_USD,_Z,N,T001,1977,3.525065,,F,6,A,0,SAR
OECD.SDD.NAD:DSD_NAMAIN10@DF_TABLE4(2.0),A,JPN,S1,S1,EXC_A,F21,_Z,_Z,XDC_USD,_Z,N,T001,1978,210.441667,,F,6,A,0,JPY
OECD.SDD.NAD:DSD_NAMAIN10@DF_TABLE4(2.0),A,NOR,S1,S1,EXC_A,F21,_Z,_Z,XDC_USD,_Z,N,T001,1978,5.24225,,F,6,A,0,NOK
OECD.SDD.NAD:DSD_NAMAIN10@DF_TABLE4(2.0),A,CHE,S1,S1,EXC_A,F21,_Z,_Z,XDC_USD,_Z,N,T001,1978,1.788025,,F,6,A,0,CHF
OECD.SDD.NAD:DSD_NAMAIN10@DF_TABLE4(2.0),A,TUR,S1,S1,EXC_A,F21,_Z,_Z,XDC_USD,_Z,N,T001,1978,2.4e-05,,F,6,A,0,TRY
OECD.SDD.NAD:DSD_NAMAIN10@DF_TABLE4(2.0),A,PER,S1,S1,EXC_A,F21,_Z,_Z,XDC_USD,_Z,N,T001,1978,0,,F,6,A,0,_Z
OECD.SDD.NAD:DSD_NAMAIN10@DF_TABLE4(2.0),A,SAU,S1,S1,EXC_A,F21,_Z,_Z,XDC_USD,_Z,N,T001,1978,3.399562,,F,6,A,0,SAR
OECD.SDD.NAD:DSD_NAMAIN10@DF_TABLE4(2.0),A,JPN,S1,S1,EXC_A,F21,_Z,_Z,XDC_USD,_Z,N,T001,1979,219.14,,F,6,A,0,JPY
OECD.SDD.NAD:DSD_NAMAIN10@DF_TABLE4(2.0),A,NOR,S1,S1,EXC_A,F21,_Z,_Z,XDC_USD,_Z,N,T001,1979,5.064067,,F,6,A,0,NOK
OECD.SDD.NAD:DSD_NAMAIN10@DF_TABLE4(2.0),A,CHE,S1,S1,EXC_A,F21,_Z,_Z,XDC_USD,_Z,N,T001,1979,1.662725,,F,6,A,0,CHF
OECD.SDD.NAD:DSD_NAMAIN10@DF_TABLE4(2.0),A,TUR,S1,S1,EXC_A,F21,_Z,_Z,XDC_USD,_Z,N,T001,1979,3.1e-05,,F,6,A,0,TRY
OECD.SDD.NAD:DSD_NAMAIN10@DF_TABLE4(2.0),A,PER,S1,S1,EXC_A,F21,_Z,_Z,XDC_USD,_Z,N,T001,1979,0,,F,6,A,0,_Z
OECD.SDD.NAD:DSD_NAMAIN10@DF_TABLE4(2.0),A,SAU,S1,S1,EXC_A,F21,_Z,_Z,XDC_USD,_Z,N,T001,1979,3.360837,,F,6,A,0,SAR
OECD.SDD.NAD:DSD_NAMAIN10@DF_TABLE4(2.0),A,JPN,S1,S1,EXC_A,F21,_Z,_Z,XDC_USD,_Z,N,T001,1980,226.740833,,F,6,A,0,JPY
OECD.SDD.NAD:DSD_NAMAIN10@DF_TABLE4(2.0),A,NOR,S1,S1,EXC_A,F21,_Z,_Z,XDC_USD,_Z,N,T001,1980,4.939225,,F,6,A,0,NOK
OECD.SDD.NAD:DSD_NAMAIN10@DF_TABLE4(2.0),A,CHE,S1,S1,EXC_A,F21,_Z,_Z,XDC_USD,_Z,N,T001,1980,1.675708,,F,6,A,0,CHF
OECD.SDD.NAD:DSD_NAMAIN10@DF_TABLE4(2.0),A,TUR,S1,S1,EXC_A,F21,_Z,_Z,XDC_USD,_Z,N,T001,1980,7.6e-05,,F,6,A,0,TRY
OECD.SDD.NAD:DSD_NAMAIN10@DF_TABLE4(2.0),A,PER,S1,S1,EXC_A,F21,_Z,_Z,XDC_USD,_Z,N,T001,1980,0,,F,6,A,0,_Z
OECD.SDD.NAD:DSD_NAMAIN10@DF_TABLE4(2.0),A,SAU,S1,S1,EXC_A,F21,_Z,_Z,XDC_USD,_Z,N,T001,1980,3.326742,,F,6,A,0,SAR
OECD.SDD.NAD:DSD_NAMAIN10@DF_TABLE4(2.0),A,JPN,S1,S1,EXC_A,F21,_Z,_Z,XDC_USD,_Z,N,T001,1981,220.535833,,F,6,A,0,JPY
OECD.SDD.NAD:DSD_NAMAIN10@DF_TABLE4(2.0),A,NOR,S1,S1,EXC_A,F21,_Z,_Z,XDC_USD,_Z,N,T001,1981,5.739508,,F,6,A,0,NOK
OECD.SDD.NAD:DSD_NAMAIN10@DF_TABLE4(2.0),A,CHE,S1,S1,EXC_A,F21,_Z,_Z,XDC_USD,_Z,N,T001,1981,1.964242,,F,6,A,0,CHF
OECD.SDD.NAD:DSD_NAMAIN10@DF_TABLE4(2.0),A,TUR,S1,S1,EXC_A,F21,_Z,_Z,XDC_USD,_Z,N,T001,1981,0.000111,,F,6,A,0,TRY
OECD.SDD.NAD:DSD_NAMAIN10@DF_TABLE4(2.0),A,PER,S1,S1,EXC_A,F21,_Z,_Z,XDC_USD,_Z,N,T001,1981,0,,F,6,A,0,_Z
OECD.SDD.NAD:DSD_NAMAIN10@DF_TABLE4(2.0),A,SAU,S1,S1,EXC_A,F21,_Z,_Z,XDC_USD,_Z,N,T001,1981,3.382508,,F,6,A,0,SAR
OECD.SDD.NAD:DSD_NAMAIN10@DF_TABLE4(2.0),A,JPN,S1,S1,EXC_A,F21,_Z,_Z,XDC_USD,_Z,N,T001,1982,249.076667,,F,6,A,0,JPY
OECD.SDD.NAD:DSD_NAMAIN10@DF_TABLE4(2.0),A,NOR,S1,S1,EXC_A,F21,_Z,_Z,XDC_USD,_Z,N,T001,1982,6.454033,,F,6,A,0,NOK
OECD.SDD.NAD:DSD_NAMAIN10@DF_TABLE4(2.0),A,CHE,S1,S1,EXC_A,F21,_Z,_Z,XDC_USD,_Z,N,T001,1982,2.030275,,F,6,A,0,CHF
OECD.SDD.NAD:DSD_NAMAIN10@DF_TABLE4(2.0),A,TUR,S1,S1,EXC_A,F21,_Z,_Z,XDC_USD,_Z,N,T001,1982,0.000163,,F,6,A,0,TRY
OECD.SDD.NAD:DSD_NAMAIN10@DF_TABLE4(2.0),A,PER,S1,S1,EXC_A,F21,_Z,_Z,XDC_USD,_Z,N,T001,1982,1e-06,,F,6,A,0,_Z
OECD.SDD.NAD:DSD_NAMAIN10@DF_TABLE4(2.0),A,SAU,S1,S1,EXC_A,F21,_Z,_Z,XDC_USD,_Z,N,T001,1982,3.428171,,F,6,A,0,SAR
OECD.SDD.NAD:DSD_NAMAIN10@DF_TABLE4(2.0),A,JPN,S1,S1,EXC_A,F21,_Z,_Z,XDC_USD,_Z,N,T001,1983,237.511667,,F,6,A,0,JPY
OECD.SDD.NAD:DSD_NAMAIN10@DF_TABLE4(2.0),A,NOR,S1,S1,EXC_A,F21,_Z,_Z,XDC_USD,_Z,N,T001,1983,7.296367,,F,6,A,0,NOK
OECD.SDD.NAD:DSD_NAMAIN10@DF_TABLE4(2.0),A,CHE,S1,S1,EXC_A,F21,_Z,_Z,XDC_USD,_Z,N,T001,1983,2.099142,,F,6,A,0,CHF
OECD.SDD.NAD:DSD_NAMAIN10@DF_TABLE4(2.0),A,TUR,S1,S1,EXC_A,F21,_Z,_Z,XDC_USD,_Z,N,T001,1983,0.000225,,F,6,A,0,TRY
OECD.SDD.NAD:DSD_NAMAIN10@DF_TABLE4(2.0),A,PER,S1,S1,EXC_A,F21,_Z,_Z,XDC_USD,_Z,N,T001,1983,2e-06,,F,6,A,0,_Z
OECD.SDD.NAD:DSD_NAMAIN10@DF_TABLE4(2.0),A,SAU,S1,S1,EXC_A,F21,_Z,_Z,XDC_USD,_Z,N,T001,1983,3.454759,,F,6,A,0,SAR
OECD.SDD.NAD:DSD_NAMAIN10@DF_TABLE4(2.0),A,JPN,S1,S1,EXC_A,F21,_Z,_Z,XDC_USD,_Z,N,T001,1984,237.5225,,F,6,A,0,JPY
OECD.SDD.NAD:DSD_NAMAIN10@DF_TABLE4(2.0),A,NOR,S1,S1,EXC_A,F21,_Z,_Z,XDC_USD,_Z,N,T001,1984,8.161458,,F,6,A,0,NOK
OECD.SDD.NAD:DSD_NAMAIN10@DF_TABLE4(2.0),A,CHE,S1,S1,EXC_A,F21,_Z,_Z,XDC_USD,_Z,N,T001,1984,2.349683,,F,6,A,0,CHF
OECD.SDD.NAD:DSD_NAMAIN10@DF_TABLE4(2.0),A,TUR,S1,S1,EXC_A,F21,_Z,_Z,XDC_USD,_Z,N,T001,1984,0.000367,,F,6,A,0,TRY
OECD.SDD.NAD:DSD_NAMAIN10@DF_TABLE4(2.0),A,PER,S1,S1,EXC_A,F21,_Z,_Z,XDC_USD,_Z,N,T001,1984,3e-06,,F,6,A,0,_Z
OECD.SDD.NAD:DSD_NAMAIN10@DF_TABLE4(2.0),A,SAU,S1,S1,EXC_A,F21,_Z,_Z,XDC_USD,_Z,N,T001,1984,3.523811,,F,6,A,0,SAR
OECD.SDD.NAD:DSD_NAMAIN10@DF_TABLE4(2.0),A,JPN,S1,S1,EXC_A,F21,_Z,_Z,XDC_USD,_Z,N,T001,1985,238.535833,,F,6,A,0,JPY
OECD.SDD.NAD:DSD_NAMAIN10@DF_TABLE4(2.0),A,NOR,S1,S1,EXC_A,F21,_Z,_Z,XDC_USD,_Z,N,T001,1985,8.597233,,F,6,A,0,NOK
OECD.SDD.NAD:DSD_NAMAIN10@DF_TABLE4(2.0),A,CHE,S1,S1,EXC_A,F21,_Z,_Z,XDC_USD,_Z,N,T001,1985,2.457125,,F,6,A,0,CHF
OECD.SDD.NAD:DSD_NAMAIN10@DF_TABLE4(2.0),A,TUR,S1,S1,EXC_A,F21,_Z,_Z,XDC_USD,_Z,N,T001,1985,0.000522,,F,6,A,0,TRY
OECD.SDD.NAD:DSD_NAMAIN10@DF_TABLE4(2.0),A,BGR,S1,S1,EXC_A,F21,_Z,_Z,XDC_USD,_Z,N,T001,1985,0.000527,,F,6,A,0,EUR
OECD.SDD.NAD:DSD_NAMAIN10@DF_TABLE4(2.0),A,PER,S1,S1,EXC_A,F21,_Z,_Z,XDC_USD,_Z,N,T001,1985,1.1e-05,,F,6,A,0,_Z
OECD.SDD.NAD:DSD_NAMAIN10@DF_TABLE4(2.0),A,SAU,S1,S1,EXC_A,F21,_Z,_Z,XDC_USD,_Z,N,T001,1985,3.622136,,F,6,A,0,SAR
OECD.SDD.NAD:DSD_NAMAIN10@DF_TABLE4(2.0),A,JPN,S1,S1,EXC_A,F21,_Z,_Z,XDC_USD,_Z,N,T001,1986,168.519833,,F,6,A,0,JPY
OECD.SDD.NAD:DSD_NAMAIN10@DF_TABLE4(2.0),A,NOR,S1,S1,EXC_A,F21,_Z,_Z,XDC_USD,_Z,N,T001,1986,7.394742,,F,6,A,0,NOK
OECD.SDD.NAD:DSD_NAMAIN10@DF_TABLE4(2.0),A,CHE,S1,S1,EXC_A,F21,_Z,_Z,XDC_USD,_Z,N,T001,1986,1.798917,,F,6,A,0,CHF
OECD.SDD.NAD:DSD_NAMAIN10@DF_TABLE4(2.0),A,TUR,S1,S1,EXC_A,F21,_Z,_Z,XDC_USD,_Z,N,T001,1986,0.000675,,F,6,A,0,TRY
OECD.SDD.NAD:DSD_NAMAIN10@DF_TABLE4(2.0),A,BGR,S1,S1,EXC_A,F21,_Z,_Z,XDC_USD,_Z,N,T001,1986,0.000481,,F,6,A,0,EUR
OECD.SDD.NAD:DSD_NAMAIN10@DF_TABLE4(2.0),A,PER,S1,S1,EXC_A,F21,_Z,_Z,XDC_USD,_Z,N,T001,1986,1.4e-05,,F,6,A,0,_Z
OECD.SDD.NAD:DSD_NAMAIN10@DF_TABLE4(2.0),A,SAU,S1,S1,EXC_A,F21,_Z,_Z,XDC_USD,_Z,N,T001,1986,3.70625,,F,6,A,0,SAR
OECD.SDD.NAD:DSD_NAMAIN10@DF_TABLE4(2.0),A,JPN,S1,S1,EXC_A,F21,_Z,_Z,XDC_USD,_Z,N,T001,1987,144.6375,,F,6,A,0,JPY
OECD.SDD.NAD:DSD_NAMAIN10@DF_TABLE4(2.0),A,NOR,S1,S1,EXC_A,F21,_Z,_Z,XDC_USD,_Z,N,T001,1987,6.73745,,F,6,A,0,NOK
OECD.SDD.NAD:DSD_NAMAIN10@DF_TABLE4(2.0),A,CHE,S1,S1,EXC_A,F21,_Z,_Z,XDC_USD,_Z,N,T001,1987,1.491192,,F,6,A,0,CHF
OECD.SDD.NAD:DSD_NAMAIN10@DF_TABLE4(2.0),A,TUR,S1,S1,EXC_A,F21,_Z,_Z,XDC_USD,_Z,N,T001,1987,0.000857,,F,6,A,0,TRY
OECD.SDD.NAD:DSD_NAMAIN10@DF_TABLE4(2.0),A,BGR,S1,S1,EXC_A,F21,_Z,_Z,XDC_USD,_Z,N,T001,1987,0.000445,,F,6,A,0,EUR
OECD.SDD.NAD:DSD_NAMAIN10@DF_TABLE4(2.0),A,PER,S1,S1,EXC_A,F21,_Z,_Z,XDC_USD,_Z,N,T001,1987,1.7e-05,,F,6,A,0,_Z
OECD.SDD.NAD:DSD_NAMAIN10@DF_TABLE4(2.0),A,JPN,S1,S1,EXC_A,F21,_Z,_Z,XDC_USD,_Z,N,T001,1988,128.151667,,F,6,A,0,JPY
OECD.SDD.NAD:DSD_NAMAIN10@DF_TABLE4(2.0),A,NOR,S1,S1,EXC_A,F21,_Z,_Z,XDC_USD,_Z,N,T001,1988,6.516983,,F,6,A,0,NOK
OECD.SDD.NAD:DSD_NAMAIN10@DF_TABLE4(2.0),A,CHE,S1,S1,EXC_A,F21,_Z,_Z,XDC_USD,_Z,N,T001,1988,1.4633,,F,6,A,0,CHF
OECD.SDD.NAD:DSD_NAMAIN10@DF_TABLE4(2.0),A,TUR,S1,S1,EXC_A,F21,_Z,_Z,XDC_USD,_Z,N,T001,1988,0.001422,,F,6,A,0,TRY
OECD.SDD.NAD:DSD_NAMAIN10@DF_TABLE4(2.0),A,BGR,S1,S1,EXC_A,F21,_Z,_Z,XDC_USD,_Z,N,T001,1988,0.000424,,F,6,A,0,EUR
OECD.SDD.NAD:DSD_NAMAIN10@DF_TABLE4(2.0),A,PER,S1,S1,EXC_A,F21,_Z,_Z,XDC_USD,_Z,N,T001,1988,0.000129,,F,6,A,0,_Z
OECD.SDD.NAD:DSD_NAMAIN10@DF_TABLE4(2.0),A,JPN,S1,S1,EXC_A,F21,_Z,_Z,XDC_USD,_Z,N,T001,1989,137.964417,,F,6,A,0,JPY
OECD.SDD.NAD:DSD_NAMAIN10@DF_TABLE4(2.0),A,NOR,S1,S1,EXC_A,F21,_Z,_Z,XDC_USD,_Z,N,T001,1989,6.9045,,F,6,A,0,NOK
OECD.SDD.NAD:DSD_NAMAIN10@DF_TABLE4(2.0),A,CHE,S1,S1,EXC_A,F21,_Z,_Z,XDC_USD,_Z,N,T001,1989,1.635925,,F,6,A,0,CHF
OECD.SDD.NAD:DSD_NAMAIN10@DF_TABLE4(2.0),A,TUR,S1,S1,EXC_A,F21,_Z,_Z,XDC_USD,_Z,N,T001,1989,0.002122,,F,6,A,0,TRY
OECD.SDD.NAD:DSD_NAMAIN10@DF_TABLE4(2.0),A,BGR,S1,S1,EXC_A,F21,_Z,_Z,XDC_USD,_Z,N,T001,1989,0.000429,,F,6,A,0,EUR
OECD.SDD.NAD:DSD_NAMAIN10@DF_TABLE4(2.0),A,PER,S1,S1,EXC_A,F21,_Z,_Z,XDC_USD,_Z,N,T001,1989,0.002666,,F,6,A,0,_Z
OECD.SDD.NAD:DSD_NAMAIN10@DF_TABLE4(2.0),A,JPN,S1,S1,EXC_A,F21,_Z,_Z,XDC_USD,_Z,N,T001,1990,144.7925,,F,6,A,0,JPY
OECD.SDD.NAD:DSD_NAMAIN10@DF_TABLE4(2.0),A,NOR,S1,S1,EXC_A,F21,_Z,_Z,XDC_USD,_Z,N,T001,1990,6.259742,,F,6,A,0,NOK
OECD.SDD.NAD:DSD_NAMAIN10@DF_TABLE4(2.0),A,CHE,S1,S1,EXC_A,F21,_Z,_Z,XDC_USD,_Z,N,T001,1990,1.389158,,F,6,A,0,CHF
OECD.SDD.NAD:DSD_NAMAIN10@DF_TABLE4(2.0),A,TUR,S1,S1,EXC_A,F21,_Z,_Z,XDC_USD,_Z,N,T001,1990,0.002609,,F,6,A,0,TRY
OECD.SDD.NAD:DSD_NAMAIN10@DF_TABLE4(2.0),A,BGR,S1,S1,EXC_A,F21,_Z,_Z,XDC_USD,_Z,N,T001,1990,0.00112,,F,6,A,0,EUR
OECD.SDD.NAD:DSD_NAMAIN10@DF_TABLE4(2.0),A,PER,S1,S1,EXC_A,F21,_Z,_Z,XDC_USD,_Z,N,T001,1990,0.187886,,F,6,A,0,_Z
OECD.SDD.NAD:DSD_NAMAIN10@DF_TABLE4(2.0),A,JPN,S1,S1,EXC_A,F21,_Z,_Z,XDC_USD,_Z,N,T001,1991,134.706667,,F,6,A,0,JPY
OECD.SDD.NAD:DSD_NAMAIN10@DF_TABLE4(2.0),A,NOR,S1,S1,EXC_A,F21,_Z,_Z,XDC_USD,_Z,N,T001,1991,6.482943,,F,6,A,0,NOK
OECD.SDD.NAD:DSD_NAMAIN10@DF_TABLE4(2.0),A,CHE,S1,S1,EXC_A,F21,_Z,_Z,XDC_USD,_Z,N,T001,1991,1.433992,,F,6,A,0,CHF
OECD.SDD.NAD:DSD_NAMAIN10@DF_TABLE4(2.0),A,TUR,S1,S1,EXC_A,F21,_Z,_Z,XDC_USD,_Z,N,T001,1991,0.004172,,F,6,A,0,TRY
OECD.SDD.NAD:DSD_NAMAIN10@DF_TABLE4(2.0),A,BGR,S1,S1,EXC_A,F21,_Z,_Z,XDC_USD,_Z,N,T001,1991,0.009095,,F,6,A,0,EUR
OECD.SDD.NAD:DSD_NAMAIN10@DF_TABLE4(2.0),A,PER,S1,S1,EXC_A,F21,_Z,_Z,XDC_USD,_Z,N,T001,1991,0.7725,,F,6,A,0,_Z
OECD.SDD.NAD:DSD_NAMAIN10@DF_TABLE4(2.0),A,JPN,S1,S1,EXC_A,F21,_Z,_Z,XDC_USD,_Z,N,T001,1992,126.651333,,F,6,A,0,JPY
OECD.SDD.NAD:DSD_NAMAIN10@DF_TABLE4(2.0),A,NOR,S1,S1,EXC_A,F21,_Z,_Z,XDC_USD,_Z,N,T001,1992,6.214501,,F,6,A,0,NOK
OECD.SDD.NAD:DSD_NAMAIN10@DF_TABLE4(2.0),A,CHE,S1,S1,EXC_A,F21,_Z,_Z,XDC_USD,_Z,N,T001,1992,1.406218,,F,6,A,0,CHF
OECD.SDD.NAD:DSD_NAMAIN10@DF_TABLE4(2.0),A,TUR,S1,S1,EXC_A,F21,_Z,_Z,XDC_USD,_Z,N,T001,1992,0.006872,,F,6,A,0,TRY
OECD.SDD.NAD:DSD_NAMAIN10@DF_TABLE4(2.0),A,BGR,S1,S1,EXC_A,F21,_Z,_Z,XDC_USD,_Z,N,T001,1992,0.011934,,F,6,A,0,EUR
OECD.SDD.NAD:DSD_NAMAIN10@DF_TABLE4(2.0),A,PER,S1,S1,EXC_A,F21,_Z,_Z,XDC_USD,_Z,N,T001,1992,1.245833,,F,6,A,0,_Z
OECD.SDD.NAD:DSD_NAMAIN10@DF_TABLE4(2.0),A,JPN,S1,S1,EXC_A,F21,_Z,_Z,XDC_USD,_Z,N,T001,1993,111.197786,,F,6,A,0,JPY
OECD.SDD.NAD:DSD_NAMAIN10@DF_TABLE4(2.0),A,NOR,S1,S1,EXC_A,F21,_Z,_Z,XDC_USD,_Z,N,T001,1993,7.094129,,F,6,A,0,NOK
OECD.SDD.NAD:DSD_NAMAIN10@DF_TABLE4(2.0),A,CHE,S1,S1,EXC_A,F21,_Z,_Z,XDC_USD,_Z,N,T001,1993,1.477617,,F,6,A,0,CHF
OECD.SDD.NAD:DSD_NAMAIN10@DF_TABLE4(2.0),A,TUR,S1,S1,EXC_A,F21,_Z,_Z,XDC_USD,_Z,N,T001,1993,0.010985,,F,6,A,0,TRY
OECD.SDD.NAD:DSD_NAMAIN10@DF_TABLE4(2.0),A,BGR,S1,S1,EXC_A,F21,_Z,_Z,XDC_USD,_Z,N,T001,1993,0.014108,,F,6,A,0,EUR
OECD.SDD.NAD:DSD_NAMAIN10@DF_TABLE4(2.0),A,PER,S1,S1,EXC_A,F21,_Z,_Z,XDC_USD,_Z,N,T001,1993,1.988319,,F,6,A,0,_Z
OECD.SDD.NAD:DSD_NAMAIN10@DF_TABLE4(2.0),A,JPN,S1,S1,EXC_A,F21,_Z,_Z,XDC_USD,_Z,N,T001,1994,102.207806,,F,6,A,0,JPY
OECD.SDD.NAD:DSD_NAMAIN10@DF_TABLE4(2.0),A,NOR,S1,S1,EXC_A,F21,_Z,_Z,XDC_USD,_Z,N,T001,1994,7.057584,,F,6,A,0,NOK
OECD.SDD.NAD:DSD_NAMAIN10@DF_TABLE4(2.0),A,CHE,S1,S1,EXC_A,F21,_Z,_Z,XDC_USD,_Z,N,T001,1994,1.367693,,F,6,A,0,CHF
OECD.SDD.NAD:DSD_NAMAIN10@DF_TABLE4(2.0),A,TUR,S1,S1,EXC_A,F21,_Z,_Z,XDC_USD,_Z,N,T001,1994,0.029609,,F,6,A,0,TRY
OECD.SDD.NAD:DSD_NAMAIN10@DF_TABLE4(2.0),A,BGR,S1,S1,EXC_A,F21,_Z,_Z,XDC_USD,_Z,N,T001,1994,0.027678,,F,6,A,0,EUR
OECD.SDD.NAD:DSD_NAMAIN10@DF_TABLE4(2.0),A,KAZ,S1,S1,EXC_A,F21,_Z,_Z,XDC_USD,_Z,N,T001,1994,35.538333,,F,6,A,0,_Z
OECD.SDD.NAD:DSD_NAMAIN10@DF_TABLE4(2.0),A,PER,S1,S1,EXC_A,F21,_Z,_Z,XDC_USD,_Z,N,T001,1994,2.195,,F,6,A,0,_Z
OECD.SDD.NAD:DSD_NAMAIN10@DF_TABLE4(2.0),A,JPN,S1,S1,EXC_A,F21,_Z,_Z,XDC_USD,_Z,N,T001,1995,94.059579,,F,6,A,0,JPY
OECD.SDD.NAD:DSD_NAMAIN10@DF_TABLE4(2.0),A,NOR,S1,S1,EXC_A,F21,_Z,_Z,XDC_USD,_Z,N,T001,1995,6.335157,,F,6,A,0,NOK
OECD.SDD.NAD:DSD_NAMAIN10@DF_TABLE4(2.0),A,CHE,S1,S1,EXC_A,F21,_Z,_Z,XDC_USD,_Z,N,T001,1995,1.182469,,F,6,A,0,CHF
OECD.SDD.NAD:DSD_NAMAIN10@DF_TABLE4(2.0),A,TUR,S1,S1,EXC_A,F21,_Z,_Z,XDC_USD,_Z,N,T001,1995,0.045845,,F,6,A,0,TRY
OECD.SDD.NAD:DSD_NAMAIN10@DF_TABLE4(2.0),A,BGR,S1,S1,EXC_A,F21,_Z,_Z,XDC_USD,_Z,N,T001,1995,0.034344,,F,6,A,0,EUR
OECD.SDD.NAD:DSD_NAMAIN10@DF_TABLE4(2.0),A,KAZ,S1,S1,EXC_A,F21,_Z,_Z,XDC_USD,_Z,N,T001,1995,60.95,,F,6,A,0,_Z
OECD.SDD.NAD:DSD_NAMAIN10@DF_TABLE4(2.0),A,PER,S1,S1,EXC_A,F21,_Z,_Z,XDC_USD,_Z,N,T001,1995,2.253333,,F,6,A,0,_Z
OECD.SDD.NAD:DSD_NAMAIN10@DF_TABLE4(2.0),A,JPN,S1,S1,EXC_A,F21,_Z,_Z,XDC_USD,_Z,N,T001,1996,108.779057,,F,6,A,0,JPY
OECD.SDD.NAD:DSD_NAMAIN10@DF_TABLE4(2.0),A,NOR,S1,S1,EXC_A,F21,_Z,_Z,XDC_USD,_Z,N,T001,1996,6.449808,,F,6,A,0,NOK
OECD.SDD.NAD:DSD_NAMAIN10@DF_TABLE4(2.0),A,CHE,S1,S1,EXC_A,F21,_Z,_Z,XDC_USD,_Z,N,T001,1996,1.23601,,F,6,A,0,CHF
OECD.SDD.NAD:DSD_NAMAIN10@DF_TABLE4(2.0),A,TUR,S1,S1,EXC_A,F21,_Z,_Z,XDC_USD,_Z,N,T001,1996,0.081405,,F,6,A,0,TRY
OECD.SDD.NAD:DSD_NAMAIN10@DF_TABLE4(2.0),A,BGR,S1,S1,EXC_A,F21,_Z,_Z,XDC_USD,_Z,N,T001,1996,0.090953,,F,6,A,0,EUR
OECD.SDD.NAD:DSD_NAMAIN10@DF_TABLE4(2.0),A,KAZ,S1,S1,EXC_A,F21,_Z,_Z,XDC_USD,_Z,N,T001,1996,67.303333,,F,6,A,0,_Z
OECD.SDD.NAD:DSD_NAMAIN10@DF_TABLE4(2.0),A,PER,S1,S1,EXC_A,F21,_Z,_Z,XDC_USD,_Z,N,T001,1996,2.453333,,F,6,A,0,_Z
OECD.SDD.NAD:DSD_NAMAIN10@DF_TABLE4(2.0),A,JPN,S1,S1,EXC_A,F21,_Z,_Z,XDC_USD,_Z,N,T001,1997,120.990863,,F,6,A,0,JPY
OECD.SDD.NAD:DSD_NAMAIN10@DF_TABLE4(2.0),A,NOR,S1,S1,EXC_A,F21,_Z,_Z,XDC_USD,_Z,N,T001,1997,7.073401,,F,6,A,0,NOK
OECD.SDD.NAD:DSD_NAMAIN10@DF_TABLE4(2.0),A,CHE,S1,S1,EXC_A,F21,_Z,_Z,XDC_USD,_Z,N,T001,1997,1.451313,,F,6,A,0,CHF
OECD.SDD.NAD:DSD_NAMAIN10@DF_TABLE4(2.0),A,TUR,S1,S1,EXC_A,F21,_Z,_Z,XDC_USD,_Z,N,T001,1997,0.151865,,F,6,A,0,TRY
OECD.SDD.NAD:DSD_NAMAIN10@DF_TABLE4(2.0),A,BGR,S1,S1,EXC_A,F21,_Z,_Z,XDC_USD,_Z,N,T001,1997,0.859931,,F,6,A,0,EUR
OECD.SDD.NAD:DSD_NAMAIN10@DF_TABLE4(2.0),A,KAZ,S1,S1,EXC_A,F21,_Z,_Z,XDC_USD,_Z,N,T001,1997,75.4375,,F,6,A,0,_Z
OECD.SDD.NAD:DSD_NAMAIN10@DF_TABLE4(2.0),A,PER,S1,S1,EXC_A,F21,_Z,_Z,XDC_USD,_Z,N,T001,1997,2.664167,,F,6,A,0,_Z
OECD.SDD.NAD:DSD_NAMAIN10@DF_TABLE4(2.0),A,JPN,S1,S1,EXC_A,F21,_Z,_Z,XDC_USD,_Z,N,T001,1998,130.905301,,F,6,A,0,JPY
OECD.SDD.NAD:DSD_NAMAIN10@DF_TABLE4(2.0),A,NOR,S1,S1,EXC_A,F21,_Z,_Z,XDC_USD,_Z,N,T001,1998,7.545097,,F,6,A,0,NOK
OECD.SDD.NAD:DSD_NAMAIN10@DF_TABLE4(2.0),A,CHE,S1,S1,EXC_A,F21,_Z,_Z,XDC_USD,_Z,N,T001,1998,1.449813,,F,6,A,0,CHF
OECD.SDD.NAD:DSD_NAMAIN10@DF_TABLE4(2.0),A,TUR,S1,S1,EXC_A,F21,_Z,_Z,XDC_USD,_Z,N,T001,1998,0.260724,,F,6,A,0,TRY
OECD.SDD.NAD:DSD_NAMAIN10@DF_TABLE4(2.0),A,BGR,S1,S1,EXC_A,F21,_Z,_Z,XDC_USD,_Z,N,T001,1998,0.900057,,F,6,A,0,EUR
OECD.SDD.NAD:DSD_NAMAIN10@DF_TABLE4(2.0),A,KAZ,S1,S1,EXC_A,F21,_Z,_Z,XDC_USD,_Z,N,T001,1998,78.303333,,F,6,A,0,_Z
OECD.SDD.NAD:DSD_NAMAIN10@DF_TABLE4(2.0),A,PER,S1,S1,EXC_A,F21,_Z,_Z,XDC_USD,_Z,N,T001,1998,2.93,,F,6,A,0,_Z
OECD.SDD.NAD:DSD_NAMAIN10@DF_TABLE4(2.0),A,JPN,S1,S1,EXC_A,F21,_Z,_Z,XDC_USD,_Z,N,T001,1999,113.906805,,F,6,A,0,JPY
OECD.SDD.NAD:DSD_NAMAIN10@DF_TABLE4(2.0),A,NOR,S1,S1,EXC_A,F21,_Z,_Z,XDC_USD,_Z,N,T001,1999,7.799172,,F,6,A,0,NOK
OECD.SDD.NAD:DSD_NAMAIN10@DF_TABLE4(2.0),A,CHE,S1,S1,EXC_A,F21,_Z,_Z,XDC_USD,_Z,N,T001,1999,1.502155,,F,6,A,0,CHF
OECD.SDD.NAD:DSD_NAMAIN10@DF_TABLE4(2.0),A,TUR,S1,S1,EXC_A,F21,_Z,_Z,XDC_USD,_Z,N,T001,1999,0.418783,,F,6,A,0,TRY
OECD.SDD.NAD:DSD_NAMAIN10@DF_TABLE4(2.0),A,BGR,S1,S1,EXC_A,F21,_Z,_Z,XDC_USD,_Z,N,T001,1999,0.938928,,F,6,A,0,EUR
OECD.SDD.NAD:DSD_NAMAIN10@DF_TABLE4(2.0),A,KAZ,S1,S1,EXC_A,F21,_Z,_Z,XDC_USD,_Z,N,T001,1999,119.523333,,F,6,A,0,_Z
OECD.SDD.NAD:DSD_NAMAIN10@DF_TABLE4(2.0),A,PER,S1,S1,EXC_A,F21,_Z,_Z,XDC_USD,_Z,N,T001,1999,3.383333,,F,6,A,0,_Z
OECD.SDD.NAD:DSD_NAMAIN10@DF_TABLE4(2.0),A,JPN,S1,S1,EXC_A,F21,_Z,_Z,XDC_USD,_Z,N,T001,2000,107.765498,,F,6,A,0,JPY
OECD.SDD.NAD:DSD_NAMAIN10@DF_TABLE4(2.0),A,NOR,S1,S1,EXC_A,F21,_Z,_Z,XDC_USD,_Z,N,T001,2000,8.801842,,F,6,A,0,NOK
OECD.SDD.NAD:DSD_NAMAIN10@DF_TABLE4(2.0),A,CHE,S1,S1,EXC_A,F21,_Z,_Z,XDC_USD,_Z,N,T001,2000,1.688843,,F,6,A,0,CHF
OECD.SDD.NAD:DSD_NAMAIN10@DF_TABLE4(2.0),A,TUR,S1,S1,EXC_A,F21,_Z,_Z,XDC_USD,_Z,N,T001,2000,0.625219,,F,6,A,0,TRY
OECD.SDD.NAD:DSD_NAMAIN10@DF_TABLE4(2.0),A,BGR,S1,S1,EXC_A,F21,_Z,_Z,XDC_USD,_Z,N,T001,2000,1.085613,,F,6,A,0,EUR
OECD.SDD.NAD:DSD_NAMAIN10@DF_TABLE4(2.0),A,KAZ,S1,S1,EXC_A,F21,_Z,_Z,XDC_USD,_Z,N,T001,2000,142.133333,,F,6,A,0,_Z
OECD.SDD.NAD:DSD_NAMAIN10@DF_TABLE4(2.0),A,PER,S1,S1,EXC_A,F21,_Z,_Z,XDC_USD,_Z,N,T001,2000,3.49,,F,6,A,0,_Z
OECD.SDD.NAD:DSD_NAMAIN10@DF_TABLE4(2.0),A,JPN,S1,S1,EXC_A,F21,_Z,_Z,XDC_USD,_Z,N,T001,2001,121.528948,,F,6,A,0,JPY
OECD.SDD.NAD:DSD_NAMAIN10@DF_TABLE4(2.0),A,NOR,S1,S1,EXC_A,F21,_Z,_Z,XDC_USD,_Z,N,T001,2001,8.991654,,F,6,A,0,NOK
OECD.SDD.NAD:DSD_NAMAIN10@DF_TABLE4(2.0),A,CHE,S1,S1,EXC_A,F21,_Z,_Z,XDC_USD,_Z,N,T001,2001,1.687615,,F,6,A,0,CHF
OECD.SDD.NAD:DSD_NAMAIN10@DF_TABLE4(2.0),A,TUR,S1,S1,EXC_A,F21,_Z,_Z,XDC_USD,_Z,N,T001,2001,1.225588,,F,6,A,0,TRY
OECD.SDD.NAD:DSD_NAMAIN10@DF_TABLE4(2.0),A,BGR,S1,S1,EXC_A,F21,_Z,_Z,XDC_USD,_Z,N,T001,2001,1.117024,,F,6,A,0,EUR
OECD.SDD.NAD:DSD_NAMAIN10@DF_TABLE4(2.0),A,KAZ,S1,S1,EXC_A,F21,_Z,_Z,XDC_USD,_Z,N,T001,2001,146.735833,,F,6,A,0,_Z
OECD.SDD.NAD:DSD_NAMAIN10@DF_TABLE4(2.0),A,PER,S1,S1,EXC_A,F21,_Z,_Z,XDC_USD,_Z,N,T001,2001,3.506833,,F,6,A,0,_Z
OECD.SDD.NAD:DSD_NAMAIN10@DF_TABLE4(2.0),A,JPN,S1,S1,EXC_A,F21,_Z,_Z,XDC_USD,_Z,N,T001,2002,125.388019,,F,6,A,0,JPY
OECD.SDD.NAD:DSD_NAMAIN10@DF_TABLE4(2.0),A,NOR,S1,S1,EXC_A,F21,_Z,_Z,XDC_USD,_Z,N,T001,2002,7.983779,,F,6,A,0,NOK
OECD.SDD.NAD:DSD_NAMAIN10@DF_TABLE4(2.0),A,CHE,S1,S1,EXC_A,F21,_Z,_Z,XDC_USD,_Z,N,T001,2002,1.558607,,F,6,A,0,CHF
OECD.SDD.NAD:DSD_NAMAIN10@DF_TABLE4(2.0),A,TUR,S1,S1,EXC_A,F21,_Z,_Z,XDC_USD,_Z,N,T001,2002,1.507226,,F,6,A,0,TRY
OECD.SDD.NAD:DSD_NAMAIN10@DF_TABLE4(2.0),A,BGR,S1,S1,EXC_A,F21,_Z,_Z,XDC_USD,_Z,N,T001,2002,1.06194,,F,6,A,0,EUR
OECD.SDD.NAD:DSD_NAMAIN10@DF_TABLE4(2.0),A,KAZ,S1,S1,EXC_A,F21,_Z,_Z,XDC_USD,_Z,N,T001,2002,153.279167,,F,6,A,0,_Z
OECD.SDD.NAD:DSD_NAMAIN10@DF_TABLE4(2.0),A,PER,S1,S1,EXC_A,F21,_Z,_Z,XDC_USD,_Z,N,T001,2002,3.5165,,F,6,A,0,_Z
OECD.SDD.NAD:DSD_NAMAIN10@DF_TABLE4(2.0),A,JPN,S1,S1,EXC_A,F21,_Z,_Z,XDC_USD,_Z,N,T001,2003,115.933464,,F,6,A,0,JPY
OECD.SDD.NAD:DSD_NAMAIN10@DF_TABLE4(2.0),A,NOR,S1,S1,EXC_A,F21,_Z,_Z,XDC_USD,_Z,N,T001,2003,7.080217,,F,6,A,0,NOK
OECD.SDD.NAD:DSD_NAMAIN10@DF_TABLE4(2.0),A,CHE,S1,S1,EXC_A,F21,_Z,_Z,XDC_USD,_Z,N,T001,2003,1.346651,,F,6,A,0,CHF
OECD.SDD.NAD:DSD_NAMAIN10@DF_TABLE4(2.0),A,TUR,S1,S1,EXC_A,F21,_Z,_Z,XDC_USD,_Z,N,T001,2003,1.500885,,F,6,A,0,TRY
OECD.SDD.NAD:DSD_NAMAIN10@DF_TABLE4(2.0),A,BGR,S1,S1,EXC_A,F21,_Z,_Z,XDC_USD,_Z,N,T001,2003,0.885916,,F,6,A,0,EUR
OECD.SDD.NAD:DSD_NAMAIN10@DF_TABLE4(2.0),A,KAZ,S1,S1,EXC_A,F21,_Z,_Z,XDC_USD,_Z,N,T001,2003,149.575833,,F,6,A,0,_Z
OECD.SDD.NAD:DSD_NAMAIN10@DF_TABLE4(2.0),A,PER,S1,S1,EXC_A,F21,_Z,_Z,XDC_USD,_Z,N,T001,2003,3.478467,,F,6,A,0,_Z
OECD.SDD.NAD:DSD_NAMAIN10@DF_TABLE4(2.0),A,JPN,S1,S1,EXC_A,F21,_Z,_Z,XDC_USD,_Z,N,T001,2004,108.192569,,F,6,A,0,JPY
OECD.SDD.NAD:DSD_NAMAIN10@DF_TABLE4(2.0),A,NOR,S1,S1,EXC_A,F21,_Z,_Z,XDC_USD,_Z,N,T001,2004,6.740833,,F,6,A,0,NOK
OECD.SDD.NAD:DSD_NAMAIN10@DF_TABLE4(2.0),A,CHE,S1,S1,EXC_A,F21,_Z,_Z,XDC_USD,_Z,N,T001,2004,1.243496,,F,6,A,0,CHF
OECD.SDD.NAD:DSD_NAMAIN10@DF_TABLE4(2.0),A,TUR,S1,S1,EXC_A,F21,_Z,_Z,XDC_USD,_Z,N,T001,2004,1.425537,,F,6,A,0,TRY
OECD.SDD.NAD:DSD_NAMAIN10@DF_TABLE4(2.0),A,BGR,S1,S1,EXC_A,F21,_Z,_Z,XDC_USD,_Z,N,T001,2004,0.80534,,F,6,A,0,EUR
OECD.SDD.NAD:DSD_NAMAIN10@DF_TABLE4(2.0),A,KAZ,S1,S1,EXC_A,F21,_Z,_Z,XDC_USD,_Z,N,T001,2004,136.035,,F,6,A,0,_Z
OECD.SDD.NAD:DSD_NAMAIN10@DF_TABLE4(2.0),A,PER,S1,S1,EXC_A,F21,_Z,_Z,XDC_USD,_Z,N,T001,2004,3.413175,,F,6,A,0,_Z
OECD.SDD.NAD:DSD_NAMAIN10@DF_TABLE4(2.0),A,JPN,S1,S1,EXC_A,F21,_Z,_Z,XDC_USD,_Z,N,T001,2005,110.218212,,F,6,A,0,JPY
OECD.SDD.NAD:DSD_NAMAIN10@DF_TABLE4(2.0),A,NOR,S1,S1,EXC_A,F21,_Z,_Z,XDC_USD,_Z,N,T001,2005,6.4425,,F,6,A,0,NOK
OECD.SDD.NAD:DSD_NAMAIN10@DF_TABLE4(2.0),A,CHE,S1,S1,EXC_A,F21,_Z,_Z,XDC_USD,_Z,N,T001,2005,1.245177,,F,6,A,0,CHF
OECD.SDD.NAD:DSD_NAMAIN10@DF_TABLE4(2.0),A,TUR,S1,S1,EXC_A,F21,_Z,_Z,XDC_USD,_Z,N,T001,2005,1.343583,,F,6,A,0,TRY
OECD.SDD.NAD:DSD_NAMAIN10@DF_TABLE4(2.0),A,BGR,S1,S1,EXC_A,F21,_Z,_Z,XDC_USD,_Z,N,T001,2005,0.804842,,F,6,A,0,EUR
OECD.SDD.NAD:DSD_NAMAIN10@DF_TABLE4(2.0),A,KAZ,S1,S1,EXC_A,F21,_Z,_Z,XDC_USD,_Z,N,T001,2005,132.88,,F,6,A,0,_Z
OECD.SDD.NAD:DSD_NAMAIN10@DF_TABLE4(2.0),A,PER,S1,S1,EXC_A,F21,_Z,_Z,XDC_USD,_Z,N,T001,2005,3.295842,,F,6,A,0,_Z
OECD.SDD.NAD:DSD_NAMAIN10@DF_TABLE4(2.0),A,JPN,S1,S1,EXC_A,F21,_Z,_Z,XDC_USD,_Z,N,T001,2006,116.299312,,F,6,A,0,JPY
OECD.SDD.NAD:DSD_NAMAIN10@DF_TABLE4(2.0),A,NOR,S1,S1,EXC_A,F21,_Z,_Z,XDC_USD,_Z,N,T001,2006,6.413333,,F,6,A,0,NOK
OECD.SDD.NAD:DSD_NAMAIN10@DF_TABLE4(2.0),A,CHE,S1,S1,EXC_A,F21,_Z,_Z,XDC_USD,_Z,N,T001,2006,1.253843,,F,6,A,0,CHF
OECD.SDD.NAD:DSD_NAMAIN10@DF_TABLE4(2.0),A,TUR,S1,S1,EXC_A,F21,_Z,_Z,XDC_USD,_Z,N,T001,2006,1.428453,,F,6,A,0,TRY
OECD.SDD.NAD:DSD_NAMAIN10@DF_TABLE4(2.0),A,BGR,S1,S1,EXC_A,F21,_Z,_Z,XDC_USD,_Z,N,T001,2006,0.79724,,F,6,A,0,EUR
OECD.SDD.NAD:DSD_NAMAIN10@DF_TABLE4(2.0),A,KAZ,S1,S1,EXC_A,F21,_Z,_Z,XDC_USD,_Z,N,T001,2006,126.089431,,F,6,A,0,_Z
OECD.SDD.NAD:DSD_NAMAIN10@DF_TABLE4(2.0),A,PER,S1,S1,EXC_A,F21,_Z,_Z,XDC_USD,_Z,N,T001,2006,3.274033,,F,6,A,0,_Z
OECD.SDD.NAD:DSD_NAMAIN10@DF_TABLE4(2.0),A,JPN,S1,S1,EXC_A,F21,_Z,_Z,XDC_USD,_Z,N,T001,2007,117.753529,,F,6,A,0,JPY
OECD.SDD.NAD:DSD_NAMAIN10@DF_TABLE4(2.0),A,NOR,S1,S1,EXC_A,F21,_Z,_Z,XDC_USD,_Z,N,T001,2007,5.861667,,F,6,A,0,NOK
OECD.SDD.NAD:DSD_NAMAIN10@DF_TABLE4(2.0),A,CHE,S1,S1,EXC_A,F21,_Z,_Z,XDC_USD,_Z,N,T001,2007,1.200366,,F,6,A,0,CHF
OECD.SDD.NAD:DSD_NAMAIN10@DF_TABLE4(2.0),A,TUR,S1,S1,EXC_A,F21,_Z,_Z,XDC_USD,_Z,N,T001,2007,1.302931,,F,6,A,0,TRY
OECD.SDD.NAD:DSD_NAMAIN10@DF_TABLE4(2.0),A,BGR,S1,S1,EXC_A,F21,_Z,_Z,XDC_USD,_Z,N,T001,2007,0.730662,,F,6,A,0,EUR
OECD.SDD.NAD:DSD_NAMAIN10@DF_TABLE4(2.0),A,KAZ,S1,S1,EXC_A,F21,_Z,_Z,XDC_USD,_Z,N,T001,2007,122.554167,,F,6,A,0,_Z
OECD.SDD.NAD:DSD_NAMAIN10@DF_TABLE4(2.0),A,PER,S1,S1,EXC_A,F21,_Z,_Z,XDC_USD,_Z,N,T001,2007,3.128045,,F,6,A,0,_Z
OECD.SDD.NAD:DSD_NAMAIN10@DF_TABLE4(2.0),A,JPN,S1,S1,EXC_A,F21,_Z,_Z,XDC_USD,_Z,N,T001,2008,103.359494,,F,6,A,0,JPY
OECD.SDD.NAD:DSD_NAMAIN10@DF_TABLE4(2.0),A,NOR,S1,S1,EXC_A,F21,_Z,_Z,XDC_USD,_Z,N,T001,2008,5.64,,F,6,A,0,NOK
OECD.SDD.NAD:DSD_NAMAIN10@DF_TABLE4(2.0),A,CHE,S1,S1,EXC_A,F21,_Z,_Z,XDC_USD,_Z,N,T001,2008,1.08309,,F,6,A,0,CHF
OECD.SDD.NAD:DSD_NAMAIN10@DF_TABLE4(2.0),A,TUR,S1,S1,EXC_A,F21,_Z,_Z,XDC_USD,_Z,N,T001,2008,1.301522,,F,6,A,0,TRY
OECD.SDD.NAD:DSD_NAMAIN10@DF_TABLE4(2.0),A,BGR,S1,S1,EXC_A,F21,_Z,_Z,XDC_USD,_Z,N,T001,2008,0.683657,,F,6,A,0,EUR
OECD.SDD.NAD:DSD_NAMAIN10@DF_TABLE4(2.0),A,KAZ,S1,S1,EXC_A,F21,_Z,_Z,XDC_USD,_Z,N,T001,2008,120.299167,,F,6,A,0,_Z
OECD.SDD.NAD:DSD_NAMAIN10@DF_TABLE4(2.0),A,PER,S1,S1,EXC_A,F21,_Z,_Z,XDC_USD,_Z,N,T001,2008,2.924408,,F,6,A,0,_Z
OECD.SDD.NAD:DSD_NAMAIN10@DF_TABLE4(2.0),A,JPN,S1,S1,EXC_A,F21,_Z,_Z,XDC_USD,_Z,N,T001,2009,93.570089,,F,6,A,0,JPY
OECD.SDD.NAD:DSD_NAMAIN10@DF_TABLE4(2.0),A,NOR,S1,S1,EXC_A,F21,_Z,_Z,XDC_USD,_Z,N,T001,2009,6.288333,,F,6,A,0,NOK
OECD.SDD.NAD:DSD_NAMAIN10@DF_TABLE4(2.0),A,CHE,S1,S1,EXC_A,F21,_Z,_Z,XDC_USD,_Z,N,T001,2009,1.088142,,F,6,A,0,CHF
OECD.SDD.NAD:DSD_NAMAIN10@DF_TABLE4(2.0),A,TUR,S1,S1,EXC_A,F21,_Z,_Z,XDC_USD,_Z,N,T001,2009,1.54996,,F,6,A,0,TRY
OECD.SDD.NAD:DSD_NAMAIN10@DF_TABLE4(2.0),A,BGR,S1,S1,EXC_A,F21,_Z,_Z,XDC_USD,_Z,N,T001,2009,0.71923,,F,6,A,0,EUR
OECD.SDD.NAD:DSD_NAMAIN10@DF_TABLE4(2.0),A,KAZ,S1,S1,EXC_A,F21,_Z,_Z,XDC_USD,_Z,N,T001,2009,147.496667,,F,6,A,0,_Z
OECD.SDD.NAD:DSD_NAMAIN10@DF_TABLE4(2.0),A,PER,S1,S1,EXC_A,F21,_Z,_Z,XDC_USD,_Z,N,T001,2009,3.011508,,F,6,A,0,_Z
OECD.SDD.NAD:DSD_NAMAIN10@DF_TABLE4(2.0),A,JPN,S1,S1,EXC_A,F21,_Z,_Z,XDC_USD,_Z,N,T001,2010,87.779875,,F,6,A,0,JPY
OECD.SDD.NAD:DSD_NAMAIN10@DF_TABLE4(2.0),A,NOR,S1,S1,EXC_A,F21,_Z,_Z,XDC_USD,_Z,N,T001,2010,6.044167,,F,6,A,0,NOK
OECD.SDD.NAD:DSD_NAMAIN10@DF_TABLE4(2.0),A,CHE,S1,S1,EXC_A,F21,_Z,_Z,XDC_USD,_Z,N,T001,2010,1.042906,,F,6,A,0,CHF
OECD.SDD.NAD:DSD_NAMAIN10@DF_TABLE4(2.0),A,TUR,S1,S1,EXC_A,F21,_Z,_Z,XDC_USD,_Z,N,T001,2010,1.502849,,F,6,A,0,TRY
OECD.SDD.NAD:DSD_NAMAIN10@DF_TABLE4(2.0),A,BGR,S1,S1,EXC_A,F21,_Z,_Z,XDC_USD,_Z,N,T001,2010,0.755378,,F,6,A,0,EUR
OECD.SDD.NAD:DSD_NAMAIN10@DF_TABLE4(2.0),A,KAZ,S1,S1,EXC_A,F21,_Z,_Z,XDC_USD,_Z,N,T001,2010,147.355,,F,6,A,0,_Z
OECD.SDD.NAD:DSD_NAMAIN10@DF_TABLE4(2.0),A,PER,S1,S1,EXC_A,F21,_Z,_Z,XDC_USD,_Z,N,T001,2010,2.825125,,F,6,A,0,_Z
OECD.SDD.NAD:DSD_NAMAIN10@DF_TABLE4(2.0),A,JPN,S1,S1,EXC_A,F21,_Z,_Z,XDC_USD,_Z,N,T001,2011,79.80702,,F,6,A,0,JPY
OECD.SDD.NAD:DSD_NAMAIN10@DF_TABLE4(2.0),A,NOR,S1,S1,EXC_A,F21,_Z,_Z,XDC_USD,_Z,N,T001,2011,5.604607,,F,6,A,0,NOK
OECD.SDD.NAD:DSD_NAMAIN10@DF_TABLE4(2.0),A,CHE,S1,S1,EXC_A,F21,_Z,_Z,XDC_USD,_Z,N,T001,2011,0.888042,,F,6,A,0,CHF
OECD.SDD.NAD:DSD_NAMAIN10@DF_TABLE4(2.0),A,TUR,S1,S1,EXC_A,F21,_Z,_Z,XDC_USD,_Z,N,T001,2011,1.674955,,F,6,A,0,TRY
OECD.SDD.NAD:DSD_NAMAIN10@DF_TABLE4(2.0),A,BGR,S1,S1,EXC_A,F21,_Z,_Z,XDC_USD,_Z,N,T001,2011,0.719111,,F,6,A,0,EUR
OECD.SDD.NAD:DSD_NAMAIN10@DF_TABLE4(2.0),A,KAZ,S1,S1,EXC_A,F21,_Z,_Z,XDC_USD,_Z,N,T001,2011,146.620833,,F,6,A,0,_Z
OECD.SDD.NAD:DSD_NAMAIN10@DF_TABLE4(2.0),A,PER,S1,S1,EXC_A,F21,_Z,_Z,XDC_USD,_Z,N,T001,2011,2.7541,,F,6,A,0,_Z
OECD.SDD.NAD:DSD_NAMAIN10@DF_TABLE4(2.0),A,JPN,S1,S1,EXC_A,F21,_Z,_Z,XDC_USD,_Z,N,T001,2012,79.790455,,F,6,A,0,JPY
OECD.SDD.NAD:DSD_NAMAIN10@DF_TABLE4(2.0),A,NOR,S1,S1,EXC_A,F21,_Z,_Z,XDC_USD,_Z,N,T001,2012,5.8175,,F,6,A,0,NOK
OECD.SDD.NAD:DSD_NAMAIN10@DF_TABLE4(2.0),A,CHE,S1,S1,EXC_A,F21,_Z,_Z,XDC_USD,_Z,N,T001,2012,0.937684,,F,6,A,0,CHF
OECD.SDD.NAD:DSD_NAMAIN10@DF_TABLE4(2.0),A,TUR,S1,S1,EXC_A,F21,_Z,_Z,XDC_USD,_Z,N,T001,2012,1.796001,,F,6,A,0,TRY
OECD.SDD.NAD:DSD_NAMAIN10@DF_TABLE4(2.0),A,BGR,S1,S1,EXC_A,F21,_Z,_Z,XDC_USD,_Z,N,T001,2012,0.778212,,F,6,A,0,EUR
OECD.SDD.NAD:DSD_NAMAIN10@DF_TABLE4(2.0),A,KAZ,S1,S1,EXC_A,F21,_Z,_Z,XDC_USD,_Z,N,T001,2012,149.1125,,F,6,A,0,_Z
OECD.SDD.NAD:DSD_NAMAIN10@DF_TABLE4(2.0),A,PER,S1,S1,EXC_A,F21,_Z,_Z,XDC_USD,_Z,N,T001,2012,2.637586,,F,6,A,0,_Z
OECD.SDD.NAD:DSD_NAMAIN10@DF_TABLE4(2.0),A,JPN,S1,S1,EXC_A,F21,_Z,_Z,XDC_USD,_Z,N,T001,2013,97.595658,,F,6,A,0,JPY
OECD.SDD.NAD:DSD_NAMAIN10@DF_TABLE4(2.0),A,NOR,S1,S1,EXC_A,F21,_Z,_Z,XDC_USD,_Z,N,T001,2013,5.875,,F,6,A,0,NOK
OECD.SDD.NAD:DSD_NAMAIN10@DF_TABLE4(2.0),A,CHE,S1,S1,EXC_A,F21,_Z,_Z,XDC_USD,_Z,N,T001,2013,0.926904,,F,6,A,0,CHF
OECD.SDD.NAD:DSD_NAMAIN10@DF_TABLE4(2.0),A,TUR,S1,S1,EXC_A,F21,_Z,_Z,XDC_USD,_Z,N,T001,2013,1.903768,,F,6,A,0,TRY
OECD.SDD.NAD:DSD_NAMAIN10@DF_TABLE4(2.0),A,BGR,S1,S1,EXC_A,F21,_Z,_Z,XDC_USD,_Z,N,T001,2013,0.753423,,F,6,A,0,EUR
OECD.SDD.NAD:DSD_NAMAIN10@DF_TABLE4(2.0),A,KAZ,S1,S1,EXC_A,F21,_Z,_Z,XDC_USD,_Z,N,T001,2013,152.129167,,F,6,A,0,_Z
OECD.SDD.NAD:DSD_NAMAIN10@DF_TABLE4(2.0),A,PER,S1,S1,EXC_A,F21,_Z,_Z,XDC_USD,_Z,N,T001,2013,2.701899,,F,6,A,0,_Z
OECD.SDD.NAD:DSD_NAMAIN10@DF_TABLE4(2.0),A,JPN,S1,S1,EXC_A,F21,_Z,_Z,XDC_USD,_Z,N,T001,2014,105.944781,,F,6,A,0,JPY
OECD.SDD.NAD:DSD_NAMAIN10@DF_TABLE4(2.0),A,NOR,S1,S1,EXC_A,F21,_Z,_Z,XDC_USD,_Z,N,T001,2014,6.301667,,F,6,A,0,NOK
OECD.SDD.NAD:DSD_NAMAIN10@DF_TABLE4(2.0),A,CHE,S1,S1,EXC_A,F21,_Z,_Z,XDC_USD,_Z,N,T001,2014,0.916151,,F,6,A,0,CHF
OECD.SDD.NAD:DSD_NAMAIN10@DF_TABLE4(2.0),A,TUR,S1,S1,EXC_A,F21,_Z,_Z,XDC_USD,_Z,N,T001,2014,2.188542,,F,6,A,0,TRY
OECD.SDD.NAD:DSD_NAMAIN10@DF_TABLE4(2.0),A,BGR,S1,S1,EXC_A,F21,_Z,_Z,XDC_USD,_Z,N,T001,2014,0.753738,,F,6,A,0,EUR
OECD.SDD.NAD:DSD_NAMAIN10@DF_TABLE4(2.0),A,KAZ,S1,S1,EXC_A,F21,_Z,_Z,XDC_USD,_Z,N,T001,2014,179.191667,,F,6,A,0,_Z
OECD.SDD.NAD:DSD_NAMAIN10@DF_TABLE4(2.0),A,PER,S1,S1,EXC_A,F21,_Z,_Z,XDC_USD,_Z,N,T001,2014,2.839044,,F,6,A,0,_Z
OECD.SDD.NAD:DSD_NAMAIN10@DF_TABLE4(2.0),A,JPN,S1,S1,EXC_A,F21,_Z,_Z,XDC_USD,_Z,N,T001,2015,121.044026,,F,6,A,0,JPY
OECD.SDD.NAD:DSD_NAMAIN10@DF_TABLE4(2.0),A,NOR,S1,S1,EXC_A,F21,_Z,_Z,XDC_USD,_Z,N,T001,2015,8.064167,,F,6,A,0,NOK
OECD.SDD.NAD:DSD_NAMAIN10@DF_TABLE4(2.0),A,CHE,S1,S1,EXC_A,F21,_Z,_Z,XDC_USD,_Z,N,T001,2015,0.962381,,F,6,A,0,CHF
OECD.SDD.NAD:DSD_NAMAIN10@DF_TABLE4(2.0),A,TUR,S1,S1,EXC_A,F21,_Z,_Z,XDC_USD,_Z,N,T001,2015,2.720009,,F,6,A,0,TRY
OECD.SDD.NAD:DSD_NAMAIN10@DF_TABLE4(2.0),A,BGR,S1,S1,EXC_A,F21,_Z,_Z,XDC_USD,_Z,N,T001,2015,0.902123,,F,6,A,0,EUR
OECD.SDD.NAD:DSD_NAMAIN10@DF_TABLE4(2.0),A,KAZ,S1,S1,EXC_A,F21,_Z,_Z,XDC_USD,_Z,N,T001,2015,221.728333,,F,6,A,0,_Z
OECD.SDD.NAD:DSD_NAMAIN10@DF_TABLE4(2.0),A,PER,S1,S1,EXC_A,F21,_Z,_Z,XDC_USD,_Z,N,T001,2015,3.184439,,F,6,A,0,_Z
OECD.SDD.NAD:DSD_NAMAIN10@DF_TABLE4(2.0),A,JPN,S1,S1,EXC_A,F21,_Z,_Z,XDC_USD,_Z,N,T001,2016,108.7929,,F,6,A,0,JPY
OECD.SDD.NAD:DSD_NAMAIN10@DF_TABLE4(2.0),A,NOR,S1,S1,EXC_A,F21,_Z,_Z,XDC_USD,_Z,N,T001,2016,8.4,,F,6,A,0,NOK
OECD.SDD.NAD:DSD_NAMAIN10@DF_TABLE4(2.0),A,CHE,S1,S1,EXC_A,F21,_Z,_Z,XDC_USD,_Z,N,T001,2016,0.985394,,F,6,A,0,CHF
OECD.SDD.NAD:DSD_NAMAIN10@DF_TABLE4(2.0),A,TUR,S1,S1,EXC_A,F21,_Z,_Z,XDC_USD,_Z,N,T001,2016,3.020135,,F,6,A,0,TRY
OECD.SDD.NAD:DSD_NAMAIN10@DF_TABLE4(2.0),A,BGR,S1,S1,EXC_A,F21,_Z,_Z,XDC_USD,_Z,N,T001,2016,0.903985,,F,6,A,0,EUR
OECD.SDD.NAD:DSD_NAMAIN10@DF_TABLE4(2.0),A,KAZ,S1,S1,EXC_A,F21,_Z,_Z,XDC_USD,_Z,N,T001,2016,342.16,,F,6,A,0,_Z
OECD.SDD.NAD:DSD_NAMAIN10@DF_TABLE4(2.0),A,PER,S1,S1,EXC_A,F21,_Z,_Z,XDC_USD,_Z,N,T001,2016,3.375062,,F,6,A,0,_Z
OECD.SDD.NAD:DSD_NAMAIN10@DF_TABLE4(2.0),A,JPN,S1,S1,EXC_A,F21,_Z,_Z,XDC_USD,_Z,N,T001,2017,112.166141,,F,6,A,0,JPY
OECD.SDD.NAD:DSD_NAMAIN10@DF_TABLE4(2.0),A,NOR,S1,S1,EXC_A,F21,_Z,_Z,XDC_USD,_Z,N,T001,2017,8.271667,,F,6,A,0,NOK
OECD.SDD.NAD:DSD_NAMAIN10@DF_TABLE4(2.0),A,CHE,S1,S1,EXC_A,F21,_Z,_Z,XDC_USD,_Z,N,T001,2017,0.984692,,F,6,A,0,CHF
OECD.SDD.NAD:DSD_NAMAIN10@DF_TABLE4(2.0),A,TUR,S1,S1,EXC_A,F21,_Z,_Z,XDC_USD,_Z,N,T001,2017,3.648133,,F,6,A,0,TRY
OECD.SDD.NAD:DSD_NAMAIN10@DF_TABLE4(2.0),A,BGR,S1,S1,EXC_A,F21,_Z,_Z,XDC_USD,_Z,N,T001,2017,0.887326,,F,6,A,0,EUR
OECD.SDD.NAD:DSD_NAMAIN10@DF_TABLE4(2.0),A,KAZ,S1,S1,EXC_A,F21,_Z,_Z,XDC_USD,_Z,N,T001,2017,326.001023,,F,6,A,0,_Z
OECD.SDD.NAD:DSD_NAMAIN10@DF_TABLE4(2.0),A,PER,S1,S1,EXC_A,F21,_Z,_Z,XDC_USD,_Z,N,T001,2017,3.260488,,F,6,A,0,_Z
OECD.SDD.NAD:DSD_NAMAIN10@DF_TABLE4(2.0),A,JPN,S1,S1,EXC_A,F21,_Z,_Z,XDC_USD,_Z,N,T001,2018,110.423179,,F,6,A,0,JPY
OECD.SDD.NAD:DSD_NAMAIN10@DF_TABLE4(2.0),A,NOR,S1,S1,EXC_A,F21,_Z,_Z,XDC_USD,_Z,N,T001,2018,8.1325,,F,6,A,0,NOK
OECD.SDD.NAD:DSD_NAMAIN10@DF_TABLE4(2.0),A,CHE,S1,S1,EXC_A,F21,_Z,_Z,XDC_USD,_Z,N,T001,2018,0.977892,,F,6,A,0,CHF
OECD.SDD.NAD:DSD_NAMAIN10@DF_TABLE4(2.0),A,TUR,S1,S1,EXC_A,F21,_Z,_Z,XDC_USD,_Z,N,T001,2018,4.82837,,F,6,A,0,TRY
OECD.SDD.NAD:DSD_NAMAIN10@DF_TABLE4(2.0),A,BGR,S1,S1,EXC_A,F21,_Z,_Z,XDC_USD,_Z,N,T001,2018,0.847232,,F,6,A,0,EUR
OECD.SDD.NAD:DSD_NAMAIN10@DF_TABLE4(2.0),A,KAZ,S1,S1,EXC_A,F21,_Z,_Z,XDC_USD,_Z,N,T001,2018,344.705833,,F,6,A,0,_Z
OECD.SDD.NAD:DSD_NAMAIN10@DF_TABLE4(2.0),A,PER,S1,S1,EXC_A,F21,_Z,_Z,XDC_USD,_Z,N,T001,2018,3.286603,,F,6,A,0,_Z
OECD.SDD.NAD:DSD_NAMAIN10@DF_TABLE4(2.0),A,JPN,S1,S1,EXC_A,F21,_Z,_Z,XDC_USD,_Z,N,T001,2019,109.009666,,F,6,A,0,JPY
OECD.SDD.NAD:DSD_NAMAIN10@DF_TABLE4(2.0),A,NOR,S1,S1,EXC_A,F21,_Z,_Z,XDC_USD,_Z,N,T001,2019,8.8,,F,6,A,0,NOK
OECD.SDD.NAD:DSD_NAMAIN10@DF_TABLE4(2.0),A,CHE,S1,S1,EXC_A,F21,_Z,_Z,XDC_USD,_Z,N,T001,2019,0.993709,,F,6,A,0,CHF
OECD.SDD.NAD:DSD_NAMAIN10@DF_TABLE4(2.0),A,TUR,S1,S1,EXC_A,F21,_Z,_Z,XDC_USD,_Z,N,T001,2019,5.673819,,F,6,A,0,TRY
OECD.SDD.NAD:DSD_NAMAIN10@DF_TABLE4(2.0),A,BGR,S1,S1,EXC_A,F21,_Z,_Z,XDC_USD,_Z,N,T001,2019,0.893248,,F,6,A,0,EUR
OECD.SDD.NAD:DSD_NAMAIN10@DF_TABLE4(2.0),A,KAZ,S1,S1,EXC_A,F21,_Z,_Z,XDC_USD,_Z,N,T001,2019,382.747311,,F,6,A,0,_Z
OECD.SDD.NAD:DSD_NAMAIN10@DF_TABLE4(2.0),A,PER,S1,S1,EXC_A,F21,_Z,_Z,XDC_USD,_Z,N,T001,2019,3.337266,,F,6,A,0,_Z
OECD.SDD.NAD:DSD_NAMAIN10@DF_TABLE4(2.0),A,JPN,S1,S1,EXC_A,F21,_Z,_Z,XDC_USD,_Z,N,T001,2020,106.774582,,F,6,A,0,JPY
OECD.SDD.NAD:DSD_NAMAIN10@DF_TABLE4(2.0),A,NOR,S1,S1,EXC_A,F21,_Z,_Z,XDC_USD,_Z,N,T001,2020,9.415833,,F,6,A,0,NOK
OECD.SDD.NAD:DSD_NAMAIN10@DF_TABLE4(2.0),A,CHE,S1,S1,EXC_A,F21,_Z,_Z,XDC_USD,_Z,N,T001,2020,0.938965,,F,6,A,0,CHF
OECD.SDD.NAD:DSD_NAMAIN10@DF_TABLE4(2.0),A,TUR,S1,S1,EXC_A,F21,_Z,_Z,XDC_USD,_Z,N,T001,2020,7.008605,,F,6,A,0,TRY
OECD.SDD.NAD:DSD_NAMAIN10@DF_TABLE4(2.0),A,BGR,S1,S1,EXC_A,F21,_Z,_Z,XDC_USD,_Z,N,T001,2020,0.877547,,F,6,A,0,EUR
OECD.SDD.NAD:DSD_NAMAIN10@DF_TABLE4(2.0),A,KAZ,S1,S1,EXC_A,F21,_Z,_Z,XDC_USD,_Z,N,T001,2020,412.953333,,F,6,A,0,_Z
OECD.SDD.NAD:DSD_NAMAIN10@DF_TABLE4(2.0),A,PER,S1,S1,EXC_A,F21,_Z,_Z,XDC_USD,_Z,N,T001,2020,3.494941,,F,6,A,0,_Z
OECD.SDD.NAD:DSD_NAMAIN10@DF_TABLE4(2.0),A,JPN,S1,S1,EXC_A,F21,_Z,_Z,XDC_USD,_Z,N,T001,2021,109.754324,,F,6,A,0,JPY
OECD.SDD.NAD:DSD_NAMAIN10@DF_TABLE4(2.0),A,NOR,S1,S1,EXC_A,F21,_Z,_Z,XDC_USD,_Z,N,T001,2021,8.59,,F,6,A,0,NOK
OECD.SDD.NAD:DSD_NAMAIN10@DF_TABLE4(2.0),A,CHE,S1,S1,EXC_A,F21,_Z,_Z,XDC_USD,_Z,N,T001,2021,0.913846,,F,6,A,0,CHF
OECD.SDD.NAD:DSD_NAMAIN10@DF_TABLE4(2.0),A,TUR,S1,S1,EXC_A,F21,_Z,_Z,XDC_USD,_Z,N,T001,2021,8.850408,,F,6,A,0,TRY
OECD.SDD.NAD:DSD_NAMAIN10@DF_TABLE4(2.0),A,BGR,S1,S1,EXC_A,F21,_Z,_Z,XDC_USD,_Z,N,T001,2021,0.845562,,F,6,A,0,EUR
OECD.SDD.NAD:DSD_NAMAIN10@DF_TABLE4(2.0),A,KAZ,S1,S1,EXC_A,F21,_Z,_Z,XDC_USD,_Z,N,T001,2021,425.9075,,F,6,A,0,_Z
OECD.SDD.NAD:DSD_NAMAIN10@DF_TABLE4(2.0),A,PER,S1,S1,EXC_A,F21,_Z,_Z,XDC_USD,_Z,N,T001,2021,3.880554,,F,6,A,0,_Z
OECD.SDD.NAD:DSD_NAMAIN10@DF_TABLE4(2.0),A,JPN,S1,S1,EXC_A,F21,_Z,_Z,XDC_USD,_Z,N,T001,2022,131.49814,,F,6,A,0,JPY
OECD.SDD.NAD:DSD_NAMAIN10@DF_TABLE4(2.0),A,NOR,S1,S1,EXC_A,F21,_Z,_Z,XDC_USD,_Z,N,T001,2022,9.614167,,F,6,A,0,NOK
OECD.SDD.NAD:DSD_NAMAIN10@DF_TABLE4(2.0),A,CHE,S1,S1,EXC_A,F21,_Z,_Z,XDC_USD,_Z,N,T001,2022,0.954832,,F,6,A,0,CHF
OECD.SDD.NAD:DSD_NAMAIN10@DF_TABLE4(2.0),A,TUR,S1,S1,EXC_A,F21,_Z,_Z,XDC_USD,_Z,N,T001,2022,16.54886,,F,6,A,0,TRY
OECD.SDD.NAD:DSD_NAMAIN10@DF_TABLE4(2.0),A,BGR,S1,S1,EXC_A,F21,_Z,_Z,XDC_USD,_Z,N,T001,2022,0.951075,,F,6,A,0,EUR
OECD.SDD.NAD:DSD_NAMAIN10@DF_TABLE4(2.0),A,KAZ,S1,S1,EXC_A,F21,_Z,_Z,XDC_USD,_Z,N,T001,2022,460.165,,F,6,A,0,_Z
OECD.SDD.NAD:DSD_NAMAIN10@DF_TABLE4(2.0),A,PER,S1,S1,EXC_A,F21,_Z,_Z,XDC_USD,_Z,N,T001,2022,3.835181,,F,6,A,0,_Z
OECD.SDD.NAD:DSD_NAMAIN10@DF_TABLE4(2.0),A,JPN,S1,S1,EXC_A,F21,_Z,_Z,XDC_USD,_Z,N,T001,2023,140.4911,,F,6,A,0,JPY
OECD.SDD.NAD:DSD_NAMAIN10@DF_TABLE4(2.0),A,NOR,S1,S1,EXC_A,F21,_Z,_Z,XDC_USD,_Z,N,T001,2023,10.563333,,F,6,A,0,NOK
OECD.SDD.NAD:DSD_NAMAIN10@DF_TABLE4(2.0),A,CHE,S1,S1,EXC_A,F21,_Z,_Z,XDC_USD,_Z,N,T001,2023,0.89849,,F,6,A,0,CHF
OECD.SDD.NAD:DSD_NAMAIN10@DF_TABLE4(2.0),A,TUR,S1,S1,EXC_A,F21,_Z,_Z,XDC_USD,_Z,N,T001,2023,23.738566,,F,6,A,0,TRY
OECD.SDD.NAD:DSD_NAMAIN10@DF_TABLE4(2.0),A,BGR,S1,S1,EXC_A,F21,_Z,_Z,XDC_USD,_Z,N,T001,2023,0.92491,,F,6,A,0,EUR
OECD.SDD.NAD:DSD_NAMAIN10@DF_TABLE4(2.0),A,CPV,S1,S1,EXC_A,F21,_Z,_Z,XDC_USD,_Z,N,T001,2023,101.804813,,F,6,A,0,CVE
OECD.SDD.NAD:DSD_NAMAIN10@DF_TABLE4(2.0),A,KAZ,S1,S1,EXC_A,F21,_Z,_Z,XDC_USD,_Z,N,T001,2023,456.165,,F,6,A,0,_Z
OECD.SDD.NAD:DSD_NAMAIN10@DF_TABLE4(2.0),A,PER,S1,S1,EXC_A,F21,_Z,_Z,XDC_USD,_Z,N,T001,2023,3.743826,,F,6,A,0,_Z
OECD.SDD.NAD:DSD_NAMAIN10@DF_TABLE4(2.0),A,AUS,S1,S1,EXC_A,F21,_Z,_Z,XDC_USD,_Z,N,T001,2024,1.515358,,F,6,A,0,AUD
OECD.SDD.NAD:DSD_NAMAIN10@DF_TABLE4(2.0),A,AUT,S1,S1,EXC_A,F21,_Z,_Z,XDC_USD,_Z,N,T001,2024,0.92389,,F,6,A,0,EUR
OECD.SDD.NAD:DSD_NAMAIN10@DF_TABLE4(2.0),A,BEL,S1,S1,EXC_A,F21,_Z,_Z,XDC_USD,_Z,N,T001,2024,0.92389,,F,6,A,0,EUR
OECD.SDD.NAD:DSD_NAMAIN10@DF_TABLE4(2.0),A,CAN,S1,S1,EXC_A,F21,_Z,_Z,XDC_USD,_Z,N,T001,2024,1.36936,,F,6,A,0,CAD
OECD.SDD.NAD:DSD_NAMAIN10@DF_TABLE4(2.0),A,CHL,S1,S1,EXC_A,F21,_Z,_Z,XDC_USD,_Z,N,T001,2024,943.572167,,F,6,A,0,CLP
OECD.SDD.NAD:DSD_NAMAIN10@DF_TABLE4(2.0),A,COL,S1,S1,EXC_A,F21,_Z,_Z,XDC_USD,_Z,N,T001,2024,4074.434167,,F,6,A,0,COP
OECD.SDD.NAD:DSD_NAMAIN10@DF_TABLE4(2.0),A,CRI,S1,S1,EXC_A,F21,_Z,_Z,XDC_USD,_Z,N,T001,2024,515.109772,,F,6,A,0,CRC
OECD.SDD.NAD:DSD_NAMAIN10@DF_TABLE4(2.0),A,CZE,S1,S1,EXC_A,F21,_Z,_Z,XDC_USD,_Z,N,T001,2024,23.216833,,F,6,A,0,CZK
OECD.SDD.NAD:DSD_NAMAIN10@DF_TABLE4(2.0),A,DNK,S1,S1,EXC_A,F21,_Z,_Z,XDC_USD,_Z,N,T001,2024,6.894481,,F,6,A,0,DKK
OECD.SDD.NAD:DSD_NAMAIN10@DF_TABLE4(2.0),A,EST,S1,S1,EXC_A,F21,_Z,_Z,XDC_USD,_Z,N,T001,2024,0.92389,,F,6,A,0,EUR
OECD.SDD.NAD:DSD_NAMAIN10@DF_TABLE4(2.0),A,FIN,S1,S1,EXC_A,F21,_Z,_Z,XDC_USD,_Z,N,T001,2024,0.92389,,F,6,A,0,EUR
OECD.SDD.NAD:DSD_NAMAIN10@DF_TABLE4(2.0),A,FRA,S1,S1,EXC_A,F21,_Z,_Z,XDC_USD,_Z,N,T001,2024,0.92389,,F,6,A,0,EUR
OECD.SDD.NAD:DSD_NAMAIN10@DF_TABLE4(2.0),A,DEU,S1,S1,EXC_A,F21,_Z,_Z,XDC_USD,_Z,N,T001,2024,0.92389,,F,6,A,0,EUR
OECD.SDD.NAD:DSD_NAMAIN10@DF_TABLE4(2.0),A,GRC,S1,S1,EXC_A,F21,_Z,_Z,XDC_USD,_Z,N,T001,2024,0.92389,,F,6,A,0,EUR
OECD.SDD.NAD:DSD_NAMAIN10@DF_TABLE4(2.0),A,HUN,S1,S1,EXC_A,F21,_Z,_Z,XDC_USD,_Z,N,T001,2024,365.690833,,F,6,A,0,HUF
OECD.SDD.NAD:DSD_NAMAIN10@DF_TABLE4(2.0),A,ISL,S1,S1,EXC_A,F21,_Z,_Z,XDC_USD,_Z,N,T001,2024,137.958026,,F,6,A,0,ISK
OECD.SDD.NAD:DSD_NAMAIN10@DF_TABLE4(2.0),A,IRL,S1,S1,EXC_A,F21,_Z,_Z,XDC_USD,_Z,N,T001,2024,0.92389,,F,6,A,0,EUR
OECD.SDD.NAD:DSD_NAMAIN10@DF_TABLE4(2.0),A,ISR,S1,S1,EXC_A,F21,_Z,_Z,XDC_USD,_Z,N,T001,2024,3.69972,,F,6,A,0,ILS
OECD.SDD.NAD:DSD_NAMAIN10@DF_TABLE4(2.0),A,ITA,S1,S1,EXC_A,F21,_Z,_Z,XDC_USD,_Z,N,T001,2024,0.92389,,F,6,A,0,EUR
OECD.SDD.NAD:DSD_NAMAIN10@DF_TABLE4(2.0),A,JPN,S1,S1,EXC_A,F21,_Z,_Z,XDC_USD,_Z,N,T001,2024,151.366291,,F,6,A,0,JPY
OECD.SDD.NAD:DSD_NAMAIN10@DF_TABLE4(2.0),A,KOR,S1,S1,EXC_A,F21,_Z,_Z,XDC_USD,_Z,N,T001,2024,1363.375,,F,6,A,0,KRW
OECD.SDD.NAD:DSD_NAMAIN10@DF_TABLE4(2.0),A,LVA,S1,S1,EXC_A,F21,_Z,_Z,XDC_USD,_Z,N,T001,2024,0.92389,,F,6,A,0,EUR
OECD.SDD.NAD:DSD_NAMAIN10@DF_TABLE4(2.0),A,LTU,S1,S1,EXC_A,F21,_Z,_Z,XDC_USD,_Z,N,T001,2024,0.92389,,F,6,A,0,EUR
OECD.SDD.NAD:DSD_NAMAIN10@DF_TABLE4(2.0),A,LUX,S1,S1,EXC_A,F21,_Z,_Z,XDC_USD,_Z,N,T001,2024,0.92389,,F,6,A,0,EUR
OECD.SDD.NAD:DSD_NAMAIN10@DF_TABLE4(2.0),A,MEX,S1,S1,EXC_A,F21,_Z,_Z,XDC_USD,_Z,N,T001,2024,18.304858,,F,6,A,0,MXN
OECD.SDD.NAD:DSD_NAMAIN10@DF_TABLE4(2.0),A,NLD,S1,S1,EXC_A,F21,_Z,_Z,XDC_USD,_Z,N,T001,2024,0.92389,,F,6,A,0,EUR
OECD.SDD.NAD:DSD_NAMAIN10@DF_TABLE4(2.0),A,NZL,S1,S1,EXC_A,F21,_Z,_Z,XDC_USD,_Z,N,T001,2024,1.652308,,F,6,A,0,NZD
OECD.SDD.NAD:DSD_NAMAIN10@DF_TABLE4(2.0),A,NOR,S1,S1,EXC_A,F21,_Z,_Z,XDC_USD,_Z,N,T001,2024,10.745833,,F,6,A,0,NOK
OECD.SDD.NAD:DSD_NAMAIN10@DF_TABLE4(2.0),A,POL,S1,S1,EXC_A,F21,_Z,_Z,XDC_USD,_Z,N,T001,2024,3.980783,,F,6,A,0,PLN
OECD.SDD.NAD:DSD_NAMAIN10@DF_TABLE4(2.0),A,PRT,S1,S1,EXC_A,F21,_Z,_Z,XDC_USD,_Z,N,T001,2024,0.92389,,F,6,A,0,EUR
OECD.SDD.NAD:DSD_NAMAIN10@DF_TABLE4(2.0),A,SVK,S1,S1,EXC_A,F21,_Z,_Z,XDC_USD,_Z,N,T001,2024,0.92389,,F,6,A,0,EUR
OECD.SDD.NAD:DSD_NAMAIN10@DF_TABLE4(2.0),A,SVN,S1,S1,EXC_A,F21,_Z,_Z,XDC_USD,_Z,N,T001,2024,0.92389,,F,6,A,0,EUR
OECD.SDD.NAD:DSD_NAMAIN10@DF_TABLE4(2.0),A,ESP,S1,S1,EXC_A,F21,_Z,_Z,XDC_USD,_Z,N,T001,2024,0.92389,,F,6,A,0,EUR
OECD.SDD.NAD:DSD_NAMAIN10@DF_TABLE4(2.0),A,SWE,S1,S1,EXC_A,F21,_Z,_Z,XDC_USD,_Z,N,T001,2024,10.567636,,F,6,A,0,SEK
OECD.SDD.NAD:DSD_NAMAIN10@DF_TABLE4(2.0),A,CHE,S1,S1,EXC_A,F21,_Z,_Z,XDC_USD,_Z,N,T001,2024,0.880441,,F,6,A,0,CHF
OECD.SDD.NAD:DSD_NAMAIN10@DF_TABLE4(2.0),A,TUR,S1,S1,EXC_A,F21,_Z,_Z,XDC_USD,_Z,N,T001,2024,32.805861,,F,6,A,0,TRY
OECD.SDD.NAD:DSD_NAMAIN10@DF_TABLE4(2.0),A,GBR,S1,S1,EXC_A,F21,_Z,_Z,XDC_USD,_Z,N,T001,2024,0.782415,,F,6,A,0,GBP
OECD.SDD.NAD:DSD_NAMAIN10@DF_TABLE4(2.0),A,USA,S1,S1,EXC_A,F21,_Z,_Z,XDC_USD,_Z,N,T001,2024,1,,F,6,A,0,USD
OECD.SDD.NAD:DSD_NAMAIN10@DF_TABLE4(2.0),A,EA20,S1,S1,EXC_A,F21,_Z,_Z,XDC_USD,_Z,N,T001,2024,0.92389,,F,6,A,0,EUR
OECD.SDD.NAD:DSD_NAMAIN10@DF_TABLE4(2.0),A,EU27_2020,S1,S1,EXC_A,F21,_Z,_Z,XDC_USD,_Z,N,T001,2024,0.92389,,F,6,A,0,EUR
OECD.SDD.NAD:DSD_NAMAIN10@DF_TABLE4(2.0),A,ALB,S1,S1,EXC_A,F21,_Z,_Z,XDC_USD,_Z,N,T001,2024,93.123333,,F,6,A,0,ALL
OECD.SDD.NAD:DSD_NAMAIN10@DF_TABLE4(2.0),A,ARG,S1,S1,EXC_A,F21,_Z,_Z,XDC_USD,_Z,N,T001,2024,914.694883,,F,6,A,0,ARS
OECD.SDD.NAD:DSD_NAMAIN10@DF_TABLE4(2.0),A,BRA,S1,S1,EXC_A,F21,_Z,_Z,XDC_USD,_Z,N,T001,2024,5.388935,,F,6,A,0,BRL
OECD.SDD.NAD:DSD_NAMAIN10@DF_TABLE4(2.0),A,BGR,S1,S1,EXC_A,F21,_Z,_Z,XDC_USD,_Z,N,T001,2024,0.924335,,F,6,A,0,EUR
OECD.SDD.NAD:DSD_NAMAIN10@DF_TABLE4(2.0),A,CPV,S1,S1,EXC_A,F21,_Z,_Z,XDC_USD,_Z,N,T001,2024,101.922011,,F,6,A,0,CVE
OECD.SDD.NAD:DSD_NAMAIN10@DF_TABLE4(2.0),A,CMR,S1,S1,EXC_A,F21,_Z,_Z,XDC_USD,_Z,N,T001,2024,606.345298,,F,6,A,0,XAF
OECD.SDD.NAD:DSD_NAMAIN10@DF_TABLE4(2.0),A,CHN,S1,S1,EXC_A,F21,_Z,_Z,XDC_USD,_Z,N,T001,2024,7.197491,,F,6,A,0,CNY
OECD.SDD.NAD:DSD_NAMAIN10@DF_TABLE4(2.0),A,HRV,S1,S1,EXC_A,F21,_Z,_Z,XDC_USD,_Z,N,T001,2024,0.92389,,F,6,A,0,EUR
OECD.SDD.NAD:DSD_NAMAIN10@DF_TABLE4(2.0),A,CYP,S1,S1,EXC_A,F21,_Z,_Z,XDC_USD,_Z,N,T001,2024,0.92389,,F,6,A,0,EUR
OECD.SDD.NAD:DSD_NAMAIN10@DF_TABLE4(2.0),A,GEO,S1,S1,EXC_A,F21,_Z,_Z,XDC_USD,_Z,N,T001,2024,2.720617,,F,6,A,0,GEL
OECD.SDD.NAD:DSD_NAMAIN10@DF_TABLE4(2.0),A,HKG,S1,S1,EXC_A,F21,_Z,_Z,XDC_USD,_Z,N,T001,2024,7.803833,,F,6,A,0,HKD
OECD.SDD.NAD:DSD_NAMAIN10@DF_TABLE4(2.0),A,IND,S1,S1,EXC_A,F21,_Z,_Z,XDC_USD,_Z,N,T001,2024,83.669282,,F,6,A,0,INR
OECD.SDD.NAD:DSD_NAMAIN10@DF_TABLE4(2.0),A,IDN,S1,S1,EXC_A,F21,_Z,_Z,XDC_USD,_Z,N,T001,2024,15855.448287,,F,6,A,0,IDR
OECD.SDD.NAD:DSD_NAMAIN10@DF_TABLE4(2.0),A,KAZ,S1,S1,EXC_A,F21,_Z,_Z,XDC_USD,_Z,N,T001,2024,468.9625,,F,6,A,0,_Z
OECD.SDD.NAD:DSD_NAMAIN10@DF_TABLE4(2.0),A,MDG,S1,S1,EXC_A,F21,_Z,_Z,XDC_USD,_Z,N,T001,2024,4525.424721,,F,6,A,0,MGA
OECD.SDD.NAD:DSD_NAMAIN10@DF_TABLE4(2.0),A,MLT,S1,S1,EXC_A,F21,_Z,_Z,XDC_USD,_Z,N,T001,2024,0.92389,,F,6,A,0,EUR
OECD.SDD.NAD:DSD_NAMAIN10@DF_TABLE4(2.0),A,MAR,S1,S1,EXC_A,F21,_Z,_Z,XDC_USD,_Z,N,T001,2024,9.942359,,F,6,A,0,MAD
OECD.SDD.NAD:DSD_NAMAIN10@DF_TABLE4(2.0),A,MKD,S1,S1,EXC_A,F21,_Z,_Z,XDC_USD,_Z,N,T001,2024,56.872633,,F,6,A,0,MKD
OECD.SDD.NAD:DSD_NAMAIN10@DF_TABLE4(2.0),A,PER,S1,S1,EXC_A,F21,_Z,_Z,XDC_USD,_Z,N,T001,2024,3.7525,,F,6,A,0,_Z
OECD.SDD.NAD:DSD_NAMAIN10@DF_TABLE4(2.0),A,ROU,S1,S1,EXC_A,F21,_Z,_Z,XDC_USD,_Z,N,T001,2024,4.598375,,F,6,A,0,RON
OECD.SDD.NAD:DSD_NAMAIN10@DF_TABLE4(2.0),A,RUS,S1,S1,EXC_A,F21,_Z,_Z,XDC_USD,_Z,N,T001,2024,92.5524,,F,6,A,0,RUB
OECD.SDD.NAD:DSD_NAMAIN10@DF_TABLE4(2.0),A,SEN,S1,S1,EXC_A,F21,_Z,_Z,XDC_USD,_Z,N,T001,2024,606.345298,,F,6,A,0,XOF
OECD.SDD.NAD:DSD_NAMAIN10@DF_TABLE4(2.0),A,SRB,S1,S1,EXC_A,F21,_Z,_Z,XDC_USD,_Z,N,T001,2024,108.207742,,F,6,A,0,RSD
OECD.SDD.NAD:DSD_NAMAIN10@DF_TABLE4(2.0),A,SGP,S1,S1,EXC_A,F21,_Z,_Z,XDC_USD,_Z,N,T001,2024,1.336233,,F,6,A,0,SGD
OECD.SDD.NAD:DSD_NAMAIN10@DF_TABLE4(2.0),A,ZAF,S1,S1,EXC_A,F21,_Z,_Z,XDC_USD,_Z,N,T001,2024,18.328658,,F,6,A,0,ZAR
OECD.SDD.NAD:DSD_NAMAIN10@DF_TABLE4(2.0),A,ZMB,S1,S1,EXC_A,F21,_Z,_Z,XDC_USD,_Z,N,T001,2024,26.166419,,F,6,A,0,ZMW
OECD.SDD.NAD:DSD_NAMAIN10@DF_TABLE4(2.0),A,AUS,S1,S1,EXC_A,F21,_Z,_Z,XDC_USD,_Z,N,T001,2025,1.551998,,F,6,A,0,AUD
OECD.SDD.NAD:DSD_NAMAIN10@DF_TABLE4(2.0),A,AUT,S1,S1,EXC_A,F21,_Z,_Z,XDC_USD,_Z,N,T001,2025,0.884969,,F,6,A,0,EUR
OECD.SDD.NAD:DSD_NAMAIN10@DF_TABLE4(2.0),A,BEL,S1,S1,EXC_A,F21,_Z,_Z,XDC_USD,_Z,N,T001,2025,0.884969,,F,6,A,0,EUR
OECD.SDD.NAD:DSD_NAMAIN10@DF_TABLE4(2.0),A,CAN,S1,S1,EXC_A,F21,_Z,_Z,XDC_USD,_Z,N,T001,2025,1.398106,,F,6,A,0,CAD
OECD.SDD.NAD:DSD_NAMAIN10@DF_TABLE4(2.0),A,CHL,S1,S1,EXC_A,F21,_Z,_Z,XDC_USD,_Z,N,T001,2025,951.329454,,F,6,A,0,CLP
OECD.SDD.NAD:DSD_NAMAIN10@DF_TABLE4(2.0),A,COL,S1,S1,EXC_A,F21,_Z,_Z,XDC_USD,_Z,N,T001,2025,4053.135833,,F,6,A,0,COP
OECD.SDD.NAD:DSD_NAMAIN10@DF_TABLE4(2.0),A,CRI,S1,S1,EXC_A,F21,_Z,_Z,XDC_USD,_Z,N,T001,2025,503.496832,,F,6,A,0,CRC
OECD.SDD.NAD:DSD_NAMAIN10@DF_TABLE4(2.0),A,CZE,S1,S1,EXC_A,F21,_Z,_Z,XDC_USD,_Z,N,T001,2025,21.882,,F,6,A,0,CZK
OECD.SDD.NAD:DSD_NAMAIN10@DF_TABLE4(2.0),A,DNK,S1,S1,EXC_A,F21,_Z,_Z,XDC_USD,_Z,N,T001,2025,6.621825,,F,6,A,0,DKK
OECD.SDD.NAD:DSD_NAMAIN10@DF_TABLE4(2.0),A,EST,S1,S1,EXC_A,F21,_Z,_Z,XDC_USD,_Z,N,T001,2025,0.884969,,F,6,A,0,EUR
OECD.SDD.NAD:DSD_NAMAIN10@DF_TABLE4(2.0),A,FIN,S1,S1,EXC_A,F21,_Z,_Z,XDC_USD,_Z,N,T001,2025,0.884969,,F,6,A,0,EUR
OECD.SDD.NAD:DSD_NAMAIN10@DF_TABLE4(2.0),A,FRA,S1,S1,EXC_A,F21,_Z,_Z,XDC_USD,_Z,N,T001,2025,0.884969,,F,6,A,0,EUR
OECD.SDD.NAD:DSD_NAMAIN10@DF_TABLE4(2.0),A,DEU,S1,S1,EXC_A,F21,_Z,_Z,XDC_USD,_Z,N,T001,2025,0.884969,,F,6,A,0,EUR
OECD.SDD.NAD:DSD_NAMAIN10@DF_TABLE4(2.0),A,GRC,S1,S1,EXC_A,F21,_Z,_Z,XDC_USD,_Z,N,T001,2025,0.884969,,F,6,A,0,EUR
OECD.SDD.NAD:DSD_NAMAIN10@DF_TABLE4(2.0),A,HUN,S1,S1,EXC_A,F21,_Z,_Z,XDC_USD,_Z,N,T001,2025,353.14,,F,6,A,0,HUF
OECD.SDD.NAD:DSD_NAMAIN10@DF_TABLE4(2.0),A,ISL,S1,S1,EXC_A,F21,_Z,_Z,XDC_USD,_Z,N,T001,2025,128.441487,,F,6,A,0,ISK
OECD.SDD.NAD:DSD_NAMAIN10@DF_TABLE4(2.0),A,IRL,S1,S1,EXC_A,F21,_Z,_Z,XDC_USD,_Z,N,T001,2025,0.884969,,F,6,A,0,EUR
OECD.SDD.NAD:DSD_NAMAIN10@DF_TABLE4(2.0),A,ISR,S1,S1,EXC_A,F21,_Z,_Z,XDC_USD,_Z,N,T001,2025,3.451892,,F,6,A,0,ILS
OECD.SDD.NAD:DSD_NAMAIN10@DF_TABLE4(2.0),A,ITA,S1,S1,EXC_A,F21,_Z,_Z,XDC_USD,_Z,N,T001,2025,0.884969,,F,6,A,0,EUR
OECD.SDD.NAD:DSD_NAMAIN10@DF_TABLE4(2.0),A,JPN,S1,S1,EXC_A,F21,_Z,_Z,XDC_USD,_Z,N,T001,2025,149.657927,,F,6,A,0,JPY
OECD.SDD.NAD:DSD_NAMAIN10@DF_TABLE4(2.0),A,KOR,S1,S1,EXC_A,F21,_Z,_Z,XDC_USD,_Z,N,T001,2025,1422.440833,,F,6,A,0,KRW
OECD.SDD.NAD:DSD_NAMAIN10@DF_TABLE4(2.0),A,LVA,S1,S1,EXC_A,F21,_Z,_Z,XDC_USD,_Z,N,T001,2025,0.884969,,F,6,A,0,EUR
OECD.SDD.NAD:DSD_NAMAIN10@DF_TABLE4(2.0),A,LTU,S1,S1,EXC_A,F21,_Z,_Z,XDC_USD,_Z,N,T001,2025,0.884969,,F,6,A,0,EUR
OECD.SDD.NAD:DSD_NAMAIN10@DF_TABLE4(2.0),A,LUX,S1,S1,EXC_A,F21,_Z,_Z,XDC_USD,_Z,N,T001,2025,0.884969,,F,6,A,0,EUR
OECD.SDD.NAD:DSD_NAMAIN10@DF_TABLE4(2.0),A,MEX,S1,S1,EXC_A,F21,_Z,_Z,XDC_USD,_Z,N,T001,2025,19.237508,,F,6,A,0,MXN
OECD.SDD.NAD:DSD_NAMAIN10@DF_TABLE4(2.0),A,NLD,S1,S1,EXC_A,F21,_Z,_Z,XDC_USD,_Z,N,T001,2025,0.884969,,F,6,A,0,EUR
OECD.SDD.NAD:DSD_NAMAIN10@DF_TABLE4(2.0),A,NZL,S1,S1,EXC_A,F21,_Z,_Z,XDC_USD,_Z,N,T001,2025,1.720108,,F,6,A,0,NZD
OECD.SDD.NAD:DSD_NAMAIN10@DF_TABLE4(2.0),A,NOR,S1,S1,EXC_A,F21,_Z,_Z,XDC_USD,_Z,N,T001,2025,10.395833,,F,6,A,0,NOK
OECD.SDD.NAD:DSD_NAMAIN10@DF_TABLE4(2.0),A,POL,S1,S1,EXC_A,F21,_Z,_Z,XDC_USD,_Z,N,T001,2025,3.760542,,F,6,A,0,PLN
OECD.SDD.NAD:DSD_NAMAIN10@DF_TABLE4(2.0),A,PRT,S1,S1,EXC_A,F21,_Z,_Z,XDC_USD,_Z,N,T001,2025,0.884969,,F,6,A,0,EUR
OECD.SDD.NAD:DSD_NAMAIN10@DF_TABLE4(2.0),A,SVK,S1,S1,EXC_A,F21,_Z,_Z,XDC_USD,_Z,N,T001,2025,0.884969,,F,6,A,0,EUR
OECD.SDD.NAD:DSD_NAMAIN10@DF_TABLE4(2.0),A,SVN,S1,S1,EXC_A,F21,_Z,_Z,XDC_USD,_Z,N,T001,2025,0.884969,,F,6,A,0,EUR
OECD.SDD.NAD:DSD_NAMAIN10@DF_TABLE4(2.0),A,ESP,S1,S1,EXC_A,F21,_Z,_Z,XDC_USD,_Z,N,T001,2025,0.884969,,F,6,A,0,EUR
OECD.SDD.NAD:DSD_NAMAIN10@DF_TABLE4(2.0),A,SWE,S1,S1,EXC_A,F21,_Z,_Z,XDC_USD,_Z,N,T001,2025,9.820706,,F,6,A,0,SEK
OECD.SDD.NAD:DSD_NAMAIN10@DF_TABLE4(2.0),A,CHE,S1,S1,EXC_A,F21,_Z,_Z,XDC_USD,_Z,N,T001,2025,0.831356,,F,6,A,0,CHF
OECD.SDD.NAD:DSD_NAMAIN10@DF_TABLE4(2.0),A,TUR,S1,S1,EXC_A,F21,_Z,_Z,XDC_USD,_Z,N,T001,2025,39.454813,,F,6,A,0,TRY
OECD.SDD.NAD:DSD_NAMAIN10@DF_TABLE4(2.0),A,GBR,S1,S1,EXC_A,F21,_Z,_Z,XDC_USD,_Z,N,T001,2025,0.759474,,F,6,A,0,GBP
OECD.SDD.NAD:DSD_NAMAIN10@DF_TABLE4(2.0),A,USA,S1,S1,EXC_A,F21,_Z,_Z,XDC_USD,_Z,N,T001,2025,1,,F,6,A,0,USD
OECD.SDD.NAD:DSD_NAMAIN10@DF_TABLE4(2.0),A,EA20,S1,S1,EXC_A,F21,_Z,_Z,XDC_USD,_Z,N,T001,2025,0.884969,,F,6,A,0,EUR
OECD.SDD.NAD:DSD_NAMAIN10@DF_TABLE4(2.0),A,EU27_2020,S1,S1,EXC_A,F21,_Z,_Z,XDC_USD,_Z,N,T001,2025,0.884969,,F,6,A,0,EUR
OECD.SDD.NAD:DSD_NAMAIN10@DF_TABLE4(2.0),A,ARG,S1,S1,EXC_A,F21,_Z,_Z,XDC_USD,_Z,N,T001,2025,1240.85125,,F,6,A,0,ARS
OECD.SDD.NAD:DSD_NAMAIN10@DF_TABLE4(2.0),A,BRA,S1,S1,EXC_A,F21,_Z,_Z,XDC_USD,_Z,N,T001,2025,5.587286,,F,6,A,0,BRL
OECD.SDD.NAD:DSD_NAMAIN10@DF_TABLE4(2.0),A,BGR,S1,S1,EXC_A,F21,_Z,_Z,XDC_USD,_Z,N,T001,2025,0.887189,,F,6,A,0,EUR
OECD.SDD.NAD:DSD_NAMAIN10@DF_TABLE4(2.0),A,CPV,S1,S1,EXC_A,F21,_Z,_Z,XDC_USD,_Z,N,T001,2025,97.863152,,F,6,A,0,CVE
OECD.SDD.NAD:DSD_NAMAIN10@DF_TABLE4(2.0),A,CMR,S1,S1,EXC_A,F21,_Z,_Z,XDC_USD,_Z,N,T001,2025,581.928481,,F,6,A,0,XAF
OECD.SDD.NAD:DSD_NAMAIN10@DF_TABLE4(2.0),A,CHN,S1,S1,EXC_A,F21,_Z,_Z,XDC_USD,_Z,N,T001,2025,7.189847,,F,6,A,0,CNY
OECD.SDD.NAD:DSD_NAMAIN10@DF_TABLE4(2.0),A,HRV,S1,S1,EXC_A,F21,_Z,_Z,XDC_USD,_Z,N,T001,2025,0.884969,,F,6,A,0,EUR
OECD.SDD.NAD:DSD_NAMAIN10@DF_TABLE4(2.0),A,CYP,S1,S1,EXC_A,F21,_Z,_Z,XDC_USD,_Z,N,T001,2025,0.884969,,F,6,A,0,EUR
OECD.SDD.NAD:DSD_NAMAIN10@DF_TABLE4(2.0),A,GEO,S1,S1,EXC_A,F21,_Z,_Z,XDC_USD,_Z,N,T001,2025,2.742642,,F,6,A,0,GEL
OECD.SDD.NAD:DSD_NAMAIN10@DF_TABLE4(2.0),A,HKG,S1,S1,EXC_A,F21,_Z,_Z,XDC_USD,_Z,N,T001,2025,7.797083,,F,6,A,0,HKD
OECD.SDD.NAD:DSD_NAMAIN10@DF_TABLE4(2.0),A,IND,S1,S1,EXC_A,F21,_Z,_Z,XDC_USD,_Z,N,T001,2025,87.158448,,F,6,A,0,INR
OECD.SDD.NAD:DSD_NAMAIN10@DF_TABLE4(2.0),A,IDN,S1,S1,EXC_A,F21,_Z,_Z,XDC_USD,_Z,N,T001,2025,16477.86518,,F,6,A,0,IDR
OECD.SDD.NAD:DSD_NAMAIN10@DF_TABLE4(2.0),A,KAZ,S1,S1,EXC_A,F21,_Z,_Z,XDC_USD,_Z,N,T001,2025,521.035,,F,6,A,0,_Z
OECD.SDD.NAD:DSD_NAMAIN10@DF_TABLE4(2.0),A,MDG,S1,S1,EXC_A,F21,_Z,_Z,XDC_USD,_Z,N,T001,2025,4529.751252,,F,6,A,0,MGA
OECD.SDD.NAD:DSD_NAMAIN10@DF_TABLE4(2.0),A,MLT,S1,S1,EXC_A,F21,_Z,_Z,XDC_USD,_Z,N,T001,2025,0.884969,,F,6,A,0,EUR
OECD.SDD.NAD:DSD_NAMAIN10@DF_TABLE4(2.0),A,MAR,S1,S1,EXC_A,F21,_Z,_Z,XDC_USD,_Z,N,T001,2025,9.350277,,F,6,A,0,MAD
OECD.SDD.NAD:DSD_NAMAIN10@DF_TABLE4(2.0),A,MKD,S1,S1,EXC_A,F21,_Z,_Z,XDC_USD,_Z,N,T001,2025,54.654967,,F,6,A,0,MKD
OECD.SDD.NAD:DSD_NAMAIN10@DF_TABLE4(2.0),A,PER,S1,S1,EXC_A,F21,_Z,_Z,XDC_USD,_Z,N,T001,2025,3.567064,,F,6,A,0,_Z
OECD.SDD.NAD:DSD_NAMAIN10@DF_TABLE4(2.0),A,ROU,S1,S1,EXC_A,F21,_Z,_Z,XDC_USD,_Z,N,T001,2025,4.470533,,F,6,A,0,RON
OECD.SDD.NAD:DSD_NAMAIN10@DF_TABLE4(2.0),A,SEN,S1,S1,EXC_A,F21,_Z,_Z,XDC_USD,_Z,N,T001,2025,581.928481,,F,6,A,0,XOF
OECD.SDD.NAD:DSD_NAMAIN10@DF_TABLE4(2.0),A,SRB,S1,S1,EXC_A,F21,_Z,_Z,XDC_USD,_Z,N,T001,2025,103.9754,,F,6,A,0,RSD
OECD.SDD.NAD:DSD_NAMAIN10@DF_TABLE4(2.0),A,SGP,S1,S1,EXC_A,F21,_Z,_Z,XDC_USD,_Z,N,T001,2025,1.30745,,F,6,A,0,SGD
OECD.SDD.NAD:DSD_NAMAIN10@DF_TABLE4(2.0),A,ZAF,S1,S1,EXC_A,F21,_Z,_Z,XDC_USD,_Z,N,T001,2025,17.888749,,F,6,A,0,ZAR
OECD.SDD.NAD:DSD_NAMAIN10@DF_TABLE4(2.0),A,ZMB,S1,S1,EXC_A,F21,_Z,_Z,XDC_USD,_Z,N,T001,2025,25.126242,,F,6,A,0,ZMW
OECD.SDD.NAD:DSD_NAMAIN10@DF_TABLE4(2.0),A,SAU,S1,S1,EXC_A,F21,_Z,_Z,XDC_USD,_Z,N,T001,2025,3.75,,F,6,A,0,SAR
OECD.SDD.NAD:DSD_NAMAIN10@DF_TABLE4(2.0),A,SAU,S1,S1,EXC_A,F21,_Z,_Z,XDC_USD,_Z,N,T001,1952,3.75,,F,6,A,0,SAR
OECD.SDD.NAD:DSD_NAMAIN10@DF_TABLE4(2.0),A,SAU,S1,S1,EXC_A,F21,_Z,_Z,XDC_USD,_Z,N,T001,1953,3.75,,F,6,A,0,SAR
OECD.SDD.NAD:DSD_NAMAIN10@DF_TABLE4(2.0),A,SAU,S1,S1,EXC_A,F21,_Z,_Z,XDC_USD,_Z,N,T001,1954,3.75,,F,6,A,0,SAR
OECD.SDD.NAD:DSD_NAMAIN10@DF_TABLE4(2.0),A,SAU,S1,S1,EXC_A,F21,_Z,_Z,XDC_USD,_Z,N,T001,1955,3.75,,F,6,A,0,SAR
OECD.SDD.NAD:DSD_NAMAIN10@DF_TABLE4(2.0),A,SAU,S1,S1,EXC_A,F21,_Z,_Z,XDC_USD,_Z,N,T001,1956,3.75,,F,6,A,0,SAR
OECD.SDD.NAD:DSD_NAMAIN10@DF_TABLE4(2.0),A,SAU,S1,S1,EXC_A,F21,_Z,_Z,XDC_USD,_Z,N,T001,1957,3.75,,F,6,A,0,SAR
OECD.SDD.NAD:DSD_NAMAIN10@DF_TABLE4(2.0),A,SAU,S1,S1,EXC_A,F21,_Z,_Z,XDC_USD,_Z,N,T001,1958,3.75,,F,6,A,0,SAR
OECD.SDD.NAD:DSD_NAMAIN10@DF_TABLE4(2.0),A,SAU,S1,S1,EXC_A,F21,_Z,_Z,XDC_USD,_Z,N,T001,1959,3.75,,F,6,A,0,SAR
OECD.SDD.NAD:DSD_NAMAIN10@DF_TABLE4(2.0),A,SAU,S1,S1,EXC_A,F21,_Z,_Z,XDC_USD,_Z,N,T001,1987,3.75,,F,6,A,0,SAR
OECD.SDD.NAD:DSD_NAMAIN10@DF_TABLE4(2.0),A,SAU,S1,S1,EXC_A,F21,_Z,_Z,XDC_USD,_Z,N,T001,1988,3.75,,F,6,A,0,SAR
OECD.SDD.NAD:DSD_NAMAIN10@DF_TABLE4(2.0),A,SAU,S1,S1,EXC_A,F21,_Z,_Z,XDC_USD,_Z,N,T001,1989,3.75,,F,6,A,0,SAR
OECD.SDD.NAD:DSD_NAMAIN10@DF_TABLE4(2.0),A,SAU,S1,S1,EXC_A,F21,_Z,_Z,XDC_USD,_Z,N,T001,1990,3.75,,F,6,A,0,SAR
OECD.SDD.NAD:DSD_NAMAIN10@DF_TABLE4(2.0),A,SAU,S1,S1,EXC_A,F21,_Z,_Z,XDC_USD,_Z,N,T001,1991,3.75,,F,6,A,0,SAR
OECD.SDD.NAD:DSD_NAMAIN10@DF_TABLE4(2.0),A,SAU,S1,S1,EXC_A,F21,_Z,_Z,XDC_USD,_Z,N,T001,1992,3.75,,F,6,A,0,SAR
OECD.SDD.NAD:DSD_NAMAIN10@DF_TABLE4(2.0),A,SAU,S1,S1,EXC_A,F21,_Z,_Z,XDC_USD,_Z,N,T001,1993,3.75,,F,6,A,0,SAR
OECD.SDD.NAD:DSD_NAMAIN10@DF_TABLE4(2.0),A,SAU,S1,S1,EXC_A,F21,_Z,_Z,XDC_USD,_Z,N,T001,1994,3.75,,F,6,A,0,SAR
OECD.SDD.NAD:DSD_NAMAIN10@DF_TABLE4(2.0),A,SAU,S1,S1,EXC_A,F21,_Z,_Z,XDC_USD,_Z,N,T001,1995,3.75,,F,6,A,0,SAR
OECD.SDD.NAD:DSD_NAMAIN10@DF_TABLE4(2.0),A,SAU,S1,S1,EXC_A,F21,_Z,_Z,XDC_USD,_Z,N,T001,1996,3.75,,F,6,A,0,SAR
OECD.SDD.NAD:DSD_NAMAIN10@DF_TABLE4(2.0),A,SAU,S1,S1,EXC_A,F21,_Z,_Z,XDC_USD,_Z,N,T001,1997,3.75,,F,6,A,0,SAR
OECD.SDD.NAD:DSD_NAMAIN10@DF_TABLE4(2.0),A,SAU,S1,S1,EXC_A,F21,_Z,_Z,XDC_USD,_Z,N,T001,1998,3.75,,F,6,A,0,SAR
OECD.SDD.NAD:DSD_NAMAIN10@DF_TABLE4(2.0),A,SAU,S1,S1,EXC_A,F21,_Z,_Z,XDC_USD,_Z,N,T001,1999,3.75,,F,6,A,0,SAR
OECD.SDD.NAD:DSD_NAMAIN10@DF_TABLE4(2.0),A,SAU,S1,S1,EXC_A,F21,_Z,_Z,XDC_USD,_Z,N,T001,2000,3.75,,F,6,A,0,SAR
OECD.SDD.NAD:DSD_NAMAIN10@DF_TABLE4(2.0),A,SAU,S1,S1,EXC_A,F21,_Z,_Z,XDC_USD,_Z,N,T001,2001,3.75,,F,6,A,0,SAR
OECD.SDD.NAD:DSD_NAMAIN10@DF_TABLE4(2.0),A,SAU,S1,S1,EXC_A,F21,_Z,_Z,XDC_USD,_Z,N,T001,2002,3.75,,F,6,A,0,SAR
OECD.SDD.NAD:DSD_NAMAIN10@DF_TABLE4(2.0),A,SAU,S1,S1,EXC_A,F21,_Z,_Z,XDC_USD,_Z,N,T001,2003,3.75,,F,6,A,0,SAR
OECD.SDD.NAD:DSD_NAMAIN10@DF_TABLE4(2.0),A,SAU,S1,S1,EXC_A,F21,_Z,_Z,XDC_USD,_Z,N,T001,2004,3.75,,F,6,A,0,SAR
OECD.SDD.NAD:DSD_NAMAIN10@DF_TABLE4(2.0),A,SAU,S1,S1,EXC_A,F21,_Z,_Z,XDC_USD,_Z,N,T001,2005,3.75,,F,6,A,0,SAR
OECD.SDD.NAD:DSD_NAMAIN10@DF_TABLE4(2.0),A,SAU,S1,S1,EXC_A,F21,_Z,_Z,XDC_USD,_Z,N,T001,2006,3.75,,F,6,A,0,SAR
OECD.SDD.NAD:DSD_NAMAIN10@DF_TABLE4(2.0),A,SAU,S1,S1,EXC_A,F21,_Z,_Z,XDC_USD,_Z,N,T001,2007,3.75,,F,6,A,0,SAR
OECD.SDD.NAD:DSD_NAMAIN10@DF_TABLE4(2.0),A,SAU,S1,S1,EXC_A,F21,_Z,_Z,XDC_USD,_Z,N,T001,2008,3.75,,F,6,A,0,SAR
OECD.SDD.NAD:DSD_NAMAIN10@DF_TABLE4(2.0),A,SAU,S1,S1,EXC_A,F21,_Z,_Z,XDC_USD,_Z,N,T001,2009,3.75,,F,6,A,0,SAR
OECD.SDD.NAD:DSD_NAMAIN10@DF_TABLE4(2.0),A,SAU,S1,S1,EXC_A,F21,_Z,_Z,XDC_USD,_Z,N,T001,2010,3.75,,F,6,A,0,SAR
OECD.SDD.NAD:DSD_NAMAIN10@DF_TABLE4(2.0),A,SAU,S1,S1,EXC_A,F21,_Z,_Z,XDC_USD,_Z,N,T001,2011,3.75,,F,6,A,0,SAR
OECD.SDD.NAD:DSD_NAMAIN10@DF_TABLE4(2.0),A,SAU,S1,S1,EXC_A,F21,_Z,_Z,XDC_USD,_Z,N,T001,2012,3.75,,F,6,A,0,SAR
OECD.SDD.NAD:DSD_NAMAIN10@DF_TABLE4(2.0),A,SAU,S1,S1,EXC_A,F21,_Z,_Z,XDC_USD,_Z,N,T001,2013,3.75,,F,6,A,0,SAR
OECD.SDD.NAD:DSD_NAMAIN10@DF_TABLE4(2.0),A,SAU,S1,S1,EXC_A,F21,_Z,_Z,XDC_USD,_Z,N,T001,2014,3.75,,F,6,A,0,SAR
OECD.SDD.NAD:DSD_NAMAIN10@DF_TABLE4(2.0),A,SAU,S1,S1,EXC_A,F21,_Z,_Z,XDC_USD,_Z,N,T001,2015,3.75,,F,6,A,0,SAR
OECD.SDD.NAD:DSD_NAMAIN10@DF_TABLE4(2.0),A,SAU,S1,S1,EXC_A,F21,_Z,_Z,XDC_USD,_Z,N,T001,2016,3.75,,F,6,A,0,SAR
OECD.SDD.NAD:DSD_NAMAIN10@DF_TABLE4(2.0),A,SAU,S1,S1,EXC_A,F21,_Z,_Z,XDC_USD,_Z,N,T001,2017,3.75,,F,6,A,0,SAR
OECD.SDD.NAD:DSD_NAMAIN10@DF_TABLE4(2.0),A,SAU,S1,S1,EXC_A,F21,_Z,_Z,XDC_USD,_Z,N,T001,2018,3.75,,F,6,A,0,SAR
OECD.SDD.NAD:DSD_NAMAIN10@DF_TABLE4(2.0),A,SAU,S1,S1,EXC_A,F21,_Z,_Z,XDC_USD,_Z,N,T001,2019,3.75,,F,6,A,0,SAR
OECD.SDD.NAD:DSD_NAMAIN10@DF_TABLE4(2.0),A,SAU,S1,S1,EXC_A,F21,_Z,_Z,XDC_USD,_Z,N,T001,2020,3.75,,F,6,A,0,SAR
OECD.SDD.NAD:DSD_NAMAIN10@DF_TABLE4(2.0),A,SAU,S1,S1,EXC_A,F21,_Z,_Z,XDC_USD,_Z,N,T001,2021,3.75,,F,6,A,0,SAR
OECD.SDD.NAD:DSD_NAMAIN10@DF_TABLE4(2.0),A,SAU,S1,S1,EXC_A,F21,_Z,_Z,XDC_USD,_Z,N,T001,2022,3.75,,F,6,A,0,SAR
OECD.SDD.NAD:DSD_NAMAIN10@DF_TABLE4(2.0),A,SAU,S1,S1,EXC_A,F21,_Z,_Z,XDC_USD,_Z,N,T001,2023,3.75,,F,6,A,0,SAR
OECD.SDD.NAD:DSD_NAMAIN10@DF_TABLE4(2.0),A,SAU,S1,S1,EXC_A,F21,_Z,_Z,XDC_USD,_Z,N,T001,2024,3.75,,F,6,A,0,SAR
