"id","text","label"
"190002","Water, Sanitation and Hygiene,Multipurpose Cash Assistance,Shelter and Settlements (USAID/OFDA)",0
"199111","Water, Sanitation and Hygiene,Multipurpose Cash Assistance,Shelter and Settlements

( USAID/OFDA)",0
"199795","Water, Sanitation and Hygiene,Multipurpose Cash Assistance,Agriculture and Food Security (USAID/OFDA)",0
"183061","Water, Sanitation and Hygiene,Multipurpose Cash Assistance,Shelter and Settlements,Risk Management Policy and Practice (USAID/OFDA)",0
"199891","Water, Sanitation and Hygiene,Multipurpose Cash Assistance,Protection,Agriculture and Food Security (USAID/OFDA)",0
"183614","Water, Sanitation and Hygiene,Multipurpose Cash Assistance,Protection,Agriculture and Food Security ( USAID/OFDA)",0
"182914","Water, Sanitation and Hygiene,Multipurpose Cash Assistance,Shelter and Settlements,Agriculture and Food Security (USAID/OFDA)",0
"180478","Water, Sanitation and Hygiene,Economic Recovery and Market Systems,Multipurpose Cash Assistance,Protection,Shelter and Settlements_x000D__x000D_
( USAID/OFDA)",0
"180479","Water, Sanitation and Hygiene,Economic Recovery and Market Systems,Multipurpose Cash Assistance,Protection,Shelter and Settlements_x000D__x000D_
( USAID/OFDA)",0
"199889","Water, Sanitation and Hygiene,Multipurpose Cash Assistance,Protection,Shelter and Settlements,Agriculture and Food Security (USAID/OFDA)",0
"197087","Water, Sanitation and Hygiene,Nutrition,Multipurpose Cash Assistance,Protection ( USAID/OFDA)",0
"182905","Water, Sanitation and Hygiene,Multipurpose Cash Assistance,Protection (USAID/OFDA)",0
"163305","WASH, CASH & Livestock Support in Borena Zone",0
"199428","Health,Water, Sanitation and Hygiene,Multipurpose Cash Assistance,Protection,Shelter and Settlements (USAID/OFDA)",0
"183486","Health,Water, Sanitation and Hygiene,Multipurpose Cash Assistance,Protection,Shelter and Settlements (USAID/OFDA)",0
"182814","Water, Sanitation and Hygiene,Economic Recovery and Market Systems,Multipurpose Cash Assistance,Protection,Shelter and Settlements,Humanitarian Coordination and Info Management,Risk Management Policy and Practice ( USAID/OFDA)",0
"199855","Integrated response, offering lifesaving support to these displaced Myanmar national providing health & medical service, Food & Non-Food Items, Shelter & Construction, Nutrition, Psycho-Social Support, Gender Based Violence and recently added to Cash Assistance Program to families, and particularly to the most vulnerable individuals including women, children, and the elderly",0
"199776","Health,Water, Sanitation and Hygiene,Nutrition,Multipurpose Cash Assistance,Shelter and Settlements,Agriculture and Food Security

(USAID/OFDA)",0
"193033","Hygiene, nutritional and winter assistance as cash as well as psychosocial support for conflict-affected needy along the line of contact, Eastern Ukraine. 2019: 962,089 €; 2020: 2,714,203 €; 2021: 1,257,996 € (2019 portion)",0
"180073","WASH, food security through cash transfers and safeguards in the state of Bieh; 2018: 712.500,00 € 2019: 2.250.000,00 € 2020: 1.312.500,00 €, Multiyear 2018-2020, total award Euro 4,275,000",0
"202522","Capacity Building, Food Security, Health, Logistics Support and Relief Commodities, Multipurpose Cash Assistance, WASH through IPs (State/PRM)",0
"204967","First line response,support and access to most vulnerable IDPs and host community through immediate provision of shelter NFIs/Cash for rent/and CCCM activities in Dhi-Sufal district,Ibb governorate and Almaafer ,Dhubab district,Taiz governorate",0
"204968","First line response,support and access to most vulnerable IDPs and host community through immediate provision of shelter NFIs/Cash for rent/and CCCM activities in Dhi-Sufal district,Ibb governorate and Almaafer ,Dhubab district,Taiz governorate",0
"199488","Health,Water, Sanitation and Hygiene,Economic Recovery and Market Systems,Nutrition,Multipurpose Cash Assistance,Protection,Shelter and Settlements,Humanitarian Coordination and Info Management,Agriculture and Food Security,Risk Management Policy and Practice (USAID/OFDA)",0
"182656","Agriculture and Food Security, Economic Recovery and Market_x000D__x000D_
Systems, Health, Humanitarian Coordination and Information Management, Logistics Support and Relief Commodities,Multipurpose Cash Assistance, Nutrition, Protection, Shelter andSettlements, WASH through Non-Governmental Organization (NGO)_x000D__x000D_
Partners ( USAID/OFDA)",0
"199257","Health,Economic Recovery and Market Systems,Multipurpose Cash Assistance,Protection ( USAID/OFDA)",0
"197765","WASH, shelter, cash assistance, protection",0
"198327","Health,Water, Sanitation and Hygiene,Economic Recovery and Market Systems,Nutrition,Multipurpose Cash Assistance,Protection,Agriculture and Food Security (USAID/OFDA)",0
"182909","Health,Water, Sanitation and Hygiene,Economic Recovery and Market Systems,Nutrition,Multipurpose Cash Assistance,Protection,Agriculture and Food Security (USAID/OFDA)",0
"199114","Economic Recovery and Market Systems,Multipurpose Cash Assistance,Humanitarian Coordination and Info Management ( USAID/OFDA)",0
"199536","Multipurpose Cash Assistance,Humanitarian Coordination and Info Management,Agriculture and Food Security (USAID/OFDA)",0
"181515","Basic medical care and cash assistance in Iraq2018: 1.400.000,00 € 2019: 1.000.000,00 € 2020: 1.000.000,00 € (2019 portion)",0
"166796","Provision of cash for food and psychosocial support to IDP women, boys, girls and men, specific ESNFI needs assessment for particularly women headed households to respond most vulnerable families, and creating safe environment for affected children during emergencies in Kandahar, Hilmand, Uruzgan and Zabul provinces.",0
"166797","Provision of cash for food and psychosocial support to IDP women, boys, girls and men, specific ESNFI needs assessment for particularly women headed households to respond most vulnerable families, and creating safe environment for affected children during emergencies in Kandahar, Hilmand, Uruzgan and Zabul provinces.",0
"166798","Provision of cash for food and psychosocial support to IDP women, boys, girls and men, specific ESNFI needs assessment for particularly women headed households to respond most vulnerable families, and creating safe environment for affected children during emergencies in Kandahar, Hilmand, Uruzgan and Zabul provinces.",0
"181514","Basic medical care and cash assistance in Iraq2018: 1.400.000,00 €    2019: 1.000.000,00 €    2020: 1.000.000,00 € (2018 portion)",0
"192015","RRM: Assist flood affected people with NFIs, unconditional cash transfers and psycho social support",0
"199537","Economic Recovery and Market Systems,Multipurpose Cash Assistance,Shelter and Settlements (USAID/OFDA)",0
"183787","Economic Recovery and Market Systems,Multipurpose Cash Assistance,Shelter and Settlements ( USAID/OFDA)",0
"184562","Cash Assistance, Health, Livelihoods, Shelter and Settlements, WASH (STATE/PRM)",0
"204963","Food security assistance through cash plus, agriculture and fishery inputs in the most vulnerable districts of Al-Hodaydah, Al-Mahwait, Lahij and Taiz governorates in Yemen",0
"200901","Capacity Building, Cash-Based Programming, Health, Protection, Livelihoods, Relief Commodities, Shelter and Settlements, WASH (Jordan, Lebanon, Syria, ) through Implementing Partner (State/PRM)",0
"201847","Support basic needsm including food, thorugh cash based interventions as well as health and wash activities to restore and strengthen livelihoods in drought crisis",0
"186884","Support to vulnerable farmers through agricultural inputs/kits, capacity building and cash for work schemes to revitalize food production, livelihoods and income in the rural areas of Anbar, Kirkuk, Diyala and Salah Al Din.",0
"197468","Support for Venezuelan refugees and Colombian returnees in the area of health and protection, including integrated cash assistance and child nutrition2018: 100.000,00 2019: 600.000,00 €",0
"183300","Support to Palestine Refugees in Syria through providing essential services including quality healthcare and education and emergency cash assistance",0
"155543","Support to Palestine Refugees in Syria through providing essential services including quality healthcare and education and emergency cash assistance",0
"180318","Provision of integrated food security through restocking and cash for work and nutrition through awareness to most vulnerable drought and sagoar cyclone effected population in Badhan and Taleh Districts.",0
"194296","Durable Solutions, Emergency Response, Health, Humanitarian Coordination and Information Management, Logistics Support and Relief Commodities, Multi-Purpose Cash Assistance, Multi-Sector Assistance, Protection, Shelter and Settlements (State/PRM)",0
"191796","Humanitarian assistance in the fields of nutritition (with Cash-measures), water and sanitation, and shelter for IDPs in Nordshan and Kachin/Myanmar (2019 portion)",0
"180506","Support for Venezuelan refugees and Colombian returnees in the area of health and protection, including integrated cash assistance and child nutrition 2018: 100.000,00 2019: 600.000,00 € (2019 portion) / Atención a migrantes y comunidad receptora en Soledad Atlantico, Bayunca Bolivar y Cúcuta Norte de Santander: en salud, proteción y nutrición: Atención médica general, asistencia psicosocial, espacios amigables para niños, asistencia legal, fortalecimiento institucional, campaña de sencibilización, talleres de nutrición. Entrega de kit de higiene, kit para madres lactantes y gestantes, kit recien nacido, entrega de suplementos alimenticios para niños, entraga de cash (cash for work).",0
"166809","Provision of WASH, Food Security (Cash transfer) and Protection assistance for IDPs and Returnees families in Khas Kuner district of Kuner province and Khugiani district of Nangrahar province",0
"166810","Provision of WASH, Food Security (Cash transfer) and Protection assistance for IDPs and Returnees families in Khas Kuner district of Kuner province and Khugiani district of Nangrahar province",0
"166811","Provision of WASH, Food Security (Cash transfer) and Protection assistance for IDPs and Returnees families in Khas Kuner district of Kuner province and Khugiani district of Nangrahar province",0
"196460","Cash & In-kind assistance for a total of 4265 IDPs/Cash for 1204 HHs,In kind/NFI Support for 2810 IDPs, and shelter repairs support for 250 returnees",0
"202487","Emergency response with shelter kits, food baskets, RTEs, shelter kits, winterization vouchers, NFI, MPGs (funding source. ECHO)",0
"199979","Sudan/CE Darfur: Water, Sanitation and Hygiene,Nutrition,Multipurpose Cash Assistance,Agriculture and Food Security ( USAID/OFDA)",0
"202483","Emergency response with shelter kits, food baskets, RTEs, shelter kits, winterization vouchers, NFI, MPGs (funding source. UK)",0
"199322","Economic Recovery and Market Systems,Multipurpose Cash Assistance,Risk Management Policy and Practice

(USAID/OFDA)",0
"174067","Short-term (voucher & in-kind) food assistance and provision of access to agricultural input/work for 4,805 people in Bashiqa Township",0
"167296","Water trucking,food and cash contributions",0
"183705","Humanitarian assistance in the areas of WASH and cash for work and unconditional cash transfers for Malian refugees and host communities; 2018: 25.460,54 € 2019: 681.098,95 € 2020: 508.440,51 € (2018 portion)",0
"183706","Humanitarian assistance in the areas of WASH and cash for work and unconditional cash transfers for Malian refugees and host communities; 2018: 25.460,54 € 2019: 681.098,95 € 2020: 508.440,51 € (2019 portion)",0
"195802","Supporting earthquake-affected families in Sulawesi in restoring their livelihoods and WASH infrastructure :Water, Sanitation & Hygiene Promotion; Cash Transfer; Prevention & Preparedness",0
"176580","Cash and Resilience (Unconditional Cash, Agricultural Training and Inputs, Tree Nurseries)",0
"179077","Unconditional cash and food, NFI and Wash kits distribution_x000D__x000D_
 Syria - NFI/Shelter (50%), Syria - Food Security/Livelihoods (25%), Syria - WASH (25%)",0
"167571","Cash Project, diversication of livelihoods and market internevtions to strengthen vulnerable households; 2017: 90.000,00 € 2018: 405.000,00 € (AA-S09 321.50 SSD 13/17)",1
"167570","Cash Project, diversication of livelihoods and market internevtions to strengthen vulnerable households; 2017: 90.000,00 € 2018: 405.000,00 € (AA-S09 321.50 SSD 13/17)",0
"191867","CASH and shelter support to flood affected families in Blantyre and Chikwawa districts in Malawi. Hygiene promotion campaign. Awareness raising GBV and CPV",0
"185359","Improvement of water supply, cash assistance and protection measures for internally displaced persons, returnees and host communities in Nineva",0
"193334","Cash Assistance for essential needs ($429,304), Safety and Security ($4,614), Capacity and Management Support ($96,809), Protection ($333), Emergency Health ($125,960), Education in Emergencies ($97,128)",0
"195768","Food, Cash for Food, Shelter, WASH, Protection, Capacity Building Multisector in Kachin / Shan - - Myanmar 2019",0
"191483","Improving immediate access to food and restoring livelihood-related food and income sources for drought and conflict affected people through Cash and provision of emergency livestock assistance in Alula and Bargaal Districts of Bari region, Somalia",0
"206538","Cash Assistance for essential needs; Education in Emergencies; Emergency Health",0
"156899","Improving food security and livelihoods through distribution of food vouchers, cash for work activities and provision of animal health/fisheries services.",0
"183911","Food emergency and cash help for especially vulnerable persons in Niger; 2018: 4.000.000,00 € 2019: 1.000.000,00 € (2019 portion)",0
"204943","Providing Cash and Agricultural support to highly vulnerable agricultural dependent and acutely food insecure families in Mawza district of Taizz governorate and Al-Qafr district of Ibb governorate",0
"170310","Cash for shelter + basic health care, vocational education, fire safety",0
"182438","Support to Protect Food Security and Livelihoods through Rehabilitation of Agriculture Infrastructure and Cash for Work programs.",0
"187487","Food assistance, livelihood support, cash",0
"198653","Sudan/CE non-Darfur: Water, Sanitation and Hygiene,Multipurpose Cash Assistance,Agriculture and Food Security ( USAID/OFDA)",0
"200900","Cash-Based Programming, Education, Health, Livelihoods, Mental Health, Protection, Psychosocial Assistance, Shelter, WASH through NGO Partners (Egypt, Iraq, Jordan, Lebanon, Syria, Turkey) (State/PRM)",0
"156748","WASH, NFIs, cash, livelihoods through CARE Canada   (D004409).",0
"163356","Health, shelter, NFI, WASH, food security and livelihoods_x000D__x000D_
(including unconditional cash) and disaster risk reduction (DRR) assistance to those affected by flooding in Bangladesh.",0
"199650","Humanitarian assistance to affected population by means of food distribution, cash transfers and treatment and preventment of malnutrition",0
"166785","Supporting new and prolonged IDPs to meet their emergency food, WASH and Education needs in Kandahar and Takhar Provinces of Afghanistan through immediate cash transfer modality, WASH interventions and establishment of children Temporary Learning Space (TLS)",0
"166786","Supporting new and prolonged IDPs to meet their emergency food, WASH and Education needs in Kandahar and Takhar Provinces of Afghanistan through immediate cash transfer modality, WASH interventions and establishment of children Temporary Learning Space (TLS)",0
"166787","Supporting new and prolonged IDPs to meet their emergency food, WASH and Education needs in Kandahar and Takhar Provinces of Afghanistan through immediate cash transfer modality, WASH interventions and establishment of children Temporary Learning Space (TLS)",0
"174144","Aid to victims of conflict in South Sudan (cash, seeds, agriculture & fishing tools, education)",0
"195703","Integrated humanitarian aid - in tangible and cash - and disaster risk reduction for those affected by climate-related crises in the Awdal region (2019 portion)",0
"185789","Provision of crop and vegetable seeds, tools, fishing kits, and agricultural training, cash-based transfers",1
"176799","Provision of crop and vegetable seeds, tools, fishing kits, and agricultural training, cash-based transfers",0
"176800","Provision of crop and vegetable seeds, tools, fishing kits, and agricultural training, cash-based transfers",0
"176802","Provision of crop and vegetable seeds, tools, fishing kits, and agricultural training, cash-based transfers",0
"176807","Provision of crop and vegetable seeds, tools, fishing kits, and agricultural training, cash-based transfers",0
"176798","Provision of crop and vegetable seeds, tools, fishing kits, and agricultural training, cash-based transfers",0
"176801","Provision of crop and vegetable seeds, tools, fishing kits, and agricultural training, cash-based transfers",0
"176806","Provision of crop and vegetable seeds, tools, fishing kits, and agricultural training, cash-based transfers",0
"185788","Provision of crop and vegetable seeds, tools, fishing kits, and agricultural training, cash-based transfers",0
"185807","Provision of crop and vegetable seeds, tools, fishing kits, agriculture trainings, food processing, post harvest management, cash/voucher for assets (roads, dykes), construction of 1 school building, WASH (latrines, boreholes).",0
"185806","Provision of crop and vegetable seeds, tools, fishing kits, agriculture trainings, food processing, post harvest management, cash/voucher for assets (roads, dykes), construction of 1 school building, WASH (latrines, boreholes).",0
"195729","Improve access to food, water, sanitation, health care and nutrition by providing essential goods, services and cash support to vulnerable households of internally displaced people and host communities in Baidoa",0
"204862","Emergency Livelihood Cash and Fishery Assistance to targeted highly vulnerable fishery-dependent in Brom Mayfa district of Hadhramaut governorate and Dubab district of Taiz governorate.",0
"184356","Emergency relief, including cash transfers for vulnerable agro-pastoral households in the areas of food security and livestock security in the Kayes areaNew allocation to the financial years as follows :   2018: 346.663,00 €    2019: 148.337,00 € (2018 portion)",0
"184357","Emergency relief, including cash transfers for vulnerable agro-pastoral households in the areas of food security and livestock security in the Kayes areaNew allocation to the financial years as follows : 2018: 346.663,00 € 2019: 148.337,00 € (2019 portion)",0
"172492","Construction of sanitation infrastructure, distribution of hygiene kits, distribution of seeds and food vouchers (seed protection ration)",0
"194826","Emergency aid for vulnerable internally displaced persons and host communities through cash transfer, securing livelihoods and WASH activities in South-Central Somalia and Mandera",0
"194827","Emergency aid for vulnerable internally displaced persons and host communities through cash transfer, securing livelihoods and WASH activities in South-Central Somalia and Mandera",0
"204934","Provision of cash + Agricultural Livelihood interventions to the most vulnerable households at Jabal Ash Sharq district of Dhamar Governorate",0
"199914","Food and Cash-based Assistance for Vulnerable Populations in Somalia",0
"199916","Food and Cash-based Assistance for Vulnerable Populations in Somalia",0
"199918","Food and Cash-based Assistance for Vulnerable Populations in Somalia",0
"199922","Food and Cash-based Assistance for Vulnerable Populations in Somalia",0
"199925","Food and Cash-based Assistance for Vulnerable Populations in Somalia",0
"203836","Food and Cash-based Assistance for Vulnerable Populations in Somalia",0
"203837","Food and Cash-based Assistance for Vulnerable Populations in Somalia",0
"203838","Food and Cash-based Assistance for Vulnerable Populations in Somalia",0
"203840","Food and Cash-based Assistance for Vulnerable Populations in Somalia",0
"174355","Rehabilitation of water points, WASH support in a health facility, distribution of agricultural inputs for market gardening and distribution of food vouchers (P006155)",0
"197575","Cash and WASH support",0
"157117","Emergency Distribution of NFIs and Cash Transfer to Returnees and IDPs",0
"161970","Multi-year basic relief (NFIs and fuel vouchers) for vulnerable IDPs who have fled acute violencein Iraq 15)_x000D__x000D_
_x000D__x000D_
Shelter-NFI: $ 2,098,608_x000D__x000D_
Protection (psychosocial): $ 386,389_x000D__x000D_
Health: $ 577,730",0
"198749","Child protection and multi-purpose cash activities in response to displacements in North West Syria.",0
"204886","Livelihood Support through Cash+ Agriculture Assistance Package in Radfan District in Lahj Governorate and Bayhan District in Shabwah Governorate",0
"169444","Agriculture Production for potatoes and vegetables, and Cash For Work",0
"200874","Cash-Based Programming, Child Protection, Education, Gender-Based Violence, Health, Nutrition, WASH, Youth Programs (Egypt, Iraq, Jordan, Lebanon, Turkey) (State/PRM)",1
"183219","Cash for work and unconditional cash, distibution of livelihoods kits and training in Aweil East..from Tearfund",0
"155002","Cash-for-Work, Cash Transfers for Food, Food Vouchers, Local Procurement, Nutrition through IPs (USAID/FFP)",0
"199814","Food and Cash-based Assistance for Vulnerable Populations in Somalia (USAID/FFP)",0
"195369","1. Provide technical assistance, mobilize partnerships and resources to promote migrant, asylum seeker, refugee and host women’s economic empowerment, opportunities and rights.

2. Provide Portuguese classes; vocational trainings on finance/accounting, business/entrepreneurship development; job counselling and legal advice on work permits and job security and other activities to improve livelihoods and life skills to female-only groups of Venezuelan migrant, asylum seeker refugee women.

3. Provide multi-purpose, unconditional, unrestricted cash to Venezuelan migrant, asylum seeker refugee women to support recovery, resiliency, economic empowerment and relocation. Total amount: € 95,323 (2019: € 67,823; 2020: € 27,500)",0
"177918","SI: Livestock vaccination and  treatment activities; distribution of food vouchers.",0
"203104","GROWING SAFER: SUPPORTING SCHOOL DISASTER PREVENTION &amp; BUILDING BACK BETTER RECONSTRUCTION (ECHO/-SF/BUD/2019/91020)",0
"201385","Cash transfers and child protection activities focusing on most vulnerable due to food insecurity",0
"201355","Family Strengthening through Cash Transfer and Child Protection in Baidoa, Somalia",0
"157510","Transitional Shelter Solutions and Cash for Work Support",0
"181056","Provision of access to life-saving and life-sustaining non-food items and emergency shelter materials to the most vulnerable displaced and returning communities through mobile response across South Sudan and Cash-based modality in Bor South County.",0
"183626","Venezuela Regional/CE: Health,Water, Sanitation and Hygiene,Multipurpose Cash Assistance ( USAID/OFDA)",0
"202095","Shelter upgrading and winterization cash based assistance for IDPs and Host community in 12 Hard to reach districts of Laghman, Nangrahar and Kunar provinces",1
"198023","Multi-year basic relief (NFIs and fuel vouchers) for vulnerable IDPs who have fled acute violencein Iraq Financial year 2015: 1.000.000,00 € 2016: 3.000.000,00 € 2017: 5.000.000,00€ 2018: 2.000.000,00€Top up financial year 2017: 4.000.000,00 € 2018: 1.000.000,00 € 2019: 2.000.000,00 € (AA-S05-321.50 IRQ 13/15)",1
"167995","Multi-year basic relief (NFIs and fuel vouchers) for vulnerable IDPs who have fled acute violencein Iraq Financial year 2015: 1.000.000,00 € 2016: 3.000.000,00 € 2017: 5.000.000,00€ 2018: 2.000.000,00€Top up financial year 2017: 4.000.000,00 € 2018: 1.000.000,00 € 2019: 2.000.000,00 € (AA-S05-321.50 IRQ 13/15)",0
"200067","Provide food security and nutrition support to people affected by the humanitarian crisis in Northeast Nigeria through general food, cash and voucher distributions, blanket supplementary feeding, livelihoods, and building government's capacity in disaster risk reduction and emergency preparedness.(part of ECHO/-WF/BUD/2018/91011)",0
"189837","Distribution of food, cash transfers, treating and preventing malnutrition.",0
"189838","Distribution of food, cash transfers, treating and preventing malnutrition.",0
"189839","Distribution of food, cash transfers, treating and preventing malnutrition.",0
"189840","Distribution of food, cash transfers, treating and preventing malnutrition.",0
"189841","Distribution of food, cash transfers, treating and preventing malnutrition.",0
"190604","Distribution of food, cash transfers, treating and preventing malnutrition.",0
"196228","Capacity and Management Support ($347,303); Cash Assistance for essential needs ($5,577)",0
"196522","Improve the living conditions of internally displaced people with cash and wash assistance to meet immediate basic needs",0
"161969","Multi-year basic relief (NFIs and fuel vouchers) for vulnerable IDPs who have fled acute violencein Iraq Financial year 2015: 1000000.00 €, 2016: 3000000.00 €, 2017: 5000000.00€, 2018: 2000000.00€",0
"184408","Multi-Purpose Cash and Education to Reduce the Impact of Super Typhoon Mangkhut / Ompong in the Philippines2018: 401.590,78 € 2019: 98.409,22 € (2019 portion)",0
"184410","Multi-Purpose Cash and Education to Reduce the Impact of Super Typhoon Mangkhut / Ompong in the Philippines2018: 401.590,78 €    2019: 98.409,22 € (2018 portion)",0
"193326","Palestinian Refugees from Syria in Lebanon : Cash Assistance for essential needs ($2,697,419), Safety and Security ($11,575), Capacity and Management Support ($291,725), Education in Emergencies ($1,192,712), Emergency Health ($204,553) and Protection ($201,832) (MEU-19/0003-2)",0
"192067","Food and Cash-based Assistance to refugees in Refugee Camps in Northwestern Tanzania (ECHO/COD/BUD/2019/91002)",0
"186918","Global: Cash and market Specialis: WASH, Water resources conservation (including data collection), Multiyear 2018-2019, 2019 portion, total amount CHF 380,000 ( Z7H214200064)",1
"183063","Construction of 340 Shelters and Latrines and Multi purpose cash distribution for 382 households (USAID/OFDA)",0
"193284","Integrated community-based management of acute malnutrition, cash and WASH services in the Korahe zone of the Somali region. 2019: 900,000 €; 2020: 450,000 € (2019 portion)",0
"190871","PAM: Relance de la production agricole+cashCICR: Achat et distribution de semencesSI: Assistance en vivres et en intrants agricoles",0
"190872","PAM: Relance de la production agricole+cashCICR: Achat et distribution de semencesSI: Assistance en vivres et en intrants agricoles",0
"190873","PAM: Relance de la production agricole+cashCICR: Achat et distribution de semencesSI: Assistance en vivres et en intrants agricoles",0
"195866","Multi-sector emergency and cash response for Nigerian refugees, IDPs, returnees and vulnerable host populations living in areas bordering Nigeria, Far North Cameroon; 2018: 95.000,00 € 2019: 1.030.000,00 € (2019 portion)",0
"170728","Aide aux réfugiés irakiens de Madaba et Kerak : cash for work et formation professionelle",0
"201896","Winter assistance through cash and in-kind benefits for returnees, internally displaced persons and particularly vulnerable households in host communities (2019 portion)",0
"181783","Food assistance and early reconstruction with cash to secure a livelihood for needy internally displaced persons and returnees in the state of Borno; 2018: 400.000,00 € 2019: 1.000.000,00 € (2019 portion)",0
"190719","PAM: fourniture d'aliments adaptés pr enfants de 6 à 23 mois et FEAGret:bons achats et rations de prorection +farines fortifiéesACF: diversification alimentaire et traitement de la malnutrition",0
"190720","PAM: fourniture d'aliments adaptés pr enfants de 6 à 23 mois et FEAGret:bons achats et rations de prorection +farines fortifiéesACF: diversification alimentaire et traitement de la malnutrition",0
"190721","PAM: fourniture d'aliments adaptés pr enfants de 6 à 23 mois et FEAGret:bons achats et rations de prorection +farines fortifiéesACF: diversification alimentaire et traitement de la malnutrition",0
"202285","Rehabilitation of water systems, cash assistance for renovation and protection measures for conflict-affected persons- Multi year - 2019 portion-",0
"202065","Distribution of lifesaving non-food items, shelter materials and cash for shelter for the most vulnerable displacement affected populations in South Sudan.",0
"156739","In response to 2017 appeal:WASH, health, nutrition, cash, livelihoods through L'Oeuvre Léger (D004378).",0
"169475","Provide food assistance, medical services, and emergency cash assistance_x000D__x000D_
(part of D003267)",0
"173139","In response to 2018 appeal:WASH, health, nutrition, cash, livelihoods through L'Oeuvre Léger (D004378).",0
"191906","Immediate humanitarian assistance to the most vulnerable Syrian refugees in Hatay province through case management, seasonal cash support and emergency shelter repair. 2019: 1,124,800 €; 2020: 427,130 € (2019 portion)",0
"199745","Support to the United Nations Relief and Works Agency for Palestine Refugees in the Near East (UNRWA): Capacity and Management Support ($237,207); Cash Assistance for essential needs ($170,570); Safety and Security (105,894)",0
"181193","Provision of life-saving dry season vegetable kits and fishing kits, integrated with cash-for-work/WASH from other programs, for the most vulnerable 8500 households in Koch County to support their restoration of livelihoods for improving food security.",0
"166664","Provision of life-saving Emergency Shelter and Non-Food Items, and distribution of cash vouchers in CES and EES.",0
"193757","PAM: transfert d'espèces + traitement de la MAMUnicef: traitement MAS",0
"193768","PAM: transfert d'espèces + traitement de la MAMUnicef: traitement MAS",0
"177912","Acted : Transferts monétaires + activités maraichaires",0
"168811","Provide support to  10 public  schools  in 2 Bay regional towns of Berdale and Bur hakaba  through the provision of clean drinking water, provision of school cash grants, emergency teacher incentives, Construction of 2 temporary learning space (TLS) with 2 twin latrine",0
"192448","Distribution of lifesaving non-food items, shelter materials and cash for shelter for the most vulnerable conflict and disaster-affected populations in South Sudan",0
"194716","Securing the basic needs of vulnerable groups through cash assistance, primary care and psychosocial activities",0
"197658","Supporting the livelihood of the vulnerable Farmers with vouchers for agriculture inputs and irrigation fees for vegetables",1
"190940","PAM: Rations alimentaires ou bons alimentaires pour populations en IPC 4 ou supérieurCICR: colis alimentaires+riz",0
"190941","PAM: Rations alimentaires ou bons alimentaires pour populations en IPC 4 ou supérieurCICR: colis alimentaires+riz",0
"183310","unconditional cash transfers to 4,400 households; livelihood recovery assistance to 2,300 farmers through seed distribution and 1,900 herders through feed and fodder distributions; safe drinking water through the rehabilitation of 220 wells and 14 water networks and construction of 31 boreholes; and 21 small scale structural mitigation projects through community based Disaster Risk Reduction (ECHO/-AS/BUD/2018/91028)",0
"187086","Improvement of water supply and cash assistance to create housing for returnees.",0
"183433","Cash Assistance for essential needs, including food, shelter and NFIs; Emergency Health_x000D__x000D_
Capacity and Management Support",0
"180082","Supporting drought affected host communities and IDPs to meet their emergency food and WASH needs in Kandahar and Helmand Provinces of Afghanistan through immediate cash transfer modality and WASH interventions",0
"180083","Supporting drought affected host communities and IDPs to meet their emergency food and WASH needs in Kandahar and Helmand Provinces of Afghanistan through immediate cash transfer modality and WASH interventions",0
"189355","In response to 2019 appeal: Shelter, NFI, WASH, livelihood, Cash programming

(P007412)",0
"174550","PAM: Fournir une assistance alimentaire aux ménages réfugiés syriens au Liban avec une aide en espèces; AMEL: cuisines et jardins collectifs/distribution de repas chaud; ACF: Bons d'achat pour produits frais+jardins potagers dans des écoles",0
"195865","Multi-sector emergency and cash response for Nigerian refugees, IDPs, returnees and vulnerable host populations living in areas bordering Nigeria, Far North Cameroon",0
"195867","Multi-sector emergency and cash response for Nigerian refugees, IDPs, returnees and vulnerable host populations living in areas bordering Nigeria, Far North Cameroon",0
"174549","PAM: Cantines scolaires pour réfugiés syriens+cash pour femmes qui vont cuisiner ces repas; UNRWA : Transfert d'espèces pour les réfugiés palestiniens",0
"154985","Food and cash to improve food security in Nugaal/Sool, Puntland State and Bay, South West State of Somalia. (D002531).",0
"169054","Delivering case managment and GBV cash assistance within a survivor centered approach for Syrian refugee and host community women in Jordan, Multiyear 2017-2019, total amount CHF 520,000 (7F-09919.01)",0
"188080","Lean Season Assistance (LSA): Cash and/or food transfers to the most vulnerable households affected by seasonal food shortages.",0
"156243","Provide food assistance, medical services, and emergency cash assistance (D003920)",0
"156245","Provide food assistance, medical services, and emergency cash assistance (D003920)",0
"203832","In kind - Food and Cash-based Assistance for Vulnerable Populations in Somalia (USAID/FFP)",0
"184732","Multi-year basic relief (NFIs and fuel vouchers) for vulnerable IDPs who have fled acute violence in Iraq. Financial year 2018",0
"184731","Multi-year basic relief (NFIs and fuel vouchers) for vulnerable IDPs who have fled acute violence in Iraq. Financial year 2019",0
"163340","Emergency food, water and healthcare assistance in Yemen (including cash-transfer programming)",0
"193329","Palestinian Refugees Assistance in Syria (MEU-19/0003-1). Cash Assistance for essential needs ($391,163); Food Assistance ($109,335); Safety and Security ($809,634); Capacity and Management Support ($360,417); Education in Emergencies ($1,841,470); Emergency Health ($293,040); Environmental Health ($176,490); Livelihoods ($43,290)",0
"190587","Multipurpose cash assistance in Kasai, Kasaï Central and Tanganyika to conflict affected people and Congolese nationals expelled from Angola and the strengthening of food security data collection to improve an evidence-based response to the needs of affected populations in the DRC (part of ECHO/COD/BUD/2019/91008)",1
"196542","Multipurpose cash assistance in Kasai, Kasaï Central and Tanganyika to conflict affected people and Congolese nationals expelled from Angola and the strengthening of food security data collection to improve an evidence-based response to the needs of affected populations in the DRC (part of ECHO/COD/BUD/2019/91008)",1
"198558","Multipurpose cash assistance in Kasai, Kasaï Central and Tanganyika to conflict affected people and Congolese nationals expelled from Angola and the strengthening of food security data collection to improve an evidence-based response to the needs of affected populations in the DRC (part of ECHO/COD/BUD/2019/91008)",0
"167530","Multi-purpose cash grants, cash for work, micro-grants, capacity building",1
"163341","Emergency food, water and healthcare assistance in Nigeria (including cash-transfer programming)",0
"183625","Venezuela Regional/CE: Multipurpose Cash Assistance,Protection ( USAID/OFDA)",0
"203039","Implementation of Grand Bargain Commitments in the field of Harmonization and Simplification of Donor Reporting Requirements as well as cash-based humanitarian assistance; 2017: 55.224,00 € 2018: 100.294,00 € 2019: 61.194,00 € (2019 portion)",0
"193265","Integrated health and nutrition (TSFP MCHN) programing and food distribution with conditional vouchers in Banadir.",0
"166806","Emergency assistance to 750 IDPs households (5250 individuals) through cash transfers, protection, and WASH to improve the humanitarian conditions of conflict-affected persons in hard-to-reach areas in the East region of Afghanistan, in particular in the districts of Surkh Rod in Nangahar, and Dari-i-Pech and Khas Kunar in Kunar",0
"166807","Emergency assistance to 750 IDPs households (5250 individuals) through cash transfers, protection, and WASH to improve the humanitarian conditions of conflict-affected persons in hard-to-reach areas in the East region of Afghanistan, in particular in the districts of Surkh Rod in Nangahar, and Dari-i-Pech and Khas Kunar in Kunar",0
"166808","Emergency assistance to 750 IDPs households (5250 individuals) through cash transfers, protection, and WASH to improve the humanitarian conditions of conflict-affected persons in hard-to-reach areas in the East region of Afghanistan, in particular in the districts of Surkh Rod in Nangahar, and Dari-i-Pech and Khas Kunar in Kunar",0
"182365","Emergency assistance (including cash transfers) for agro-pastoral guesthouses, refugees, internally displaced persons and returnees in the communes of Ayorou, Banibangou and Tillabéri; 2018: 425.342,96 € 2019: 47.157,04 € (2018 portion)",0
"158513","Alima:Prise en charge de la malnutrition aiguë sévère (enfants avec complications).PUI: Assistance alimentaire / coupons + renforcement dépistage de la malnutrition",0
"202289","Unconditional cash grants to affected female-headed households, awareness raising, repair of ponds.",0
"196534","CICR: distribution semences et outils; DCA: cash tranfert",0
"195428","UNRWA : Assistance alimentaire en espèces aux réfugiés palestiniens les plus vulnérablesACF : Renforcement de la sécurité alimentaire et nutritionnelle, et des moyens de subsistance au sein de communautés vulnérables vivant dans la Bekaa",1
"195429","UNRWA : Assistance alimentaire en espèces aux réfugiés palestiniens les plus vulnérablesACF : Renforcement de la sécurité alimentaire et nutritionnelle, et des moyens de subsistance au sein de communautés vulnérables vivant dans la Bekaa",1
"162461","Implementation of Grand Bargain Commitments in the field of Harmonization and Simplification of Donor Reporting Requirements as well as cash-based humanitarian assistance; Multiyear 2017-2019; 2017: 55.224,00 € 2018: 100.294,00 € 2019: 61.194,00 €",0
"162459","Implementation of Grand Bargain Commitments in the field of Harmonization and Simplification of Donor Reporting Requirements as well as cash-based humanitarian assistance; Multiyear 2017-2019; 2017: 55.224,00 € 2018: 100.294,00 € 2019: 61.194,00 €",0
"193361","Support to UNRWA's Syria Emergency Appeal in Jordan. Capacity and Management Support: $229,878; Emergency Health: $24,841; Cash Assistance for essential needs: $1,032,282.",0
"185180","Supporting drought affected IDPs to meet their emergency needs through Provision of Emergency Shelter and cash for winterization in Karukh district- Herat Province.",0
"165606","Food vouchers, Local and Regional Food Procurement (USAID/FFP)",0
"176670","Building Community Resilience through Disaster Response Management and Multipurpose Cash Preparedness (ECHO/-SF/BUD/2018/91009)",0
"177909","Transfert d'espèces+activités agricoles",0
"191946","Emergency humanitarian assistance through the distribution of cash and the diversification of livelihoods for displaced persons, returnees and host communities in the Upper Nile region",0
"193357","Cash Assistance for essential needs ($2,406,091), Food Assistance ($111,000)",0
"159083","Comprehensive Emergency WASH and Unconditional Cash Assistance for Vulnerable Conflict Affected Households in Al Dhale'e (ECHO/YEM/BUD/2017/91006)",0
"185231","Provision of emergency shelter and cash for winterization support for drought-affected IDPs in Badghis province.",0
"174537","PAM: cash pour PDI; CICR: colis alimentaires et riz; TGH: Soutien à la résilience des ménages d’éleveurs les plus vulnérables affectés par le conflit",1
"191609","Restauration des moyens de subsistance et facilitation de l’accès humanitaire par des petites réhabilitations d’urgence des pistes rurales et des infrastructures agricoles à travers le transfert monétaire (argent contre travail)",1
"189272","In response to 2019 Regional Refugee and Migrant Response Plan (Venezuela crisis): Shelter, cash assistance, protection (P007423)",0
"161976","Improvement of nutrition status and current living conditions of IDP's and host communities in Wau sity and district by voucher distributions for FoodFinancial year 2016: 284211.94 € , 2017: originally 500000.00 € + top up in 2017 500000.00 € = total amount 1000000.00 € , 2018: 114000.00 €",1
"161975","Improvement of nutrition status and current living conditions of IDP's and host communities in Wau sity and district by voucher distributions for FoodFinancial year 2016: 284211.94 € , 2017: originally 500000.00 € + top up in 2017 500000.00 € = total amount 1000000.00 € , 2018: 114000.00 €",1
"177874","Multi-year basic relief (NFIs and fuel vouchers) for vulnerable IDPs who have fled acute violencein Iraq 15)",0
"150895","Support to Emergency Job Creation and Transitional Shelter Cash Assistance (TSCA) Programmes in Gaza (part of PG/2016/03 - 3017837 - 2017 portion)",0
"197681","Food Vouchers, Local and Regional Food Procurement, Nutrition (Amazonas, Bahia, Minas Gerais, Paraná, Rio Grande do Sul, Roraima) (USAID/FFP)",1
"180449","Provision of emergency shelter and cash NFI for drought-affected IDPs in Herat and Badghis provinces.",0
"162027","Commodity Voucher & Training for the farmers in two govrnorates (USAID/OFDA)",0
"170434","The project aims at assisting to improve food and nutrition security for the most vulnerable populations (including IDPs and Recent Returnees from neighbouring countries) in food crisis situation according to the last IPC cycle 2017). the main activities are: Agricultural inputs distribution; Inconditional Cash Transfer; Income Generating Activities and Nutrition awarness raising..",0
"192724","Emergency assistance (including cash transfers) for agro-pastoral guesthouses, refugees, internally displaced persons and returnees in the communes of Ayorou, Banibangou and Tillabéri; 2018 (2019 portion)",0
"204072","Multi-sector emergency and cash response for Nigerian refugees, IDPs, returnees and vulnerable host populations living in areas bordering Nigeria, Far North Cameroon (2019 portion)",0
"175548","IOM is proposing an eight-month project with the primary aim of contributing to the reduction of vulnerability of Afghan returnees from Iran, through post-arrival humanitarian assistance, transportation grants, cash-based assistance, and tailored protection services to persons with specific needs (PSN) including Protection Case Management, and referrals including support to medical cases.",0
"190706","WASH and Cash - Aleppo",0
"194091","Provide cash and/or food transfers to vulnerable households affected by crisis (STATE/PRM)",0
"195736","Securing multisectoral basic needs, including cash, particularly vulnerable conflict affected in the buffer zone, eastern Ukraine",0
"165293","Enhanced efficiency and effectiveness of cash and market based response by providing training to national/local authorities as well as documenting/sharing good practices and developing monitoring tools to have coordinated and harmonized response",1
"194104","Provide cash and/or food transfers to vulnerable households affected by crisis",0
"193308","Strengthening the resilience of Palestine refugees from Syria in Lebanon through cash assistance and health services",0
"183324","Strengthening the resilience of Palestine refugees from Syria in Lebanon through cash assistance and health services",0
"153220","Relèvement immédiat Post-Matthew: Assistance cash et semences à des familles paysannes through SHA , Multiyear: 2016-2017, 2017 portion (part of 7F-09736.01)",0
"181136","Provision of emergency S-NFI and restricted cash vouchers to conflict affected population in Western and Central Equatoria States.",0
"188292","IRC responds to the emergency food insecurity, IPC 4 and 3, through unconditional cash transfers in favour of 6120 individuals. -Food assistance through cash distribution to vulnerable households in Chipinge and Chiredzi districts for drought victims. Revisised to add food package to cyclone victims in the same area.",0
"195106","To improve the availability of food for the most vulnerable in Yemen, through well targeted cash and voucher assistance. To provide integrated prevention and treatment of acute malnutrition through three sectors: Nutrition, WASH and Health.",1
"200199","To improve the availability of food for the most vulnerable in Yemen, through well targeted cash and voucher assistance. To provide integrated prevention and treatment of acute malnutrition through three sectors: Nutrition, WASH and Health.",0
"170312","Cash for shelter + basic health care",1
"179519","Emergency Response North West -  (WASH, NFIs and Unconditional Cash Transfers)",0
"190037","Health, cash assistance",0
"181506","Cash-based food aid and fuel for internally displaced persons and returnees2018: 345.000,00 € 2019: 180.000,00 € (2019 portion)",1
"163346","Increasing provision of cash transfers from 200 to 475 households (approx. 2,850 people) in four villages in Cynabo District, Sool region, for food security, improved water access and child nutrition. (50% of budget is cash transfers)",0
"159170","Amélioration de la sécurité alimentaire et de la résilience des communautés à Karamoja au travers d’activités de travail contre argent et de formation.",0
"169416","Envelop 1: Emergency Lifesaving Ignore Food Voucher Assistance to 4200HHs of most vulnerable affected by the conflict of men, women, boys and girls in Dawran Aness and Jabal Ash sharq Districts in Dhamar Governorate.",1
"184085","WES GFD/CASH/Nutrition Project.",0
"202073","Emergency winterization response, with protection mainstreamed, to women, men, boys and girls in situation of high vulnerability, including host communities and IDPs, through cash assistance in Ghor, Bamyan and Helmand provinces.",1
"183622","Venezuela Regional/CE: Multipurpose Cash Assistance (USAID/OFDA)",1
"190046","Capactiy support to Oxfam (Method- and capacity support: Cash Learning Partnership (CaLP)",1
"185181","Provision of cash for emergency shelter and cash for winterization to affected populations in FerozKoh.",1
"156465","Food Vouchers and Cash Transfers for Relief Food and Livelihoods, Nutrition Assistance.  Urgent upscaling of cash-based interventions to prevent famine in rural areas of Somalia (USAID/FFP)",1
"162126","Informal education/bridging classes for out-of-school children 9-14 years affected by the Lake Chad crisis in the Diffa region of Niger (restricted cash transfers)",1
"158277","Providing cash transfers to 200 vulnerable Somalian households (approx. 1,200 people) in four villages in Cynabo District, Sool region, for food security, improved water access and child nutrition.",1
"188061","Primary health care and basic needs coverage for vulnerable refugees, migrants and returnees from Venezuela through cash assistance and the distribution of property (2018 portion)",1
"188062","Primary health care and basic needs coverage for vulnerable refugees, migrants and returnees from Venezuela through cash assistance and the distribution of property (2019 portion)",0
"191458","Improvement of access to community infrastructure and coverage of humanitarian need through cash transfers;",1
"185861","The contribution has the purpose of supporting UNRWA in providing urgent humanitarian assistance to the most vulnerable Palestine refugee population living in Gaza Strip and in the West Bank, through Emergency food assistance and cash for work opportunities.",0
"186892","The Cash Consortium for Iraq (CCI) Multi-Purpose Cash Assistance and Access to Critical Services for the Most Vulnerable Conflict Affected Households in Iraq

The Cash Consortium for Iraq (CCI) Multi-Purpose Cash Assistance and Access to Critical Services for the Most Vulnerable Conflict Affected Households in Iraq",0
"159042","In response, ACTED aims to provide food security support for 1,800 vulnerable households for eight months. This will be done through distribution of three months of cash transfers.",1
"199255","Provision of emergency one-off and multi-month, multi-purpose cash assistance to vulnerable households affected by conflict.",1
"188187","Support to drought-affected and food insecure households. Cash disbursements",1
"196315","Cash Barometer, evaluating the perceptions of beneficiaries of humanitarian aid programs to improve the quality of humanitarian assistance",1
"160568","Distribution of food items and cash transfer to households with malnourished children (EMOP 200777)",1
"188002","Increasing safe and dignified living conditions through provision of cash for winterization support to internally displaced persons (IDPs) affected by drought in Herat province.",1
"163056","Market assessment in Raymah as well as three rounds of MEB amount of cash (24000 YER).",1
"184089","WES CFA Project.",1
"198817","Coordinated Implementation of Multipurpose Cash assistance to support Somali Households affected by crisis,",1
"170700","Provision of alternative livelihood through crop production and value chain enhancement (unrestricted, multi-purpose cash)",1
"194780","Worldwide: Annual Contributions 2019-2020 to CashCap (Cash and Markets Standby Capacity Project): Protecion, access and security, Multi-year, 2019-2020,2019 portion, total amount CHF 300,000 (7F-10231.01)",1
"174116","Urgent livelihoods to support highly vulnerable returnees in order for them to have means (cash/livelihoods) to acquire basic needs in Al-Qaim districts in Anbar through CfW.",1
"186023","CAMEALEON - Cash Monitoring Evaluation Accountability and Learning Network._x000D__x000D_
The overall objective of the cooperation is to strengthen effectiveness, efficiency, accountability and learning of World Food Programme's (WFP) cash transfer programme in Lebanon LBN-18/0030",1
"163745","UNRWA: Cash/permet de faire fonctionner marchés et appuie la résilience des réfugiés palestiniens de Syrie exclus du plan de réponse jordanien.",1
"161364","Conditional Shelter/NFI cash-voucher assistance to vulnerable IDPs and host communities in East Mosul, Ninewa Governorate",1
"161365","Conditional Shelter/NFI cash-voucher assistance to vulnerable IDPs and host communities in East Mosul, Ninewa Governorate",1
"161366","Conditional Shelter/NFI cash-voucher assistance to vulnerable IDPs and host communities in East Mosul, Ninewa Governorate",1
"201650","Coordinated Implementation of Multipurpose Cash Assistance to Support Somali Households Affected by Crisis",0
"165462","Implementation of SDC/HA Operational Concept on Cash Transfer Programming (CTP) Portion of multiyear 2017-2020; total amount 600 000 CHF. (7F-07880.05)",1
"165461","Implementation of SDC/HA Operational Concept on Cash Transfer Programming (CTP) Portion of multiyear 2017-2020; total amount 600 000 CHF. (7F-07880.05)",1
"165460","Implementation of SDC/HA Operational Concept on Cash Transfer Programming (CTP) Portion of multiyear 2017-2020; total amount 600 000 CHF. (7F-07880.05)",1
"198027","Emergency assistance in restoring food security and agricultural livelihoods in Northern Red Sea and Anseba drought-affected areas through cash transfer-based interventions.",1
"201728","Coordinated Implementation of Multipurpose Cash Assistance to Support Somali Households Affected by Crisis (part of ECHO/-HF/BUD/2019/91009)",0
"201729","Coordinated Implementation of Multipurpose Cash Assistance to Support Somali Households Affected by Crisis (part of ECHO/-HF/BUD/2019/91009)",0
"188633","Coordinated Implementation of Multipurpose Cash Assistance to Support Somali Households Affected by Crisis (part of ECHO/-HF/BUD/2019/91009)",1
"188639","Coordinated Implementation of Multipurpose Cash Assistance to Support Somali Households Affected by Crisis (part of ECHO/-HF/BUD/2019/91009)",1
"188641","Coordinated Implementation of Multipurpose Cash Assistance to Support Somali Households Affected by Crisis (part of ECHO/-HF/BUD/2019/91009)",1
"188642","Coordinated Implementation of Multipurpose Cash Assistance to Support Somali Households Affected by Crisis (part of ECHO/-HF/BUD/2019/91009)",1
"196325","Coordinated Implementation of Multipurpose Cash Assistance to Support Somali Households Affected by Crisis (part of ECHO/-HF/BUD/2019/91009)",1
"194777","Worldwide: Annual Contributions 2019-2020 to CaLP (Cash Learning Partnership): Protecion, access and security, Multi-year, 2019-2020, 2019 portion, total amount CHF 400,000 (7F-08835.04)",1
"161050","Comprehensive WASH and multisectoral Emergency Response to most vulnerable, disaster - affected communities in South Central Somalia.(Transfer modality - Voucher)_x000D__x000D_
(part of ECHO/-HF/BUD/2017/91029)",1
"161051","Comprehensive WASH and multisectoral Emergency Response to most vulnerable, disaster - affected communities in South Central Somalia.(Transfer modality - Voucher)_x000D__x000D_
(part of ECHO/-HF/BUD/2017/91029)",1
"162128","Limit risks of violence, abuse, exploitation and neglect against children affected by the Lake Chad crisis in the Diffa region of Niger (restricted cash transfers) (2017 portion of 2017-2018 multiyear award, total EUR 1.4 million)",1
"193796","The project aims to provide food assistance to vulnerable and affected households in Paoua Sub prefecture through vouchers.",1
"166755","Bothoor alkhaer project to support Iraqi Internally displaced persons (IDPs), host communities, remainees and returnees through cash-for-work activities to provide income for life-saving necessities",1
"176454","Kivu Crisis Response for IDPs through Cash Transfers Programming, multi-year funding, 2018-2019, 2018 portion, total award CHF 800,000 (7F-09708.03)",1
"161052","Comprehensive WASH and multisectoral Emergency Response to most vulnerable, disaster - affected communities in South Central Somalia.(Transfer modality - Cash)_x000D__x000D_
(part of ECHO/-HF/BUD/2017/91029)",1
"163014","Support WFP food voucher and cash transfer",1
"163057","Over 2 months, ACTED will provide one-off cash transfers to an 740  households in Al Jawf in order to increase their ability to meet their immediate needs",1
"176453","Kivu Crisis Response for IDPs through Cash Transfers Programming, multi-year funding, 2018-2019, total award CHF 1,000,000 (7F-09708.03)",1
"166362","provision of shelter and livelihood assistance (cash for - work) to IDPs in northern Syria (Al Bab & Atareb sub districts /Aleppo Governorate)",1
"188901","Projet de réponse d’urgence : distribution alimentaire pour les personnes déplacées, retournés et hôtes affectées par le conflit à Batangafo.",1
"161064","Famine prevention and drought response in Somalia (Transfer modality - Cash)_x000D__x000D_
(part of ECHO/-HF/BUD/2017/91017)",1
"188138","Facilitation des aides humanitaires par la réhabilitation d’une piste rurale à travers le transfert monétaire (argent contre travail) dans le district de Beloha",1
"197259","Emergency Food and Cash Assistance Project (USAID/OFDA)",0
"203393","Emergency Food and Cash Assistance Project (USAID/OFDA)",0
"189417","Activities NOT COVERED by HRP - WFP Cash 2019, CSP Bangladeshr (7F-06817.56)",1
"156212","Support - unconditional cash-based  transfer to 500 households affected by cyclone Enawo (through Danish Red Cross)",1
"195423","PAM:Repas scolaires pour enfants réfugiés syriensUNRWA: cash transfer via ecards",1
"183597","Aide alimentaire sous forme de cash for food dont le montant couvre deux tiers des besoins alimentaires.",1
"157569","(Hurricane Matthew): Cash Transfers for Food, Agriculture Assistance (USAID/Haiti)",1
"180958","Coverage of basic needs for returnees, refugees, internally displaced persons and host communities through cash assistance2018: 40.741,98 € 2019: 2.853.713,99 € 2020: 2.105.544,03 € (2019 portion)",1
"182291","Supporting Vulnerable people during winter 2018-2019 in Mabtali and Idleb Sub-Districts with heating materials and stoves through restricted value voucher",1
"174312","Provision of emergency one-off or multi-month multipurpose cash assistance to vulnerable households affected by conflict",1
"202987","In response to earthquake in Albania: NFI/Cash",1
"166700","Provision of life-saving ES and NFIs to vulnerable conflict affected IDPs through Cash-Based Intervention modality to vulnerable communities in three IDP camps in Kajokeji, Central Equatoria State",1
"154819","Distribution and transfer of cash",1
"197279","For Syria HRP 2019 ( Part of The 3rd Brussels Conference pledge). Cash Assistance for essential needs: $4,000,000; To be allocated: $1,000,000.",0
"181673","Food Security  (USAID/FFP) Food voucher support to food insecured population in Berbera, Odweyne, Burao, Xudur, Wajid and Quansaxdheere",1
"174383","Using a new payment system based on blockchain technology in the cash transfer",1
"162127","Limit risks of violence, abuse, exploitation and neglect against children affected by the Lake Chad crisis in the Diffa region of Niger (restricted cash transfers)",1
"178241","Providing food assistance through kits and vouchers (AID-FFP-G-16-00036), 2018 portion (USAID/FFP)",0
"165533","Secondment of a cash transfer and market specialist to ICRC HQ, Geneva, and for field missions. Multiyear funding 2017-2018; full amount 180000. (Z7H514500011)",1
"187012","Addressing protection challenges of the most vulnerable refugees in Lebanon through the Protection Cash Assistance programme (PCAP).",1
"185743","Improve access to food for 1050 IDP families in Kaxda District Benadir region through cash based support",1
"166754","Project to support Iraqi Internally displaced persons (IDPs), host communities, remainees and returnees through cash-for-work activities to provide income for life-saving necessities",1
"155787","Jordan - Cash Assistance for essential needs, including food, shelter and NFIs (State/PRM)",1
"160413","Water Voucher Program in Shokat Al Sofi Area",1
"159861","IDPs working with Government as Cash for Work Program",1
"187353","Cross-border emergency food, shelter, health and protection through cash assistance for Venezuelan refugees and migrants. 2018: 204.889 € 2019: 759.464 € 2020: 800.000 € (2019 portion)",1
"161062","Integrated lifesaving assistance to drought and conflict-affected communities in Somaliland, Puntland and South Central Somalia (Transfer modality - Cash)_x000D__x000D_
(part of ECHO/-HF/BUD/2017/91051)",1
"162932","Famine prevention and drougth response in rural areas of Somalia (unconditional cash transfer)",1
"177907","PUI : Assistance alimentaire d'urgence (e-voucher)",1
"162012","Multilateral contribution: Support to the UNRWA’s emergency shelter programme. The Project aims to provide Transitional Shelter Cash Assistance (TSCA) to refugee families whose homes have been assessed as uninhabitable as a result of bombardment of the Gaza Strip so they can move into a temporary accommodation.",1
"182289","Distribution of fuel vouchers to meet the essential NFI needs for the affected girls, boy, women and men in Idleb sub-district during winter 2018-2019",1
"190662","Cash distribution in the East:Food Security & Livelihoods",1
"185606","Non-agricultural livelihoods support to refugees  through cash for work activities",1
"190947","Food security through cash assistance for those affected by the drought in the provinces of Samangan and Jawzjan",1
"162108","Emergency cash assistance for Palestine refugees in Syria Financial year 2017: 7000000.00 € 2018: 4000000.00 €Top up financial year 2017: 5.000.000,00 €   2018: 3.000.000,00 €2. Top up financial year 2018: 2.000.000,00 €   2019: 6.000.000,00 €3. Top up financial year 2018: 8.000.000,00 €4. Top up financial year 2018: 5.000.000,00 €",1
"160366","Addressing the increasing vulnerabilities of the communities affected by the Syria crisis in Mount Lebanon with Multipurpose Cash Assistance",1
"155427","In response to 2017 appeal: Cash based programming (D004360)",1
"195789","Targeted Cash Response for Cyclone Idai Survivors (TACRCIS)

: Food Aid & Non Food Items",1
"185300","Gaza E-Voucher Response: Food Assistance for Families in Crisis.",1
"180887","Cross-border emergency food, shelter, health and protection through cash assistance for Venezuelan refugees and migrants2018: 259.600,00 €    2019: 600.000,00 €    2020: 800.000,00 € (2018 portion)",1
"165535","Secondment of a cash transfer and market specialist to ICRC HQ, Geneva, and for field missions. Portion of multiyear funding 2017-2018; full amount 180000. (Z7H514500011)",1
"165534","Secondment of a cash transfer and market specialist to ICRC HQ, Geneva, and for field missions. Portion of multiyear funding 2017-2018; full amount 180000. (Z7H514500011)",1
"190614","DRC/Angola Expulsions: Multipurpose Cash Assistance ( USAID/OFDA)",1
"190005","Food response through IRC activities to the emergency drought that has caused food insecurity, IPC 4 and 3, through unconditional cash transfers in favour of 6120 individuals.",1
"177992","Emergency cash assistance for Palestine refugees in Syria Financial year 2017: 7000000.00 € 2018: 4000000.00 € Top up financial year 2017: 5.000.000,00 € 2018: 3.000.000,00 € 2. Top up financial year 2018: 2.000.000,00 € 2019: 6.000.000,00 € 3. Top up financial year 2018: 8.000.000,00 € 4. Top up financial year 2018: 5.000.000,00 €  (2018 portion)",1
"179038","Emergency cash assistance for Palestine refugees in Syria Financial year 2017: 7000000.00 € 2018: 4000000.00 € Top up financial year 2017: 5.000.000,00 € 2018: 3.000.000,00 € 2. Top up financial year 2018: 2.000.000,00 € 2019: 6.000.000,00 € 3. Top up financial year 2018: 8.000.000,00 € 4. Top up financial year 2018: 5.000.000,00 € (2018 portion)",1
"177548","Shelter Cash assistance to the vulnerable families at the areas of Return of Kuram Agency with special focus on women & child headed Families",1
"164720","Rapide responses to movements of populations through cash based programming , Multiyear 2017-2018, total amount CHF 900,000 (7F-09708.02)",1
"164722","Rapide responses to movements of populations through cash based programming , Multiyear 2017-2018, total amount CHF 900,000 (7F-09708.02)",1
"164721","Rapide responses to movements of populations through cash based programming , Multiyear 2017-2018, total amount CHF 900,000 (7F-09708.02)",1
"140347","Emergency cash assistance for Palestine refugees in Syria Financial year 2017: 7000000.00 € 2018: 4000000.00 € Top up financial year 2017: 5.000.000,00 € 2018: 3.000.000,00 € 2. Top up financial year 2018: 2.000.000,00 € 2019: 6.000.000,00 € 3. Top up financial year 2018: 8.000.000,00 € 4. Top up financial year 2018: 5.000.000,00 €  (2017 portion)",1
"177497","Emergency cash assistance for Palestine refugees in Syria Financial year 2017: 7000000.00 € 2018: 4000000.00 € Top up financial year 2017: 5.000.000,00 € 2018: 3.000.000,00 € 2. Top up financial year 2018: 2.000.000,00 € 2019: 6.000.000,00 € 3. Top up financial year 2018: 8.000.000,00 € 4. Top up financial year 2018: 5.000.000,00 €  (2017 portion)",1
"161056","Addressing immediate food and wash needs of drought affected populations in Somalia  (Transfer modality - Voucher) (part of ECHO/-HF/BUD/2017/91039)",1
"177377","Pass-through funding from Canada through ACTED to PIN: Vouchers (food/hygiene, and agricultural) as part of comprehensive humanitarian assistance  (part of P006144)",1
"185077","Migrants, Cash",1
"183593","Transfert monétaire via des bons d'achat électroniques",1
"198633","Cash Consortium of Iraq Multi-Purpose Cash Assistance and Access to Critical Services for the Most Vulnerable Conflict Affected Households in Iraq",0
"161057","Addressing immediate food and wash needs of drought affected populations in Somalia  (Transfer modality - Cash) (part of ECHO/-HF/BUD/2017/91039)",1
"201603","Kenya cash consortium response in drought affected ASAL Counties of Kenya (part of ECHO/-HF/BUD/2019/91044)",0
"196321","Kenya cash consortium response in drought affected ASAL Counties of Kenya (part of ECHO/-HF/BUD/2019/91044)",1
"172046","CASH FOR NUTRITION TRAINING AND REFERRALS OF MOTHERS TO STABILIZATION CENTERS.",1
"149995","Enhancing Access to Food for Internally Displaced Persons (IDPs) through the Provision of Unconditional Cash Transfers in Kaxda District",1
"178792","Dutch NGO Joint Humanitarian Response for Iraq - phase 4 IRQJR4: MPCA",1
"186854","Support to the Government Lean Season Response with Cash-Based Transfer top-up",1
"185748","Improving access food through unconditional cash transfer to vulnerable IDPs in Baidoa District of Bay region.",1
"166985","First and Second line emergency multipurpose cash assistance for conflict affected populations in NInewa",1
"159736","Urgent upscaling of cash-based interventions to prevent famine in rural areas of Somalia (USAID/FFP).",1
"164332","Refugee Response - Unconditional Cash Transfers for Food Assistance (part of ECHO/-AF/EDF/2017/01002) Burundi RRP",1
"185780","Secondment: WFP, Somalia, Programme Officer Cash based Transfers., Multiyear 2018-2019, 2019 portion, total award CHF183,350 (Z7H214200027)",1
"163362","Gaza: Follow up Project for Cash for Work Participants",1
"187420","Protection for the refugee population of Palestinian origin in Syria through cash assistance.",1
"198963","Strengthening the capacity of humanitarian actors to provide cash / vouchers in humanitarian assistance programs (2019 portion)",1
"182158","Unconditional Cash Transfers in Al Mukha (1500 HHs) and Dhubab (1500 HHs) Districts in Taiz - 6 Rounds.",1
"189418","Allocation 2019: Cash Contributions: Food security, Emergency food assistance (7F-09777.27)",1
"198473","Allocation 2019: Cash Contributions: Food security, Emergency food assistance (7F-09777.27)",1
"161058","Integrated emergency preparedness and response action targeting vulnerable populations in emergencies and crisis in South Central Somalia (Transfer modality - Voucher) (part of ECHO/-HF/BUD/2017/91007)",1
"161060","Integrated emergency preparedness and response action targeting vulnerable populations in emergencies and crisis in South Central Somalia (Transfer modality - Voucher) (part of ECHO/-HF/BUD/2017/91007)",1
"184444","Refugee Response - Unconditional Cash Transfers for Food Assistance (part of ECHO/-AF/EDF/2017/01002) - Burundi RRP",1
"182235","Emergency cash assistance to conflict affected vulnerable households in Aden, Al-Hodeidah, Al-Mahwit, Amran, and Taiz Governorates, Yemen.",1
"165585","Crisis Response Window to support the Government of Ethiopia in its efforts to respond to the ongoing emergency; cash to both PSNP and HRD beneficiaries for 5th and 6th rounds.",1
"158425","Refugee Response - Unconditional Cash Transfers for Food Assistance (part of ECHO/-AF/EDF/2017/01002)",1
"184443","Refugee Response - Unconditional Cash Transfers for Food Assistance (part of ECHO/-AF/EDF/2017/01002) - South Sudan RRP",1
"188174","Multi-purpose cash-based support of food security and resilience in Upper Nile, Jonglei and Eastern Equatoria States",1
"187391","Multipurpose cash grants_x000D__x000D_
_x000D__x000D_
_x000D__x000D_
_x000D__x000D_
_x000D__x000D_
_x000D__x000D_
:",1
"201870","Community Based Protection of Water and Natural Resources on Sinjar Mountain through Cash for Assets intervention",1
"168002","Strenghtening Resilience through Cash for Education in North-east Nigeria",1
"199945","ECW multi year resilience Programme for Palestine - Emergency Cash-for-Work",1
"161059","Integrated emergency preparedness and response action targeting vulnerable populations in emergencies and crisis in South Central Somalia (Transfer modality - Cash) (part of ECHO/-HF/BUD/2017/91007)",1
"157501","Short-Term Employment Project for Gaza Strip Graduates Third Phase, Cash for work assistance",1
"189159","Allocation 2019 - Cash Contributions: Food security, Emergency food assistance (7F-03297.50)",1
"184891","Secondment of a Cash Expert to the Cash Learning Partnership (CaLP) in Geneva , Multiyear 2018-2019,  2018 portion, total award CHF 40,000 (Z7H514500019)",1
"184892","Secondment of a Cash Expert to the Cash Learning Partnership (CaLP) in Geneva , Multiyear 2018-2019, 2019 portion, total award CHF 100,000 (Z7H514500019)",1
"198040","Global Unspecified: Support to increase the use of cash in humanitarian assistance (QZA-17/0058-29)",1
"197582","Gaza Multi-Purpose Cash (GMPC) Programme (ECHO/PSE/BUD/2019/91009)",1
"184898","Secondment of a CTP Programme Officer to IFRC Regional Bureau in Dakar, Senegal, Multiyear 2018-2019, 2019 portion, total award CHF 160,000 (Z7H514500033)",1
"174548","Emergency Cash for Work - Cash Assistance for essential needs, including food, shelter and NFIs",1
"189998","Food Vouchers (USAID/FFP)",1
"194397","Food Vouchers (USAID/FFP)",1
"197682","Food Vouchers (USAID/FFP)",1
"204467","Food Vouchers (USAID/FFP)",1
"198445","Targeted Assistance to Households with Pregnant and Lactating Women, Girls and Persons With Special Needs Using Multi-purpose Cash",1
"198631","Cash Consortium for Iraq (CCI) Harmonized Multi-Purpose Cash Assistance for Vulnerable Conflict-Affected Households (USAID/OFDA)",1
"185313","Emergency Cash Program for Rehabilitation of returnees in Gedeo- Zone.",1
"202852","Cash for Families in Bubq, Earthquake November 2019 through SDC/HA/EAA . Multiyear; 2019-2020, 2019 portion, total amount CHF 140,000 (7F-10412.02)",1
"161367","Conditional Food cash-voucher assistance to vulnerable IDPs and host communities in East Mosul, Ninewa Governorate",1
"203695","Additional Credit 2019: Cash for Families in Bubq, Earthquake November 2019 (Shelter, NFI and rehabilitation) (7F-10412.02 )",1
"181503","Food Voucher Distribution to Severely Newly Displaced & Host Families in Nihm District, Sana’a Governorate",1
"191640","Global Unspecified: capacity to deliver Cash assistance (QZA-18/0130-29)",1
"203355","Global Unspecified: capacity to deliver Cash assistance (QZA-18/0130-29)",1
"180171","Addressing Food Needs of Drought Affected Households in Uruzgan through Cash for Food Assistance",1
"201541","Secondment: Extension IFRC Secondment of a Cash Transfer Programming (CTP)

Programme Officer (Z7H514500033)",1
"177553","Distribution of 340 food voucher for displaced people from E",1
"175216","Multi-Purpose Cash Assistance to Internally Displaced People affected by war or natural disasters.  (ECHO/-AS/BUD/2018/91009)",1
"184895","Secondment of a Cash in Emergencies Specialist to IFRC HQ Geneva , Multiyear 2018-2019, 2019 portion, total award CHF 85,000 (Z7H514500020)",1
"200610","Secondment: Extension of ICRC Secondment of Cash Transfer Programme Officer , Multiyear 2019-2020, 2019 portion, total amount CHF 60,000 (Z7H514500024)",1
"154221","Cash and Voucher Assistance for Relief Food and Livelihoods (USAID/FFP) (PRRO 200844)",1
"157695","Short-Term Employment Project for Gaza Strip Graduates Second Phase, Cash for work assistance",1
"169133","Secondment of a Cash Expert to the Cash Learning Partnership (CaLP), Multiyear, 2017-2018, total amount CHF 60,000 (Z7H514500019)",1
"169132","Secondment of a Cash Expert to the Cash Learning Partnership (CaLP), Multiyear, 2017-2018, total amount CHF 60,000 (Z7H514500019)",1
"183496","Multipurpose Cash Assistance_x000D__x000D_
  (USAID/OFDA)",1
"167352","Winter agriculture vouchers",1
"154454","Zimbabwe Food and Nutrition Emergency Cash Transfer Programme (ECHO/-SF/BUD/2017/91004)",1
"201565","Secondment: a Global CashOfficer , Multi-year, 2019-2020,2019 portion, total amount CHF 30,000 (Z7H514500020)",1
"201571","Secondment:a Social Protection Officer (Cash-Based Transfer CBT) , Multi-year, 2019-2020, 2019 portion, total amount CHF 85,000 (Z7H514500032)",1
"196778","Providing Emergency Unconditional Cash Transfers to Vulnerable Households in Diinsoor",1
"202757","Additional Allocations Cash 2019: Protecion, access and security(7F-04709.96)",1
"202758","Additional Allocations Cash 2019: Protecion, access and security(7F-04709.96)",1
"205893","Multi-sector assistance to conflict-affected households to support early recovery in Iraq: cash for clothing (USAID/OFDA)",1
"195445","Prolongation of ongoing support (cost-extension) to CASH working group",1
"190669","UNRWA: Cash Assistance for essential needs",1
"171241","Transitional Shelter Cash Assistance (part of PG/2016/03 - 3017837 - 2017 portion)",1
"161063","Rapid Emergency Actions for Communities and Households affected by drought and displacement (REACH) (Transfer modality - Cash) (part of ECHO/-HF/BUD/2017/91014)",1
"162790","Mission cash/soutien pour la reconstruction dans le Sud en Haitia (Z7H314300045)",1
"185244","Cash Assistance for essential needs, including food, shelter and NFIs_x000D__x000D_
 (part of ECHO/SYR/BUD/2018/91043)",1
"161042","Emergency Response for Disaster Affected communities in Somalia (ERDAC) (Transfer modality - Cash) (part of ECHO/-HF/BUD/2017/91032)",1
"161043","Emergency Response for Disaster Affected communities in Somalia (ERDAC) (Transfer modality - Cash) (part of ECHO/-HF/BUD/2017/91032)",1
"204713","Provision of food assistance to IDPs and Syrian refugees through cash-based transfers.",1
"171732","Emergency Life-saving for Idlib by providing Multi-Purpose Cash Grants (MPGs)",1
"201561","Secondment: a Cash Expert to the Cash Learning Partnership (CaLP) , Multi-year, 2019-2020, 2019 portion, total amount CHF 25,000 (Z7H514500019)",1
"174543","Cash/argent contre travail/formations agricoles",1
"161053","Drought Emergency Response (DER) in Somalia (Cash alliance - 2017) (Transfer modality - Cash) (part of ECHO/-HF/BUD/2017/91054)",1
"161054","Drought Emergency Response (DER) in Somalia (Cash alliance - 2017) (Transfer modality - Voucher) (part of ECHO/-HF/BUD/2017/91054)",1
"161055","Drought Emergency Response (DER) in Somalia (Cash alliance - 2017) (Transfer modality - Voucher) (part of ECHO/-HF/BUD/2017/91054)",1
"189212","Cash assistance to vulnerable populations nutrition sensitive",1
"172952","Transitional Shelter Cash Assistance",1
"154141","Transitional Shelter Cash Assistance",1
"155623","Transitional Shelter Cash Assistance",1
"156990","Transitional Shelter Cash Assistance",1
"161360","Transitional Shelter Cash Assistance",1
"206325","Cash Working Group National Co- Coordinator",1
"161048","Multi-Sector Emergency Assistance to Vulnerable Populations in Somalia (Transfer modality - Voucher) (part of ECHO/-HF/BUD/2017/91031)",1
"161044","Integrated humanitarian assistance to drought and displacement-affected populations in Somalia (Transfer modality - Voucher) (part of ECHO/-HF/BUD/2017/91023)",1
"161045","Integrated humanitarian assistance to drought and displacement-affected populations in Somalia (Transfer modality - Voucher) (part of ECHO/-HF/BUD/2017/91023)",1
"187733","Secondment:Secondment Cash based transfer Officer, Kinshasa (Z7H214200054)",1
"162812","Multi-purpose assistance to emergency-affected households",1
"161061","Emergency relief assistance to households affected by drought in Somalia (Transfer modality - Voucher) (part of ECHO/-HF/BUD/2017/91052)",1
"166926","Cash Consortium for Iraq: Emergency multi-purpose cash assistance for the most vulnerable conflict-affected households in Iraq - Hawija reserve allocation",1
"161049","Multi-Sector Emergency Assistance to Vulnerable Populations in Somalia (Transfer modality - Cash) (part of ECHO/-HF/BUD/2017/91031)",1
"166925","Cash Consortium for Iraq: Emergency Multi-Purpose Cash assistance for the most vulnerable conflict-affected households in Iraq",1
"159974","Cash support to needy children (orphans)  covering for their  social and health care in various provinces of Yemen.",1
"166404","contribution to the appeal: cash transfer programme",1
"161046","Integrated humanitarian assistance to drought and displacement-affected populations in Somalia (Transfer modality - Cash) (part of ECHO/-HF/BUD/2017/91023)",1
"161047","Integrated humanitarian assistance to drought and displacement-affected populations in Somalia (Transfer modality - Cash) (part of ECHO/-HF/BUD/2017/91023)",1
"158229","Emergency relief assistance to households affected by drought in Somalia (Transfer modality - Cash) (part of ECHO/-HF/BUD/2017/91052)",1
"198621","Cash cards for Syrian refugees",1
"189873","Secondment :WFP Secondment Cash Expert (Z7H314300005)",1
"162389","Provision of food vouchers to displaced populations",1
"181523","Cash based intervention for Rohingya refugees and host community in Cox's Bazar District, Bangladesh .",1
"172489","Cash-based Intervention for Sryian and Iraqi Refugees in Mersin (Third Phase)",1
"166431","Cash for rent assistance to vulnerable Syrian and Jordanian households living in urban and rural areas in Irbid, Karak and Ma'an Governorates",1
"165666","Unconditional Cash Transfer to 39,500 individuals in Konduga LGA, Borno state (USAID/FFP)",1
"183428","Cash Assistance  - to be allocated",1
"166437","Cash Assistance to Mitigate the Impact of Winter Weather and Dependence on Negative Coping Strategies among Vulnerable Syrian Refugees and Host Community Members in Jordan",1
"175315","Multi-purpose cash assistance to the most vulnerable Palestinain refugees from Syria( PRS) Female HHS in six Palestinian refugee’s camps",1
"193260","Emergency Cash-for-Work",1
"193264","Emergency Cash-for-Work",1
"205911","Emergency Cash-for-Work",1
"172990","Emergency Cash-for-Work",1
"172992","Emergency Cash-for-Work",1
"156963","Emergency Cash-for-Work",1
"156965","Emergency Cash-for-Work",1
"156992","Emergency Cash-for-Work",1
"165168","Emergency Cash-for-Work",1
"164859","Distribution of cash to 2000 flood affected households in Dinajpur Rangpur division",1
"173003","Emergency Cash for Work",1
"191235","Thematic Humanitarian Funds for CASH Assistance - Somalia (SM1899100458)",1
"199003","Multipurpose Cash Assistance,Protection ( USAID/OFDA)",1
"199312","Multipurpose Cash Assistance,Protection (USAID/OFDA)",1
"172552","Sustained Cash Assistance to Prevent Famine and Respond to Drought in Rural Somalia (USAID/FFP)",1
"164417","Cash support to IDPs",1
"183220","Unconditional cash grants for vulnerable IDP and host community HH in Juba._x000D__x000D_
from Tearfund",1
"195004","Collaborative Cash Delivery - Responding to Displacement Crises in Ethiopia (ECHO/-HF/BUD/2019/91034)",1
"183424","Cash Assistance for essential needs, including food, shelter and NFIs - Humanitarian Assistance in  Lebanon within the Syria 3RP plan",1
"153101","Provision of Multi-Purpose Cash Assistance to Vulnerable Herder Households Affected by Dzud",1
"183454","Cash Assistance for essential needs, including food, shelter and NFIs (National Committee Spain, Basque government)",1
"191242","Cash assistance",1
"195805","Cash assistance",1
"174854","cash assistance",1
"167661","Cash assistance",1
"198085","Life-saving assistance for the crisis-affected groups in high-density areas of IDPs through cash grants distribution for winterisation",1
"187023","Cash support to displaced",1
"188351","Cash transfer program to meet the food and basic assistance needs of Syrian refugees in Lebanon form 2018 HIP to 2019",1
"184241","Emergency Distribution of Cash Transfer to Afghan Returnees and IDPs in Eastern Afghanistan",1
"176223","Cash-for-Health humanitarian assistance for refugees in Jordan (ECHO/SYR/BUD/2018/91020)",1
"167515","Multi-purpose cash grants",1
"167528","Multi-purpose cash grants",1
"172939","Cash Assistance for essential needs, including food, shelter and NFIs (through National Committee Spain, Bizkaia Regional Government)",1
"171899","Emergency livelihood support through cash for work for refugees from South Sudan",1
"155014","Emergency livelihood support through cash for work for refugees from South Sudan",1
"183222","Unconditional cash grants for vulnerable host community households in Juba. from Tearfund",1
"183223","Unconditional cash grants for vulnerable host community households in Juba. from Tearfund",1
"196779","Unconditional Cash Assistance to Improve Immediate Access to Food for Vulnerable Households in the Lower Shabelle region of Somalia",1
"184653","Cash for Health Assistance to Syrian Refugees and Vulnerable Jordanians.",1
"190001","Cash transfer for Food , Local and Regional Food Procurement (USAID/FFP)",1
"170311","Cash for winterization",1
"183565","Emergency Cash for Work Gaza",1
"171695","Life saving cash assistance for the most vulnerable IDP and host population in Jere LGA, Borno State (ECHO/-WF/BUD/2018/91006)",1
"181737","Unconditional cash assistance to increase food security of drought affected persons.",1
"156984","Emergency Cash-for-Work (GAZA)",1
"161396","Emergency Cash-for-Work (GAZA)",1
"168368","Cash Assistance for essential needs, including food, shelter and NFIs (part of ECHO/SYR/BUD/2017/91046)",1
"154822","Life saving cash assistance for the most vulnerable IDP and host population in Maiduguri, Borno state (ECHO/-WF/BUD/2017/91022)",1
"156986","Emergency Cash-for-Work (WB)",1
"161397","Emergency Cash-for-Work (WB)",1
"183425","Cash Assistance for essential needs, including food, shelter and NFIs Humanitarian Assistance in Jordan within the Syria 3RP plan",1
"183228","Emergency Cash for Protection (ESCAPE)",1
"197132","Multipurpose Cash Assistance (USAID/OFDA)",1
"183399","Multipurpose Cash Assistance (USAID/OFDA)",1
"183483","Multipurpose Cash Assistance (USAID/OFDA)",1
"183489","Multipurpose Cash Assistance  (USAID/OFDA)",1
"183499","Multipurpose Cash Assistance  (USAID/OFDA)",1
"166436","Cash-for-rent Assistance Targeting Households with Persons with Disabilities (PWD) within Syrian Refugee and Vulnerable Host Community Populations in Jordan",1
"158298","Cash transfers to 1200HHs from vulnerable drought effected rain fed farmners in Balad carea",1
"158681","Unconditional Cash grants",1
"170322","Cash for shelter multi-year program for Syrian refugees and the poorest local communities",1
"183431","Cash Assistance for essential needs, including food, shelter and NFIs -",1
"155735","Cash Assistance for essential needs, including food, shelter and NFIs (State/PRM)",1
"155782","Cash Assistance for essential needs, including food, shelter and NFIs (State/PRM)",1
"161565","Cash Assistance for essential needs, including food, shelter and NFIs (State/PRM)",1
"161571","Cash Assistance for essential needs, including food, shelter and NFIs (State/PRM)",1
"161575","Cash Assistance for essential needs, including food, shelter and NFIs (State/PRM)",1
"193418","Cash grants for IDP returnees in Yemen in 2019",1
"176548","Urgent Cash distribution for the most vulnerable families in Shirqat",1
"195298","Cash-for-Health Assistance to Strengthen Resilience in Syrian Refugees and Vulnerable Jordanians in Jordan",1
"179070","Cash-for-Health Assistance to Strengthen Resilience in Syrian Refugees and Vulnerable Jordanians in Jordan",1
"155724","Cash Assistance for essential needs, including food, shelter and NFIs (through Spain, Basque government)",1
"165224","Cash Assistance for essential needs, including food, shelter and NFIs (through Spain, Basque government)",1
"193396","Emergency cash distribution in SE RCA (USAID/FFP)",1
"192773","Cash transfer program to meet the food and basic assistance needs of Syrian refugees in Lebanon (ECHO/SYR/BUD/2018/91042)",1
"183562","Emergency Cash for Work in Gaza",1
"163750","Emergency Cash for Work in Gaza",1
"202520","Cash Assistance for Food IDPS in Gongulong, Jere LGA (Borno State) from World Renew/ CFGB

",1
"172931","Cash Assistance for essential needs, including food, shelter and NFIs",1
"172933","Cash Assistance for essential needs, including food, shelter and NFIs",1
"172943","Cash Assistance for essential needs, including food, shelter and NFIs",1
"172944","Cash Assistance for essential needs, including food, shelter and NFIs",1
"183268","Cash Assistance for essential needs, including food, shelter and NFIs",1
"183282","Cash Assistance for essential needs, including food, shelter and NFIs",1
"183287","Cash Assistance for essential needs, including food, shelter and NFIs",1
"183297","Cash Assistance for essential needs, including food, shelter and NFIs",1
"183299","Cash Assistance for essential needs, including food, shelter and NFIs",1
"183302","Cash Assistance for essential needs, including food, shelter and NFIs",1
"183325","Cash Assistance for essential needs, including food, shelter and NFIs",1
"183430","Cash Assistance for essential needs, including food, shelter and NFIs",1
"183442","Cash Assistance for essential needs, including food, shelter and NFIs",1
"183447","Cash Assistance for essential needs, including food, shelter and NFIs",1
"183450","Cash Assistance for essential needs, including food, shelter and NFIs",1
"185234","Cash Assistance for essential needs, including food, shelter and NFIs",1
"185247","Cash Assistance for essential needs, including food, shelter and NFIs",1
"185254","Cash Assistance for essential needs, including food, shelter and NFIs",1
"185255","Cash Assistance for essential needs, including food, shelter and NFIs",1
"183275","Cash Assistance for essential needs, including food, shelter and NFIs",1
"155723","Cash Assistance for essential needs, including food, shelter and NFIs",1
"155784","Cash Assistance for essential needs, including food, shelter and NFIs",1
"155785","Cash Assistance for essential needs, including food, shelter and NFIs",1
"155786","Cash Assistance for essential needs, including food, shelter and NFIs",1
"161350","Cash Assistance for essential needs, including food, shelter and NFIs",1
"161546","Cash Assistance for essential needs, including food, shelter and NFIs",1
"165225","Cash Assistance for essential needs, including food, shelter and NFIs",1
"165226","Cash Assistance for essential needs, including food, shelter and NFIs",1
"165227","Cash Assistance for essential needs, including food, shelter and NFIs",1
"165263","Cash Assistance for essential needs, including food, shelter and NFIs",1
"165264","Cash Assistance for essential needs, including food, shelter and NFIs",1
"165265","Cash Assistance for essential needs, including food, shelter and NFIs",1
"171164","Cash Assistance for essential needs, including food, shelter and NFIs",1
"171180","Cash Assistance for essential needs, including food, shelter and NFIs",1
"206537","Cash Assistance for essential needs",1
"160651","Cash-based assistance to support vulnerable conflict-affected families in Shirqat, Salah Ad Din",1
"204018","Cash Assistance to the needy family to 83,000 affected people through Kuwait Society for Relief",1
"155796","Cash Assistance for essential needs, including food, shelter and NFIs  (Allocation of unearmarked funds)",1
"198751","Cash distribution to affected population",1
"153603","Cash Transfers for Food (USAID/FFP)",1
"162771","Cash Transfers for Food (USAID/FFP)",1
"166275","Cash transfers for food (USAID/FFP)",1
"190000","Cash transfer for Food , Nutrition (USAID/FFP)",1
"177504","Multi-purpose cash grants from Holy Fater Initiative for Ukraine",1
"171188","Cash Assistance for essential needs, including food, shelter and NFIs (through Madrid Local Council)",1
"197176","Cash Assistance in Re-emerging Markets in Syria (CARMA) (ECHO/SYR/BUD/2019/91043)",1
"183566","Emergency Cash for Work in West Bank",1
"176369","Emergency Cash for Work in West Bank",1
"161539","Cash Assistance for essential needs, including food, shelter and NFIs (through Online/Individual giving)",1
"161540","Cash Assistance for essential needs, including food, shelter and NFIs (through Online/Individual giving)",1
"171176","Cash Assistance for essential needs, including food, shelter and NFIs (through Online/Individual giving)",1
"187410","Cash Transfer Scheme for Children with Disabilities – Social Protection",1
"167838","Cash for Health for vulnerable Syrians and Jordanians",1
"166919","Cash for Work for highly vulnerable IDPs and HCs in Remadi districts in Anbar province",1
"161547","Cash Assistance for essential needs, including food, shelter and NFIs (part of MEU-17/0011-2)",1
"171187","Cash Assistance for essential needs, including food, shelter and NFIs (through Bizkaia Regional Government)",1
"172946","Cash Assistance for essential needs, including food, shelter and NFIs (2018 portion)",1
"183432","Cash Assistance for essential needs, including food, shelter and NFIs  (2018 portion)",1
"191340","Cash Based Support for Increased Food Security of South Sudanese Refugees in East Darfur (ECHO/-AF/BUD/2019/91018)",1
"189740","Cash Transfers for Food in response to Cyclone Idai (USAID/FFP)",1
"171283","Unconditional cash assistance for Palestine Refugees from Syria (PRS).",1
"171830","Targeted Cash Transfers to Vulnerable Internally Displaced Persons (IDPs) Affected by the Marawi Conflict",1
"161548","Cash Assistance for essential needs, including food, shelter and NFIs (part of MEU-17/0011-3)",1
"197453","Multi-purpose cash assistance for refugees and asylum-seekers in Egypt (part of ECHO/SYR/BUD/2018/91033)",1
"193618","Cash assistance to Syrian Refugees in Lebanon",1
"179046","Cash assistance for safe relocation of households affected by the conflict in Hodeida",1
"196118","Cash assistance (through Global Thematic - ESARO)",1
"192782","Multi purpose cash assistance for refugees and asylum seekers in Egypt",1
"166984","Cash assistance for vulnerable households affected by conflict",1
"148194","Conditional food assistance via cash-based transfers for asset creation or rehabilitation activities; general food assistance (unconditional) via cash-based transfers; nutrition assistance for the prevention and treatment of malnutrition for children aged 6-59 months",1
"150793","Strengthening capacities for cash-transfer programmes2016: 23.720,44 €    2017: 384.023,56 €    2018: 500.000,00 €",1
"154037","Linking humanitarian action to Social Protection systems in fragile and forced displacement contexts (ECHO/ERC/BUD/2016/91017)",1
"155788","Food Assistance X - Cash for food grants for 430,000 affected Palestine refugees Minimum food needs of displaced and conflict-affected Palestine refugees are partially met through the provision of USD 20 per person and per month",1
"156033","Emergency assistance responding to food, NFI and shelter needs through distributions of cash and in-kind supplies, from 2016 to 2017, 2017 portion  (part of ECHO/SYR/BUD/2016/91009)",1
"156094","Appui à la sécurité alimentaire et nutritionnelle des ménages très pauvres et vulnérables à travers l'assistance monétaire à usages multiples dans les communes de Bambara Maoudé, Haribomo, Inadiatafane et Ouinerden (ECHO/-WF/BUD/2017/91046)",1
"157043","Unconditional Cash and WASH",1
"157044","Unconditional Cash and WASH",1
"157436","Drought in Horn of Africa - Saving lives and protecting livelihoods through cash-transfers and a market-based response in Greater Upper Nile Saving lives and protecting livelihoods through cash-transfers and a market-based response in Greater Upper Nile 1. To increase access to food and basic needs for crisis affected people through cash transfers. 
2. To increase livelihood opportunities for conflict affected IDPs, Returnees and host communities. 
3. To strengthen  local market functionality in conflict affected areas",1
"157589","Providing a lifesaving support CAR refugees in Cameroon (EMOP 200799) Providing a lifesaving support CAR refugees in Cameroon (EMOP 200799) The objective of the Project is to provide unconditional food assistance (in Cash) all year around to CAR refugees in Gado Camp.",1
"157939","SomReP Consortium - Bay and Lower Shabelle Resilience & Social Protection Programme (2017 portion of multiyear award 2016-2018; total EUR 11.5 million)",1
"157940","SomReP Consortium - Bay and Lower Shabelle Resilience & Social Protection Programme (2018 portion of multiyear award 2016-2018; total EUR 11.5 million)",1
"157944","SomReP Consortium - Bay and Lower Shabelle Resilience & Social Protection Programme (2017 portion of multiyear award 2016-2018)",1
"157946","SomReP Consortium - Bay and Lower Shabelle Resilience & Social Protection Programme (2017 portion of multiyear award 2016-2018)",1
"157947","SomReP Consortium - Bay and Lower Shabelle Resilience & Social Protection Programme (2017 portion of multiyear award 2016-2018)",1
"157948","SomReP Consortium - Bay and Lower Shabelle Resilience & Social Protection Programme (2018 portion of multiyear award 2016-2018)",1
"157949","SomReP Consortium - Bay and Lower Shabelle Resilience & Social Protection Programme (2018 portion of multiyear award 2016-2018)",1
"157950","SomReP Consortium - Bay and Lower Shabelle Resilience & Social Protection Programme (2018 portion of multiyear award 2016-2018)",1
"158972","Provision of life-saving food assistance for IDPs, returnees and host communities in crisis affected locations. Second-line Food security serving vulnerable families in priority locations. Support highly vulnerable families in priority locations secure sufficient food by distributing cash or vouchers for food depending on market availability and local conditions.",1
"163747","UNRWA: Cash/permet de faire fonctionner marchés et appuie la résilience des réfugiés palestiniens de Syrie exclus du plan de réponse jordanien. CICR: Colis alimentaires/appui aux ménages réfugiés et pop hotes, ciblage sur les femmes. PAM: distribution de vivres",1
"164874","Emergency cash assistance and psychosocial support to Syrian refugees and members of the host community Jordan n/a",1
"165756","Emergency cash assistance and psychosocial support to Syrian refugees and members of the host community Jordan n/a",1
"166256","Transfert d'espèces",1
"166259","Distribution de nourriture + cash",1
"166264","Bons d'achats alimentaires",1
"167849","Emergency cash assistance and psychosocial support to Syrian refugees and members of the host community Jordan n/a",1
"170748","WFP Secondment of a social protection and social safe nets advisor.",1
"170749","WFP Secondment of a social protection and social safe nets advisor.",1
"170750","WFP Secondment of a social protection and social safe nets advisor.",1
"171689","Appui à la sécurité alimentaire et nutritionnelle des ménages très pauvres et vulnérables à travers l'assistance monétaire à usages multiples dans les communes de Bambara Maoudé, Haribomo, et Inadiatafane (ECHO/-WF/BUD/2018/91020)",1
"172000","Sauver des vies à travers une assistance en CASH Multifonctionnel pour répondre aux besoins les plus pressants de 25,000 personnes retournées dans le Département du Mayo Sava, Mayo Tsanaga et Logone-et-Chari",1
"172338","Emergency Cash and Protection Assistance for new Congolese refugees in Kyaka II, Uganda (ECHO/-HF/BUD/2018/91033)",1
"175111","Supporting the CSA in building a robust early warning, preparedness and response-planning mechanism to shocks affecting food security and nutrition in Mauritania, as part of an national Adaptive Social Protection system and as a contribution to an overall DRR scheme (part of ECHO/-WF/BUD/2018/91075)",1
"175578","Strengthening the national social protection safety net programme on vulnerability targeting (P006124/PO7390194) Strengthening the national social protection safety net programme on vulnerability targeting The project's objective is to enhance the capacities of public and private sector institutions and systems, including local
responders, to identify, target and assist food insecure and nutritionally vulnerable populations.",1
"177337","PREPARE Malawi: Social PRotection and E-PAyment for inclusive cash REsponse Malawi (ECHO/-SF/BUD/2018/91011)",1
"177493","Strengthening capacities for cash-transfer programmes2016: 23.720,44 €    2017: 384.023,56 €    2018: 500.000,00 € (2018 portion)",1
"177494","Strengthening capacities for cash-transfer programmes2016: 23.720,44 €    2017: 384.023,56 €    2018: 500.000,00 € (2017 portion)",1
"177630","Prévention à l'insécurité alimentaire et nutritionnelle des populations les plus vulnérables affectées par le conflit armé et les aléas naturels à travers une assistance monétaire dans les communes de Bamba, Téméra, Gabéro et Télemsi (Région de Gao) (ECHO/-WF/BUD/2018/91079) Soutenir les ménages pauvres et très pauvres affectés par la crise complexe au nord et au centre du Mali afin de faire face à l'insécurité alimentaire et nutritionnelle, à securier les moyens de subsistances et renforcer la résiliences face aux chocs recurrents Objectif Global : Contribuer à réduire la vulnérabilité des ménages pauvres et très pauvres à l'insécurité alimentaire et nutritionnelle, afin d'assurer leur accès à une alimentation suffisante et diversifiée et de renforcer leurs moyens de subsistance
Objectifs Spécifiques :
•	Objectif Spécifique 1 : Fournir avec dignité et sécurité, aux femmes, hommes, filles et garçons des ménages pauvres et très pauvres (48618 personnes) un accès à une alimentation suffisante et diversifiée en période de soudure afin de réduire leur vulnérabilité 

•	Objectif Spécifique 2 : Prévenir les risques de malnutrition pour les femmes enceintes et allaitantes et les enfants de moins de 5ans à travers la mise en œuvre des activités nutrition sensible

•	Objectif Spécifique 3 : Renforcer les capacités de résiliences à travers la réhabilitation et la reconstitution de leurs moyens d’existence",1
"178078","transferts monétaires Lebanon n/a",1
"178080","Transferts monétaires Emergency Assistance to Populations Affected by the Iraq Crisis To end hunger, improve nutrition and achieve food security for women, men, girls and boys in Iraq. A further objective is to support the implementation of the Sustainable Development Goals (SDGs) by partnering with other agencies and organisations to achieve the SDGs.",1
"178083","Transferts d'espèces ciblée",1
"178084","Argent contre travail : participation à des activités d'aménagement et maraichage des jardins de vie pour soutenir le programme d'alimentation scolaire.",1
"178088","transferts monétaires au bénéfice des populations du Nord et de l'Est impactése par la crise Boko Haram et la crise RCA",1
"178092","PAM: bons alimentaires à travers un réseau de supérettes. Country Strategic Plan for food assistance to the poor and severely food insecure population in the West Bank and the Gaza Strip WFP is committed to the Sustainable Development Goals (SDGs) and is guided by a strategic, programmatic and governance instrument to operationalize its plan and achieve its project objectives to: 
• End Hunger by protecting access to food and by improving dietary diversity;
• Support the implementation of the SDGs by enhancing the capacities of national institutions to implement food security strategies and operations;
This project directly contributes to strategic objectives two and three of the Humanitarian Response Plan 2018 2020, by meeting the basic food needs of severely vulnerable Palestinians and by improving their dietary diversity. 
WFP’s interventions focus on high food insecurity levels, including the malnutrition levels recorded by national surveys. By assisting the poor and severely food insecure Palestinian households in Gaza and Bedouin and herding communities in West Bank’s Area C, and by disseminating information on food and nutrition practices, WFP addresses the basic needs of vulnerable Palestinians and tackles one of the or root causes of some of the food insecurity levels recorded by the government institutions.
These interventions aim at improving the overall food security levels including nutrition and health status of the vulnerable Palestinians and therefore at increasing their coping abilities to sudden shocks in the market for access to food. 
The project also contributes to the Food Security Sector’s three objectives as well as to the National Policy Agenda 2017-2022 (policies on escaping poverty and strengthening social protection as well as meeting the basic needs of the communities) to ensure that the vulnerable Palestinians households basic food needs are met, by assisting households in enhancing their food security levels and by strengthening national institutions in implementing food security strategies and social security safety net programs to best identify and target food insecure and vulnerable Palestinians.",1
"178629","Response to humanitarian needs in the most vulnerable communities in Guatemala Dry Corridor affected by recurrent food insecurity and by the weakness of institutional capacities in building resilience and providing social protection (ECHO/-AM/BUD/2018/91042)",1
"179475","REPONSE FLEXIBLE EN AME ET ABRIS D'URGENCE EN FAVEUR DES COMMUNAUTES AFFECTEES PAR LA CRISE DJUGU DANS LES TERRITOIRES DE DJUGU, IRUMU ET MAHAGI, A TRAVERS MOBILE MONEY.",1
"179692","Primary health care and basic needs coverage for vulnerable refugees, migrants and returnees from Venezuela through cash assistance and the distribution of property; 2018: 275,869 €; 2019: 512,932 €; 2020: 790,000 €; 2021: 500,000 €",1
"180338","This project aims to support the most vulnerable Syrian families in Lebanon and Jordan, vulnerable refugees and asylum-seekers in Syria (including Iraqis), as well as Syrian refugees in Iraq through Cash Based Interventions (CBI). Jordan n/a",1
"180339","This project aims to support the most vulnerable Syrian families in Lebanon and Jordan, vulnerable refugees and asylum-seekers in Syria (including Iraqis), as well as Syrian refugees in Iraq through Cash Based Interventions (CBI). Lebanon n/a",1
"180340","This project aims to support the most vulnerable Syrian families in Lebanon and Jordan, vulnerable refugees and asylum-seekers in Syria (including Iraqis), as well as Syrian refugees in Iraq through Cash Based Interventions (CBI). Iraq n/a",1
"180873","Cross-border emergency food, shelter, health and protection through cash assistance for Venezuelan refugees and migrants  2018: 204.889 €    2019: 759.464 €    2020: 800.000 €",1
"183589","Argent contre travail, permettant de couvrir les besoins alimentaires basiques de la famille et restaurer leurs capacités d'adaptation et de résilience Emergency Food Assistance HRP Strategic Objective 3: Palestinians to cope with the protected crisis, includes the environmental threats is supported, while solutions to violations and other root causes of threats and shocks are perused.

Food security cluster objective 2: Households suffering from limited access to food and to income opportunities are able to meet their basic food needs.

UNRWA Strategic Objective 2: crisis affected Palestine refugee households facing acute shocks have increased economic access to food",1
"184896","Secondment of a CTP Programme Officer to IFRC Regional Bureau in Dakar, Senegal, Multiyear 2018-2019,  total award CHF 210,000 (Z7H514500033)",1
"184897","Secondment of a CTP Programme Officer to IFRC Regional Bureau in Dakar, Senegal, Multiyear 2018-2019, 2018 portion,  total award CHF 50,000 (Z7H514500033)",1
"184899","Secondment of a Social Protection Officer (CBT) to WFP Country Office in Colombo,
Sri Lanka, Multiyear 2018-2019,  total award CHF 130,000 (7H514500032)",1
"184900","Secondment of a Social Protection Officer (CBT) to WFP Country Office in Colombo,
Sri Lanka, Multiyear 2018-2019,  2018 portion, total award CHF 48,000 (7H514500032)",1
"184902","Secondment of a Social Protection Officer (CBT) to WFP Country Office in Colombo,
Sri Lanka, Multiyear 2018-2019,  2019 portion, total award CHF 82,000 (7H514500032)",1
"185379","UNHCR, HoA, Ethiopia, Cash Allocation: Protection, Forced displacement
(refugees, IDP, human trafficking)  (7F-09282.23)",1
"186359","Améliorer l’accès aux soins des populations affectées par le conflit dans la région de Zaporizhia par la distribution de bons pharmacie pour permettre aux personnes dans le besoin d’acheter des médicaments",1
"192049","Cross-border emergency food, shelter, health and protection through cash assistance for Venezuelan refugees and migrants. 2018: 204.889 €    2019: 759.464 €    2020: 800.000 € (2020 portion) (part of AA-S09-51 321.50 VEN 05/18) Colombia - Caritas Germany (DCV) ",1
"192718","Project proposal  Strengthening the Social Protection System for Refugees and Vulnerable Lebanese through Community-Based Protection GDNK02 - Lebanon - Dec18 LEBANON - United Nations High Commissioner for Refugees",1
"194759","WFP Secondment of a Social Protection & Social Safety Nets Advisor (Z7H514500021)",1
"197274","Fostering shock response capacities for social protection and economic integration, with a focus on the rights of the Venezuelan population and their host communities, in the disaster risk-prone areas (ECHO/-AM/BUD/2019/91032)",1
"198730","Emergency Social Safety Net (ESSN) Assistance to refugees in Turkey (part of ECHO/TUR/BUD/2017/91009) Turkey n/a",1
"198731","Emergency Social Safety Net (ESSN) Assistance to refugees in Turkey (part of ECHO/TUR/BUD/2017/91009) TURKEY - World Food Programme",1
"198732","Emergency Social Safety Net (ESSN) Assistance to refugees in Turkey (part of ECHO/TUR/BUD/2017/91009) TURKEY - World Food Programme",1
"203080","Supporting the CSA in building a robust early warning, preparedness and response-planning mechanism to shocks affecting food security and nutrition in Mauritania, as part of an national Adaptive Social Protection system and as a contribution to an overall DRR scheme (part of ECHO/-WF/BUD/2018/91075)",1
"204719","Contribution to the UNICEF programme called Hjati (My Needs) - Integrated Social Protection Programme for Vulnerable Children in Jordan. JORDAN - United Nations Children's Fund",1
"204761","Emergency Social Safety Net (ESSN) Assistance to refugees in Turkey (part of ECHO/TUR/BUD/2017/91009) TURKEY - World Food Programme",1
"206121","Améliorer l'accès aux soins des populations affectées par le conflit dans la région de Zaporizhia par la distribution de bons pharmacie pour permettre aux personnes dans le besoin d'acheter de médicaments",1
"208504","Improving Food Security, Food Safety, and Living Standards of Vulnerable Populations in Northwest Syria through food voucher support",1
"209102","Social protection",1
"209283","Social protection",1
"210653","Unconditional food assistance to 48,800 CAR refugees in Adamaoua, East and North Regions Unconditional food assistance to 48,800 CAR refugees in Adamaoua, East and North Regions The project will provide food assistance to 48,800 vulnerable CAR refugees in camps located in Adamaoua, East and North regions. The food Assistance will be delivered to beneficiaries through monthly cash based transfers throughout the year 2020.",1
"211749","Shelter repair and upgrade of most vulnerable returned IDPs through cash distribution in Uruzgan and Jawzjan Provinces, Afghanistan",1
"211750","Shelter repair and upgrade of most vulnerable returned IDPs through cash distribution in Uruzgan and Jawzjan Provinces, Afghanistan",1
"211751","Shelter repair and upgrade of most vulnerable returned IDPs through cash distribution in Uruzgan and Jawzjan Provinces, Afghanistan",1
"213720","The Kenya Cash Consortium response to the desert locust crisis in Arid and Semi-Arid Land (ASAL) Counties of Kenya (ECHO/-HF/BUD/2020/91027).
The Kenya Cash Consortium led by ACTED in partnership with Concern Worldwide, Oxfam and IMPACT is responding to the desert locust crisis in the Arid and Semi-Arid Land (ASAL) Counties of Kenya, including in Turkana, Isiolo, Wajir, Samburu, Marsabit and Mandera, to save lives and protect livelihoods.",1
"214341","Facilitation de l’aide humanitaire par la réhabilitation d’une piste rurale à travers le transfert monétaire (argent contre travail) dans le district de Beloha",1
"214515","Social Protection  (Global thematic/EMOPS)",1
"215313","Social Protection",1
"216427","Improve social protection and resilience amongst targeted refugee and vulnerable Jordanian populations. Multi year 2020-2021-2022, total amount CHF 1,616,851 (7F-10006.02)",1
"216428","Improve social protection and resilience amongst targeted refugee and vulnerable Jordanian populations. Multi year 2020-2021-2022,  2020 portion, total amount CHF 700,000 (7F-10006.02)",1
"216429","Improve social protection and resilience amongst targeted refugee and vulnerable Jordanian populations. Multi year 2020-2021-2022,  2021 portion, total amount CHF 800,000 (7F-10006.02)",1
"216430","Improve social protection and resilience amongst targeted refugee and vulnerable Jordanian populations. Multi year 2020-2021-2022,  2022 portion, total amount              CHF 116'851 (7F-10006.02)",1
"216548","South Sudan, WVI: Building Resilience through Asset Creation and Enhancement (Brace) II cash transfer assistance in Aweil North, Gogrial. West and Magwi Country. Multi year 2020-2021-2022 , total amount CHF 1,600,000 (7F-10528.01.01)",1
"216549","South Sudan, WVI: Building Resilience through Asset Creation and Enhancement (Brace) II cash transfer assistance in Aweil North, Gogrial. West and Magwi Country. Multi year 2020-2021-2022. 2020 portion, total amount CHF 580,000     (7F-10528.01.01)",1
"216550","South Sudan, WVI: Building Resilience through Asset Creation and Enhancement (Brace) II cash transfer assistance in Aweil North, Gogrial. West and Magwi Country. Multi year 2020-2021-2022. 2021 portion, total amount CHF 850,000     (7F-10528.01.01)",1
"217190","Assistance d’urgence intégrée par transfert monétaire aux populations hôtes de la localité de Bria (Haute Kotto)",1
"217297","Yemen Humanitarian Crisis- Yemen Social Protection Programme (YeSP)",1
"217306","Support to Displaced People and Migrants - Social Protection",1
"217307","Support to Displaced People and Migrants - Social Protection",1
"218191","The Kenya Cash Consortium led by ACTED in partnership with Oxfam and IMPACT is responding to the flooding crisis in Arid and Semi-Arid Land (ASAL) Counties of Kenya, including Tana River and Garissa, to mitigate the impact of the shocks including the loss of livelihoods and property, the deterioration of food security and address wider needs which have arisen as a result of the crisis. ECHO/DRF/BUD/2019/91039",1
"219289","Joint Program WFP and UNICEF: Expansion of social safety nets in the Covid-19 context (Social Protection in the Sahel) - BMZ- (multiyear - 2020 portion of EUR 27,000,000)",1
"219290","Joint Program WFP and UNICEF: Expansion of social safety nets in the Covid-19 context (Social Protection in the Sahel, SPS( - multiyear 2020 portion of EUR 27,000,000) 2020.1827.3",1
"222402","Emergency initiative for the protection and the integrated social assistance of vulnerable groups among refugees and Jordanian hosting communities. The program aims at reducing the vulnerability and alleviate the suffering of people affected by the Syrian conflict and by the socioeconomic impact of COVID 19 pandemic.",1
"222754","Joint Program WFP and UNICEF: Expansion of social safety nets in the Covid-19 context (Social Protection in the Sahel, SPS( - multiyear 2021 portion of EUR 27,000,000) 2020.1827.3",1
"222820","ASSISTANCE MULTISECTORIELLE IMMEDIATE EN AME ET SECAL À TRAVERS LE CASH OU COUPONS AUX DÉPLACÉS LES PLUS VULNÉRABLES DES ZONES DE SANTÉ DE NYUNZU, MOBA, KIYAMBI ET KABALO , TERRITOIRES DE NYUNZU, MOBA, MANONO ET KABALO DANS LA PROVINCE DU TANGANYIKA",1
"222821","ASSISTANCE MULTISECTORIELLE IMMEDIATE EN AME ET SECAL À TRAVERS LE CASH OU COUPONS AUX DÉPLACÉS LES PLUS VULNÉRABLES DES ZONES DE SANTÉ DE NYUNZU, MOBA, KIYAMBI ET KABALO , TERRITOIRES DE NYUNZU, MOBA, MANONO ET KABALO DANS LA PROVINCE DU TANGANYIKA",1
"223174","Social Protection",1
"224187","cash for work for the rehabilitation of housing units damaged by the blast, the provision of food parcels to families and psychological support for team and beneficiaries. The interventions, being labor-intensive, creates job opportunities for skilled and unskilled workers from affected communities Family food security for vulnerable people affected by the explosion The proposal  will support the most affected communities with a holistic approach that includes community and homes repair, light rehabilitation and cleaning (when needed), through short term work opportunities for vulnerable unemployed people, Lebanese and Migrant, refugee women and men, as well as youth and with involvement of PWD when possible. Workers will be from directly affected families who lost their jobs, ensuring a target of at least 25% female workers. The intervention will also complement the support to families with the provision of Mental Health and Psychosocial Support (MHPSS) to families in need. The initiatives will support approximately 2,000 families and the repair, cleaning and light rehabilitation of approximately  community structures as well as homes (meeting the applicable safety criteria) to allow displaced people to return to their communities. The working conditions (including working hours) will comply with the Lebanese labour law and regulations. Labourers will be supported with: 
- PPE equipment CFW PPE
- Protective kits and tools for CFW (gloves, boots, jacket/hat etc.) 
- Training on safety measures regarding COVID-19 as well as safety at work
- Workman insurance
While this is an emergency action, the impact in the long term is 
- 2000 families have have livelihoods support and regained resilience
-  Community structures and homes cleaned and repaired;
- MHPSS, Protection interventions, will support community and individual resilience, while providing focused and specialized support to those in need through referral 
Output: Short term employment opportunities for food insecure people through cash for work in repair, light rehabilitation of community infrastructure and houses as well as cleaning and remaining waste/debris removal: Generation of short-term employment for vulnerable and food insecure Lebanese and migrant families, women, men and youth through the identification of local labourers who lost their jobs and by engaging them in labour-intensive activities (cash for work) with support of skilled manpower to ensure a rapid response in the affected communities in Beirut and surrounding areas. Psycho-social support will be provided to the affected women, men and, youth and children with Responsible of Psychological Fist Aid (FPA)). ",1
"225047","Secondment of a Social Protection Officer (CBT), Multi-year, 2020-2021, total amount CHF 220,000 (Z7H514500032)",1
"225048","Secondment of a Social Protection Officer (CBT), Multi-year, 2020-2021. 2020 total amount CHF 60,000 (Z7H514500032)",1
"225049","Secondment of a Social Protection Officer (CBT), Multi-year, 2020-2021. 2021 total amount CHF 160,000 (Z7H514500032)",1
"226028","Social Protection.. SM190385",1
"226030","Social Protection. SM190388",1
"226032","social protection. SM190388",1
"226059","social protection. SC200471",1
"226066","Emergency Social Safety Net Assistance for Refugees in Turkiye",1
"226350","Social Protection. SC190601",1
"227395","Emergency CRI and Cash for Rental Housing for conflict affected people in Nejo, Mana Sibu and Boji Dirmeji woredas of West Wollega zone, Oromia Region",1
"228205","Priority 1 and 2: Lifesaving cash assistance to the crisis affected IDPs in Taiz governorate (Mawiyah, Maqbana and Dimnat Khadir), Hajjah governorate (Abs district) and Lahj governorate (Tuban district)",1
"228346","Fostering shock response capacities for social protection and economic integration, with a focus on the rights of the Venezuelan population and their host communities, in the disaster risk-prone areas.",1
"229432","WFP Food Assistance–Cash Transfers, Vouchers  (USAID/BHA)",1
"231220","Improved immediate access to livelihoods for food insecure vulnerable households in drought affected populations and IDPs in Garowe district -Puntland state of Somalia Provision of Immediate food assistance to crisis and locust affected vulnerable IDPs and Host Community in Garowe, Eyl,  Dangorayo and Godobjiraan Districts. The response will cover Nugaal Region and target 28,500 beneficiaries (13,965 male and 14,535 female). The project will target mainly internally displaced households, refugee returnees and very poor host community households severely affected by droughts and conflicts across the populations groups of IDPS, Rural Pastoralist, Agro-pastoralist and fishing in the 4 target Districts of Garowe, Eyl, Dangorayo and Godobjiraan. The specific activities will largely include cash based interventions that will target emergency crisis affected households of above IPC 3 level. The planned cash transfers which will include both conditional and unconditional transfers aimed to increase households’ purchasing power and improve access to food and basic need based on the calculated Minimum Expenditure Basket for Nugal (USD 116 according to the latest FSNAU urban mainin markets for September 2020). In addition the response will undertake livelihood protection activities consisting of seasonal farming input, livestock support and diversification of livelihood source to enhance the recovery initiatives of drop out pastoralist, farming and fishing households just emerging from the droughts, COVID-19 pandemic livelihood related disruptions and also cyclones that have hit the Coastal Districts of Nugal Region. The design of the structures and outputs of the project will be required to conform to the required to conform to SPHERE standards including the construction. The project will utilize the Somalia Cash Working Group (CWG) recommended work norms to ensure labour output and compensation based on individual labor input. Women and the disabled shall be prioritized and given suitable jobs within the rehabilitation works. The project is also designed to main stream protection principles and to promote access, safety and dignity for all beneficiaries and in particular women and girls from IDP camps and others who have faced increased risk of SGBV since the outbreak of COVID-19 pandemic. The project is also designed to main stream protection principles and to promote access, safety and dignity for all beneficiaries and in particular women and girls from IDP camps and others who have faced increased risk of SGBV since the outbreak of COVID-19 pandemic. This will include promoting safety and dignity and avoiding to cause harm and ensure impartial and neutral services delivery all the targeted beneficiaries based purely on needs as per the protection requirements for livelihood programming. The project will equally ensure gender mainstreaming approaches remains key to its implementation. Wide consultation will also be made with the community leadership to develop an all accepted selection based on Community Based Targeting (CBT) selection criteria that will prioritize the most vulnerable households as beneficiaries prioritizing women and children access to the support. These will include women headed households, households with elderly and disable individual and large size poor families and IDP households, rural and fishing households with none or minimal sources of income. Provision of Seasonal inputs: The project will provide seasonal inputs consisting of farming seeds, harvest storage bags to cut on post-harvesting losses, fishing inputs for the fishery livelihood group in Eyr District and veterinary and feeds support to pastoralists in the 4 target Districts. The project will put in place a feedback mechanism to help get the beneficiaries share information related to the project. This will be an important component of the project as it will help guide the implementation process, capturing important details relating to changing needs by beneficiaries especially in view of the locusts and drought situation which has the potential to worsen.  The feedback mechanism shall also to collect complaints expressed by the beneficiaries for action by the project management.  In future the beneficiary data should be encrypted. ",1
"231259","1. Unconditional cash transfers (including food purchases) focusing on women, households with children, indigenous populations, the disabled and the elderly. Colombia: Caritas Switzerland - Multipurpose CBI Regional Multipurpose CBI requirements for Refugee and Migrant Response Plan for Venezuela",1
"231263","1. Unconditional cash transfers (including food purchases) focusing on women, households with children, indigenous populations, the disabled and the elderly. Colombia: Caritas Switzerland - Multipurpose CBI Regional Multipurpose CBI requirements for Refugee and Migrant Response Plan for Venezuela",1
"231493","Implementation of Operational Concept on Cash and Voucher Assistance (CVA) 2021-2024. Protecion, access and security. Mulyi year 2021 20 2024, total amount CHF 600,000 
(7F-07880.06)",1
"231494","Implementation of Operational Concept on Cash and Voucher Assistance (CVA) 2021-2024. Protecion, access and security. Mulyi year 2021 20 2024. 2021 portion total amount CHF 150,000 
(7F-07880.06)",1
"231496","Implementation of Operational Concept on Cash and Voucher Assistance (CVA) 2021-2024. Protection, access and security. Multi year 2021 20 2024. 2023 portion total amount CHF 150,000 
(7F-07880.06)",1
"232291","Cash and voucher assistance in humanitarian response.   (QZA-20/0061-19)",1
"232528","1. Entrega de transferencias monetarias multipropósito (MPC) Ecuador: Norwegian Refugee Council (NRC) - Multipurpose CBI Regional Multipurpose CBI requirements for Refugee and Migrant Response Plan for Venezuela",1
"232532","1. Entrega de transferencias monetarias multipropósito (MPC) Ecuador: Norwegian Refugee Council (NRC) - Multipurpose CBI Regional Multipurpose CBI requirements for Refugee and Migrant Response Plan for Venezuela",1
"232546","1. Entrega de transferencias monetarias multipropósito (MPC) Ecuador: Norwegian Refugee Council (NRC) - Multipurpose CBI Regional Multipurpose CBI requirements for Refugee and Migrant Response Plan for Venezuela",1
"233357","Social protection shock sensitive	Social Protection",1
"233834","Yemen Social Protection Programme",1
"234034","SM210349/Emergency Preparedness/ Response
/Supporting the development of Shock-Responsive Social Protection (SRSP) in Nigeria in response to recurrent floods (ECHO/-AF/BUD/2021/92108)",1
"234138","Unconditional multipurpose cash assistance in eastern DRC and further enhancement of the Food Security Cluster (ECHO/COD/BUD/2021/91014)",1
"234574","Fournir une assistance alimentaire d''urgence aux personnes affectées par la montée des eaux du Lac Tanganyika à travers les transferts monétaires aux ménages.",1
"236254","West Bank Gaza/CE: Multipurpose Cash Assistance (USAID/BHA) Immediate support for farmers, herders and fishers so that they can avail of productive/fishing cycles to restore their productive capacities and avoid the loss of the seasonal production cycles. Immediate support for farmers, herders and fishers so that they can avail of productive/fishing cycles to restore their productive capacities and avoid the loss of the seasonal production cycles.",1
"236816","Aide d’urgence multifonctionnelle à travers une assistance monétaire aux personnes déplacées et affectées par le conflit dans la ville  de Mekelle, région du Tigray, Ethiopie",1
"237101","Transferts monétaires sans conditions pendant 4 mois. Arrivées spontanées : 19,8 euros par mois. Communautés hôtes : 9,9 euros par mois.",1
"237117","Transferts monétaires pour l'achat de produits locaux présélectionnés (riz, haricots, huile, poisson salé, farine de manioc).",1
"238113","Yemen Social Protection Programme",1
"239305","Yemen Social Protection Programme",1
"239306","Yemen Social Protection Programme",1
"239628","This project aims to protect internally displaced families by improving their access to basic needs and services and to support them during the ongoing emergency. NRC will directly target 797 families who are internally displaced, with particular focus on persons living with host families in urban settings. The project will provide one-time cash transfer to meet immediate needs of most vulnerable households affected  by the violence due to siege.",1
"240268","Lebanon Beirut Explosion CASH Phase 2	Cash Transfer, Health & Medical Services",1
"243060","Kazakhstan/Drought: Multipurpose Cash Assistance (USAID/BHA)",1
"243636","Social Protection 
Kenya: Carry Forward Emergency Response Funds",1
"243841","Additional: Improve social protection and resilience amongst targeted refugee and vulnerable Jordanian populations (7F-10006.02)",1
"243901","Secondment of a Social Protection Officer (CBT).  Multi-year, 2021-2022, total amount 
CHF 110,000 (Z7H514500032)",1
"243903","Secondment of a Social Protection Officer (CBT).  Multi-year, 2021-2022. 2021 portion total amount 
CHF 55,000 (Z7H514500032)",1
"243904","Secondment of a Social Protection Officer (CBT).  Multi-year, 2021-2022. 2022, portion total amount CHF 55,000 (Z7H514500032)",1
"244494","Social Protection/CAR CO 2020 Carry Forward by UNICEF Sectors and Reference to HRP Projects",1
"244574","Social Protection Programme",1
"244649","SOCIAL SAFETY NET PROJECT	FSL",1
"244850","Food Assistance–Cash Transfers Huehuetenango (USAID/BHA)",1
"245171","Proyecto de investigación sobre cómo formular la asistencia en efectivo y con cupones para que tenga un mayor impacto en el logro de los resultados de protección.",1
"245172","Proyecto de investigación sobre cómo formular la asistencia en efectivo y con cupones para que tenga un mayor impacto en el logro de los resultados de protección. Colombia: Save the Children International (SCI) - Protection (Child Protection) Regional Protection (Child Protection) requirements for Refugee and Migrant Response Plan for Venezuela",1
"245173","Proyecto de investigación sobre cómo formular la asistencia en efectivo y con cupones para que tenga un mayor impacto en el logro de los resultados de protección.",1
"245174","Proyecto de investigación sobre cómo formular la asistencia en efectivo y con cupones para que tenga un mayor impacto en el logro de los resultados de protección. COL_LACT_Safer Childhoods El proyecto Infancia más segura para un futuro mejor, tiene como objetivo contribuir a mejorar la protección y protección y bienestar de los niños, niñas, adolescentes y sus familias en comunidades afectadas por la violencia y el conflicto armado, en Tumaco Colombia. Implementará el modelo de protección de la infancia en contextos de alto riesgo, estableciendo la participación activa de las comunidades como uno de los ejes principales. SC Colombia trabajará directamente con niños, adolescentes, padres, cuidadores, maestros e instituciones educativas para fortalecer los entornos de protección entornos protectores para los niños, y apoyar a las niñas, niños y adolescentes en su autoprotección. Las actividades propuestas actividades propuestas se enmarcan en los temas transversales de protección, participación, género y no hacer daño y salvaguardia. El proyecto representa una nueva fase de ejecución del proyecto que se basa tanto en las mejores prácticas y las lecciones aprendidas de la fase anterior.",1
"245569","Emergency initiative for the promotion of an integrated framework of assistance empowerment and social protection of refugees and host communities in Jordan",1
"246137","Yemen Social Protection Programme",1
"246909","Aide d’urgence multifonctionnelle à travers une assistance monétaire aux personnes déplacées et affectées par le conflit dans la ville de Mekelle, région du Tigray, Ethiopie.",1
"246932","Cash and voucher assistance in humanitarian response.   (QZA-20/0061-19)",1
"247980","Non-Thematic - Occupied Palestinian Territory. Social protection & cash transfers",1
"248298","HAC-Mozambique: Non-Thematic. Social Protection  (SC210026)",1
"248936","Humanitarian Support Ukraine 2022
Social Protection",1
"248986","Ukraine RRP
Social Protection",1
"249405","Lebanon: Non-Thematic. Social Protection",1
"249518","Jordan: Non-Thematic Fund. Social Protection",1
"249528","Jordan: Thematic fund. Social Protection",1
"249536","Jordan: Thematic fund. Social Protection",1
"249542","Jordan: Thematic fund. Social Protection",1
"249543","Jordan: Thematic fund. Social Protection",1
"249634","Jordan: Non-Thematic. Social Protection",1
"249635","Jordan: Non-Thematic. Social Protection",1
"249703","Lebanon. Non-Thematic. Social Protection",1
"249730","Lebanon. Non-Thematic. Social Protection",1
"249735","Lebanon	German Committee for UNICEF within Global Thematic - Social Protection",1
"249927","Lebanon. Non-Thematic. Social Protection",1
"250095","The purpose of this project is to contribute to solving basic needs of the beneficiary population in order to improve access to basic food, non-food items and rent payments,
among others in Bucaramanga and Ipiales. This type of assistance consists of a direct and unconditional cash transfer, a multipurpose  multipurpose cash transfers, which are periodic or one-time transfers equal to the amount of money required to cover the amount of money required to cover all or part of a household's basic needs and/or recovery needs. and/or recovery needs (the term refers to transfers designed to meet multiple needs). multiple needs).",1
"250130","Kenya. Carryover 2020, Social Protection",1
"250395","Syria 3RP No Sector Earmarking - Providing social protection assistance for refugees in Jordan",1
"250783","Flexible Funds
Ukraine RRP
Moldova - Social Protection",1
"251859","Social Protection",1
"252710","Contributions received against Ukraine Flash Appeal 2022
(Social protection)",1
"252717","Contributions received against the Refugee Response Plan
Social Protection",1
"252952","Emergency Social Safety Net Assistance for Refugees in Turkiye",1
"252986","Lebanon. Non-Thematic Social protection",1
"254084","Ukraine Flash Appeal through the Country Humanitarian Thematic Fund
(Social protection)",1
"254134","Refugee Response Plan
-- Social Protection",1
"254176","Flexible funding towards the RRP for Moldova
--- Social Protection",1
"254194","Flexible funding towards the RRP for Hungary
Social Protection",1
"256199","Ukraine 
Social protection",1
"256201","Belgian Committee for UNICEF
Ukraine
Social Protection",1
"256209","German Committee for UNICEF
Ukraine
(Social Protection)",1
"256210","German Committee for UNICEF
Ukraine - Social Protection",1
"256253","Swiss Committee for UNICEF	SM220470
Social Protection",1
"256255","Emergency response on SI for Children in Ukraine and Neighboring Countries
Social Protection",1
"256284","Ausbau der regionalen Lern- und Koordinationsplattform ‚Cash Lear-ning Partnership‘ (CaLP) zu Cash and Voucher Programming (CVP) in der MENA-Region und Nordafrika (sowie Ukraine und Griechenland)",1
"256285","Ausbau der regionalen Lern- und Koordinationsplattform ‚Cash Lear-ning Partnership‘ (CaLP) zu Cash and Voucher Programming (CVP) in der MENA-Region und Nordafrika (sowie Ukraine und Griechenland)",1
"256286","Ausbau der regionalen Lern- und Koordinationsplattform ‚Cash Lear-ning Partnership‘ (CaLP) zu Cash and Voucher Programming (CVP) in der MENA-Region und Nordafrika (sowie Ukraine und Griechenland)",1
"257202","Support to Social Protection Programme 2, Emergency Response Fund - Scale Up of Cabo Delgado Emergency Response, Including Influx of Needs for Arrivals from Palma",1
"257203","Support to Social Protection Programme 2, Emergency Response Fund - Scale Up of Cabo Delgado Emergency Response, Including Influx of Needs for Arrivals from Palma",1
"257204","Support to Social Protection Programme 2, Emergency Response Fund - Scale Up of Cabo Delgado Emergency Response, Including Influx of Needs for Arrivals from Palma",1
"258042","Contributions received against the Refugee Response Plan
Social protection",1
"259616","German Committee for UNICEF
Ukraine
(Social protection)",1
"259632","Ukraine
Social Protection",1
"259633","Ukraine
Social Protection",1
"259634","Ukraine
Social Protection",1
"259889","Ukraine RRP
Moldova
Social Protection",1
"259914","Ukraine RRP
Slovakia
Social Protection",1
"259944","Ukraine RRP
Moldova
Social Protection",1
"260054","Flexible funding towards the RRP for Poland
--- Social Protection",1
"260061","Flexible funding towards the RRP for Romania
--- Social Protection",1
"260069","Flexible funding towards the RRP for other countries and regional coordination (Italy, Czech Republic, Bulgaria, Croatia, Belarus and RO)
--- Social Protection",1
"262936","Urban social assistance to support vulnerable and labour constrained households in Harare and Bulawayo.",1
"263015","Urban social assistance to support vulnerable and labour constrained households in Harare and Bulawayo.",1
"263022","Emergency Social Safety Net Assistance for Refugees in Turkey 
(2020 portion)",1
"263023","Emergency Social Safety Net Assistance for Refugees in Turkey 
(2021 portion)",1
"263024","Emergency Social Safety Net Assistance for Refugees in Turkey 
(2022 portion)",1
"263025","Emergency Social Safety Net Assistance for Refugees in Turkey 
(2023 portion)",1
"263030","Emergency Social Safety Net Assistance for Refugees in Turkey 
(2020 portion)",1
"263031","Emergency Social Safety Net Assistance for Refugees in Turkey 
(2021 portion)",1
"263032","Emergency Social Safety Net Assistance for Refugees in Turkey 
(2022 portion)",1
"263033","Emergency Social Safety Net Assistance for Refugees in Turkey 
(2023 portion)",1
"266478","Scaling up Shock Responsive Social Protection to proactively manage risks before, during and after the impacts of climate shocks and disasters in ASEAN
(2023 portion of EUR 1.8 mio)",1
"271522","Priority 1 and 2: Lifesaving cash assistance to the crisis affected IDPs in Taiz governorate (Mawiyah, Maqbana and Dimnat Khadir), Hajjah governorate (Abs district) and Lahj governorate (Tuban district)",1
"274515","Cash and voucher assistance in humanitarian response",1
"274585","Food Security	£12m to support WFP to provide emergency cash and food support, as well as to strengthen Government of Ukraine social protection systems",1
"275735","Yemen 2023	United Nations Development Programme	Yemen	All provinces	Social protection to provide social cohesion in Yemeni society",1
"277948","Providing electronic food vouchers and multi-purpose cash (MPC) to vulnerable households in the Gaza strip.",1
"281312","Bangladesh - Strengthening Shock Responsive Social Protection Systems - 2023",1
"281584","Burkina Faso/CE	Burkina Faso	Concern Worldwide
Burkina Faso HRP 2024		Food Security	Pouytenga Emergency Food and Livelihoods activity - Cash and food distribution programme for IDPs",1
"284234","Support Ecuadorian social protection system through improving the government’s capacity to respond to the immediate needs of most affected vulnerable population groups, in the context of the response to the COVID-19 emergency",1
"287928","Canada/Wildfires-2023	Canada	Adventist Development and Relief Agency InternationalProtection,Multipurpose Cash Assistance",1
"290480","Envelope 1 : Providing Critical Cash Assistance via MPC and cash for Shelter Support to the Most Affected Population in Northwest Syria",1
"290481","Envelope 1 : Providing Critical Cash Assistance via MPC and cash for Shelter Support to the Most Affected Population in Northwest Syria",1
"291354","Transferts monétaires d'urgence aux populations affectées par la crise dans le nord du Bénin",1
"291847","Venezuela RMRP
--- MPC",1
"293313","Thematic Cross Sectoral - Yemen	Cross-Sectoral (two or more outcome areas)	THM HUMANITAR 2022-2025
-- Social Protection",1
"293348","Thematic Cross Sectoral - Yemen
THM HUMANITAR 2022-2025
-- Social Protection",1
"293627","Iraq
Social protection Iraq: United Nations Children's Fund (Protection - Child Protection response) United Nations Children's Fund - Child Protection response (Iraq)",1
"294322","Yemen HRP 2023		Yemen HRP 2023	Food Security	Food Security Safety Network - Social Protection Support to the Social Fund for Development",1
"295905","THM HUMANITAR 2022-2025	Thematic Humanitarian funds for Syria
--- SOCIAL PROTECTION  Expanding Social, Civic and Economic Engagement and Social Cohesion Interventions for Conﬂict-Affected Adolescents and Youth in the Syrian Arab Republic In support of the ERL Sector (Strengthened Communities and Participation), UNICEF, through this project in 2023, will further support its Generation Unlimited initiative and No Lost Generation Agenda by empowering vulnerable adolescents and youth (10-24 years), female and male and those with disabilities, to access social, civic and economic opportunities for skill development and engagement (including participation in social cohesion initiatives) with the objective of contributing to enhancing resilience and social cohesion. UNICEF will build on strategic partnerships, integration and at scale programming focusing on the most vulnerable adolescents to strengthen skills development, employability and meaningful engagement through friendly spaces and mobile teams. The proposed project will support young women and men to have better access to civic, social, and economic opportunities for skill development and engagement and to unleash their potentials and increase their learning, leadership, and employability opportunities. 
UNICEF will promote the active and meaningful participation of young people brought together from different ages, genders, abilities and cultural and educational backgrounds to be agents of positive change in their communities. UNICEF will work in the following three pillars and related interventions: (1) Provide access to services and skills-building for adolescents and youth for enhanced employability. (2) Strengthen social, civic and economic engagement of adolescents and youth and foster volunteerism and social cohesion-building. (3) Support young entrepreneurs to start their own project projects through seed funding. UNICEF will continue strengthening the capacity of local partners including services providers, youth workers and young volunteers to improve the quality of provided services and enhance the evidence generation. UNICEF will support the scalable and sustainable approaches with national partners including integrated centers & platforms.
In this project, UNICEF will give priority to adolescents and youth in the high severity areas such as Dara’a, Rural Damascus, Northern Homs, Southern Hama, East and Northeast of Aleppo, Deir-ez-Zor and Idleb. UNICEF will expand its support to young people in NES, focusing on returnees and displaced people in Raqqa and Hasakah, including those in camps, collective shelters and urban settings. UNICEF will focus on the most deprived areas in rural and urban areas. These will include camps (Hol, Roj, Newroz, Areesha, Mahmoudli) in Al-Hasakeh and Raqqa , the collective shelters in Al-Hasakeh city, and the rural areas in Qamishli, Malikia, Yaroubia, and Raqqa Governorate. Projects engaging young people will be essential needs for their effective integration in their communities. In addition, since 2014, many young people have been staying in camps and collective shelters. They do not enjoy the freedom of movement and face other risks, thus offering them activities that will enhance their skills and allow them to catch up to their peers in terms of skills and non-formal education.  The programme will coordinate with and support other UNICEF programmes to ensure interventions are tailored to the particular needs of young people. The programme will implement activities for young people affected by, or at high risk of, emergencies or the socio-economic situation, to acquire the right skills, become empowered and resilient community members who help their communities to cope with emergencies. Life-skills and citizenship education for these adolescents will equip and empower them to act as both participants and catalysts of change in their community as volunteers and peer influencers.
",1
"295913","Thematic Humanitarian Funds for Cross Sectoral Activities-Syria
---  SOCIAL PROTECTION  Expanding Social, Civic and Economic Engagement and Social Cohesion Interventions for Conﬂict-Affected Adolescents and Youth in the Syrian Arab Republic In support of the ERL Sector (Strengthened Communities and Participation), UNICEF, through this project in 2023, will further support its Generation Unlimited initiative and No Lost Generation Agenda by empowering vulnerable adolescents and youth (10-24 years), female and male and those with disabilities, to access social, civic and economic opportunities for skill development and engagement (including participation in social cohesion initiatives) with the objective of contributing to enhancing resilience and social cohesion. UNICEF will build on strategic partnerships, integration and at scale programming focusing on the most vulnerable adolescents to strengthen skills development, employability and meaningful engagement through friendly spaces and mobile teams. The proposed project will support young women and men to have better access to civic, social, and economic opportunities for skill development and engagement and to unleash their potentials and increase their learning, leadership, and employability opportunities. 
UNICEF will promote the active and meaningful participation of young people brought together from different ages, genders, abilities and cultural and educational backgrounds to be agents of positive change in their communities. UNICEF will work in the following three pillars and related interventions: (1) Provide access to services and skills-building for adolescents and youth for enhanced employability. (2) Strengthen social, civic and economic engagement of adolescents and youth and foster volunteerism and social cohesion-building. (3) Support young entrepreneurs to start their own project projects through seed funding. UNICEF will continue strengthening the capacity of local partners including services providers, youth workers and young volunteers to improve the quality of provided services and enhance the evidence generation. UNICEF will support the scalable and sustainable approaches with national partners including integrated centers & platforms.
In this project, UNICEF will give priority to adolescents and youth in the high severity areas such as Dara’a, Rural Damascus, Northern Homs, Southern Hama, East and Northeast of Aleppo, Deir-ez-Zor and Idleb. UNICEF will expand its support to young people in NES, focusing on returnees and displaced people in Raqqa and Hasakah, including those in camps, collective shelters and urban settings. UNICEF will focus on the most deprived areas in rural and urban areas. These will include camps (Hol, Roj, Newroz, Areesha, Mahmoudli) in Al-Hasakeh and Raqqa , the collective shelters in Al-Hasakeh city, and the rural areas in Qamishli, Malikia, Yaroubia, and Raqqa Governorate. Projects engaging young people will be essential needs for their effective integration in their communities. In addition, since 2014, many young people have been staying in camps and collective shelters. They do not enjoy the freedom of movement and face other risks, thus offering them activities that will enhance their skills and allow them to catch up to their peers in terms of skills and non-formal education.  The programme will coordinate with and support other UNICEF programmes to ensure interventions are tailored to the particular needs of young people. The programme will implement activities for young people affected by, or at high risk of, emergencies or the socio-economic situation, to acquire the right skills, become empowered and resilient community members who help their communities to cope with emergencies. Life-skills and citizenship education for these adolescents will equip and empower them to act as both participants and catalysts of change in their community as volunteers and peer influencers.
",1
"295935","Syria: HAC - thematic humanitarian support
THM HUMANITAR 2022-2025
--- SOCIAL PROTECTION  Expanding Social, Civic and Economic Engagement and Social Cohesion Interventions for Conﬂict-Affected Adolescents and Youth in the Syrian Arab Republic In support of the ERL Sector (Strengthened Communities and Participation), UNICEF, through this project in 2023, will further support its Generation Unlimited initiative and No Lost Generation Agenda by empowering vulnerable adolescents and youth (10-24 years), female and male and those with disabilities, to access social, civic and economic opportunities for skill development and engagement (including participation in social cohesion initiatives) with the objective of contributing to enhancing resilience and social cohesion. UNICEF will build on strategic partnerships, integration and at scale programming focusing on the most vulnerable adolescents to strengthen skills development, employability and meaningful engagement through friendly spaces and mobile teams. The proposed project will support young women and men to have better access to civic, social, and economic opportunities for skill development and engagement and to unleash their potentials and increase their learning, leadership, and employability opportunities. 
UNICEF will promote the active and meaningful participation of young people brought together from different ages, genders, abilities and cultural and educational backgrounds to be agents of positive change in their communities. UNICEF will work in the following three pillars and related interventions: (1) Provide access to services and skills-building for adolescents and youth for enhanced employability. (2) Strengthen social, civic and economic engagement of adolescents and youth and foster volunteerism and social cohesion-building. (3) Support young entrepreneurs to start their own project projects through seed funding. UNICEF will continue strengthening the capacity of local partners including services providers, youth workers and young volunteers to improve the quality of provided services and enhance the evidence generation. UNICEF will support the scalable and sustainable approaches with national partners including integrated centers & platforms.
In this project, UNICEF will give priority to adolescents and youth in the high severity areas such as Dara’a, Rural Damascus, Northern Homs, Southern Hama, East and Northeast of Aleppo, Deir-ez-Zor and Idleb. UNICEF will expand its support to young people in NES, focusing on returnees and displaced people in Raqqa and Hasakah, including those in camps, collective shelters and urban settings. UNICEF will focus on the most deprived areas in rural and urban areas. These will include camps (Hol, Roj, Newroz, Areesha, Mahmoudli) in Al-Hasakeh and Raqqa , the collective shelters in Al-Hasakeh city, and the rural areas in Qamishli, Malikia, Yaroubia, and Raqqa Governorate. Projects engaging young people will be essential needs for their effective integration in their communities. In addition, since 2014, many young people have been staying in camps and collective shelters. They do not enjoy the freedom of movement and face other risks, thus offering them activities that will enhance their skills and allow them to catch up to their peers in terms of skills and non-formal education.  The programme will coordinate with and support other UNICEF programmes to ensure interventions are tailored to the particular needs of young people. The programme will implement activities for young people affected by, or at high risk of, emergencies or the socio-economic situation, to acquire the right skills, become empowered and resilient community members who help their communities to cope with emergencies. Life-skills and citizenship education for these adolescents will equip and empower them to act as both participants and catalysts of change in their community as volunteers and peer influencers.
",1
"296004","Syria HAC / Earthquake HR
--- SOCIAL PROTECTION  Expanding Social, Civic and Economic Engagement and Social Cohesion Interventions for Conﬂict-Affected Adolescents and Youth in the Syrian Arab Republic In support of the ERL Sector (Strengthened Communities and Participation), UNICEF, through this project in 2023, will further support its Generation Unlimited initiative and No Lost Generation Agenda by empowering vulnerable adolescents and youth (10-24 years), female and male and those with disabilities, to access social, civic and economic opportunities for skill development and engagement (including participation in social cohesion initiatives) with the objective of contributing to enhancing resilience and social cohesion. UNICEF will build on strategic partnerships, integration and at scale programming focusing on the most vulnerable adolescents to strengthen skills development, employability and meaningful engagement through friendly spaces and mobile teams. The proposed project will support young women and men to have better access to civic, social, and economic opportunities for skill development and engagement and to unleash their potentials and increase their learning, leadership, and employability opportunities. 
UNICEF will promote the active and meaningful participation of young people brought together from different ages, genders, abilities and cultural and educational backgrounds to be agents of positive change in their communities. UNICEF will work in the following three pillars and related interventions: (1) Provide access to services and skills-building for adolescents and youth for enhanced employability. (2) Strengthen social, civic and economic engagement of adolescents and youth and foster volunteerism and social cohesion-building. (3) Support young entrepreneurs to start their own project projects through seed funding. UNICEF will continue strengthening the capacity of local partners including services providers, youth workers and young volunteers to improve the quality of provided services and enhance the evidence generation. UNICEF will support the scalable and sustainable approaches with national partners including integrated centers & platforms.
In this project, UNICEF will give priority to adolescents and youth in the high severity areas such as Dara’a, Rural Damascus, Northern Homs, Southern Hama, East and Northeast of Aleppo, Deir-ez-Zor and Idleb. UNICEF will expand its support to young people in NES, focusing on returnees and displaced people in Raqqa and Hasakah, including those in camps, collective shelters and urban settings. UNICEF will focus on the most deprived areas in rural and urban areas. These will include camps (Hol, Roj, Newroz, Areesha, Mahmoudli) in Al-Hasakeh and Raqqa , the collective shelters in Al-Hasakeh city, and the rural areas in Qamishli, Malikia, Yaroubia, and Raqqa Governorate. Projects engaging young people will be essential needs for their effective integration in their communities. In addition, since 2014, many young people have been staying in camps and collective shelters. They do not enjoy the freedom of movement and face other risks, thus offering them activities that will enhance their skills and allow them to catch up to their peers in terms of skills and non-formal education.  The programme will coordinate with and support other UNICEF programmes to ensure interventions are tailored to the particular needs of young people. The programme will implement activities for young people affected by, or at high risk of, emergencies or the socio-economic situation, to acquire the right skills, become empowered and resilient community members who help their communities to cope with emergencies. Life-skills and citizenship education for these adolescents will equip and empower them to act as both participants and catalysts of change in their community as volunteers and peer influencers.
",1
"296183","SYRIA EARTHQUAKE
SOCIAL PROTECTION",1
"296227","SYRIA EARTHQUAKE
INTERNATIONAL ON-LINE DONATIONS
--- SOCIAL PROTECTION",1
"296240","Emergency earthquake - PERU to Syria
UNICEF-Peru
--- SOCIAL PROTECTION  Expanding Social, Civic and Economic Engagement and Social Cohesion Interventions for Conﬂict-Affected Adolescents and Youth in the Syrian Arab Republic In support of the ERL Sector (Strengthened Communities and Participation), UNICEF, through this project in 2023, will further support its Generation Unlimited initiative and No Lost Generation Agenda by empowering vulnerable adolescents and youth (10-24 years), female and male and those with disabilities, to access social, civic and economic opportunities for skill development and engagement (including participation in social cohesion initiatives) with the objective of contributing to enhancing resilience and social cohesion. UNICEF will build on strategic partnerships, integration and at scale programming focusing on the most vulnerable adolescents to strengthen skills development, employability and meaningful engagement through friendly spaces and mobile teams. The proposed project will support young women and men to have better access to civic, social, and economic opportunities for skill development and engagement and to unleash their potentials and increase their learning, leadership, and employability opportunities. 
UNICEF will promote the active and meaningful participation of young people brought together from different ages, genders, abilities and cultural and educational backgrounds to be agents of positive change in their communities. UNICEF will work in the following three pillars and related interventions: (1) Provide access to services and skills-building for adolescents and youth for enhanced employability. (2) Strengthen social, civic and economic engagement of adolescents and youth and foster volunteerism and social cohesion-building. (3) Support young entrepreneurs to start their own project projects through seed funding. UNICEF will continue strengthening the capacity of local partners including services providers, youth workers and young volunteers to improve the quality of provided services and enhance the evidence generation. UNICEF will support the scalable and sustainable approaches with national partners including integrated centers & platforms.
In this project, UNICEF will give priority to adolescents and youth in the high severity areas such as Dara’a, Rural Damascus, Northern Homs, Southern Hama, East and Northeast of Aleppo, Deir-ez-Zor and Idleb. UNICEF will expand its support to young people in NES, focusing on returnees and displaced people in Raqqa and Hasakah, including those in camps, collective shelters and urban settings. UNICEF will focus on the most deprived areas in rural and urban areas. These will include camps (Hol, Roj, Newroz, Areesha, Mahmoudli) in Al-Hasakeh and Raqqa , the collective shelters in Al-Hasakeh city, and the rural areas in Qamishli, Malikia, Yaroubia, and Raqqa Governorate. Projects engaging young people will be essential needs for their effective integration in their communities. In addition, since 2014, many young people have been staying in camps and collective shelters. They do not enjoy the freedom of movement and face other risks, thus offering them activities that will enhance their skills and allow them to catch up to their peers in terms of skills and non-formal education.  The programme will coordinate with and support other UNICEF programmes to ensure interventions are tailored to the particular needs of young people. The programme will implement activities for young people affected by, or at high risk of, emergencies or the socio-economic situation, to acquire the right skills, become empowered and resilient community members who help their communities to cope with emergencies. Life-skills and citizenship education for these adolescents will equip and empower them to act as both participants and catalysts of change in their community as volunteers and peer influencers.
",1
"296241","Emergency earthquake - PERU to Syria
UNICEF-Peru
--- SOCIAL PROTECTION Education Coordination for a predictable, holistic and well-coordinated response in Syria With an estimated 12 per cent of school age children not attending any form of learning, availability of and access to quality education services remains a challenge within Syria that requires an effectively coordinated needs-based response amongst humanitarian education actors. Additional data sources indicate that there are over 2 million school age children that are out of school.

The complexity of the humanitarian crisis in Syria and the systemic gap between education needs and the education response, demands larger investments in strengthening the existing coordination structures to support its membership to deliver a predictable, efficient, effective and inclusive response that can meet needs and enable evidence-based donor decision making. This includes moving beyond service delivery to strengthen the quality and holistic package of support that learners need, taking into account the various learning needs across all levels. 

UNICEF and Save the Children co-lead at the WOS and Gaziantep Cluster, while UNICEF leads the Education sector, with the Ministry of Education as the co-lead, in Damascus, and Save the Children leads the Education Working Group in NES.

UNICEF and Save the Children, as co-leads of the Education Sector, will continue to support all aspects of the humanitarian programme cycle, advocacy and resource mobilization efforts, promote synergies and information sharing among members at the  hub level and information between the hubs and focus on key strategic activities related to the six core coordination functions, namely:
•	Support service delivery based on needs;
•	Inform strategic decision-making through needs assessments and gaps analysis;
•	Plan and implement cluster strategies;
•	Monitor and evaluate performance;
•	Build national capacities;
•	Support advocacy efforts
Given that the majority of the response is carried out by local organizations, coordination efforts will be approached through a localization and inclusiveness lens.
",1
"296254","Emergency earthquake - Mexico to Syria
--- SOCIAL PROTECTION  Expanding Social, Civic and Economic Engagement and Social Cohesion Interventions for Conﬂict-Affected Adolescents and Youth in the Syrian Arab Republic In support of the ERL Sector (Strengthened Communities and Participation), UNICEF, through this project in 2023, will further support its Generation Unlimited initiative and No Lost Generation Agenda by empowering vulnerable adolescents and youth (10-24 years), female and male and those with disabilities, to access social, civic and economic opportunities for skill development and engagement (including participation in social cohesion initiatives) with the objective of contributing to enhancing resilience and social cohesion. UNICEF will build on strategic partnerships, integration and at scale programming focusing on the most vulnerable adolescents to strengthen skills development, employability and meaningful engagement through friendly spaces and mobile teams. The proposed project will support young women and men to have better access to civic, social, and economic opportunities for skill development and engagement and to unleash their potentials and increase their learning, leadership, and employability opportunities. 
UNICEF will promote the active and meaningful participation of young people brought together from different ages, genders, abilities and cultural and educational backgrounds to be agents of positive change in their communities. UNICEF will work in the following three pillars and related interventions: (1) Provide access to services and skills-building for adolescents and youth for enhanced employability. (2) Strengthen social, civic and economic engagement of adolescents and youth and foster volunteerism and social cohesion-building. (3) Support young entrepreneurs to start their own project projects through seed funding. UNICEF will continue strengthening the capacity of local partners including services providers, youth workers and young volunteers to improve the quality of provided services and enhance the evidence generation. UNICEF will support the scalable and sustainable approaches with national partners including integrated centers & platforms.
In this project, UNICEF will give priority to adolescents and youth in the high severity areas such as Dara’a, Rural Damascus, Northern Homs, Southern Hama, East and Northeast of Aleppo, Deir-ez-Zor and Idleb. UNICEF will expand its support to young people in NES, focusing on returnees and displaced people in Raqqa and Hasakah, including those in camps, collective shelters and urban settings. UNICEF will focus on the most deprived areas in rural and urban areas. These will include camps (Hol, Roj, Newroz, Areesha, Mahmoudli) in Al-Hasakeh and Raqqa , the collective shelters in Al-Hasakeh city, and the rural areas in Qamishli, Malikia, Yaroubia, and Raqqa Governorate. Projects engaging young people will be essential needs for their effective integration in their communities. In addition, since 2014, many young people have been staying in camps and collective shelters. They do not enjoy the freedom of movement and face other risks, thus offering them activities that will enhance their skills and allow them to catch up to their peers in terms of skills and non-formal education.  The programme will coordinate with and support other UNICEF programmes to ensure interventions are tailored to the particular needs of young people. The programme will implement activities for young people affected by, or at high risk of, emergencies or the socio-economic situation, to acquire the right skills, become empowered and resilient community members who help their communities to cope with emergencies. Life-skills and citizenship education for these adolescents will equip and empower them to act as both participants and catalysts of change in their community as volunteers and peer influencers.
",1
"296260","Emergency earthquake - Thailand to Syria
UNICEF-THAILAND
--- SOCIAL PROTECTION  Expanding Social, Civic and Economic Engagement and Social Cohesion Interventions for Conﬂict-Affected Adolescents and Youth in the Syrian Arab Republic In support of the ERL Sector (Strengthened Communities and Participation), UNICEF, through this project in 2023, will further support its Generation Unlimited initiative and No Lost Generation Agenda by empowering vulnerable adolescents and youth (10-24 years), female and male and those with disabilities, to access social, civic and economic opportunities for skill development and engagement (including participation in social cohesion initiatives) with the objective of contributing to enhancing resilience and social cohesion. UNICEF will build on strategic partnerships, integration and at scale programming focusing on the most vulnerable adolescents to strengthen skills development, employability and meaningful engagement through friendly spaces and mobile teams. The proposed project will support young women and men to have better access to civic, social, and economic opportunities for skill development and engagement and to unleash their potentials and increase their learning, leadership, and employability opportunities. 
UNICEF will promote the active and meaningful participation of young people brought together from different ages, genders, abilities and cultural and educational backgrounds to be agents of positive change in their communities. UNICEF will work in the following three pillars and related interventions: (1) Provide access to services and skills-building for adolescents and youth for enhanced employability. (2) Strengthen social, civic and economic engagement of adolescents and youth and foster volunteerism and social cohesion-building. (3) Support young entrepreneurs to start their own project projects through seed funding. UNICEF will continue strengthening the capacity of local partners including services providers, youth workers and young volunteers to improve the quality of provided services and enhance the evidence generation. UNICEF will support the scalable and sustainable approaches with national partners including integrated centers & platforms.
In this project, UNICEF will give priority to adolescents and youth in the high severity areas such as Dara’a, Rural Damascus, Northern Homs, Southern Hama, East and Northeast of Aleppo, Deir-ez-Zor and Idleb. UNICEF will expand its support to young people in NES, focusing on returnees and displaced people in Raqqa and Hasakah, including those in camps, collective shelters and urban settings. UNICEF will focus on the most deprived areas in rural and urban areas. These will include camps (Hol, Roj, Newroz, Areesha, Mahmoudli) in Al-Hasakeh and Raqqa , the collective shelters in Al-Hasakeh city, and the rural areas in Qamishli, Malikia, Yaroubia, and Raqqa Governorate. Projects engaging young people will be essential needs for their effective integration in their communities. In addition, since 2014, many young people have been staying in camps and collective shelters. They do not enjoy the freedom of movement and face other risks, thus offering them activities that will enhance their skills and allow them to catch up to their peers in terms of skills and non-formal education.  The programme will coordinate with and support other UNICEF programmes to ensure interventions are tailored to the particular needs of young people. The programme will implement activities for young people affected by, or at high risk of, emergencies or the socio-economic situation, to acquire the right skills, become empowered and resilient community members who help their communities to cope with emergencies. Life-skills and citizenship education for these adolescents will equip and empower them to act as both participants and catalysts of change in their community as volunteers and peer influencers.
",1
"296286","Earthquake Response Syria
--- SOCIAL PROTECTION  Expanding Social, Civic and Economic Engagement and Social Cohesion Interventions for Conﬂict-Affected Adolescents and Youth in the Syrian Arab Republic In support of the ERL Sector (Strengthened Communities and Participation), UNICEF, through this project in 2023, will further support its Generation Unlimited initiative and No Lost Generation Agenda by empowering vulnerable adolescents and youth (10-24 years), female and male and those with disabilities, to access social, civic and economic opportunities for skill development and engagement (including participation in social cohesion initiatives) with the objective of contributing to enhancing resilience and social cohesion. UNICEF will build on strategic partnerships, integration and at scale programming focusing on the most vulnerable adolescents to strengthen skills development, employability and meaningful engagement through friendly spaces and mobile teams. The proposed project will support young women and men to have better access to civic, social, and economic opportunities for skill development and engagement and to unleash their potentials and increase their learning, leadership, and employability opportunities. 
UNICEF will promote the active and meaningful participation of young people brought together from different ages, genders, abilities and cultural and educational backgrounds to be agents of positive change in their communities. UNICEF will work in the following three pillars and related interventions: (1) Provide access to services and skills-building for adolescents and youth for enhanced employability. (2) Strengthen social, civic and economic engagement of adolescents and youth and foster volunteerism and social cohesion-building. (3) Support young entrepreneurs to start their own project projects through seed funding. UNICEF will continue strengthening the capacity of local partners including services providers, youth workers and young volunteers to improve the quality of provided services and enhance the evidence generation. UNICEF will support the scalable and sustainable approaches with national partners including integrated centers & platforms.
In this project, UNICEF will give priority to adolescents and youth in the high severity areas such as Dara’a, Rural Damascus, Northern Homs, Southern Hama, East and Northeast of Aleppo, Deir-ez-Zor and Idleb. UNICEF will expand its support to young people in NES, focusing on returnees and displaced people in Raqqa and Hasakah, including those in camps, collective shelters and urban settings. UNICEF will focus on the most deprived areas in rural and urban areas. These will include camps (Hol, Roj, Newroz, Areesha, Mahmoudli) in Al-Hasakeh and Raqqa , the collective shelters in Al-Hasakeh city, and the rural areas in Qamishli, Malikia, Yaroubia, and Raqqa Governorate. Projects engaging young people will be essential needs for their effective integration in their communities. In addition, since 2014, many young people have been staying in camps and collective shelters. They do not enjoy the freedom of movement and face other risks, thus offering them activities that will enhance their skills and allow them to catch up to their peers in terms of skills and non-formal education.  The programme will coordinate with and support other UNICEF programmes to ensure interventions are tailored to the particular needs of young people. The programme will implement activities for young people affected by, or at high risk of, emergencies or the socio-economic situation, to acquire the right skills, become empowered and resilient community members who help their communities to cope with emergencies. Life-skills and citizenship education for these adolescents will equip and empower them to act as both participants and catalysts of change in their community as volunteers and peer influencers.
",1
"296955","oPt Complex Emergency -MPC",1
"298683","Yemen HRP 2023	Food Security	Food Security Safety Network - Social Protection Support to the Social Fund for Development
--- FCDO",1
"299378","Transferts monétaires d'urgence aux populations affectées par la crise dans le nord du Bénin",1
"299731","Social Protection",1
"299821","Provision of cash assistance and resilient livlihoods",1
"299905","Provision of cash assistance and resilient livlihoods",1
"299906","Provision of cash assistance and resilient livlihoods",1
"299907","Provision of cash assistance and resilient livlihoods",1
"299908","Provision of cash assistance and resilient livlihoods",1
"299909","Provision of cash assistance and resilient livlihoods",1
"299910","Provision of cash assistance and resilient livlihoods",1
"299911","Provision of cash assistance and resilient livlihoods",1
"299912","Provision of cash assistance and resilient livlihoods",1
"300787","Implementation of Operational Concept on Cash and Voucher Assistance (CVA) 2021-2024. Protection, access and security. Multi year 2021 20 2024. 2023 portion total amount CHF 150,000 
(7F-07880.06)",1
"301008","Assistance Alimentaire aux personnes vulnérables affectées par les inondations à travers les transferts monétaires",1
"301009","Assistance Alimentaire aux personnes vulnérables affectées par les inondations à travers les transferts monétaires",1
"302083","Social Protection	Ukraine Crisis 2022-23",1
"302951","To ensure safe living conditions for refugees/migrants selected for resettlement in the USA in the final stage of administrative and logistical arrangements, DRC will provide cash assistance to 1,600 households. With multipurpose cash, DRC will address unmet basic needs such as water, sanitation, food, household items, and transportation, complementing the aid provided by IOM and the Colombian Red Cross (CRC). DRC plans to support vulnerable profiles that meet the refugee definition, aiming to eliminate/mitigate exposure to protection risks. Colombia: Danish Refugee Council (Integration response) Danish Refugee Council - Integration response in Colombia",1
"303823","Funding to UNICEF's Syrian Refugee Response Humanitarian Action in Jordan.
Jordan:  Support tothe United Nations Children’s Fund’s Emergency Response	Cross-Sectoral (two or more outcome areas)
--- SOCIAL PROTECTION Jordan: United Nations Children's Fund (Basic Needs response) United Nations Children's Fund - Basic Needs response (Jordan)",1
"304177","HAC-UKRAINE
-- Emergency response (Ukraine Refugees) - ECARO
-- social protection",1
"304283","Emergency earthquake response - Syria	   SOCIAL PROTECTION  Expanding Social, Civic and Economic Engagement and Social Cohesion Interventions for Conﬂict-Affected Adolescents and Youth in the Syrian Arab Republic In support of the ERL Sector (Strengthened Communities and Participation), UNICEF, through this project in 2023, will further support its Generation Unlimited initiative and No Lost Generation Agenda by empowering vulnerable adolescents and youth (10-24 years), female and male and those with disabilities, to access social, civic and economic opportunities for skill development and engagement (including participation in social cohesion initiatives) with the objective of contributing to enhancing resilience and social cohesion. UNICEF will build on strategic partnerships, integration and at scale programming focusing on the most vulnerable adolescents to strengthen skills development, employability and meaningful engagement through friendly spaces and mobile teams. The proposed project will support young women and men to have better access to civic, social, and economic opportunities for skill development and engagement and to unleash their potentials and increase their learning, leadership, and employability opportunities. 
UNICEF will promote the active and meaningful participation of young people brought together from different ages, genders, abilities and cultural and educational backgrounds to be agents of positive change in their communities. UNICEF will work in the following three pillars and related interventions: (1) Provide access to services and skills-building for adolescents and youth for enhanced employability. (2) Strengthen social, civic and economic engagement of adolescents and youth and foster volunteerism and social cohesion-building. (3) Support young entrepreneurs to start their own project projects through seed funding. UNICEF will continue strengthening the capacity of local partners including services providers, youth workers and young volunteers to improve the quality of provided services and enhance the evidence generation. UNICEF will support the scalable and sustainable approaches with national partners including integrated centers & platforms.
In this project, UNICEF will give priority to adolescents and youth in the high severity areas such as Dara’a, Rural Damascus, Northern Homs, Southern Hama, East and Northeast of Aleppo, Deir-ez-Zor and Idleb. UNICEF will expand its support to young people in NES, focusing on returnees and displaced people in Raqqa and Hasakah, including those in camps, collective shelters and urban settings. UNICEF will focus on the most deprived areas in rural and urban areas. These will include camps (Hol, Roj, Newroz, Areesha, Mahmoudli) in Al-Hasakeh and Raqqa , the collective shelters in Al-Hasakeh city, and the rural areas in Qamishli, Malikia, Yaroubia, and Raqqa Governorate. Projects engaging young people will be essential needs for their effective integration in their communities. In addition, since 2014, many young people have been staying in camps and collective shelters. They do not enjoy the freedom of movement and face other risks, thus offering them activities that will enhance their skills and allow them to catch up to their peers in terms of skills and non-formal education.  The programme will coordinate with and support other UNICEF programmes to ensure interventions are tailored to the particular needs of young people. The programme will implement activities for young people affected by, or at high risk of, emergencies or the socio-economic situation, to acquire the right skills, become empowered and resilient community members who help their communities to cope with emergencies. Life-skills and citizenship education for these adolescents will equip and empower them to act as both participants and catalysts of change in their community as volunteers and peer influencers.
",1
"305279","Philippines/Floods-2024	Philippines	Catholic Relief Services
Multipurpose Cash Assistance",1
"306026","SHO funds for Social Protection  Expanding Social, Civic and Economic Engagement and Social Cohesion Interventions for Conﬂict-Affected Adolescents and Youth in the Syrian Arab Republic Needs: Young people in Syria face a myriad of interrelated barriers that prevent their meaningful economic, social, and civic participation and engagement. They face stigma and discrimination regarding their capacities to lead positive change in their communities. Limited opportunities for economic, social, and civic engagement, particularly for the most marginalized adolescents and youth, contribute to their systematic exclusion and exacerbate feelings of isolation and disenfranchisement. However, experiences from other contexts of protracted crisis have shown that supporting young people’s social and civic engagement can have positive social outcomes and be conducive to increased community resilience and social cohesion.
Intervention: In support of the ERL Sector, UNICEF will further its support for the Generation Unlimited initiative and No Lost Generation Agenda by empowering vulnerable adolescents and youth, both female and male, as well as those with disabilities, to access social, civic, and economic opportunities for skill development and engagement (including participation in social cohesion initiatives) with the objective of contributing to enhancing resilience and social cohesion. UNICEF will build on strategic partnerships, integration, and at-scale programming focusing on the most vulnerable adolescents to strengthen skills development, employability, and meaningful engagement through friendly spaces and mobile teams. The proposed project will support 342,883 young women and men per year to have better access to civic, social, and economic opportunities for skill development and engagement, and to unleash their potentials and increase their learning, leadership, and employability opportunities. UNICEF will work in the following two pillars and related interventions: (1) Strengthen social, civic, and economic engagement of adolescents and youth and foster volunteerism and social cohesion-building. (2) Support young entrepreneurs to start their own projects through seed funding. UNICEF will continue strengthening the capacity of local partners, including services providers, youth workers, and young volunteers, to improve the quality of provided services and enhance evidence generation.
Protection Risk Analysis: After enduring 12 years of conflict and ongoing economic turmoil, young Syrians have faced devastating hardships that have eroded their resilience. This has particularly affected girls, who have resorted to harmful coping mechanisms such as dropping out of school, engaging in addictive behaviors, entering child labor, and marrying early. Social norms in many communities also hinder girls' and people with disabilities' participation in sports, cultural activities, and community engagement. The compounding effects of COVID-19, earthquakes, and economic challenges have exacerbated these risks. UNICEF will continue to mainstream the principles of safety, dignity, and do no harm, as well as the inclusive and meaningful access of the most marginalized boys and girls, especially those who live with disabilities, to ensure that no one is left behind. UNICEF will increase safe access to skills development, social cohesion, awareness-raising, and engagement opportunities. UNICEF will prioritize developing the capacity of the implementing partners through providing technical support in the fields of Child Safeguarding, Code of Conduct, and PSEA.
Risks: Economic deterioration and transportation barriers, along with potential conflicts between IDPs and host communities, as well as risks of exploitation or abuse. To address these risks, there will be capacity building for staff and volunteers, awareness campaigns on risks, mandatory screening during recruitment, establishing complaint mechanisms with adequate staff for follow-up, and ensuring data protection and confidentiality.

Assumptions: The project assumes support for integrated and joint approaches and the promotion of youth participation nationwide.",1
"306421","Food Security Safety Network - Social Protection Support to the Social Fund for Development (SFD)	Financial",1
"306902","Mongolia	2024	MDRMN020	WASH, NFI, Cash	aSSIstance in response to dzud",1
"307686","Bangladesh - Strengthening Shock Responsive Social Protection Systems - 2023",1
"308397","Bangladesh - Strengthening Shock Responsive Social Protection Systems - 2023",1
"309873","Social Protection Recuperación Temprana de Medios de Vida La recuperación temprana se refiere a las acciones tomadas para facilitar la transición de la fase de respuesta de emergencia a la recuperación a largo plazo después de un desastre o crisis.
Puede incluir actividades como la rehabilitación de infraestructuras,la recuperación de los medios de vida agrícolas o no agrícolas, el acceso a mercados y el fortalecimiento del liderazgo y la participación; el empoderamiento económico de las mujeres; y la prevención de VBG (hombres y mujeres) en impulso al cierre de brechas de género. ",1
"309929","Needs Assessment in multiple locations in Syria and CTP in ALP.",1
"309931","Needs Assessment in multiple locations in Syria and CTP in ALP.",1
"312363","Jordan: 2024 Humanitarian Action for Children (HAC) for Syrian refugees in Jordan	Cross-Sectoral (two or more outcome areas)
--- USA / BPRM
---- Social Protection and cash transfer",1
"312367","HAC-SYRIA REFUGEES
Lebanon: The objectives of the Programme are to create a community space that en
Social Protection and cash transfer Lebanon: United Nations Children's Fund (Basic Needs response) United Nations Children's Fund: Basic Needs response for Syria Regional Plan in Lebanon",1
"312370","HAC-SYRIA REFUGEES
Lebanon: Humanitarian Programme / Contribution Transition Resilience Education Fund
---- Social Protection and cash transfer Lebanon: United Nations Children's Fund (Basic Needs response) United Nations Children's Fund: Basic Needs response for Syria Regional Plan in Lebanon",1
"313616","Islamic Republic of Pakistan: Integrated Social Protection Development Program",1
"313617","Islamic Republic of Pakistan: Integrated Social Protection Development Program",1
"313618","Islamic Republic of Pakistan: Integrated Social Protection Development Program",1
"314702","Food Security - Livelihoods	Provide multipurpose cash to Venezuelan migrants in La Guajira, Colombia to meet emergency food security needs and provide complementary nutrition activities. Additionally, provide grants for new livelihoods development to migrant families. COL-2024 Global Nutrition with MAMI Focus Se centrará en reforzar la respuesta de Save the Children a los lactantes pequeños y en situación de riesgo nutricional menores de 6 meses y sus madres. Pretendemos mejorar la programación para este grupo invisible y desatendido de madres y bebés mediante la mejora del acceso y el aumento de la calidad de los servicios para MAMI. Las actividades se centran en el desarrollo, el pilotaje y el perfeccionamiento de herramientas dirigidas por expertos técnicos a nivel mundial en estrecha colaboración con colegas de todo el mundo.  Las ideas aprovechan la presencia operativa de SC y la huella de programación de MAMI, así como el liderazgo global y la asociación que SC mantiene con la Red Mundial de MAMI.",1
"314766","NUOI - Support for the WFP's adaptive social protection programme in Asia-Pacific",1
"314771","NUOI - Flexible support for the WFP social protection trust fund",1
"314780","NUOI - Support for the secretariat of the WFP Taskforce for Social Protection",1
"183589","Argent contre travail, permettant de couvrir les besoins alimentaires basiques de la famille et restaurer leurs capacités d'adaptation et de résilience Emergency Food Assistance HRP Strategic Objective 3: Palestinians to cope with the protected crisis, includes the environmental threats is supported, while solutions to violations and other root causes of threats and shocks are perused.

Food security cluster objective 2: Households suffering from limited access to food and to income opportunities are able to meet their basic food needs.

UNRWA Strategic Objective 2: crisis affected Palestine refugee households facing acute shocks have increased economic access to food",1
"256201","Belgian Committee for UNICEF
Ukraine
Social Protection",1
"281584","Burkina Faso/CE	Burkina Faso	Concern Worldwide
Burkina Faso HRP 2024		Food Security	Pouytenga Emergency Food and Livelihoods activity - Cash and food distribution programme for IDPs",1
"183219","Cash for work and unconditional cash, distibution of livelihoods kits and training in Aweil East..from Tearfund",1
"224187","cash for work for the rehabilitation of housing units damaged by the blast, the provision of food parcels to families and psychological support for team and beneficiaries. The interventions, being labor-intensive, creates job opportunities for skilled and unskilled workers from affected communities Family food security for vulnerable people affected by the explosion The proposal  will support the most affected communities with a holistic approach that includes community and homes repair, light rehabilitation and cleaning (when needed), through short term work opportunities for vulnerable unemployed people, Lebanese and Migrant, refugee women and men, as well as youth and with involvement of PWD when possible. Workers will be from directly affected families who lost their jobs, ensuring a target of at least 25% female workers. The intervention will also complement the support to families with the provision of Mental Health and Psychosocial Support (MHPSS) to families in need. The initiatives will support approximately 2,000 families and the repair, cleaning and light rehabilitation of approximately  community structures as well as homes (meeting the applicable safety criteria) to allow displaced people to return to their communities. The working conditions (including working hours) will comply with the Lebanese labour law and regulations. Labourers will be supported with: 
- PPE equipment CFW PPE
- Protective kits and tools for CFW (gloves, boots, jacket/hat etc.) 
- Training on safety measures regarding COVID-19 as well as safety at work
- Workman insurance
While this is an emergency action, the impact in the long term is 
- 2000 families have have livelihoods support and regained resilience
-  Community structures and homes cleaned and repaired;
- MHPSS, Protection interventions, will support community and individual resilience, while providing focused and specialized support to those in need through referral 
Output: Short term employment opportunities for food insecure people through cash for work in repair, light rehabilitation of community infrastructure and houses as well as cleaning and remaining waste/debris removal: Generation of short-term employment for vulnerable and food insecure Lebanese and migrant families, women, men and youth through the identification of local labourers who lost their jobs and by engaging them in labour-intensive activities (cash for work) with support of skilled manpower to ensure a rapid response in the affected communities in Beirut and surrounding areas. Psycho-social support will be provided to the affected women, men and, youth and children with Responsible of Psychological Fist Aid (FPA)).",1
"204719","Contribution to the UNICEF programme called Hjati (My Needs) - Integrated Social Protection Programme for Vulnerable Children in Jordan. JORDAN - United Nations Children's Fund",1
"252717","Contributions received against the Refugee Response Plan
Social Protection",1
"252710","Contributions received against Ukraine Flash Appeal 2022
(Social protection)",1
"192049","Cross-border emergency food, shelter, health and protection through cash assistance for Venezuelan refugees and migrants. 2018: 204.889 €    2019: 759.464 €    2020: 800.000 € (2020 portion) (part of AA-S09-51 321.50 VEN 05/18) Colombia - Caritas Germany (DCV)",1
"187353","Cross-border emergency food, shelter, health and protection through cash assistance for Venezuelan refugees and migrants. 2018: 204.889 € 2019: 759.464 € 2020: 800.000 € (2019 portion) Columbia - Caritas Germany",1
"296286","Earthquake Response Syria
--- SOCIAL PROTECTION Expanding Social, Civic and Economic Engagement and Social Cohesion Interventions for Conﬂict-Affected Adolescents and Youth in the Syrian Arab Republic In support of the ERL Sector (Strengthened Communities and Participation), UNICEF, through this project in 2023, will further support its Generation Unlimited initiative and No Lost Generation Agenda by empowering vulnerable adolescents and youth (10-24 years), female and male and those with disabilities, to access social, civic and economic opportunities for skill development and engagement (including participation in social cohesion initiatives) with the objective of contributing to enhancing resilience and social cohesion. UNICEF will build on strategic partnerships, integration and at scale programming focusing on the most vulnerable adolescents to strengthen skills development, employability and meaningful engagement through friendly spaces and mobile teams. The proposed project will support young women and men to have better access to civic, social, and economic opportunities for skill development and engagement and to unleash their potentials and increase their learning, leadership, and employability opportunities. 
UNICEF will promote the active and meaningful participation of young people brought together from different ages, genders, abilities and cultural and educational backgrounds to be agents of positive change in their communities. UNICEF will work in the following three pillars and related interventions: (1) Provide access to services and skills-building for adolescents and youth for enhanced employability. (2) Strengthen social, civic and economic engagement of adolescents and youth and foster volunteerism and social cohesion-building. (3) Support young entrepreneurs to start their own project projects through seed funding. UNICEF will continue strengthening the capacity of local partners including services providers, youth workers and young volunteers to improve the quality of provided services and enhance the evidence generation. UNICEF will support the scalable and sustainable approaches with national partners including integrated centers & platforms.
In this project, UNICEF will give priority to adolescents and youth in the high severity areas such as Dara’a, Rural Damascus, Northern Homs, Southern Hama, East and Northeast of Aleppo, Deir-ez-Zor and Idleb. UNICEF will expand its support to young people in NES, focusing on returnees and displaced people in Raqqa and Hasakah, including those in camps, collective shelters and urban settings. UNICEF will focus on the most deprived areas in rural and urban areas. These will include camps (Hol, Roj, Newroz, Areesha, Mahmoudli) in Al-Hasakeh and Raqqa , the collective shelters in Al-Hasakeh city, and the rural areas in Qamishli, Malikia, Yaroubia, and Raqqa Governorate. Projects engaging young people will be essential needs for their effective integration in their communities. In addition, since 2014, many young people have been staying in camps and collective shelters. They do not enjoy the freedom of movement and face other risks, thus offering them activities that will enhance their skills and allow them to catch up to their peers in terms of skills and non-formal education.  The programme will coordinate with and support other UNICEF programmes to ensure interventions are tailored to the particular needs of young people. The programme will implement activities for young people affected by, or at high risk of, emergencies or the socio-economic situation, to acquire the right skills, become empowered and resilient community members who help their communities to cope with emergencies. Life-skills and citizenship education for these adolescents will equip and empower them to act as both participants and catalysts of change in their community as volunteers and peer influencers.",1
"296254","Emergency earthquake - Mexico to Syria
--- SOCIAL PROTECTION Expanding Social, Civic and Economic Engagement and Social Cohesion Interventions for Conﬂict-Affected Adolescents and Youth in the Syrian Arab Republic In support of the ERL Sector (Strengthened Communities and Participation), UNICEF, through this project in 2023, will further support its Generation Unlimited initiative and No Lost Generation Agenda by empowering vulnerable adolescents and youth (10-24 years), female and male and those with disabilities, to access social, civic and economic opportunities for skill development and engagement (including participation in social cohesion initiatives) with the objective of contributing to enhancing resilience and social cohesion. UNICEF will build on strategic partnerships, integration and at scale programming focusing on the most vulnerable adolescents to strengthen skills development, employability and meaningful engagement through friendly spaces and mobile teams. The proposed project will support young women and men to have better access to civic, social, and economic opportunities for skill development and engagement and to unleash their potentials and increase their learning, leadership, and employability opportunities. 
UNICEF will promote the active and meaningful participation of young people brought together from different ages, genders, abilities and cultural and educational backgrounds to be agents of positive change in their communities. UNICEF will work in the following three pillars and related interventions: (1) Provide access to services and skills-building for adolescents and youth for enhanced employability. (2) Strengthen social, civic and economic engagement of adolescents and youth and foster volunteerism and social cohesion-building. (3) Support young entrepreneurs to start their own project projects through seed funding. UNICEF will continue strengthening the capacity of local partners including services providers, youth workers and young volunteers to improve the quality of provided services and enhance the evidence generation. UNICEF will support the scalable and sustainable approaches with national partners including integrated centers & platforms.
In this project, UNICEF will give priority to adolescents and youth in the high severity areas such as Dara’a, Rural Damascus, Northern Homs, Southern Hama, East and Northeast of Aleppo, Deir-ez-Zor and Idleb. UNICEF will expand its support to young people in NES, focusing on returnees and displaced people in Raqqa and Hasakah, including those in camps, collective shelters and urban settings. UNICEF will focus on the most deprived areas in rural and urban areas. These will include camps (Hol, Roj, Newroz, Areesha, Mahmoudli) in Al-Hasakeh and Raqqa , the collective shelters in Al-Hasakeh city, and the rural areas in Qamishli, Malikia, Yaroubia, and Raqqa Governorate. Projects engaging young people will be essential needs for their effective integration in their communities. In addition, since 2014, many young people have been staying in camps and collective shelters. They do not enjoy the freedom of movement and face other risks, thus offering them activities that will enhance their skills and allow them to catch up to their peers in terms of skills and non-formal education.  The programme will coordinate with and support other UNICEF programmes to ensure interventions are tailored to the particular needs of young people. The programme will implement activities for young people affected by, or at high risk of, emergencies or the socio-economic situation, to acquire the right skills, become empowered and resilient community members who help their communities to cope with emergencies. Life-skills and citizenship education for these adolescents will equip and empower them to act as both participants and catalysts of change in their community as volunteers and peer influencers.",1
"296241","Emergency earthquake - PERU to Syria
UNICEF-Peru
--- SOCIAL PROTECTION Education Coordination for a predictable, holistic and well-coordinated response in Syria With an estimated 12 per cent of school age children not attending any form of learning, availability of and access to quality education services remains a challenge within Syria that requires an effectively coordinated needs-based response amongst humanitarian education actors. Additional data sources indicate that there are over 2 million school age children that are out of school.

The complexity of the humanitarian crisis in Syria and the systemic gap between education needs and the education response, demands larger investments in strengthening the existing coordination structures to support its membership to deliver a predictable, efficient, effective and inclusive response that can meet needs and enable evidence-based donor decision making. This includes moving beyond service delivery to strengthen the quality and holistic package of support that learners need, taking into account the various learning needs across all levels. 

UNICEF and Save the Children co-lead at the WOS and Gaziantep Cluster, while UNICEF leads the Education sector, with the Ministry of Education as the co-lead, in Damascus, and Save the Children leads the Education Working Group in NES.

UNICEF and Save the Children, as co-leads of the Education Sector, will continue to support all aspects of the humanitarian programme cycle, advocacy and resource mobilization efforts, promote synergies and information sharing among members at the  hub level and information between the hubs and focus on key strategic activities related to the six core coordination functions, namely:
•	Support service delivery based on needs;
•	Inform strategic decision-making through needs assessments and gaps analysis;
•	Plan and implement cluster strategies;
•	Monitor and evaluate performance;
•	Build national capacities;
•	Support advocacy efforts
Given that the majority of the response is carried out by local organizations, coordination efforts will be approached through a localization and inclusiveness lens.",1
"296240","Emergency earthquake - PERU to Syria
UNICEF-Peru
--- SOCIAL PROTECTION Expanding Social, Civic and Economic Engagement and Social Cohesion Interventions for Conﬂict-Affected Adolescents and Youth in the Syrian Arab Republic In support of the ERL Sector (Strengthened Communities and Participation), UNICEF, through this project in 2023, will further support its Generation Unlimited initiative and No Lost Generation Agenda by empowering vulnerable adolescents and youth (10-24 years), female and male and those with disabilities, to access social, civic and economic opportunities for skill development and engagement (including participation in social cohesion initiatives) with the objective of contributing to enhancing resilience and social cohesion. UNICEF will build on strategic partnerships, integration and at scale programming focusing on the most vulnerable adolescents to strengthen skills development, employability and meaningful engagement through friendly spaces and mobile teams. The proposed project will support young women and men to have better access to civic, social, and economic opportunities for skill development and engagement and to unleash their potentials and increase their learning, leadership, and employability opportunities. 
UNICEF will promote the active and meaningful participation of young people brought together from different ages, genders, abilities and cultural and educational backgrounds to be agents of positive change in their communities. UNICEF will work in the following three pillars and related interventions: (1) Provide access to services and skills-building for adolescents and youth for enhanced employability. (2) Strengthen social, civic and economic engagement of adolescents and youth and foster volunteerism and social cohesion-building. (3) Support young entrepreneurs to start their own project projects through seed funding. UNICEF will continue strengthening the capacity of local partners including services providers, youth workers and young volunteers to improve the quality of provided services and enhance the evidence generation. UNICEF will support the scalable and sustainable approaches with national partners including integrated centers & platforms.
In this project, UNICEF will give priority to adolescents and youth in the high severity areas such as Dara’a, Rural Damascus, Northern Homs, Southern Hama, East and Northeast of Aleppo, Deir-ez-Zor and Idleb. UNICEF will expand its support to young people in NES, focusing on returnees and displaced people in Raqqa and Hasakah, including those in camps, collective shelters and urban settings. UNICEF will focus on the most deprived areas in rural and urban areas. These will include camps (Hol, Roj, Newroz, Areesha, Mahmoudli) in Al-Hasakeh and Raqqa , the collective shelters in Al-Hasakeh city, and the rural areas in Qamishli, Malikia, Yaroubia, and Raqqa Governorate. Projects engaging young people will be essential needs for their effective integration in their communities. In addition, since 2014, many young people have been staying in camps and collective shelters. They do not enjoy the freedom of movement and face other risks, thus offering them activities that will enhance their skills and allow them to catch up to their peers in terms of skills and non-formal education.  The programme will coordinate with and support other UNICEF programmes to ensure interventions are tailored to the particular needs of young people. The programme will implement activities for young people affected by, or at high risk of, emergencies or the socio-economic situation, to acquire the right skills, become empowered and resilient community members who help their communities to cope with emergencies. Life-skills and citizenship education for these adolescents will equip and empower them to act as both participants and catalysts of change in their community as volunteers and peer influencers.",1
"296260","Emergency earthquake - Thailand to Syria
UNICEF-THAILAND
--- SOCIAL PROTECTION Expanding Social, Civic and Economic Engagement and Social Cohesion Interventions for Conﬂict-Affected Adolescents and Youth in the Syrian Arab Republic In support of the ERL Sector (Strengthened Communities and Participation), UNICEF, through this project in 2023, will further support its Generation Unlimited initiative and No Lost Generation Agenda by empowering vulnerable adolescents and youth (10-24 years), female and male and those with disabilities, to access social, civic and economic opportunities for skill development and engagement (including participation in social cohesion initiatives) with the objective of contributing to enhancing resilience and social cohesion. UNICEF will build on strategic partnerships, integration and at scale programming focusing on the most vulnerable adolescents to strengthen skills development, employability and meaningful engagement through friendly spaces and mobile teams. The proposed project will support young women and men to have better access to civic, social, and economic opportunities for skill development and engagement and to unleash their potentials and increase their learning, leadership, and employability opportunities. 
UNICEF will promote the active and meaningful participation of young people brought together from different ages, genders, abilities and cultural and educational backgrounds to be agents of positive change in their communities. UNICEF will work in the following three pillars and related interventions: (1) Provide access to services and skills-building for adolescents and youth for enhanced employability. (2) Strengthen social, civic and economic engagement of adolescents and youth and foster volunteerism and social cohesion-building. (3) Support young entrepreneurs to start their own project projects through seed funding. UNICEF will continue strengthening the capacity of local partners including services providers, youth workers and young volunteers to improve the quality of provided services and enhance the evidence generation. UNICEF will support the scalable and sustainable approaches with national partners including integrated centers & platforms.
In this project, UNICEF will give priority to adolescents and youth in the high severity areas such as Dara’a, Rural Damascus, Northern Homs, Southern Hama, East and Northeast of Aleppo, Deir-ez-Zor and Idleb. UNICEF will expand its support to young people in NES, focusing on returnees and displaced people in Raqqa and Hasakah, including those in camps, collective shelters and urban settings. UNICEF will focus on the most deprived areas in rural and urban areas. These will include camps (Hol, Roj, Newroz, Areesha, Mahmoudli) in Al-Hasakeh and Raqqa , the collective shelters in Al-Hasakeh city, and the rural areas in Qamishli, Malikia, Yaroubia, and Raqqa Governorate. Projects engaging young people will be essential needs for their effective integration in their communities. In addition, since 2014, many young people have been staying in camps and collective shelters. They do not enjoy the freedom of movement and face other risks, thus offering them activities that will enhance their skills and allow them to catch up to their peers in terms of skills and non-formal education.  The programme will coordinate with and support other UNICEF programmes to ensure interventions are tailored to the particular needs of young people. The programme will implement activities for young people affected by, or at high risk of, emergencies or the socio-economic situation, to acquire the right skills, become empowered and resilient community members who help their communities to cope with emergencies. Life-skills and citizenship education for these adolescents will equip and empower them to act as both participants and catalysts of change in their community as volunteers and peer influencers.",1
"304283","Emergency earthquake response - Syria	   SOCIAL PROTECTION Expanding Social, Civic and Economic Engagement and Social Cohesion Interventions for Conﬂict-Affected Adolescents and Youth in the Syrian Arab Republic In support of the ERL Sector (Strengthened Communities and Participation), UNICEF, through this project in 2023, will further support its Generation Unlimited initiative and No Lost Generation Agenda by empowering vulnerable adolescents and youth (10-24 years), female and male and those with disabilities, to access social, civic and economic opportunities for skill development and engagement (including participation in social cohesion initiatives) with the objective of contributing to enhancing resilience and social cohesion. UNICEF will build on strategic partnerships, integration and at scale programming focusing on the most vulnerable adolescents to strengthen skills development, employability and meaningful engagement through friendly spaces and mobile teams. The proposed project will support young women and men to have better access to civic, social, and economic opportunities for skill development and engagement and to unleash their potentials and increase their learning, leadership, and employability opportunities. 
UNICEF will promote the active and meaningful participation of young people brought together from different ages, genders, abilities and cultural and educational backgrounds to be agents of positive change in their communities. UNICEF will work in the following three pillars and related interventions: (1) Provide access to services and skills-building for adolescents and youth for enhanced employability. (2) Strengthen social, civic and economic engagement of adolescents and youth and foster volunteerism and social cohesion-building. (3) Support young entrepreneurs to start their own project projects through seed funding. UNICEF will continue strengthening the capacity of local partners including services providers, youth workers and young volunteers to improve the quality of provided services and enhance the evidence generation. UNICEF will support the scalable and sustainable approaches with national partners including integrated centers & platforms.
In this project, UNICEF will give priority to adolescents and youth in the high severity areas such as Dara’a, Rural Damascus, Northern Homs, Southern Hama, East and Northeast of Aleppo, Deir-ez-Zor and Idleb. UNICEF will expand its support to young people in NES, focusing on returnees and displaced people in Raqqa and Hasakah, including those in camps, collective shelters and urban settings. UNICEF will focus on the most deprived areas in rural and urban areas. These will include camps (Hol, Roj, Newroz, Areesha, Mahmoudli) in Al-Hasakeh and Raqqa , the collective shelters in Al-Hasakeh city, and the rural areas in Qamishli, Malikia, Yaroubia, and Raqqa Governorate. Projects engaging young people will be essential needs for their effective integration in their communities. In addition, since 2014, many young people have been staying in camps and collective shelters. They do not enjoy the freedom of movement and face other risks, thus offering them activities that will enhance their skills and allow them to catch up to their peers in terms of skills and non-formal education.  The programme will coordinate with and support other UNICEF programmes to ensure interventions are tailored to the particular needs of young people. The programme will implement activities for young people affected by, or at high risk of, emergencies or the socio-economic situation, to acquire the right skills, become empowered and resilient community members who help their communities to cope with emergencies. Life-skills and citizenship education for these adolescents will equip and empower them to act as both participants and catalysts of change in their community as volunteers and peer influencers.",1
"256255","Emergency response on SI for Children in Ukraine and Neighboring Countries
Social Protection",1
"188138","Facilitation des aides humanitaires par la réhabilitation d’une piste rurale à travers le transfert monétaire (argent contre travail) dans le district de Beloha",1
"254194","Flexible funding towards the RRP for Hungary
Social Protection",1
"254176","Flexible funding towards the RRP for Moldova
--- Social Protection",1
"260069","Flexible funding towards the RRP for other countries and regional coordination (Italy, Czech Republic, Bulgaria, Croatia, Belarus and RO)
--- Social Protection",1
"260054","Flexible funding towards the RRP for Poland
--- Social Protection",1
"260061","Flexible funding towards the RRP for Romania
--- Social Protection",1
"250783","Flexible Funds
Ukraine RRP
Moldova - Social Protection",1
"314702","Food Security - Livelihoods	Provide multipurpose cash to Venezuelan migrants in La Guajira, Colombia to meet emergency food security needs and provide complementary nutrition activities. Additionally, provide grants for new livelihoods development to migrant families. Colombia: Save the Children (Multipurpose Cash Assistance (MPC) response) Save the Children - Multipurpose Cash Assistance (MPC) response in Colombia",1
"197279","For Syria HRP 2019 ( Part of The 3rd Brussels Conference pledge). Cash Assistance for essential needs: $4,000,000; To be allocated: $1,000,000.",1
"303823","Funding to UNICEF's Syrian Refugee Response Humanitarian Action in Jordan.
Jordan:  Support tothe United Nations Children’s Fund’s Emergency Response	Cross-Sectoral (two or more outcome areas)
--- SOCIAL PROTECTION Jordan: United Nations Children's Fund (Basic Needs response) United Nations Children's Fund - Basic Needs response (Jordan)",1
"256210","German Committee for UNICEF
Ukraine - Social Protection",1
"256209","German Committee for UNICEF
Ukraine
(Social Protection)",1
"312370","HAC-SYRIA REFUGEES
Lebanon: Humanitarian Programme / Contribution Transition Resilience Education Fund
---- Social Protection and cash transfer Lebanon: United Nations Children's Fund (Basic Needs response) United Nations Children's Fund: Basic Needs response for Syria Regional Plan in Lebanon",1
"312367","HAC-SYRIA REFUGEES
Lebanon: The objectives of the Programme are to create a community space that en
Social Protection and cash transfer Lebanon: United Nations Children's Fund (Basic Needs response) United Nations Children's Fund: Basic Needs response for Syria Regional Plan in Lebanon",1
"304177","HAC-UKRAINE
-- Emergency response (Ukraine Refugees) - ECARO
-- social protection",1
"248936","Humanitarian Support Ukraine 2022
Social Protection",1
"231493","Implementation of Operational Concept on Cash and Voucher Assistance (CVA) 2021-2024. Protecion, access and security. Mulyi year 2021 20 2024, total amount CHF 600,000 
(7F-07880.06)",1
"231494","Implementation of Operational Concept on Cash and Voucher Assistance (CVA) 2021-2024. Protecion, access and security. Mulyi year 2021 20 2024. 2021 portion total amount CHF 150,000 
(7F-07880.06)",1
"231496","Implementation of Operational Concept on Cash and Voucher Assistance (CVA) 2021-2024. Protection, access and security. Multi year 2021 20 2024. 2023 portion total amount CHF 150,000 
(7F-07880.06)",1
"231220","Improved immediate access to livelihoods for food insecure vulnerable households in drought affected populations and IDPs in Garowe district -Puntland state of Somalia Provision of Immediate food assistance to crisis and locust affected vulnerable IDPs and Host Community in Garowe, Eyl,  Dangorayo and Godobjiraan Districts. The response will cover Nugaal Region and target 28,500 beneficiaries (13,965 male and 14,535 female). The project will target mainly internally displaced households, refugee returnees and very poor host community households severely affected by droughts and conflicts across the populations groups of IDPS, Rural Pastoralist, Agro-pastoralist and fishing in the 4 target Districts of Garowe, Eyl, Dangorayo and Godobjiraan. The specific activities will largely include cash based interventions that will target emergency crisis affected households of above IPC 3 level. The planned cash transfers which will include both conditional and unconditional transfers aimed to increase households’ purchasing power and improve access to food and basic need based on the calculated Minimum Expenditure Basket for Nugal (USD 116 according to the latest FSNAU urban mainin markets for September 2020). In addition the response will undertake livelihood protection activities consisting of seasonal farming input, livestock support and diversification of livelihood source to enhance the recovery initiatives of drop out pastoralist, farming and fishing households just emerging from the droughts, COVID-19 pandemic livelihood related disruptions and also cyclones that have hit the Coastal Districts of Nugal Region. The design of the structures and outputs of the project will be required to conform to the required to conform to SPHERE standards including the construction. The project will utilize the Somalia Cash Working Group (CWG) recommended work norms to ensure labour output and compensation based on individual labor input. Women and the disabled shall be prioritized and given suitable jobs within the rehabilitation works. The project is also designed to main stream protection principles and to promote access, safety and dignity for all beneficiaries and in particular women and girls from IDP camps and others who have faced increased risk of SGBV since the outbreak of COVID-19 pandemic. The project is also designed to main stream protection principles and to promote access, safety and dignity for all beneficiaries and in particular women and girls from IDP camps and others who have faced increased risk of SGBV since the outbreak of COVID-19 pandemic. This will include promoting safety and dignity and avoiding to cause harm and ensure impartial and neutral services delivery all the targeted beneficiaries based purely on needs as per the protection requirements for livelihood programming. The project will equally ensure gender mainstreaming approaches remains key to its implementation. Wide consultation will also be made with the community leadership to develop an all accepted selection based on Community Based Targeting (CBT) selection criteria that will prioritize the most vulnerable households as beneficiaries prioritizing women and children access to the support. These will include women headed households, households with elderly and disable individual and large size poor families and IDP households, rural and fishing households with none or minimal sources of income. Provision of Seasonal inputs: The project will provide seasonal inputs consisting of farming seeds, harvest storage bags to cut on post-harvesting losses, fishing inputs for the fishery livelihood group in Eyr District and veterinary and feeds support to pastoralists in the 4 target Districts. The project will put in place a feedback mechanism to help get the beneficiaries share information related to the project. This will be an important component of the project as it will help guide the implementation process, capturing important details relating to changing needs by beneficiaries especially in view of the locusts and drought situation which has the potential to worsen.  The feedback mechanism shall also to collect complaints expressed by the beneficiaries for action by the project management.  In future the beneficiary data should be encrypted.",1
"293627","Iraq
Social protection Iraq: United Nations Children's Fund (Protection - Child Protection response) United Nations Children's Fund - Child Protection response (Iraq)",1
"188292","IRC responds to the emergency food insecurity, IPC 4 and 3, through unconditional cash transfers in favour of 6120 individuals.  -Food assistance through cash distribution to vulnerable households in Chipinge and Chiredzi districts for drought victims. Revisised to add food package to cyclone victims in the same area. Ensuring food security for Cyclone Idai affected households in Chipinge district People meet basic needs and avoid negative coping strategies",1
"219289","Joint Program WFP and UNICEF: Expansion of social safety nets in the Covid-19 context (Social Protection in the Sahel) - BMZ- (multiyear - 2020 portion of EUR 27,000,000)",1
"219290","Joint Program WFP and UNICEF: Expansion of social safety nets in the Covid-19 context (Social Protection in the Sahel, SPS( - multiyear 2020 portion of EUR 27,000,000) 2020.1827.3",1
"222754","Joint Program WFP and UNICEF: Expansion of social safety nets in the Covid-19 context (Social Protection in the Sahel, SPS( - multiyear 2021 portion of EUR 27,000,000) 2020.1827.3",1
"312363","Jordan: 2024 Humanitarian Action for Children (HAC) for Syrian refugees in Jordan	Cross-Sectoral (two or more outcome areas)
--- USA / BPRM
---- Social Protection and cash transfer",1
"178092","PAM: bons alimentaires à travers un réseau de supérettes. Country Strategic Plan for food assistance to the poor and severely food insecure population in the West Bank and the Gaza Strip WFP is committed to the Sustainable Development Goals (SDGs) and is guided by a strategic, programmatic and governance instrument to operationalize its plan and achieve its project objectives to: 
• End Hunger by protecting access to food and by improving dietary diversity;
• Support the implementation of the SDGs by enhancing the capacities of national institutions to implement food security strategies and operations;
This project directly contributes to strategic objectives two and three of the Humanitarian Response Plan 2018 2020, by meeting the basic food needs of severely vulnerable Palestinians and by improving their dietary diversity. 
WFP’s interventions focus on high food insecurity levels, including the malnutrition levels recorded by national surveys. By assisting the poor and severely food insecure Palestinian households in Gaza and Bedouin and herding communities in West Bank’s Area C, and by disseminating information on food and nutrition practices, WFP addresses the basic needs of vulnerable Palestinians and tackles one of the or root causes of some of the food insecurity levels recorded by the government institutions.
These interventions aim at improving the overall food security levels including nutrition and health status of the vulnerable Palestinians and therefore at increasing their coping abilities to sudden shocks in the market for access to food. 
The project also contributes to the Food Security Sector’s three objectives as well as to the National Policy Agenda 2017-2022 (policies on escaping poverty and strengthening social protection as well as meeting the basic needs of the communities) to ensure that the vulnerable Palestinians households basic food needs are met, by assisting households in enhancing their food security levels and by strengthening national institutions in implementing food security strategies and social security safety net programs to best identify and target food insecure and vulnerable Palestinians.",1
"305279","Philippines/Floods-2024	Philippines	Catholic Relief Services
Multipurpose Cash Assistance",1
"177630","Prévention à l'insécurité alimentaire et nutritionnelle des populations les plus vulnérables affectées par le conflit armé et les aléas naturels à travers une assistance monétaire dans les communes de Bamba, Téméra, Gabéro et Télemsi (Région de Gao) (ECHO/-WF/BUD/2018/91079) Soutenir les ménages pauvres et très pauvres affectés par la crise complexe au nord et au centre du Mali afin de faire face à l'insécurité alimentaire et nutritionnelle, à securier les moyens de subsistances et renforcer la résiliences face aux chocs recurrents Objectif Global : Contribuer à réduire la vulnérabilité des ménages pauvres et très pauvres à l'insécurité alimentaire et nutritionnelle, afin d'assurer leur accès à une alimentation suffisante et diversifiée et de renforcer leurs moyens de subsistance
Objectifs Spécifiques :
•	Objectif Spécifique 1 : Fournir avec dignité et sécurité, aux femmes, hommes, filles et garçons des ménages pauvres et très pauvres (48618 personnes) un accès à une alimentation suffisante et diversifiée en période de soudure afin de réduire leur vulnérabilité 

•	Objectif Spécifique 2 : Prévenir les risques de malnutrition pour les femmes enceintes et allaitantes et les enfants de moins de 5ans à travers la mise en œuvre des activités nutrition sensible

•	Objectif Spécifique 3 : Renforcer les capacités de résiliences à travers la réhabilitation et la reconstitution de leurs moyens d’existence",1
"177337","PREPARE Malawi: Social PRotection and E-PAyment for inclusive cash REsponse Malawi (ECHO/-SF/BUD/2018/91011)",1
"192718","Project proposal  Strengthening the Social Protection System for Refugees and Vulnerable Lebanese through Community-Based Protection GDNK02 - Lebanon - Dec18 LEBANON - United Nations High Commissioner for Refugees",1
"254134","Refugee Response Plan
-- Social Protection",1
"266478","Scaling up Shock Responsive Social Protection to proactively manage risks before, during and after the impacts of climate shocks and disasters in ASEAN
(2023 portion of EUR 1.8 mio)",1
"184898","Secondment of a CTP Programme Officer to IFRC Regional Bureau in Dakar, Senegal, Multiyear 2018-2019, 2019 portion,  total award CHF 160,000 (Z7H514500033)",1
"184900","Secondment of a Social Protection Officer (CBT) to WFP Country Office in Colombo,
Sri Lanka, Multiyear 2018-2019,  2018 portion, total award CHF 48,000 (7H514500032)",1
"184902","Secondment of a Social Protection Officer (CBT) to WFP Country Office in Colombo,
Sri Lanka, Multiyear 2018-2019,  2019 portion, total award CHF 82,000 (7H514500032)",1
"225047","Secondment of a Social Protection Officer (CBT), Multi-year, 2020-2021, total amount CHF 220,000 (Z7H514500032)",1
"225048","Secondment of a Social Protection Officer (CBT), Multi-year, 2020-2021. 2020 total amount CHF 60,000 (Z7H514500032)",1
"225049","Secondment of a Social Protection Officer (CBT), Multi-year, 2020-2021. 2021 total amount CHF 160,000 (Z7H514500032)",1
"243901","Secondment of a Social Protection Officer (CBT).  Multi-year, 2021-2022, total amount 
CHF 110,000 (Z7H514500032)",1
"243903","Secondment of a Social Protection Officer (CBT).  Multi-year, 2021-2022. 2021 portion total amount 
CHF 55,000 (Z7H514500032)",1
"202095","Shelter upgrading and winterization cash based assistance for IDPs and Host community in 12 Hard to reach districts of Laghman, Nangrahar and Kunar provinces",1
"306026","SHO funds for Social Protection Expanding Social, Civic and Economic Engagement and Social Cohesion Interventions for Conﬂict-Affected Adolescents and Youth in the Syrian Arab Republic Needs: Young people in Syria face a myriad of interrelated barriers that prevent their meaningful economic, social, and civic participation and engagement. They face stigma and discrimination regarding their capacities to lead positive change in their communities. Limited opportunities for economic, social, and civic engagement, particularly for the most marginalized adolescents and youth, contribute to their systematic exclusion and exacerbate feelings of isolation and disenfranchisement. However, experiences from other contexts of protracted crisis have shown that supporting young people’s social and civic engagement can have positive social outcomes and be conducive to increased community resilience and social cohesion.
Intervention: In support of the ERL Sector, UNICEF will further its support for the Generation Unlimited initiative and No Lost Generation Agenda by empowering vulnerable adolescents and youth, both female and male, as well as those with disabilities, to access social, civic, and economic opportunities for skill development and engagement (including participation in social cohesion initiatives) with the objective of contributing to enhancing resilience and social cohesion. UNICEF will build on strategic partnerships, integration, and at-scale programming focusing on the most vulnerable adolescents to strengthen skills development, employability, and meaningful engagement through friendly spaces and mobile teams. The proposed project will support 342,883 young women and men per year to have better access to civic, social, and economic opportunities for skill development and engagement, and to unleash their potentials and increase their learning, leadership, and employability opportunities. UNICEF will work in the following two pillars and related interventions: (1) Strengthen social, civic, and economic engagement of adolescents and youth and foster volunteerism and social cohesion-building. (2) Support young entrepreneurs to start their own projects through seed funding. UNICEF will continue strengthening the capacity of local partners, including services providers, youth workers, and young volunteers, to improve the quality of provided services and enhance evidence generation.
Protection Risk Analysis: After enduring 12 years of conflict and ongoing economic turmoil, young Syrians have faced devastating hardships that have eroded their resilience. This has particularly affected girls, who have resorted to harmful coping mechanisms such as dropping out of school, engaging in addictive behaviors, entering child labor, and marrying early. Social norms in many communities also hinder girls' and people with disabilities' participation in sports, cultural activities, and community engagement. The compounding effects of COVID-19, earthquakes, and economic challenges have exacerbated these risks. UNICEF will continue to mainstream the principles of safety, dignity, and do no harm, as well as the inclusive and meaningful access of the most marginalized boys and girls, especially those who live with disabilities, to ensure that no one is left behind. UNICEF will increase safe access to skills development, social cohesion, awareness-raising, and engagement opportunities. UNICEF will prioritize developing the capacity of the implementing partners through providing technical support in the fields of Child Safeguarding, Code of Conduct, and PSEA.
Risks: Economic deterioration and transportation barriers, along with potential conflicts between IDPs and host communities, as well as risks of exploitation or abuse. To address these risks, there will be capacity building for staff and volunteers, awareness campaigns on risks, mandatory screening during recruitment, establishing complaint mechanisms with adequate staff for follow-up, and ensuring data protection and confidentiality.

Assumptions: The project assumes support for integrated and joint approaches and the promotion of youth participation nationwide.",1
"234034","SM210349/Emergency Preparedness/ Response
/Supporting the development of Shock-Responsive Social Protection (SRSP) in Nigeria in response to recurrent floods (ECHO/-AF/BUD/2021/92108)",1
"243636","Social Protection 
Kenya: Carry Forward Emergency Response Funds",1
"309873","Social Protection Recuperación Temprana de Medios de Vida La recuperación temprana se refiere a las acciones tomadas para facilitar la transición de la fase de respuesta de emergencia a la recuperación a largo plazo después de un desastre o crisis.
Puede incluir actividades como la rehabilitación de infraestructuras,la recuperación de los medios de vida agrícolas o no agrícolas, el acceso a mercados y el fortalecimiento del liderazgo y la participación; el empoderamiento económico de las mujeres; y la prevención de VBG (hombres y mujeres) en impulso al cierre de brechas de género.",1
"175578","Strengthening the national social protection safety net programme on vulnerability targeting (P006124/PO7390194) Strengthening the national social protection safety net programme on vulnerability targeting The project's objective is to enhance the capacities of public and private sector institutions and systems, including local
responders, to identify, target and assist food insecure and nutritionally vulnerable populations.",1
"256253","Swiss Committee for UNICEF	SM220470
Social Protection",1
"296227","SYRIA EARTHQUAKE
INTERNATIONAL ON-LINE DONATIONS
--- SOCIAL PROTECTION",1
"296183","SYRIA EARTHQUAKE
SOCIAL PROTECTION",1
"296004","Syria HAC / Earthquake HR
--- SOCIAL PROTECTION Expanding Social, Civic and Economic Engagement and Social Cohesion Interventions for Conﬂict-Affected Adolescents and Youth in the Syrian Arab Republic In support of the ERL Sector (Strengthened Communities and Participation), UNICEF, through this project in 2023, will further support its Generation Unlimited initiative and No Lost Generation Agenda by empowering vulnerable adolescents and youth (10-24 years), female and male and those with disabilities, to access social, civic and economic opportunities for skill development and engagement (including participation in social cohesion initiatives) with the objective of contributing to enhancing resilience and social cohesion. UNICEF will build on strategic partnerships, integration and at scale programming focusing on the most vulnerable adolescents to strengthen skills development, employability and meaningful engagement through friendly spaces and mobile teams. The proposed project will support young women and men to have better access to civic, social, and economic opportunities for skill development and engagement and to unleash their potentials and increase their learning, leadership, and employability opportunities. 
UNICEF will promote the active and meaningful participation of young people brought together from different ages, genders, abilities and cultural and educational backgrounds to be agents of positive change in their communities. UNICEF will work in the following three pillars and related interventions: (1) Provide access to services and skills-building for adolescents and youth for enhanced employability. (2) Strengthen social, civic and economic engagement of adolescents and youth and foster volunteerism and social cohesion-building. (3) Support young entrepreneurs to start their own project projects through seed funding. UNICEF will continue strengthening the capacity of local partners including services providers, youth workers and young volunteers to improve the quality of provided services and enhance the evidence generation. UNICEF will support the scalable and sustainable approaches with national partners including integrated centers & platforms.
In this project, UNICEF will give priority to adolescents and youth in the high severity areas such as Dara’a, Rural Damascus, Northern Homs, Southern Hama, East and Northeast of Aleppo, Deir-ez-Zor and Idleb. UNICEF will expand its support to young people in NES, focusing on returnees and displaced people in Raqqa and Hasakah, including those in camps, collective shelters and urban settings. UNICEF will focus on the most deprived areas in rural and urban areas. These will include camps (Hol, Roj, Newroz, Areesha, Mahmoudli) in Al-Hasakeh and Raqqa , the collective shelters in Al-Hasakeh city, and the rural areas in Qamishli, Malikia, Yaroubia, and Raqqa Governorate. Projects engaging young people will be essential needs for their effective integration in their communities. In addition, since 2014, many young people have been staying in camps and collective shelters. They do not enjoy the freedom of movement and face other risks, thus offering them activities that will enhance their skills and allow them to catch up to their peers in terms of skills and non-formal education.  The programme will coordinate with and support other UNICEF programmes to ensure interventions are tailored to the particular needs of young people. The programme will implement activities for young people affected by, or at high risk of, emergencies or the socio-economic situation, to acquire the right skills, become empowered and resilient community members who help their communities to cope with emergencies. Life-skills and citizenship education for these adolescents will equip and empower them to act as both participants and catalysts of change in their community as volunteers and peer influencers.",1
"295935","Syria: HAC - thematic humanitarian support
THM HUMANITAR 2022-2025
--- SOCIAL PROTECTION Expanding Social, Civic and Economic Engagement and Social Cohesion Interventions for Conﬂict-Affected Adolescents and Youth in the Syrian Arab Republic In support of the ERL Sector (Strengthened Communities and Participation), UNICEF, through this project in 2023, will further support its Generation Unlimited initiative and No Lost Generation Agenda by empowering vulnerable adolescents and youth (10-24 years), female and male and those with disabilities, to access social, civic and economic opportunities for skill development and engagement (including participation in social cohesion initiatives) with the objective of contributing to enhancing resilience and social cohesion. UNICEF will build on strategic partnerships, integration and at scale programming focusing on the most vulnerable adolescents to strengthen skills development, employability and meaningful engagement through friendly spaces and mobile teams. The proposed project will support young women and men to have better access to civic, social, and economic opportunities for skill development and engagement and to unleash their potentials and increase their learning, leadership, and employability opportunities. 
UNICEF will promote the active and meaningful participation of young people brought together from different ages, genders, abilities and cultural and educational backgrounds to be agents of positive change in their communities. UNICEF will work in the following three pillars and related interventions: (1) Provide access to services and skills-building for adolescents and youth for enhanced employability. (2) Strengthen social, civic and economic engagement of adolescents and youth and foster volunteerism and social cohesion-building. (3) Support young entrepreneurs to start their own project projects through seed funding. UNICEF will continue strengthening the capacity of local partners including services providers, youth workers and young volunteers to improve the quality of provided services and enhance the evidence generation. UNICEF will support the scalable and sustainable approaches with national partners including integrated centers & platforms.
In this project, UNICEF will give priority to adolescents and youth in the high severity areas such as Dara’a, Rural Damascus, Northern Homs, Southern Hama, East and Northeast of Aleppo, Deir-ez-Zor and Idleb. UNICEF will expand its support to young people in NES, focusing on returnees and displaced people in Raqqa and Hasakah, including those in camps, collective shelters and urban settings. UNICEF will focus on the most deprived areas in rural and urban areas. These will include camps (Hol, Roj, Newroz, Areesha, Mahmoudli) in Al-Hasakeh and Raqqa , the collective shelters in Al-Hasakeh city, and the rural areas in Qamishli, Malikia, Yaroubia, and Raqqa Governorate. Projects engaging young people will be essential needs for their effective integration in their communities. In addition, since 2014, many young people have been staying in camps and collective shelters. They do not enjoy the freedom of movement and face other risks, thus offering them activities that will enhance their skills and allow them to catch up to their peers in terms of skills and non-formal education.  The programme will coordinate with and support other UNICEF programmes to ensure interventions are tailored to the particular needs of young people. The programme will implement activities for young people affected by, or at high risk of, emergencies or the socio-economic situation, to acquire the right skills, become empowered and resilient community members who help their communities to cope with emergencies. Life-skills and citizenship education for these adolescents will equip and empower them to act as both participants and catalysts of change in their community as volunteers and peer influencers.",1
"213720","The Kenya Cash Consortium response to the desert locust crisis in Arid and Semi-Arid Land (ASAL) Counties of Kenya (ECHO/-HF/BUD/2020/91027).
The Kenya Cash Consortium led by ACTED in partnership with Concern Worldwide, Oxfam and IMPACT is responding to the desert locust crisis in the Arid and Semi-Arid Land (ASAL) Counties of Kenya, including in Turkana, Isiolo, Wajir, Samburu, Marsabit and Mandera, to save lives and protect livelihoods.",1
"250095","The purpose of this project is to contribute to solving basic needs of the beneficiary population in order to improve access to basic food, non-food items and rent payments,
among others in Bucaramanga and Ipiales. This type of assistance consists of a direct and unconditional cash transfer, a multipurpose  multipurpose cash transfers, which are periodic or one-time transfers equal to the amount of money required to cover the amount of money required to cover all or part of a household's basic needs and/or recovery needs. and/or recovery needs (the term refers to transfers designed to meet multiple needs). multiple needs).",1
"293313","Thematic Cross Sectoral - Yemen	Cross-Sectoral (two or more outcome areas)	THM HUMANITAR 2022-2025
-- Social Protection",1
"293348","Thematic Cross Sectoral - Yemen
THM HUMANITAR 2022-2025
-- Social Protection",1
"295913","Thematic Humanitarian Funds for Cross Sectoral Activities-Syria
---  SOCIAL PROTECTION Expanding Social, Civic and Economic Engagement and Social Cohesion Interventions for Conﬂict-Affected Adolescents and Youth in the Syrian Arab Republic In support of the ERL Sector (Strengthened Communities and Participation), UNICEF, through this project in 2023, will further support its Generation Unlimited initiative and No Lost Generation Agenda by empowering vulnerable adolescents and youth (10-24 years), female and male and those with disabilities, to access social, civic and economic opportunities for skill development and engagement (including participation in social cohesion initiatives) with the objective of contributing to enhancing resilience and social cohesion. UNICEF will build on strategic partnerships, integration and at scale programming focusing on the most vulnerable adolescents to strengthen skills development, employability and meaningful engagement through friendly spaces and mobile teams. The proposed project will support young women and men to have better access to civic, social, and economic opportunities for skill development and engagement and to unleash their potentials and increase their learning, leadership, and employability opportunities. 
UNICEF will promote the active and meaningful participation of young people brought together from different ages, genders, abilities and cultural and educational backgrounds to be agents of positive change in their communities. UNICEF will work in the following three pillars and related interventions: (1) Provide access to services and skills-building for adolescents and youth for enhanced employability. (2) Strengthen social, civic and economic engagement of adolescents and youth and foster volunteerism and social cohesion-building. (3) Support young entrepreneurs to start their own project projects through seed funding. UNICEF will continue strengthening the capacity of local partners including services providers, youth workers and young volunteers to improve the quality of provided services and enhance the evidence generation. UNICEF will support the scalable and sustainable approaches with national partners including integrated centers & platforms.
In this project, UNICEF will give priority to adolescents and youth in the high severity areas such as Dara’a, Rural Damascus, Northern Homs, Southern Hama, East and Northeast of Aleppo, Deir-ez-Zor and Idleb. UNICEF will expand its support to young people in NES, focusing on returnees and displaced people in Raqqa and Hasakah, including those in camps, collective shelters and urban settings. UNICEF will focus on the most deprived areas in rural and urban areas. These will include camps (Hol, Roj, Newroz, Areesha, Mahmoudli) in Al-Hasakeh and Raqqa , the collective shelters in Al-Hasakeh city, and the rural areas in Qamishli, Malikia, Yaroubia, and Raqqa Governorate. Projects engaging young people will be essential needs for their effective integration in their communities. In addition, since 2014, many young people have been staying in camps and collective shelters. They do not enjoy the freedom of movement and face other risks, thus offering them activities that will enhance their skills and allow them to catch up to their peers in terms of skills and non-formal education.  The programme will coordinate with and support other UNICEF programmes to ensure interventions are tailored to the particular needs of young people. The programme will implement activities for young people affected by, or at high risk of, emergencies or the socio-economic situation, to acquire the right skills, become empowered and resilient community members who help their communities to cope with emergencies. Life-skills and citizenship education for these adolescents will equip and empower them to act as both participants and catalysts of change in their community as volunteers and peer influencers.",1
"295905","THM HUMANITAR 2022-2025	Thematic Humanitarian funds for Syria
--- SOCIAL PROTECTION Expanding Social, Civic and Economic Engagement and Social Cohesion Interventions for Conﬂict-Affected Adolescents and Youth in the Syrian Arab Republic In support of the ERL Sector (Strengthened Communities and Participation), UNICEF, through this project in 2023, will further support its Generation Unlimited initiative and No Lost Generation Agenda by empowering vulnerable adolescents and youth (10-24 years), female and male and those with disabilities, to access social, civic and economic opportunities for skill development and engagement (including participation in social cohesion initiatives) with the objective of contributing to enhancing resilience and social cohesion. UNICEF will build on strategic partnerships, integration and at scale programming focusing on the most vulnerable adolescents to strengthen skills development, employability and meaningful engagement through friendly spaces and mobile teams. The proposed project will support young women and men to have better access to civic, social, and economic opportunities for skill development and engagement and to unleash their potentials and increase their learning, leadership, and employability opportunities. 
UNICEF will promote the active and meaningful participation of young people brought together from different ages, genders, abilities and cultural and educational backgrounds to be agents of positive change in their communities. UNICEF will work in the following three pillars and related interventions: (1) Provide access to services and skills-building for adolescents and youth for enhanced employability. (2) Strengthen social, civic and economic engagement of adolescents and youth and foster volunteerism and social cohesion-building. (3) Support young entrepreneurs to start their own project projects through seed funding. UNICEF will continue strengthening the capacity of local partners including services providers, youth workers and young volunteers to improve the quality of provided services and enhance the evidence generation. UNICEF will support the scalable and sustainable approaches with national partners including integrated centers & platforms.
In this project, UNICEF will give priority to adolescents and youth in the high severity areas such as Dara’a, Rural Damascus, Northern Homs, Southern Hama, East and Northeast of Aleppo, Deir-ez-Zor and Idleb. UNICEF will expand its support to young people in NES, focusing on returnees and displaced people in Raqqa and Hasakah, including those in camps, collective shelters and urban settings. UNICEF will focus on the most deprived areas in rural and urban areas. These will include camps (Hol, Roj, Newroz, Areesha, Mahmoudli) in Al-Hasakeh and Raqqa , the collective shelters in Al-Hasakeh city, and the rural areas in Qamishli, Malikia, Yaroubia, and Raqqa Governorate. Projects engaging young people will be essential needs for their effective integration in their communities. In addition, since 2014, many young people have been staying in camps and collective shelters. They do not enjoy the freedom of movement and face other risks, thus offering them activities that will enhance their skills and allow them to catch up to their peers in terms of skills and non-formal education.  The programme will coordinate with and support other UNICEF programmes to ensure interventions are tailored to the particular needs of young people. The programme will implement activities for young people affected by, or at high risk of, emergencies or the socio-economic situation, to acquire the right skills, become empowered and resilient community members who help their communities to cope with emergencies. Life-skills and citizenship education for these adolescents will equip and empower them to act as both participants and catalysts of change in their community as volunteers and peer influencers.",1
"183593","Transfert monétaire via des bons d'achat électroniques Lebanon n/a",1
"256199","Ukraine 
Social protection",1
"254084","Ukraine Flash Appeal through the Country Humanitarian Thematic Fund
(Social protection)",1
"259889","Ukraine RRP
Moldova
Social Protection",1
"259914","Ukraine RRP
Slovakia
Social Protection",1
"248986","Ukraine RRP
Social Protection",1
"259632","Ukraine
Social Protection",1
"202289","Unconditional cash grants to affected female-headed households, awareness raising, repair of ponds.",1
"185379","UNHCR, HoA, Ethiopia, Cash Allocation: Protection, Forced displacement
(refugees, IDP, human trafficking)  (7F-09282.23)",1
"195428","UNRWA : Assistance alimentaire en espèces aux réfugiés palestiniens les plus vulnérablesACF : Renforcement de la sécurité alimentaire et nutritionnelle, et des moyens de subsistance au sein de communautés vulnérables vivant dans la Bekaa LEBANON - Action Contre la Faim",1
"195429","UNRWA : Assistance alimentaire en espèces aux réfugiés palestiniens les plus vulnérablesACF : Renforcement de la sécurité alimentaire et nutritionnelle, et des moyens de subsistance au sein de communautés vulnérables vivant dans la Bekaa LEBANON - United Nations Relief and Works Agency for Palestine Refugees in the Near East",1
"183622","Venezuela Regional/CE: Multipurpose Cash Assistance (USAID/OFDA)",1
"183625","Venezuela Regional/CE: Multipurpose Cash Assistance,Protection ( USAID/OFDA)",1
"291847","Venezuela RMRP
--- MPC Peru: International Organization for Migration (Multipurpose Cash Assistance (MPC) response) International Organization for Migration - Multipurpose Cash Assistance (MPC) response in Peru",1
"298683","Yemen HRP 2023	Food Security	Food Security Safety Network - Social Protection Support to the Social Fund for Development
--- FCDO",1
"211433","Adolescents in Emergencies-stödet uppgår till 1 MSEK för 2020 (beslutades 2018). Detta är ett policystärkande stöd som syftar till att stärka humanitär assistans till undomar (10-19 år). CASH capacity building-stödet uppgår till 1,5 MSEK (beslutades 2019). Det syftar till att stärka det humanitära samfundets kapacitet att svara upp mot ungdomars (10-19 år) behov genom kontantbaserat stöd. Alliance for Child Protection-stödet uppgår slutligen till till 1,5 MSEK (beslutades 2019). Stödet går till Plan inom ramen för organsiationens delordföranderoll i alliansen under 2020, samt för att främja användningen av de s.k. Minimum Standards for Child Protection in Humanitarian Action inom det humanitära samfundet.",0
"235296","Against Nigeria HRP Improvement of the Protection of People of Concern in North East Nigeria Through the Provision of Shelter and NFI Assistance. This project will target IDPs and returnees in three affected states, Yobe, Adamawa and Borno with provision of emergency shelters, Non-food Items (NFIs), transitional and shelter repair kits as protection live-saving assistance aligned with Shelter/ NFI/ CCCM Sector strategic objectives for the HRP 2019. In 2019 UNHCR continued to effectively respond to shelter needs and aims to target a total of 69,569 households, 347,846 individuals in formal and informal camps and newly accessible areas by the end of the year. As the number of returns and displacement increases due to military operations, there is need to provide shelter related assistance for returnees who are residing in their plots and as well as for host families whose resources have been overstretched. Subsequently acknowledging that the humanitarian situation is still unpredictable; there is need to provide shelters and NFIs for life-saving emergency assistance to promote the protection, safety and dignity of affected Persons of Concern (PoCs). Despite the achievements in the past, the continuous needs for IDPs, though shaped by very different dynamics, revealed that quite a significant majority of people are living in congested camps. The needs assessment conducted in 2019 by Shelter/ NFI/ CCCM sector indicated that as of end of June 2019, 3809 IDP households were living without shelter and NFI assistance since their arrival. In addition to that, 7593 households living in partitioned communal shelters needed NFIs and dignified emergency shelters. The ongoing and protracted displacement leaves the affected people in need of other humanitarian assistance such as Food, WASH, and Health among others. In 2020, UNHCR shall build upon progress being made in 2019 and proposes to respond to unmet needs in Adamawa (Mubi North, Mubi South, Madagali, Michika, Yola South and Yola north); Borno (Bama, Banki, Damasak, Damboa, Dikwa, Jere, konduga, Gwoza, Pulka, Maiduguri, Mobbar, Monguno, Rann and Ngala) and Yobe State (Damaturu and Gujba,) through provision of; - (1) 7,000 Emergency shelters (2) 52,129 NFIs kits to IDPs in both formal and informal camps (3) 10,440 Shelter repair kits to returnees with the provision of conditional CASH component of NGN 30,000 Naira adequate to cover for the cost labor and molding of mud bricks among other unforeseen needs. All the shelters are designed to cater for Women, Men, Girls and boys, persons with specific needs and partitioned to mitigate SGBV cases. The selection of beneficiaries will be based on needs assessment and vulnerability screening in the locations at the time of implementation. Identification and verification of beneficiaries are guided by UNHCR’s Protection principles, and endorsed by community leaders, NEMA, and SEMA officials at LGA areas. UNHCR will reinforce a transparent process of beneficiary selection and the prioritization of needs of vulnerable groups. The project targets the IDPs and Returnees households suffering from protracted displacement and returning home. UNHCR will work to ensure that potential beneficiaries are aware of their responsibilities during the project and of options available to them. It is important to recognize that not everyone can manage the construction/ repair of their own house and that their time might be better used to generate income. The families’ decision to participate in this programme will be achieved through sensitization meetings, detailed assessments, participatory planning and prioritizing the provision of technical training and capacity building. A community-based feedback mechanism through regular mass meetings and focus group discussions will be established to enable IDPs express their opinions on issues affecting their assistance need. The discussions will also provide beneficiaries the opportunity to understand the shelter selection and allocation process.",0
"289720","Area-Based Response - Provision of life-saving Health Nutrition, Shelter/NFIs services for the displaced people affected by crises and fighting in Sennar state Comprehensive humanitarian nutrition services for IDPs, returnees and vulnerable residents  The humanitarian nutritional needs in Sudan are expected to remain at high levels or worsen further in 2023, making Sudan one of the countries in the World with highest estimated acute malnutrition caseload.  While the overall Global acute malnutrition (GAM) remains at 13.6%, the prevalence of GAM varies significantly across the localities with very high situation (GAM above 15% and above as per WHO classification) reported in 64 localities. The proposed nutrition project aim is to improve equitable access to quality life-saving curative and preventive services through the systematic provision of nutrition services in South Kordofan, North Kordofan, Central Darfur, North Darfur, West Darfur, Sennar, Blue Nile and Red Sea states in which 29 localities will be covered. Vulnerable children under-five and PLWs are the main target of the project. Through SC -Nutrition interventions, a total of 362,874 beneficiaries will benefit from the services provided, among them (87,131 boys, 90,680 girls, 184,383 women, 680 men). Save the children will implement lifesaving, preventative interventions, treatment of severe and moderate acute malnutrition among children under five years and Pregnant and Lactating Women (PLWs), referral of SAM children with medical complications and minor rehabilitation to nutrition sites. To reach the estimated targets and planned response scale up, the nutrition sector will deploy integrated response modalities with health sector, WASH, FSL, protection, education at facility and community levels. SC will deliver nutrition services through existing health facilities, mobile and outreach teams and at community such as mother-to mother support groups activities including IDPs and hard to reach areas, use of cash-based interventions to increase access and utilization of nutrition services through FSL will be used for most cases in need. In term of emergency response, rapid response mechanisms for timely delivery of nutrition interventions in the onset emergencies will applied.
To reach the estimated targets and planned response scale up, the nutrition sector will deploy integrated response modalities with health sector, WASH, FSL, protection, education at facility and community levels. SC will deliver nutrition services through existing health facilities, mobile and outreach teams and at community such as mother-to mother support groups activities including IDPs and hard to reach areas, use of cash-based interventions to increase access and utilization of nutrition services through FSL will be used for most cases in need. In term of emergency response, rapid response mechanisms for timely delivery of nutrition interventions in the onset emergencies will applied.
Specific nutrition response strategies will include scaling up the minimum preventive and protection lifesaving intervention package for prevention of malnutrition, treatment, and geographical coverage of severe and moderate acute malnutrition among the under-fives, strengthening referrals for children suffering from SAM with medical complication through provision of transportation costs to and from the SC, nutrition system capacity strengthening (capacity and infrastructure) will be done to facilitate provision of quality and people centered life-saving nutrition responses, timely procurement and delivery of core nutrition supplies. Additionally, infant young child feeding (IYCF) and social behavior change, and communications (SBCC) will be strengthened to promote good feeding and access to services. SC will strengthen national and sub national partnership with all stockholders to deliver nutrition services. SC will ensure monthly and quarterly monitoring of the evolving nutrition situation through an early warning and early actions and implementation of SMART surveys in prioritized localities with GAM 20% and above as well as supporting other assessment initiatives such S3M and MICS.",0
"280823","Beledweyn Floods Response. IRS proposed project aims to address the immediate needs of the affected communities. The project will provide water trucking to 1,340 HHs (8,040 people) for two months. The project will provide NFI items to 1,340HHs (8,040 people). The project will provide unconditional cash transfers to 1,340HHs (8,040 people) to improve household food security and other basic needs.",0
"244470","Education/HAC-Cameroon/Carry over from 2020 Access to protective learning routines for 90.000 conflict and extremism affected children and adolescents through operational primary and Secondary schools hosting IDP and refugees children in the Far North. The project targets 90.000 children and adolescents in school and vocational training. It will build the capacities of 1.900 teachers from primary and secondary schools on PSS and C/DRR, for them to use adequate pedagogical and in-class practises. In order to generate foster school-based risk informed humanitarian action and evidence generation, the project will also conduct a Protective Learning Environment study. 
The needs need to be expanded: how many children are in primary and secondary school and what are the challenges faced by teachers who work in context of insecurity? 
Include cash transfer for the most vulnerable children (poor/disabled)Include materials for children with disabilities (for motorial and learning).",0
"280684","Emergency Response to Sudan influx. Since the eruption of conflict in Sudan there has been a steady increase in the influx of people crossing the borders into South Sudan.This project will have a multi-sectoral Protection, CCCM and cash response focusing on providing life-saving assistance to populations crossing the border either in the transit sites or at the point of onward movement. DRC will continue to emphasize the centrality of  protection, ensuring it remains the core of the humanitarian response.",0
"271949","food Emergency food assistance in kind and in cash for 600,000 beneficiaries in the Great South, including 500,000 unconditional and 100,000 conditional Emergency food assistance in kind and in cash for 600,000 beneficiaries in the Great South, including 500,000 unconditional and 100,000 conditional",0
"244223","Food Security (Multi year) 2021 portion Provision of emergency food security and livelihoods support for vulnerable Agro-pastoralists households in Terekeka and Bor South Counties in Central Equatoria & Jonglei States. The proposed project will provide training to the vulnerable households to enhance fishing, crop and vegetable production mainly for consumption at the household level and sale of surplus at local markets in selected payams of (Bor town, Kolnyang, Anyidi, Makuach, Jalle and Baidit) in Bor South County of Jonglei state and (Nyikabur, Tukoro, Yokara, Bori, Bokana and Lojora) payams in Terekeka County of Central Equatoria state which will create extra income for these vulnerable households. These payams are chosen due to their suitability for fishing, crop and vegetable production.
SAADO will target 9,000 households in Bor South County and 7,000 households in Terekeka County in this proposed response with emergency fishing, crop and vegetable kits support. The 2 locations have been selected because of the needs prevalent in these counties according to the Humanitarian Needs Overview (HNO) January 2021 which shows both Counties in IPC 4 extreme levels of food insecurity and the existence of ongoing food security and livelihoods supported by FAO-ELRP, Cash for Seeds, Livestock vaccination and treatment and WFP supported Food for Assets programming by SAADO in the proposed areas. The emergency livelihood kits will be obtained from the FSL cluster recommended FAO core pipeline.
 SAADO will put in place a mechanism for effective and participatory community vulnerability mapping in the selected payams and bomas and will use a comprehensive beneficiary selection criteria developed, discussed and agreed upon with the communities to include Men, Women, Boys and Girls. 
During community consultations at various levels, men, women boys and girls will be consulted to fully understand and appreciate the impact of the current crisis on vulnerable men, women and children that would further inform our proposed response. “Do no harm” and AAP principles will be applied throughout the duration of the project, so that any possible negative implications of the project at community level are addressed before they occur. This will be done through integrating a strong Communicating with Communities and Engagement (CCE) feedback mechanisms. 
The proposed project will build upon and complement SAADO's 11-year experience in implementing food security and livelihoods programmes in the proposed counties of Terekeka and Bor South Counties including; Terekeka County:  General food distribution (GFD), School Feeding Programme (SF), Food for Assets Project-2020 to 2022 (FFA) supported by WFP, Emergency Livelihoods Response Programme (ELRP) 2020 to 2023; Cash for Seeds project 2020 to 2023; Livestock vaccination and treatment supported by FAO 2018 to 2021. In Bor South County: Emergency Livelihoods Response Programme (ELRP) 2020 to 2023; Cash for Seeds project 2020 to 2023; Livestock vaccination and treatment supported by FAO 2018 to 2021.
SAADO’s proposed emergency response will also complement the lifesaving, livelihoods and nutrition activities carried out by other FSL partners in the two counties such as ADRA in Terekeka County and VSF-Germany in Bor South County of Jonglei state. The proposed activities are necessary and sufficient to achieve the stated cluster objectives for these interventions based on the relevance of each activity in increasing access to emergency food security and livelihoods support for the most vulnerable households in the targeted communities. The indicators selected are SMART and SAADO has in place a strong monitoring and evaluation system and mechanisms to measure these indicators and to ensure the intended results are achieved. The means of verification, such as monthly reports, distribution lists and regular field visits are strongly credible and are currently used by the organization in its MEAL processes across its field offices in the country.",0
"186917","Global: Cash and market Specialis: WASH, Water resources conservation (including data collection), Multiyear 2018-2019, 2018 portion, total amount CHF 77,000 ( Z7H214200064)",0
"186918","Global: Cash and market Specialis: WASH, Water resources conservation (including data collection), Multiyear 2018-2019, 2019 portion, total amount CHF 380,000 ( Z7H214200064)",0
"186083","Humanitarian Support to Protect Palestinians in the West Bank from forcible transfer Humanitarian Support to Protect Palestinians in the West Bank (including East Jerusalem) from Forcible Transfer. This Project contributes to the protection of Palestinians in the West Bank, including East Jerusalem, from forcible transfer (FT) through a protection-centered approach to humanitarian responses incorporating: emergency support (cash/in-kind); provision of material assistance and essential services; legal aid; advocacy; and community empowerment.  188 communities will be specifically targeted each year for medium-term resilience-building support based on their vulnerability to FT, initially assessed using the OCHA VPP, supplemented with in-depth protection assessments taking into consideration the specific needs of women, men, children, elderly, and people with disability. Emergency and legal aid activities will be implemented across the whole West Bank, based on needs and referrals. Within the framework of the HCT, the Project supports the implementation of the Area C Policy Framework and coordinates with other actors meeting humanitarian needs of communities at risk of FT. The Project provides a mechanism to respond to OCHA triggers and ICCG coordination of response to demolitions. Shelter, WASH, Education, Health, FSS, legal responses, settler violence interventions and advocacy will be coordinated through the relevant Clusters/WGs. The Project is built on an integrated protection approach envisaged to contribute to all HRP objectives: S1:  The rights of Palestinians living under occupation are protected, respected and promoted; S2:   The basic needs of vulnerable Palestinians living under occupation are met through the provision of essential services; S3:   The ability of vulnerable Palestinians to cope with the protracted crisis, including environmental threats, is supported, while solutions to violations and other root causes of threats and shocks are pursued. The Project further contributes to the three Shelter Cluster objectives (1. Support to the displaced; 2. Support to vulnerable households; 3. Increased response capacity).",0
"192359","Immediate Food Assistance for Internally Displaced Persons(IDPs) in the Far North (40,000 Beneficiaries) Immediate Food Assistance for Internally Displaced Persons(IDPs) in the Far North (40,000 Beneficiaries)  In the Far North region, the Boko Haram insurgency in Nigeria has displaced 100,504 Nigerian refugees in Cameroon as of October 2018, and 98,590 of them live in the Far North region (UNHCR, October 2018). Boko Haram attacks have also resulted in 227,581 internally displaced persons (IDPs) (UNHCR, October 2018), who are struggling to survive in strenuous conditions in villages or small towns in the area. The region is predominantly arid and regularly hit by drought and seasonal floods. Access to basic services is also more limited than in other regions of the country. The arrival of IDPs in food-insecure areas has severely affected host communities as well. This has put enormous pressure on already scarce community resources and the local economy by reducing farm productivity and access to land and food markets. Boko Haram attacks have disrupted the economic, agricultural, and pastoral activities in the Far North region, causing a depletion of livelihoods and household assets. As a consequence, the existing chronic vulnerability and structural food insecurity have been aggravated. IDPs have fleed from the bordering regions where the Boko Haram attacks have occurred but the vulnerable IDP households live without means or assets to support themselves. To address the urgent food needs of the most vulnerable IDPs, WFP plans to provide immediate food assistance with full ration to the most vulnerable 40,000 IDPs in the Far North for 12 months in 2019. 25,000 beneficiaries will be supported with the in-kind food assistance and the rest 15,000 with Cash-Based Transfer(CBT).",0
"236423","Immediate shelter solutions to the conflict-affected people in North Gaza Strip Provide alternative shelter for families whose homes were totally or severely damaged and rendered uninhabitable through Temporary Shelter Cash Assistance (TSCA). (For six month support.) Activity1: Assess the IDPs housed in DES or hosted by their families against eligibility criteria, finalise list and obtain approval
Activity 2: Obtain valid lease agreements from the target beneficiaries, or evidence that they are being hosted by their extended families - to be verified by social workers.
Activity 3: Send verified beneficiaries list to the bank, transfer rent (approx $200 - $250/ month x 6 months depending on family size) and a one-time US$500 integration fee to 500 families.
Activity 4: Map all beneficiaries on Power BI for easy monitoring and information sharing.
Activity 5: Social workers to conduct spot visits to ensure families are using the rented premises, refer their needs to other actors as necessary, and assess their satisfaction with the intervention.",0
"254742","Improved access to water for drought-affected communities in Las Anod Emergency WASH Response for people affected by emergency in Somaliland/Somalia  The humanitarian situation in Somalia remains critical due to the ongoing impacts of drought, conflict, locust infestation, and the COVID 19 pandemic. An estimated 6.61 million people, about 42 per cent of the Somali population are in need of emergency life-saving WASH assistance of which 4.2 million will need safe drinking water, 3.2 million sanitation services, and 5.2 million hygiene supplies. According to FAO/SWALIM draught analysis from 2000 to July 2021, the trend shows that Somalia has been experiencing cyclic drought every five to six years: 2000/2001, 2004/2005, 2010/2011, 2016/2017, and currently in 2020/2021. These drought conditions were triggered by consecutive seasons of below-average rainfall including the below-average Gu rains (April to July 2021) and delay of short Dayr rains (October to December 2021). The Somalia Food Security Cluster as of 18th October 2021 confirms that half of Somalia is still experiencing serious drought conditions (moderate to severe drought with water shortages and livestock losses), with the worst impacts being felt in Jubaland, South West State, Galmudug, and areas of Puntland. The Deyr seasonal rainfall is expected to be below average, with depressed rains not going to be effective in mitigating drought conditions. A devastating drought is likely to continue into 2022 given the 1) La Nina conditions, 2) poor rainfall forecast for October and November and 3) existing drought conditions.
Access to water is mainly dependent on rainfall in the majority of the country. Barkads in nonriverine areas are the major water sources while others depend on shallow/deep groundwater sources. Thus, failure in rains triggers massive shortages as currently being reported from Jubaland, Part of Somaliland, Galmudug, and many other areas. 50 of the 74 districts in Somalia faced severe water shortages and water prices increased by 66 per cent7 in Gedo, Galgadud, Mudug, Sool, and Sanaag regions (JMCNA 2021). The Non-functionality of few strategic boreholes also increases as the operation hours increase. Many shallow-water sources are drying while others are having increased brackish water intrusions. Over 39% of Somalis don’t have access to sustained, improved and safe water. As result, over 84% are walking more than 15minuts to access water while over 92% don’t have water collection and storage facilities. Due to limited access and poor quality of existing water sources, over 1.3 million people in 24 drought-affected locations are dependent on water trucking – the majority of them are private water trucking. Oxfam PDMs and HNO results confirm the majority of Somalis use two jerry cans per day during drought conditions. 39% of people assessed confirm they wash their hands but have reported having no access to soap. 45% of girls assessed have reported having access to Menstruation hygiene management (MHM) materials at or can access from local markets.
Oxfam has been working in Somalia for over 40 years and will continue to provide life-saving humanitarian support and build the capacity of both private and public institutions. Oxfam is working with over 10 national NGOs in a different part of Somalia. In response to the continued emergency, Oxfam will continue supporting efforts to nation/local government in containment and prevention of COVID-19, will monitor and rehabilitate non-function strategic boreholes, will conduct expansion of existing water sources in order to reduce the walking time, will drill boreholes in chronically water insecure areas, will provide cash and voucher assistant for people to access live-saving water, hygiene and MHM kits from local markets or access point established by Oxfam, will work with community health volunteers to increase awareness and handwashing practice during critical times and will construct shared household latrines for communities practicing open defecations.",0
"239173","Improved Immediate Access to Food for Vulnerable IDPs in Dayniile District, Mogadishu in Banadir Region Support for Life Saving and Restoration of livelihoods for Vulnerable Populations in Benadir, Lower Shabelle and Galmudug Regions. Somalia continues to face a dire humanitarian situation, with an estimated 5.2 million people in need of humanitarian assistance. This is attributed to cumulative shocks, including erratic 2020 Gu season, widespread and severe seasonal flooding, desert locust infestation, socio-economic impacts of COVID-19 and protracted conflict and flood-related displacements.

According to the 2020 Post Gu Seasonal Food Security and Nutrition Analysis for September (FAO/FSNAU), an estimated 1.3 million people are facing Crisis or worse (IPC Phase 3 or higher) outcomes through September 2020. This number is expected to increase to 2.1 million people through December 2020, in the absence of humanitarian assistance. An additional 2.5 million people are Stressed (IPC Phase 2), bringing the total number of people experiencing acute food insecurity to 3.8 million. In addition, 849,900 children under the age of five years face acute malnutrition over the next 12 months (September 2020 to August 2021), including 143,400 likely to be severely malnourished.

The ongoing Deyr rains in parts of central regions of Galmudug pose a high risk of flash flooding especially in low-lying areas. In Baxda village, Caddado district, Mudug region, one person died following heavy rains that collapsed their house. According to a multi-agency assessment in Adado district in May 2020, about 1,350 IDP households and 350 households from vulnerable host community need food security intervention. Seasonal Hagaa flooding since July has resulted in the displacement of nearly 342,000 people, inundated 294 villages and destroyed property and about 15,000 to 20,000 hectares of assorted crops, mainly in rural areas along the Shabelle river valley according to the UNHCR-led Protection and Return Monitoring Network (PRMN) in Somalia. 

Desert locusts continue to cause havoc in different parts of Somalia. In Galmudug, adult locusts continue to spread in rural villages in Galkacyo, Hobyo, Cabudwaaq, Cadaado, and Dhuusamarreeb. The locust problem has a wide range of impacts that worry Galmudug pastoralist as the region’s economic mainstay is livestock rearing. The locust will have a long-term impact on grazing lands and the poor performance of the rainy seasons may lead to depletion of pasture and acceleration of the dry season. 

CPD plans to reach 23,400 people facing severe acute food insecurity in Galmudug, Benadir and Lower Shabelle regions, mainly IDPs and host communities affected by the impacts of floods, desert locusts, conflicts and socio-economic impacts of the Covid-19 pandemic by improving access to food through unconditional and conditional transfers. Weak, vulnerable members of the IDPs and the host communities such as women and child-headed households, people with disability and the elderly will receive unconditional support through mobile cash transfers as per the CWG recommended transfer values per region (Benadir $70, Galgadud $110, Lower Shabelle $60, Mudug $80).  The men and the youth will be engaged in conditional transfers e.g. cash/food-for-work for livelihood interventions that will support community recover their livelihood and meet their immediate needs. Activities include rehabilitation and establishment of community infrastructure such as water catchments i.e. water pans.

CPD will protect and restore livelihoods related to food and income sources for the target communities through skills training to increase household income; rehabilitation and support for productive capacities of communities through agricultural inputs (e.g. quality seed, farm tools, training, land preparation and irrigation support) and livelihood strengthening and diversification (e.g. fishing).

Project will be inclusive by incorporating people with disability, women, youth and marginalized groups in all project phases in the target areas. Covid-19 measures and guidelines will be incorporated in project implementation.",0
"201981","Integrated FSL support to 5000 households in Rumbek Centre County Food Assistance and Early Livelihood Support Jonglei and parts of Eastern Equatoria are currently on IPC 4 category. ACROSS is proposing a project that will swiftly deliver urgently needed but targeted humanitarian assistance while simultaneously rolling out a livelihood recovery for 10,000 households, in Jonglei and Eastern Equatoria states. The purpose of this project is to improve and sustain essential crop production and productivity through direct seed and farm tools and protect and rehabilitate the livelihoods of the most vulnerable groups in the community through essential crops, livestock, and vegetable production as per the livelihood zone capacity in the targeted counties. ACROSS will fully engage community leaders, women’s groups, the youth and others within the community throughout the life of the project. The project is designed and will be implemented with knowledge of the seasonality context and the livelihood calendar. The communities in these regions have limited productive assets, and require immediate assistance to tackle the food insecurity which is high on the cluster agenda. This project will be integrated with SSJR4 Dutch Relief Alliance (DRA) funded and Swedish PMU funded projects that ACROSS is currently implementing in Pibor and Kapoeta counties. The project will seek to diversify the household diet and address malnutrition, which is mostly a problem for children, pregnant and lactating mothers. The provision of improved inputs like seed and agricultural tools in a timely manner will significantly contribute to the restoration of agricultural inputs in remote locations enabling communities to ensure that planting is on time. The project will ensure that vulnerable people have direct access to more food through the provision of vegetable and crop seeds and tools, fishing equipment, animal health services as well as cash for work project planned. The project will integrate and augment responses to immediate needs, restoration of livelihoods, and capacity building to pave the path for long-term recovery in order to enhance communities. ACROSS proposes actions that will connect with the humanitarian response and resilience programs that will target 10,000 households (60,000 beneficiaries) in Jonglei and the Eastern Equatoria States, comprised of 29,400 males (14,406 above and 14994 below 18 years) 30,600 females (14994 above 18 years and 15606 below 18years).",0
"288705","Kenya Drought Response Plan 2023
Provision of cash, protection and services for refugees and asylum seekers with disabilities in the camps in Dadaab and Kakuma areas
-- Education Enable PoCs have access to education at pre-primary, primary and secondary education Enable PoCs have access to education at pre-primary, primary and secondary education",0
"288702","Kenya Drought Response Plan 2023
Provision of cash, protection and services for refugees and asylum seekers with disabilities in the camps in Dadaab and Kakuma areas
-- Protection Protection response to the affected population Access of forcibly displaced and stateless persons to protection, assistance and solutions is safeguarded by addressing and reducing risks; children of concern have access to strengthened child protection mechanisms, including under the national child protection systems and services; safer environments are in place for women, girls and others most-at-risk and access to GBV prevention and response is strengthened including through access to national services;access to civil registration services and issuance of legally recognized civil status documentation is strengthened; access to the territory of Kenya is guaranteed, national reception procedures are effective and refugees and asylum-seekers are issued with legally recognized identity documents by national refugee management authorities; the efficiency, fairness and adaptability of national refugee status determination procedures is strengthened; incidents of arbitrary arrest and detention on account of irregular entry, stay,or legal status and incidents of refoulement are reduced and access to legal remedies is enhanced.",0
"288706","Kenya Drought Response Plan 2023
Provision of cash, protection and services for refugees and asylum seekers with disabilities in the camps in Dadaab and Kakuma areas
-- Shelter & NFI Core Relief Item kits for the affected population The well-being of the refugees and asylum seekers is improved and the gap in basic needs is bridged, including through enhanced use of cash-based interventions.",0
"288709","Kenya Drought Response Plan 2023
Provision of cash, protection and services for refugees and asylum seekers with disabilities in the camps in Dadaab and Kakuma areas
-- Shelter & NFI Shelter and housing response to the affected population Enable refugees and asylum seekers to access shelter",0
"288708","Kenya Drought Response Plan 2023
Provision of cash, protection and services for refugees and asylum seekers with disabilities in the camps in Dadaab and Kakuma areas
-- WASH Water, sanitation and hygiene response to the affected population Refugees and asylum-seekers have equitable access to safe water, sanitation and hygiene facilities",0
"281904","Localising aid and competencies to protect rights in migration routes in Latin America (LACPRiMR)
Protection assistance for refugees and migrants in Lima, Arequipa and Tacna. Multipurpose cash assistance for refugees and migrants in Tacna.",0
"281101","Multi-Sector Needs Assessment (MSNA) in oPt - Phase I Informing the humanitarian response in the occupied Palestinian territories through multi-sector, evidence-based monitoring, assessments, and analysis Through this proposed action, REACH (a joint initiative of ACTED, IMPACT Initiatives and UNOSAT) will support the coordination and technical implementation of two initiatives: a Multi-Sector Needs Assessment (MSNA) and a Joint Market Monitoring initiative, to provide evidence on vulnerabilities and market dynamics throughout the West Bank and Gaza. 

The MSNA will consist of a multi-sectoral household survey employed among a representative sample of the affected population in both the West Bank and Gaza. The MSNA will be conducted in partnership with OCHA oPt and within the framework of the wider development and humanitarian architecture. As in 2021, household data for the MSNA will be collected in partnership with the Palestinian Central Bureau for Statistics (PCBS). Central to this collaborative data partnership are strategies and protection measures, including specific channels to ensure accountability to affected populations, the most vital of which is a dedicated strategy and platform to ensure complaint mechanisms are accessible, properly communicated, and relevant to all population groups according to CBCM SOPs.

The proposed MSNA and JMMI will aim to achieve the following objectives:

1. Directly inform joint humanitarian-development response planning based on the nexus approach that the United Nations Country Team (UNCT) has adopted beginning in 2022, through the provision of comprehensive, multi-sectoral household data as well as monitoring and reporting of market prices and availability dynamics. Data from both the MSNA and JMMI will therefore aim to inform the development of both the 2023 HNO/HRP and further support the UN Sustainable Development Cooperation Framework planned for 2023-27;

2. Provide a detailed inter-sectoral analysis of the magnitude and severity of humanitarian needs among crisis-affected populations in oPt, to support the calculation of sectoral and overall People in Need (PiN) and severity calculations.

3. Provide a detailed vulnerability analysis to identify at-risk and ‘furthest left behind’ population groups, as well as geographic areas with the most acute needs and vulnerabilities, to subsequently inform assistance targeting and response planning efforts; 

4. Support inclusive and people-centred assistance provision based on the principles of Accountability to Affected Populations (AAP), through the collection of information regarding preferred communication, information sharing, and assistance modalities. 

5. To improve access to timely and accurate regional and nationwide data through the harmonized joint market monitoring framework that will provide evolutions in prices, market functionality/access, and household expenditure to inform cash transfer programming, development programmes and identify contextual factors (both historically and on a monthly basis) that might affect market dynamics to support cash-based interventions for programmatic actors.  

REACH will produce the following key outputs: 
1 clean, anonymized multi-sectoral needs household dataset; 
1 static summary findings dashboard; series of presentations to key stakeholders; 
1 package of six sectoral factsheets; 
1 final analytical report (MSNA Bulletin)
1 Interactive/dynamic Market Monitoring dashboard
2 Static infographics on Survival Minimum Expenditure Basket (SMEB)/Cash Transfer Value (CTV) and price indexes
2 Static infographics on market functionality and goods availability.
1 final JMMI report/findings summary",0
"243053","Multi-sectoral project for community resilience Comprehensive humanitarian assistance to vulnerable populations affected by the military conflict in eastern Ukraine and / or COVID-19 with a focus on access to food and income opportunities The FSL project aims to improve the food security for the most vulnerable women, girls, boys and men in conflict-affected areas and put at greater risks in the face of COVID-19, and support women and men engage in sustainable livelihoods, in the agriculture and in other sectors alike. Through enhanced targeting of particularly underserved communities and enhanced community-based approach, the project covers three levels of actions, from immediate relief, through self-sufficiency, and longer-term resilience. It will invest special attention and efforts to support both transition in GCA and responding to enduring humanitarian needs in NGCA, and integrate the age, gender and diversity factors influencing food security and livelihoods, including factors of feminised poverty and care dependency.
At a first level the project aims to ‘ensure immediate access to food’ for the most vulnerable women, girls, boys and men living along the ‘line of contact’ in both Luhansk and Donetsk NGCA. The assistance will take the form of food vouchers, and be organised through quarterly rounds to take account of seasonal variations. In addition, PIN will provide short-term, immediate assistance in the form of food kits for those most at risk in the face of COVID-19. Through this modality, those individuals with greater health risks and no direct support system will have access to food items while minimising their exposure to COVID-19 infection risks.
At a second level, in GCA the project will then aim to improve longer-term, sustainable food security for women and men and their households with access to small landplots near the LoC. Such assistance will take the form of seasonal activities, with distribution of vouchers for seeds, of drip irrigation kits, and delivery of trainings. It will enable smallholder farmers in underserved communities to increase their self-sufficiency throughout the year. As such the project will directly contribute to the cluster objective to ‘Improve food security through the provision of emergency and time-critical agriculture assistance’.
At a third level, in GCA the project will eventually aim to support access to employment and micro-, small businesses for women and men in communities near the LoC. Trainings will be held, not only on employment, vocational and business-related topics, but also to foster individual empowerment. Special attention will be paid to support women- and youth-led entreprises for equal access to opportunities and as vectors of development for their entire communities. On short-term and seasonable basis, cash-for-work opportunities will be created around community needs, whether to rehabilitate priority infrastructure or realise other community-based initiatives, account taken of age, gender and diversity. This will serve both poverty reduction, community social cohesion and living conditions in the communities. As such the project will directly contribute to the cluster objective to ‘Enhance resilience of vulnerable people affected by conflict and/or COVID-19 through restoring of non-agriculture livelihood and promote resilience to shocks (including wildfire, unemployment, higher prices, and other hazard) at community level’. 
Throughout these actions, PIN will maintain a robust Community Feedback and Accountability Mechanism though its community-based approach and engagement with women, girls, boys, men, elderly and people with disabilities to raise their voices; enhanced consultations and testing of participation and social accountability mechanisms; feedback and complaints hotline, response, referrals and analysis for further adjustment of the assistance.",0
"245129","Multi-sectoral Response in Kassala State Access to Humanitarian life-saving child protection and GBV response services in North Darfur, North / South Kordofan and White Nile states The project objective is to protect people from violence, neglect, and exploitation by providing access to life-saving child protection and GBV response services to targeted communities in White Nile, North Kordofan, and North Darfur. In order to accomplish this, Plan will provide high quality protection services and contribute to community stabilization and resilience. Protection services and capacity building activities will include: CP and GBV case management, distribution of dignity kits to vulnerable girls, multi-purpose cash transfer to vulnerable households and hosting UASC, and referrals mechanisms including to Family and Child Protection Units, training of social workers and partner staff on GBV, CP, and referral pathways, and psychosocial support to conflict affected children and youth. The provision of protection services must be paired with activities to increase knowledge of and access to those services. Therefore, Plan will also establish/strengthen and equip Community Based Child Protection Networks (CBCPNs), conduct community awareness session of CP, FGM, SEA and child marriage risks, and conduct sensitization on GBV prevention and response. Plan will foster communal stability and resilience by providing life skills training, parenting sessions, conducting community awareness sessions on peacebuilding and conflict transformation, and training duty bearers and community leaders on peacebuilding.  Additionally, Plan will establish child-friendly community feedback and response mechanisms so that all project beneficiaries are able to provide feedback and file complaints.",0
"290347","Multi-sectorial Response in Sennar State for Conflict Displaced Persons from Blue Nile State Comprehensive humanitarian nutrition services for IDPs, returnees and vulnerable residents  The humanitarian nutritional needs in Sudan are expected to remain at high levels or worsen further in 2023, making Sudan one of the countries in the World with highest estimated acute malnutrition caseload.  While the overall Global acute malnutrition (GAM) remains at 13.6%, the prevalence of GAM varies significantly across the localities with very high situation (GAM above 15% and above as per WHO classification) reported in 64 localities. The proposed nutrition project aim is to improve equitable access to quality life-saving curative and preventive services through the systematic provision of nutrition services in South Kordofan, North Kordofan, Central Darfur, North Darfur, West Darfur, Sennar, Blue Nile and Red Sea states in which 29 localities will be covered. Vulnerable children under-five and PLWs are the main target of the project. Through SC -Nutrition interventions, a total of 362,874 beneficiaries will benefit from the services provided, among them (87,131 boys, 90,680 girls, 184,383 women, 680 men). Save the children will implement lifesaving, preventative interventions, treatment of severe and moderate acute malnutrition among children under five years and Pregnant and Lactating Women (PLWs), referral of SAM children with medical complications and minor rehabilitation to nutrition sites. To reach the estimated targets and planned response scale up, the nutrition sector will deploy integrated response modalities with health sector, WASH, FSL, protection, education at facility and community levels. SC will deliver nutrition services through existing health facilities, mobile and outreach teams and at community such as mother-to mother support groups activities including IDPs and hard to reach areas, use of cash-based interventions to increase access and utilization of nutrition services through FSL will be used for most cases in need. In term of emergency response, rapid response mechanisms for timely delivery of nutrition interventions in the onset emergencies will applied.
To reach the estimated targets and planned response scale up, the nutrition sector will deploy integrated response modalities with health sector, WASH, FSL, protection, education at facility and community levels. SC will deliver nutrition services through existing health facilities, mobile and outreach teams and at community such as mother-to mother support groups activities including IDPs and hard to reach areas, use of cash-based interventions to increase access and utilization of nutrition services through FSL will be used for most cases in need. In term of emergency response, rapid response mechanisms for timely delivery of nutrition interventions in the onset emergencies will applied.
Specific nutrition response strategies will include scaling up the minimum preventive and protection lifesaving intervention package for prevention of malnutrition, treatment, and geographical coverage of severe and moderate acute malnutrition among the under-fives, strengthening referrals for children suffering from SAM with medical complication through provision of transportation costs to and from the SC, nutrition system capacity strengthening (capacity and infrastructure) will be done to facilitate provision of quality and people centered life-saving nutrition responses, timely procurement and delivery of core nutrition supplies. Additionally, infant young child feeding (IYCF) and social behavior change, and communications (SBCC) will be strengthened to promote good feeding and access to services. SC will strengthen national and sub national partnership with all stockholders to deliver nutrition services. SC will ensure monthly and quarterly monitoring of the evolving nutrition situation through an early warning and early actions and implementation of SMART surveys in prioritized localities with GAM 20% and above as well as supporting other assessment initiatives such S3M and MICS.",0
"267239","Nigeria CBPF: Provision of Lifesaving Nutrition Commodities to Children Under-5
Nutrition Northeast Nigeria Nutrition Response 2022 The Nutrition response in 2022 will prioritise implementation of the nutrition lifesaving activities (inpatient, outpatient, and targeted supplemental feeding programmes) and targeting of LGAs with high rates of GAM (above 10%) such as MMC/Jere, Nganzai, Bama, Machina. Hard-to-reach areas (such as Gubio, Rann, Magumeri), areas with large IDP  and returnee populations (like Monguno) and high-risk/inaccessible locations such as Marte LGA will also be prioritised for nutrition assistance. 
UNICEF will primarily target acutely malnourished children and PLW who are at a significantly high risk of death. The nutrition response will also target the total under-five and PLW with preventive nutrition services e.g. micronutrient supplementation to ensure levels of acute malnutrition are not above average thresholds, and to also reduce morbidity and mortality. The response will prioritise households with persons living with disabilities, who face barriers in accessing health, nutrition and WASH services and are disproportionately food insecure due to high levels of exclusion. 
The nutrition status of the targeted population in the BAY states significantly deteriorates during the period from May-August every year, which is the lean season and coincides with the rainy season. The season is characterised by very high rates of acute malnutrition with medical complications due to poor food access and a high prevalence of diarrhoea and malaria. UNICEF will need to adequately prepare for the lean season period by prepositioning supplies, increasing the overall sector capacity to treat acute malnutrition with a focus on inpatient care and IYCF-E
The nutrition response in BAY states will be contextualised in 2022 based on the following categorisation: 
1. Protracted crisis e.g north and central Borno LGAs where the rates of acute malnutrition are high, worsened by poor access to food and health systems. The approach in these areas will include INGO/NNGO direct support to the affected population, and prioritisation of lifesaving nutrition activities. 
3. New emergencies – locations of new crisis and fluctuations such as relocations, displacements and spike in acute malnutrition. The approach will focus on the Rapid Response Mechanism (RRM) with a focus on lifesaving activities. 
4. Hard-to-reach / inaccessible areas – locations with limited humanitarian footprints and access e.g Gubio and Magumeri. The approach will include RRM and remote management strategy (where feasible) with a focus on life-saving interventions. UNICEF will also strengthen the implementation of nutrition interventions through local organizations or community-based structures to implement nutrition services in hard-to-reach/inaccessible areas. 
UNICEF response is primarily through services and in-kind deliveries. UNICEF will employ the use of cash and voucher assistance (CVA) to fill the nutrient gap in the Nutrition/Food Minimum Expenditure Basket to ensure that populations have access to a varied diet e.g CVA for meats and vegetables. 
The nutrition status of the affected population is an outcome of various underlying issues including access to health, WASH, food security, child protection, and gender issues. The main cause of acute malnutrition among children and women in BAY states is the high morbidity rates. High diarrhoea prevalence is the major cause of acute malnutrition among the IDPs and urban poor population due to the prevailing poor hygiene and sanitation conditions worsened by congested living conditions. The response will strengthen the integration of nutrition-sensitive interventions including WASH, food security, health, livelihoods and child protection, and gender-based violence risk mitigation.
UNICEF will prioritise projects that include basic nutrition packages such as integrated treatment of acute malnutrition (SAM and MAM) and prevention services including integration with WASH, food security, health and protections services.",0
"273627","Pakistan Flood Emergency Response Plan 2022	Emergency Shelter and NFI	Province: Baluchistan Provision of Shelter Package to 150 HH and 150 Cash Grants Conditional for shelter Construction
--- Islamic Relief  Australia",0
"273652","Pakistan Flood Emergency Response Plan 2022
Multi-Sector
450 families (3150 Individuals) registered as recipient of project relief items
450 flood affected families (3150 Individuals) have timely access to food packs
450 flood affected families (3150 Individuals) have timely access to hygiene kits
450 flood affected families (3150 Individuals) have timely access to multi-purpose cash grants
--- Islamic Relief  Netherlands",0
"273688","Pakistan Flood Emergency Response Plan 2022
Multi-Sector
Distribution of Shelter Box items ( NFIs, Tents, WiINTER Kits) among 1200 Household and 5000 HHs will get  Cash grants",0
"273645","Pakistan Flood Emergency Response Plan 2022
Multi-Sector
Improved wellbeing of communities through inclusive WASH services Communities enabled to improve household food security, income and assets through Cash for work
--- SIDA",0
"273689","Pakistan Flood Emergency Response Plan 2023
Multi-Sector
Distribution of Shelter Box items ( NFIs, Tents, WiINTER Kits) among 1200 Household and 5000 HHs will get  Cash grants",0
"174536","PAM: cash pour PDI; CICR: colis alimentaires et riz; TGH: Soutien à la résilience des ménages d’éleveurs les plus vulnérables affectés par le conflit",0
"277683","Pillar 1: Enhanced Voluntary Return assistance for vulnerable migrants in Lebanon ​PROVISION OF PROTECTION AND HUMANITARIAN ASSISTANCE SERVICES TO MIGRANTS IN VULNERABLE SITUATIONS  The project’s aim is to provide a range of protection services to migrants in need, strengthen links between targeted community groups and partners, improve the quality of services available, and enhance knowledge on migrant population groups in Lebanon. Services will target both male and female migrants, with a higher caseload of the latter group due to their increased number in country. Beneficiaries will typically be working age, between 18 and 40 years old. The services that IOM will deliver, either directly or through partners, include legal assistance, mental health and psychosocial support (MHPSS), safe and temporary shelters for vulnerable migrants, provision of non-food items, multipurpose cash assistance (MPCA), and voluntary humanitarian return. These services will be made accessible to migrants by scaling up IOM’s pre-existing case management services, supporting enhanced capacity of, and referral with partners, strengthening culturally appropriate outreach to large migrant groups, including translation and interpretation,, and expanding community-level networks to strengthen targeted communities’ awareness of and access to IOM and partner services, as well as wider issues of concern. Additionally, IOM will provide training to partner organizations in case management, identification of vulnerable migrants and victims of trafficking, and Psychological First Aid, as well as other important thematic areas such as migrants with diverse SOGIESC and rights of migrants with regards to detention. Finally, enhancing knowledge of migrant populations will involve nationwide data-collection efforts via key informant interviews. The project will be implemented by the IOM in partnership with civil society organizations (CSO) and community-based initiatives. Provision of or onward referral to multisector assistance such as food or health support will be mainstreamed across the project.",0
"283684","Provision of vegetable seeds, oil seeds, Pulses and fertilizers to their nutrition and income. Provision of one-time cash transfers.",0
"274456","Support to conflict affected IDPs, returnees and host communities in Ukraine through integrated Cash and Shelter assistance	Financial",0
"239623","The intervention will provide emergency shelter assistance to vulnerable returnees and Internally Displaced Persons (IDPs), 75 households - 500 persons approximately, residing in sub-standard and damaged shelters in Tawergha. A conditional cash grant modality will be undertaken to facilitate shelter upgrades and repairs with the overall goal of reducing protection and health-related vulnerabilities and improving living conditions in a dignified manner. Improved access to adequate housing and community infrastructure in Libya NRC’s shelter program in Libya seeks to improve the living conditions and physical protection and well-being of conflict affected populations and internally displaced persons through the maintenance and rehabilitation of houses for vulnerable families residing in or intending to return to damaged or substandard houses in urban settings, the rehabilitation works will focus in improving protection from the elements, physical security and safety as well as improving access to functioning sanitation facilities and water. The intervention will aim at supporting a total of 160 households divided between Benghazi and Tripoli. 

The program will also promote improved access to basic services through the investment in rehabilitating and upgrading community infrastructure such as health facilities, power utilities, roads, or communal buildings providing essential services to the public. This component of the program will be mainly focused in Tripoli in areas that have been heavily affected and damaged by the conflict during the past year. The Program will aim at providing infrastructure solutions in three neighborhoods benefiting an estimated 1,500 individuals.

In Tripoli the program will also promote safe and dignified returns of IDP’s that remain unable to return due to the physical conditions of their shelters or due to the lack of adequate community infrastructure.",0
"195106","To improve the availability of food for the most vulnerable in Yemen, through well targeted cash and voucher assistance.  To provide integrated prevention and treatment of acute malnutrition through three sectors: Nutrition, WASH and Health.",0
"200199","To improve the availability of food for the most vulnerable in Yemen, through well targeted cash and voucher assistance. To provide integrated prevention and treatment of acute malnutrition through three sectors: Nutrition, WASH and Health.",0
"184790","Urgent support for the most vulnerable families in Gaza Strip. Enhance the resilience of vulnerable Farmers in Gaza strip Project Specific Objectives:
• 	Support the productive capacity of farmers by providing access to water through functioning water systems (irrigation, collection ponds, carrier lines)
• 	Recover and sustain the livelihoods of farmers by providing cash for work activities
The project will address Country Strategic Objective 3  and will be implemented in partnership with UAWC that have a strong presence and history of intervention in the OPTI including the Gaza Strip. Oxfam’s partnership approach is holistic and
rights-based. The project is planned to be implemented for a period of three years to achieve complementary and transitional activities aiming to enhance the productive capacities of farmers at all levels to sustain food security of farmers and bring their resilience a step forward. Phase one of the project includes activities in Gaza Strip targeting Khanyounis, Middle Area and Northern Gaza Governorates. Activities will include land rehabilitation, planting of field crops and intercropping vegetables, water collecting ponds and carrier lines which will be established in the first year, reaching an estimate of 1120 farmers. Noting that carries lines will be fed from existing wells based on the consultation that UAWC and OXFAM did with MoA. Moreover, the project aims to address aspects of gender injustices between men and women in
the agricultural sector. It will also address safe agricultural practices and enable farmers to follow proper adaptation options. The project follows Oxfam’s resilience framework; therefore, it ultimately aims to increase their absorptive and adaptive capacities.
The project is in line with FSS’s specific objective 1 which aims to enhance the productive capacity of farmers by improving their livelihoods and enhancing their access to water for agricultural purposes which improves the general food security situation and has a positive impact on their overall nutrition and health status.",0
"230103","Vietnam/Floods-202- Multipurpose Cash Assistance, Shelter and Settlements  (USAID/BHA)",0
"263022","Emergency Social Safety Net Assistance for Refugees in Turkey 
(2020 portion)",1
"263023","Emergency Social Safety Net Assistance for Refugees in Turkey 
(2021 portion)",1
"263024","Emergency Social Safety Net Assistance for Refugees in Turkey 
(2022 portion)",1
"263025","Emergency Social Safety Net Assistance for Refugees in Turkey 
(2023 portion)",1
"259633","Ukraine
Social Protection",1
"259634","Ukraine
Social Protection",1
"259944","Ukraine RRP
Moldova
Social Protection",1
"225049","Secondment of a Social Protection Officer (CBT), Multi-year, 2020-2021. 2021 total amount CHF 160,000 (Z7H514500032)",1
"225048","Secondment of a Social Protection Officer (CBT), Multi-year, 2020-2021. 2020 total amount CHF 60,000 (Z7H514500032)",1
"225047","Secondment of a Social Protection Officer (CBT), Multi-year, 2020-2021, total amount CHF 220,000 (Z7H514500032)",1
"184899","Secondment of a Social Protection Officer (CBT) to WFP Country Office in Colombo,
Sri Lanka, Multiyear 2018-2019,  total award CHF 130,000 (7H514500032)",1
"192718","Project proposal  Strengthening the Social Protection System for Refugees and Vulnerable Lebanese through Community-Based Protection GDNK02 - Lebanon - Dec18 LEBANON - United Nations High Commissioner for Refugees",1
"177337","PREPARE Malawi: Social PRotection and E-PAyment for inclusive cash REsponse Malawi (ECHO/-SF/BUD/2018/91011)",1
"222754","Joint Program WFP and UNICEF: Expansion of social safety nets in the Covid-19 context (Social Protection in the Sahel, SPS( - multiyear 2021 portion of EUR 27,000,000) 2020.1827.3",1
"219290","Joint Program WFP and UNICEF: Expansion of social safety nets in the Covid-19 context (Social Protection in the Sahel, SPS( - multiyear 2020 portion of EUR 27,000,000) 2020.1827.3",1
"219289","Joint Program WFP and UNICEF: Expansion of social safety nets in the Covid-19 context (Social Protection in the Sahel) - BMZ- (multiyear - 2020 portion of EUR 27,000,000)",1
"300787","Implementation of Operational Concept on Cash and Voucher Assistance (CVA) 2021-2024. Protection, access and security. Multi year 2021 20 2024. 2023 portion total amount CHF 150,000 
(7F-07880.06)",1
"259616","German Committee for UNICEF
Ukraine
(Social protection)",1
"258042","Contributions received against the Refugee Response Plan
Social protection",1
"204719","Contribution to the UNICEF programme called Hjati (My Needs) - Integrated Social Protection Programme for Vulnerable Children in Jordan. JORDAN - United Nations Children's Fund",1
"235605","USA	Emergency Food Security and Cash Assistance Project: To save lives and reduce food consumption gaps for vulnerable households, including crisis affected IDPs, returnees and host communities living in Bambari (Ouaka Prefecture)",0
"235606","USA	Emergency Food Security and Cash Assistance Project: To save lives and reduce food consumption gaps for vulnerable households, including crisis affected IDPs, returnees and host communities living in Bambari (Ouaka Prefecture)",0
"276576","Ukraine HRP	MPC, NFI	Warm Me Up - Meeting Basic Needs for Conflict-Affected Households in East Ukraine during Winter Months",0
"276579","Ukraine HRP	MPC, NFI	Warm Me Up - Meeting Basic Needs for Conflict-Affected Households in East Ukraine during Winter Months",0
"276580","Ukraine HRP	MPC, NFI	Warm Me Up - Meeting Basic Needs for Conflict-Affected Households in East Ukraine during Winter Months",0
"305625","Ukraine HRP	 Shelter, Protection, MPC 	Care4U-2 (C4U-2) project	
SDC",0
"305628","Ukraine HRP	 Shelter, Protection, MPC 	Care4U-2 (C4U-2) project	
SDC",0
"276583","Ukraine HRP	 Shelter, MPC, PSS 	Warm for Winter",0
"276584","Ukraine HRP	 Shelter, MPC, PSS 	Warm for Winter",0
"276585","Ukraine HRP	 Shelter, MPC, PSS 	Warm for Winter",0
"293355","Thematic Humanitarian Funds for Cross-Sectoral Activities - Yemen	Cross-Sectoral (two or more outcome areas)	
THM HUMANITAR 2022-2025
HAC-YEMEN
-- Social Protection",0
"185861","The contribution has the purpose of supporting UNRWA in providing urgent humanitarian assistance to the most vulnerable Palestine refugee population living in Gaza Strip and in the West Bank, through Emergency food assistance and cash for work opportunities.",0
"261189","Supporting the sustainable increase of fish for consumption in Somali coastal fishing communities through improved post-harvest management Emergency Lifesaving Cash and Livelihood Support to IDP and Non- IDP Communities in Somalia Somalia is facing a severe and deteriorating humanitarian crisis as we enter 2022 as a result of the compounding effects of conflict, recurrent climate shocks, diseases and pests outbreaks with increased levels of vulnerability and substantial increase in the humanitarian caseload (Somalia HNO, 2022). There is a serious risk that the impact of consecutive below average to poor rainfall in most parts of the country will develop into a severe drought by early to mid- 2022 with the number of people facing acute food insecurity on the rise. It is likely that minority groups, women, children, people with disabilities, will experience heightened protection risks as a result, unless they are intentionally targeted to receive tailored assistance.

With approximately 3.5 million individuals in IPC 3 and 4 through at least December 2021, FAO proposes to target 160,300 households (961,800 individuals- 91,500 IDPs and 870,300 non- IDPs) in IPC 3 and IPC 4 caseloads respectively. This will include 216,790 women, 254,492 girls, 264,880 boys and 225,638 men and 144,270 people living with disabilities (PWD) across 59 districts in Somalia through its flagship Cash+ approach combining short-term cash transfers with tailored livelihood support in accordance with technical and humanitarian standards. Vulnerable households will identified from at-risk pastoral, agro-pastoral, fishing, riverine farmers, IDPs and Non- IDP communities in IPC 3 and 4 areas. This intervention will integrate short-term cash transfers aimed at enabling the most vulnerable households to meet their immediate needs, with livelihood support to allow crisis-affected households to get back into production. FAO will employ community- led beneficiary selection processes and ensure adequate targeting and representation of extremely vulnerable and minority groups in community committees. Interventions proposed will employ a Do No Harm approach with a gender lens that ensures conflict- sensitivity to reduce protection risks for all individuals, and to mitigate the risk of conflict or community tensions. 

Under Food Security Cluster (FSC) Objective 1, to improve access to food, FAO will deliver lifesaving cash assistance to 160,300 households through a blend of conditional (Cash-for-Work) and unconditional (UCT) transfers. Under UCT, FAO will prioritize Cash+ interventions including Cash+ Agriculture, Cash+ livestock and Cash+ fisheries. These modalities will increase households’ immediate access to food by providing sufficient cash to access the minimum expenditure basket (MEB), while supporting the rehabilitation of critical productive and community infrastructure. It will also boost household food production, increase household incomes and create employment opportunities. Cash transfer values will be informed by the Cash Working Group and are expected to differ per district/ region of intervention. They, however, will be valued at 80 percent of the food MEB, which can range from USD 50- 100 per month. All cash-based programmes will include training on good nutrition practices. 

Under FSC Objective 2, to protect livelihoods and related food sources, FAO will provide in-kind, technical support and tailored trainings to 112,500 HHs to anticipate, mitigate and respond to food security and nutrition threats, including the delivery of integrated cash and livelihood support to targeted HHs. In addition, FAO shall provide transitional cash support to 13,100 HHs across agro pastoral, pastoral and fishing livelihood zones to augment the adaptive capacity of HHs, strengthen and foster resilience to future shocks, cushioning them from food insecurity and malnutrition. Trainings shall be delivered alongside input provision to build skills in sustainable use of resources provided, build skills in livelihoods management including harvest, post- harvest management, linking beneficiaries to long- term interventions that provide them opportunities to enhance their livelihoods and skills.",0
"278593","Supporting food security via the rapid provision of multipurpose cash assistance and health services in Yemen",0
"185180","Supporting drought affected IDPs to meet their emergency needs through Provision of Emergency Shelter and cash for winterization in Karukh district- Herat Province.",0
"290194","Support Residential Structural Assessments in Aleppo, Lattakia, and Hama Governorates. Fostering Resilience through Early Recovery response for the most Crisis impacted Communities in Syria The Integrated Response for Resilience Programme aims at providing a comprehensive response through Early Recovery support in 80 communities impacted by the crisis. Communities, particularly  those most dramatically affected – and under additional stress because of IDPs returns and other displacements - need  assistance in reinforcing their resilience to address these shocks as well as the consequences of the protracted crisis, and to address their needs on seriously depleted infrastructures and service capacities.
The essence of the Programme is about providing Syrian communities with – still limited - support to regain  control  over their basic needs (livelihoods, access to essential services) and reduce their dependency on humanitarian assistance. Prioritization of locations, is the outcome of a context analysis and needs assessment conducted on more than  5,000
Syrian communities, based on the following three criteria:
1) Hard to Reach  Areas
2) Areas of major IDPs presence and IDPs returns
3) Highest scoring in the Severity Scale
The integrated response consists of the following components: strengthening of social services-related capacities (access and coverage), livelihoods creation and rural recovery, PWDs support, social cohesion/community safety, reducing gender inequality  and youth marginality, women empowerment, tensions reduction and rehabilitation of basic infrastructure and public services.
The program is built in a modular manner both in terms of geographical and sectoral/thematic interventions and foresees the allotment of average 1 Million US$ per community. Hence, donors willing to support this approach will be able to pre-select certain location(s) and/or area(s) of intervention of their preference, within the 200 prioritized  communities.
The programme relates directly to the sector objectives:
1. Living conditions
2. Livelihoods
3. Access to social services
4. Access to productive and market infrastructure
5.social protection
6. Strengthening of local public services delivery capacity
7. Reinforcing  opportunities and capacities for civic engagement",0
"290193","Support people affected by the earthquake through emergency debris removal. Fostering Resilience through Early Recovery response for the most Crisis impacted Communities in Syria The Integrated Response for Resilience Programme aims at providing a comprehensive response through Early Recovery support in 80 communities impacted by the crisis. Communities, particularly  those most dramatically affected – and under additional stress because of IDPs returns and other displacements - need  assistance in reinforcing their resilience to address these shocks as well as the consequences of the protracted crisis, and to address their needs on seriously depleted infrastructures and service capacities.
The essence of the Programme is about providing Syrian communities with – still limited - support to regain  control  over their basic needs (livelihoods, access to essential services) and reduce their dependency on humanitarian assistance. Prioritization of locations, is the outcome of a context analysis and needs assessment conducted on more than  5,000
Syrian communities, based on the following three criteria:
1) Hard to Reach  Areas
2) Areas of major IDPs presence and IDPs returns
3) Highest scoring in the Severity Scale
The integrated response consists of the following components: strengthening of social services-related capacities (access and coverage), livelihoods creation and rural recovery, PWDs support, social cohesion/community safety, reducing gender inequality  and youth marginality, women empowerment, tensions reduction and rehabilitation of basic infrastructure and public services.
The program is built in a modular manner both in terms of geographical and sectoral/thematic interventions and foresees the allotment of average 1 Million US$ per community. Hence, donors willing to support this approach will be able to pre-select certain location(s) and/or area(s) of intervention of their preference, within the 200 prioritized  communities.
The programme relates directly to the sector objectives:
1. Living conditions
2. Livelihoods
3. Access to social services
4. Access to productive and market infrastructure
5.social protection
6. Strengthening of local public services delivery capacity
7. Reinforcing  opportunities and capacities for civic engagement",0
"189246","Strategic Outcoms (SO) 2: Vulnerable groups, including children, pregnant and  lactating women and malnourished......SO3: Food insecure women and men living in targeted areas of CAR have enhanced livelihoods to...SO 4: National and subnational institutions habe strengthened capacities to establisch an adequate social protection system and manage food security and nutrition policies and programmes by 2020",0
"200522","Strategic Outcoms (SO) 2: Vulnerable groups, including children, pregnant and  lactating women and malnourished......SO3: Food insecure women and men living in targeted areas of CAR have enhanced livelihoods to...SO 4: National and subnational institutions habe strengthened capacities to establisch an adequate social protection system and manage food security and nutrition policies and programmes by 2020 Multi year BMZ (2019 portion)",0
"206482","Strategic Outcoms (SO) 2: Vulnerable groups, including children, pregnant and  lactating women and malnourished......SO3: Food insecure women and men living in targeted areas of CAR have enhanced livelihoods to...SO 4: National and subnational institutions habe strengthened capacities to establisch an adequate social protection system and manage food security and nutrition policies and programmes by 2020 Multi year BMZ 2018 to  2020 (part of 2020 portion)",0
"206492","Strategic Outcoms (SO) 2: Vulnerable groups, including children, pregnant and  lactating women and malnourished......SO3: Food insecure women and men living in targeted areas of CAR have enhanced livelihoods to...SO 4: National and subnational institutions have strengthened capacities to establish an adequate social protection system and manage food security and nutrition policies and programmes by 2020 Multi year BMZ (2022 portion) early recovery",0
"219023","Strategic Outcoms (SO) 2: Vulnerable groups, including children, pregnant and  lactating women and malnourished......SO3: Food insecure women and men living in targeted areas of CAR have enhanced livelihoods to...SO 4: National and subnational institutions habe strengthened capacities to establisch an adequate social protection system and manage food security and nutrition policies and programmes by 2020 Multi year BMZ 2018 to  2020 (part of 2020 portion)",0
"219025","Strategic Outcoms (SO) 2: Vulnerable groups, including children, pregnant and  lactating women and malnourished......SO3: Food insecure women and men living in targeted areas of CAR have enhanced livelihoods to...SO 4: National and subnational institutions habe strengthened capacities to establisch an adequate social protection system and manage food security and nutrition policies and programmes by 2020 Multi year BMZ 2018 to  2020 (part of 2020 portion)",0
"244624","Social Protection /India: Supporting COVID-19 Response and Vaccination Program (SM210223)",0
"302697","Seguridad alimentaria - Programa de seguridad alimentaria basado en la escuela Programa de seguridad alimentaria basado en la escuela  Con el objetivo de contribuir a la seguridad alimentaria de la población con mayores necesidades, el Programa Mundial de Alimentos de Naciones Unidas (WFP, por sus siglas en inglés) en Venezuela desarrolla un programa de asistencia humanitaria basado en la escuela para garantizar el acceso de los más vulnerables a una alimentación adecuada y nutritiva en el entorno escolar, familiar y comunitario. 
Este programa inició en 2021 con comidas escolares en emergencias priorizando escuelas iniciales y de educación especial.

WFP proporciona comidas escolares acompañado de un paquete integrado de intervenciones para mejorar el acceso a alimentos nutritivos y diversificados a través de las escuelas, contribuyendo al mismo tiempo a mejorar la salud y la nutrición de los niños en edad escolar, los estudiantes con discapacidad y el personal escolar, y apoyando a las comunidades a reducir la dependencia en estrategias de afrontamiento. De manera gradual, el WFP está realizando compras locales de alimentos, e incluyendo acciones para apoyar los mercados locales con compras a pequeños productores y apoyo técnico para acceso a mercados.

En este sentido, el programa de comidas escolares en emergencias tiene los siguientes componentes, para asegurar un enfoque integral que apoye al estudiante en el entorno escolar y familiar:

1. Entrega de comidas escolares nutritivas para estudiantes y personal escolar, promoviendo las compras locales y a pequeños productores.
2. Apoyo a la seguridad alimentaria del hogar.
3. Rehabilitación de cocinas escolares para garantizar condiciones adecuadas de preparación de alimentos.
4. Comunicación para sensibilizar acerca de los principios humanitarios, la adecuada preparación de alimentos, nutrición, higiene y mantenimiento de cocinas escolares.
5. Fortalecimiento de capacidades de socios implementadores y personal escolar.
6. Acciones sensibles a la nutrición, que incluyen, tamizaje en las escuelas, educación nutricional, referencia a servicios especializados y entrega de alimento complementario fortificado (Super Cereal Plus).",0
"239364","Restoration of livelihoods related to food and income sources to the affected communities in Belet Weyne district of Hiran region. Support disaster affected populations in Hirshabelle, and Puntland states to protect their livelihoods and food security In June, Crisis (IPC 3) or Stressed (IPC 2) outcomes persist across the country. Nearly 20 percent of the total 2.7 million people in need of food assistance did not access it, including in riverine and rural areas of the South, where humanitarian access is low. The impact of the COVID-19 pandemic on the Somali economy is significant. Poor urban and IDP households, as well as pastoralists in northern Somalia, are likely to be most affected by an estimated 30-50 percent decline in annual external remittances, anticipated 25-35 percent decline in annual livestock exports, lower labor demand, and above-average imported staple food prices. In most IDP settlements and urban areas, at least 20 percent of the population still face food consumption gaps or are engaged in negative livelihoods coping strategies indicative of Crisis (IPC Phase 3) even after food assistance distributions. Additionally, Crisis (IPC Phase 3) outcomes are expected from June to September in parts of central Somalia, where livestock holdings are lowest, and in northeastern Somalia, where the economy is more dependent on livestock, seafood, and frankincense exports. The erratic distribution of rainfall during the April to June gu season has worsened Gu cereal production prospects in south-central Somalia. During the July to September dry season, up to 3.5 million people are anticipated to be unable to meet their minimum food needs and in need of urgent humanitarian food assistance. Further, the NOAA/CPC NMME forecast predicts an increased likelihood of a below-average deyr rainfall season from October to December 2020. FEWS NET’S research shows the NMME forecast has a strong capability to predict below-average rainfall during the October to December rainfall season in eastern East Africa. Combined with the persistent threat of desert locust, the impact of below-average rains on crop and livestock production is expected to lead to widespread deterioration to Crisis (IPC Phase 3) in northern and central pastoral areas and southern agropastoral areas in the absence of sustained food assistance. The conflict between insurgents and the FGS – supported by AMISOM and other forces – and conflict between clans over the control of land and resource management is expected to continue to periodically restrict humanitarian access, cause loss of life and assets, cause displacement, and disrupt trade and population movements. Conflict is most likely to affect Bakool, Bay, Galgaduud, Gedo, Hiiraan, the Jubas, and the Shabelles regions. Thus, AADSOM will support disaster-affected populations in Hirshabelle, and Puntland to protect their livelihoods, support local food production, and prevent the adoption of crisis strategies. AADSOM will carry out the following activities to reach the above objectives:
1. AADSOM will increase access to food and improve nutrition through Unconditional Cash Transfer to crisis-affected and underserved 1,000 IDPs and host communities HHs in Bari, and Hiran regions, benefiting around 6,000 women, men, boys, and girls including disabled people and marginalized communities. The supporting period will be 3 months and the rate is 60% Minimum Expenditure Basket (MEB) which corresponding to 60 USD. 
2. Supporting 2000 farmers in Hiran and Bari regions with land preparation and input distribution; 
3. To keep the sustainability of the project and increase the production of the beneficiaries, AADSOM will train 100 selected lead farmers on Good Agricultural Practices (GAP) to increase their livelihoods production and adapt the new technologies. 
4. Rehabilitation of  5 primary canals in Hiran region through CFW, benefiting 500 workers for a period of three months, benefiting around 3,000 (450 men, 600 women, 900 girls, 900 boys and 150 disabilities). 
During the project implementation, women, men, children, disabled, marginalized communities, and IDPs will be heard their voices and consulted.",0
"271397","Regional humanitarian project to reduce the vulnerability of crisis-affected people, especially IDPs, returnees and the most vulnerable host communities in Baidoa district, Somalia, and East Darfur state, Sudan, amd Northern Bahr el Ghazal, South Sudan, through emergency Shelter, WASH, Health, Nutrition and Food Security, Cash Transfer and Protection interventions.",0
"271398","Regional humanitarian project to reduce the vulnerability of crisis-affected people, especially IDPs, returnees and the most vulnerable host communities in Baidoa district, Somalia, and East Darfur state, Sudan, amd Northern Bahr el Ghazal, South Sudan, through emergency Shelter, WASH, Health, Nutrition and Food Security, Cash Transfer and Protection interventions.",0
"271399","Regional humanitarian project to reduce the vulnerability of crisis-affected people, especially IDPs, returnees and the most vulnerable host communities in Baidoa district, Somalia, and East Darfur state, Sudan, amd Northern Bahr el Ghazal, South Sudan, through emergency Shelter, WASH, Health, Nutrition and Food Security, Cash Transfer and Protection interventions.",0
"271400","Regional humanitarian project to reduce the vulnerability of crisis-affected people, especially IDPs, returnees and the most vulnerable host communities in Baidoa district, Somalia, and East Darfur state, Sudan, amd Northern Bahr el Ghazal, South Sudan, through emergency Shelter, WASH, Health, Nutrition and Food Security, Cash Transfer and Protection interventions.",0
"271401","Regional humanitarian project to reduce the vulnerability of crisis-affected people, especially IDPs, returnees and the most vulnerable host communities in Baidoa district, Somalia, and East Darfur state, Sudan, amd Northern Bahr el Ghazal, South Sudan, through emergency Shelter, WASH, Health, Nutrition and Food Security, Cash Transfer and Protection interventions.",0
"271402","Regional humanitarian project to reduce the vulnerability of crisis-affected people, especially IDPs, returnees and the most vulnerable host communities in Baidoa district, Somalia, and East Darfur state, Sudan, amd Northern Bahr el Ghazal, South Sudan, through emergency Shelter, WASH, Health, Nutrition and Food Security, Cash Transfer and Protection interventions.",0
"271404","Regional humanitarian project to reduce the vulnerability of crisis-affected people, especially IDPs, returnees and the most vulnerable host communities in Baidoa district, Somalia, and East Darfur state, Sudan, amd Northern Bahr el Ghazal, South Sudan, through emergency Shelter, WASH, Health, Nutrition and Food Security, Cash Transfer and Protection interventions.",0
"271406","Regional humanitarian project to reduce the vulnerability of crisis-affected people, especially IDPs, returnees and the most vulnerable host communities in Baidoa district, Somalia, and East Darfur state, Sudan, amd Northern Bahr el Ghazal, South Sudan, through emergency Shelter, WASH, Health, Nutrition and Food Security, Cash Transfer and Protection interventions.",0
"271407","Regional humanitarian project to reduce the vulnerability of crisis-affected people, especially IDPs, returnees and the most vulnerable host communities in Baidoa district, Somalia, and East Darfur state, Sudan, amd Northern Bahr el Ghazal, South Sudan, through emergency Shelter, WASH, Health, Nutrition and Food Security, Cash Transfer and Protection interventions.",0
"227731","Raise awareness and hygiene kits for Covid 19 and a single cash transfer to HH Integrated COVID-19 WASH Response to the Rohingya  and Host population in Cox’s Bazar WaSH project is continuing to ensure inclusive and equitable provision of life saving water and sanitation services building on infrastructure already constructed in the previous phase in 2019 (in the Camp no,14 and 15 and host community) and strengthening behaviour change communication (BCC) by encouraging community-based collective measures. 
 There are two main routes of transmission of COVID-19: respiratory droplets and direct contact. Respiratory droplets are generated when an infected person coughs or sneezes. Droplets may also land on surfaces where the virus could remain viable and thus, the immediate environment of an infected individual can serve as a source of transmission (contact transmission). The provision of safe water, sanitation, hygienic living and environmental conditions are essential to protect human health during all infectious disease outbreaks, including the COVID-19outbreak. Hand hygiene, personal and social hygiene are key elements in preventing this disease to spread. As of today, a lot of aspects of COVID-19 prevention and control are still unclear, including implications related to WASH interventions (like virus persistence on surfaces or sewage). 

  The previous phase of the intervention has contributed to an increase in the appropriate usage of handwashing. Almost 79% of the respondents from the end of project evaluation reported that handwashing points installed under the project were utilized for hygiene maintenance. In terms of safe and inclusive access to water, the water point accessibility for PWD, pregnant women, adolescent girls and aged persons has been enhanced. The increase in ease of accessibility for pregnant women rose from 6% in baseline to 48%, similarly, for adolescent girls, it improved from 24% to 83%. So, maintenance of these essential WaSH facilities and services are vital to reduce the risk of disease outbreak.
Bear in mind the gravity of the issue, CAID will continue to ensure lifesaving water and sanitation services to the Rohingya and host communities in 2020. Focus will be provided to address the key challenges facing WaSH service such as congestion at water points, unequal distribution, inclusive access and protection concerns in bathing cubicles and latrines.",0
"239672","Provisions of life-saving WASH assistance to drought-affected most vulnerable communities, displaced populations in under-served and hard-to-reach areas of Badhade district, lower Juba region of Somalia Providing life-saving WASH assistance and restoration of access to safe and equitable basic WASH services to most vulnerable communities displaced by conflicts, drought, floods, and diseases , living  in Lower juba, Middle Shebele, Banadir, Sool and Sanaag  region of Somalia/Somaliland  In the context of the current multi-faceted emergencies (increased risks of flooding, protracted conflict, droughts, Covid 19, Cholera/AWD Outbreaks and the projected La Nina phenomena expected in Somalia, ARC proposes this emergency WASH project to target IDPs and most vulnerable host communities living in Kismayo, Benadir, lascanod,Xudun, Telex,  Afmadow, Balcad, Badade , and El-Afweyne district with aim of saving lives and reducing morbidities associated with WASH-related diseases. ARC understands that internal displacements are the key driver of humanitarian needs in Somalia. Many IDPs and Poor vulnerable Host communities are currently residing in Urban and pre-urban informal crowded areas with insufficient access to water and Sanitation. According to JMCNA assessment done in August by REACH, 53% of the IDPs face challenges in terms of access to WASH services in Somalia. The situation of IDPs and non- IDPs vulnerable host community members are complicated by frequent forced evictions meted on them leading to disruptions of access to critical  WASH services and  loss of gains made on access to these essentials services. According to an assessment done by ARC in Mogadishu in September 2020, more than 7000 IDPs households were forcefully evicted from their homes in Kaxda district, Benadir in the past three months. Ongoing conflicts and riverine flooding along Juba and Shebelle will continue to displace more people to major towns. In Sanaag and Sool regions, persistent clan conflicts, insecurity and recurring droughts are the major cause of displacement of people in the region.
Cognizant of these contexts,  ARC will provide emergency water trucking to  12000 (2000HH) Drought- affected IDPs and vulnerable pastoral communities living in drought-prone areas of lascanod, xudun, telex and Celf-Afweyn districts for a period of two months as the agency will find and  rehabilitate alternative water sources for the affected people. 20 critical shallow wells will be rehabilitated and protected targeting IDPs and Non- IDPs vulnerable communities and settlements from Kismayo, Kaxda &Darkenley (Banadir), lascanod, Cel-Afweyne and Telex. ARC will also conduct Disinfections and chlorination of floods affected wells.
ARC will Provide 10 Strategic boreholes in drought-prone locations in lascanood, telex and Cel- Afweyen district with Generators, submersible pumps, cable wires and control panels to ensure drought affected peoples have access to safe, adequate and reliable water.ARC will establish  6 Pipeline water extensions to identified IDPs Camps and non- IDPs camps including construction of elevated water storage tanks, installation of solar powered systems  and water kiosk with a minimum of 6 taps  to ensure increased access to adequate water by the IDPs and Non-IDPs.
ARC will construct/rehabilitate 2000 gender-segregated, disability-friendly communal latrines for IDPs and vulnerable host community members who have no access to any sanitation facilities.
ARC will construct for the targeted sex-Disaggregated, Disability Inclusive 40 Institutional latrines with water and Handwashing facilities for 24 target schools and 15 health centers.
Hygiene promotion will remain a key component of the intervention to prevent the spread of Covid 19 and others WASH-related diseases through risk communications and community engagement promoting behavior changes. Hygiene kits and basic MHM kits will be provided to adolescent girls in schools and villages/camps. ARC will target approximately 71, 800 beneficiaries from North and south-central Somalia (11488 women, 7180 men, 22165 boys, 23069 girls, 5744 disabled, and 2154 elderly people).
ARC will consult men, boys, girls, elderly, and people with disabilities on their needs and preference regarding the type, Design and location of the water and sanitation facilities to address barriers relating to access. ARC will involve women, boys, girls and disabled people in the project monitoring and feedback sought.",0
"290429","Provision of WASH services for vulnerable refugee, IDP, returnee and host communities in Gadeer and Tawlodi localities in South Kordofan State Improving access to life-saving Health, Nutrition and WASH services for IDPs and Host Communities in Sudan. The armed clashes between SAF and RSF which occurred on 15 April 2023, in different locations across Sudan, significantly affected the physical safety and security of civilians in the sites where armed conflict erupted including Khartoum state. As a result, many people have been internally displaced to different locations seeking safety and security. Sudan’s health system was under extreme stress prior to the clashed and has been further stretched due to  lack of fuel, electrical outages, insecurity, movement restrictions, looting and closure of drug shop and hospitals, inflations,  lack of access to money which in turn effected on access of patients to a functional health centers within two hours of their home and the situation is getting worse, as many clinics are closing due to lack of medicine of human capacity. This project aims to enhance the life-threatening conditions of the internally displaced population by providing high-quality life-saving humanitarian services to the internally targeted population in therein high-risk states with fifty-four locations through a comprehensive strategy that integrates the sectors of health, nutrition, WASH and that guarantee a decent life for the target groups. This project will continue in the states where highly effected by new war Khartoum WD in addition to the Department of Public Health has intervened in cooperation and coordination with other partners over the previous years. It includes the states mentioned below: West Kordofan, South Kordofan, South Darfur and North Darfur. Kassala (, the White Nile and Abyei. Despite efforts to shelter the IDPs, some health conditions, hygiene, water and environmental sanitation need intervention to reduce diseases related to the respiratory and urinary tract, diarrhea and others, in addition to the importance of nutrition support, Kidney Solutions, mental and reproductive health. Health interventions include providing a package of PHC- SHC, reproductive health (RH) and maternal and child health by supporting health facilities in the targeted states with the necessary and emergency medical supplies and equipment. Interventions will also focus on provide the trauma package in increasing health capacity, health referral support and community health support through the mobile clinic and provide the necessary kidney solution and other necessary medicine. Nutritional interventions include the provision of preventive package and CMAM services to all targeted population groups focusing on sensitive groups (pregnant and lactating women and children) and treatment of severe acute malnutrition, with or without complications for children under five years of age, moderate acute malnutrition of newborns5 and pregnant and lactating women. The project further aims to improve the public health and environmental health of the target communities through the provision of WASH services through hygiene promotion, construction/rehabilitation of community and institutional latrines (in target health facilities, OTPs, SCs, and schools). In addition to improving the target population's access to safe drinking water to reduce the risk of infection. To reach the estimated targets and planned response scale up, GAH will integrated multi-sectoral health sector, WASH by delivery nutrition and WASH services through existing health facilities. and integrated the outreach teams. and use of simplified protocol and explore rapid response mechanisms for timely delivery of nutrition responses in onset emergencies. all activities in health nutrition and Wash are in service activities with response modalities of in kind represent in supplementary, drug and tools that provide from UN agencies (UNICEF, UNFPA, WFP, UNHCR, WHO etc.) the project target 33932 child and 1500 PLWs at nutrition sector in  and (105459 F-73,285M) at WASH sector and (94193.5 F-65,457M) at Health sector. the nutrition activity and  WASH are live saving activity",0
"186208","Provision of Shelter and NFIs Assistance to IDPs in response to New Arrivals and Decongestion of Camps in Bama, Ngala and Gwoza Local Government Areas. Provision of sustainable livelihoods assistance as a durable solution to the most vulnerable refugee returnees and IDPs in the  Northeast of Nigeria  Provide economic livelihoods activities including vocational skill acquisition training, cash-based interventions, and income generation activities towards sustainability and self-reliance of the persons of concern.

Support life-saving activities and alleviate suffering through integrated and coordinated humanitarian response focusing on the most vulnerable people.

Foster resilience and durable solutions for affected people through restoration of live sustainable employment in agriculture towards food sustainability

Reduce vulnerability to future crises by strengthening the national, community and individual foundations for resilience

Iintegrate the early recovery approach across all activated sectors and among humanitarian as well as development actions in such a way that helps actors to move from humanitarian relief towards self-sustaining development. It will ensure that the humanitarian response emphasizes the importance of building community capacity and skills to strengthen individuals and communities’ resilience to future crisis; and reduce dependence of the affected population on relief and where possible take steps towards solving some of the root causes of the crisis.",0
"204103","Provision of relief assistance to the affected populations in Northeast Syria. The objective of this intervention will be address the immediate needs of vulnerable households while improving live condition in and out the camp. The activities include multi-cash assistance to 500 vulnerable households , distribution of 500 tents , conducting maintenance and upgrade works in camp/informal settlements and emergency repair on 250 private shelter units damaged by the conflict.",0
"254747","Provision of NFIs kits to drought affected and displaced communities in Galgaduud region ( Cabudwaq, Dhusamreeb and Cadado districts). Enhancing the resilience and recovery of crises affected persons through the provision of shelter and NFIs in Banadir and Afgooye. The project is aimed at supporting the most vulnerable IDP families in Afgooye and Banadir to mitigate risks faced through Shelter/NFI interventions. It is expected that a total of 12,000 IDP(Elderly 600 men,1000 women, 4000 boys 1000 girls 3000, disabled 2,200 and non disabled 200) in Afgooye and Banadir will benefit from the distribution of emergency shelter kits and non-food items. Provision of NFI kits and ESKs will target the newly displaced persons and protracted IDPs with shelter structures that barely protect their dignity and privacy. The intervention is aimed at improving the living conditions of the IDPs by speeding up their recovery from damages caused by displacements.
2000 NFI kits and 2000 ESKs will be distributed through voucher and in kind respectively to 2000 IDP households. The in kind modality is influenced by SSWC's past experience with CBI where beneficiaries did not construct ESKs and channeled the money to other purposes. A market assessment will be conducted prior to the purchase of the items to ascertain their market prices. The beneficiary selection criteria will consider newly displaced persons, female headed households, child-headed households, the elderly in the community and persons with disabilities to ensure the most vulnerable groups are targeted.
To ensure sustainability, the ESKs will be established on lands with relatively long land agreements (three years and above). This will be ascertained through solicitation of written agreements from IDP site leaders and the subsequent confirmation of their validity from respective local authorities. ESK construction will be keen on COVID-19 and basic site planning aspects such as distance between ESKs, roads, fire breaks, drainage and distance from toilets.
Due to COVD-19, SSWC will use hotline numbers for CFRM. The anticipated data to be collected include among others both compliments and complaints: the quality of the ESKs and NFIs, fairness of beneficiary selection processes, shortness of items distributed, delays and other feedback. This will ensure that community participation and AAP is at the center of the project.
Post Distribution Monitoring (PDM) and Post construction monitoring (PCM) will be conducted after every distribution and construction respectively. The monitoring exercises will provide beneficiary feedback on the effectiveness of the distribution. 70% of the beneficiaries will take part of the exercise to ensure proper representation and that exact feelings are recorded about the processes and quality of distribution. The PDM/PCMs will also help to know the beneficiary satisfaction of the items distributed, identify the needs and feelings of the community better and inform on the effectiveness of the activities and achievements of targets while providing guidance towards success.
The activities are geared towards improving the living conditions of the newly displaced IDPs and protracted IDPs living in deplorable conditions hence contributing to the achievement of the shelter cluster’s objectives.",0
"250170","Provision of life-saving WASH services to vulnerable and underserved drought-affected/displaced communities in Luuq districts, Gedo region Provision of Emergency Lifesaving Water, Sanitation and Hygiene services to Flood and Conflict Affected Communities in Benadir and Lower Shabelle Region. The situation in the Banadir and Lower shabelle region remains volatile and uncertain due to limited development coupled with recurring climatic shocks, such as drought and conflict give rise to high levels of need among affected populations. Daynile and Kahda districts IDP sites are hosting a Total of 61,727 Households or 263,783 Individuals, and 50,146HHs or 190,308 individuals respectively were assessed and mapped as per Detailed Site Assessments (DSA) conducted in Banadir in march 2021 by the REACH initiative. Among the IDPs targeted are vulnerable new Displaced populations of around 7,686 and 4,995 individuals in Daynile and Kahda whom they arrived in the past three (3) months, which is equivalent to 12,681 are displaced between December 2020 - March 2021 due to drought and conflict. In this, almost 60 -70 percent of the total population in kahda and Daynile are severe and extreme conditions for WASH intervention as per the DSA report in April 2021. 
The Proposed project will contribute to increased investment to address the water infrastructure development gaps through rehabilitation of existing water sources and expanding the supply networks to improve access by reducing access in needs to safe and clean water and improved sanitation of most vulnerable and underserved communities living in floods affected areas in Daynile, Kahda districts in Mogadishu and Merka, Wanlaweyn and Afgooye district of Lower Shebelle region. A total of 18,700 flood affected men, women and children including the 15% disabilities, marginalized communities and IDPs will bene t safe drinking water and will have access equally throughout the project period. SOYDA in collaboration with the local authority, partnership with main water vendors in rural villages in target districts, will provide emergency water voucher to the 7,440 (1808 men, 1,536 women, 2,048 boys and 2,048 girls) targeted beneficiaries including people with disabilities and marginalized communities in the targeted IDP camps, which they can redeem for water at the specified water vendors (water trucks). The action also includes to hire water truck of a capacity of 6,000 liters of safe water to the targeted locations. Each voucher can be used to redeem specified quantity of safe water of 7.5 liters per person per day for a period of 30 days. The project will build the capacity of 10 WASH Committees (composing 4 men and 3 women per Committee) shared equally men and women on operation and maintenance of developed water infrastructures shall be throughout the project implementation period, to ensure the sustainability of the developed water facilities after the project is faced out. SOYDA will make sure that men, women, girls and boys including people with disabilities and marginalized community have equal access to the rehabilitated/constructed WASH services. SOYDA will upgrade/rehabilitate two boreholes equipped with hybrid to improve its water quality and reduce its running cost, in order to receive the community their water needs at an affordable cost. SOYDA will replace the engine powered boreholes in to hybrid system and construct 8 water kiosks nearer to the IDP settlements supplied water through piping network to avoid the risk of rape against women and girls in target districts. The project will provide reliable and sustainable access to environmental sanitation through construction of 200 IDP latrines in target districts. The latrines will be gender separated and flood proof with lockable doors and hand washing basins. construction of latrines will be implemented through market-based programming. 
The project will ensure the participation of people with disability in all decision-making processes and ensure WASH- related information is in formats that people with different types of disabilities can understand and as well will consider disability groups in the design, monitoring and evaluation of development and emergency WASH interventions through disability mainstreaming",0
"181193","Provision of life-saving dry season vegetable kits and fishing kits, integrated with cash-for-work/WASH from other programs, for the most vulnerable 8500 households in Koch County to support their restoration of livelihoods for improving food security. Integrated Food Security and Livelihood Assistance to Crisis-affected Population in Upper Nile, Unity and WBeG To support improvement of access to food consumption in emergency phase, as well as supporting restoring of livelihoods for vulnerable groups at risk to hunger, including use of cash.",0
"231294","Provision of Integrated Support Through Protection, WASH, Shelter and CCCM Interventions in Beletxawa IDP Settlements. To improve the living conditions and protection of IDPs at site level in Banadir, Lower Shebelle, Lower Jubba, and Gedo Region to ensure equitable access to services and assistance of all persons in need, with a clear focus on moving toward attaining durable solutions. According to HNO 2020, an estimated 709,000 new displacements were reported from January to December 2019, mostly to urban areas, where displaced people move to private IDP sites with poor living conditions and little access to basic services. There are over 2,000 recorded IDP sites across Somalia. Approximately 85 percent of the sites are informal settlements on private land and about 74 percent of them are in urban areas according to the Detailed Site Assessment (DSA). According to the DSA, over 70 percent of IDPs in informal sites lack access to information about their rights and available services. Displaced communities, especially new arrivals, people with disabilities and women need access to information and representation in the community governance structure to make informed decisions about how to receive services and potential solutions to displacement. This year (2020), Somalia has seen serious flooding which have forced hundreds of thousands of people to flee their homes amid risks of COVID-19. According to UNHCR more than 150,000 Somalis have been forced to flee their homes since late June, including some 23,000 in the last week of July, due to flash and riverine flooding in the Southern regions of Somalia. As of 19 May (OCHA), ongoing flash and riverine flooding in Somalia has affected about 919,000 people, of whom 412,000 have been displaced and 24 killed, in 29 districts. 

The displaced people in informal sites in Banadir, Lower Shebelle, Lower Jubba, and Gedo Region are in greatest need of CCCM services to improve the living conditions and protection of IDPs at the site level. The target areas have been through successive years of drought and conflict, leaving the population vulnerable to shocks and inhibiting a sustainable return to places of origin. The displaced population in these areas are living in precarious conditions with their basic needs not met due to inconsistent service provision and exclusion with all existing coordination and management mechanisms at site level being informal, with most sites managed by landlords and gatekeepers limiting accountability and adherence to minimum standards. While ensuring equitable access to services and assistance of all persons in need, NoFYL will ensure to enhance the accountability of affected populations through community participation and consistent engagement with a focus on moving toward attaining durable solutions. 

NoFYL intends to scale up its CCCM program to contribute towards strengthening camp coordination and camp management to improve the living conditions and protection of IDPs at the site level by ensuring equitable access to services and assistance of all persons in need. All the project activities will be carried out to maximize community participation and enhance the accountability of humanitarian actors to the affected population. NoFYL will coordinate with relevant responders and mobilized towards providing sectorial assistance to those identified as very vulnerable at the site level. Together with the established site governance, NoFYL will carry out service monitoring activities aimed at highlighting service gaps, and ensuring that minimum standards are being adhered to at the site-level. To ensure that sites are safe and hygiene conditions are ensured NoFYL will provide training on-site maintenance and site planning to camp committees to strengthen their capacity, Support community-led site maintenance activities to ensure the upkeep of sites through cash for work activities, distribution of tools to site maintenance committees. The project will also support maintaining inter-sector complaints feedback mechanisms (CFMs) at the IDP site-level.

The project will be implemented in 4 regions, including Banaadir, Gedo region covering Beletxaawo and Ceelwaaq districts, and Lower Juba covering Kismayo. The project will target 60 sites in total targeting an estimated IDP population of 64,000 to be verified through the detailed site assessments.",0
"254733","Provision of integrated lifesaving WASH services to drought affected population in Dusamareb district of Galgaduud region Provision of lifesaving, sustainable, WASH services to the populations in crisis in; Lower Shebelle, M/Shabelle, Hiraan and Galgadud Regions.  
Conflict and insecurity have forced hundreds of thousands of people to flee their homes in 2021 and are expected to remain key drivers of displacement in 2022. Conflict-induced shocks exacerbate the humanitarian situation of both IDP and host communities, with increased numbers of children married earlier as a coping strategy. Children in Somalia continue to face acute humanitarian needs due to conflict and environmental hazards such as drought, conflict and flooding. COVID-19 pandemic has compounded the challenges exacerbating vulnerability of the crisis-affected populations across the country. The crisis in Somalia has negatively impacted the health system and most affected are the vulnerable pregnant and lactating women, girls and boys, including children with disabilities with no access to health and nutrition services. Fear of conflict, insecurity and heightened tensions have triggered massive displacement in Guri Ceel, Galgaduud region over the last few days. Decades of conflict, recurrent climate shocks, disease outbreaks and increasing poverty are devastating the people of Somalia. The country is forecast to experience its third consecutive season of below-average rainfall, which has already resulted in a sharp increase in food insecurity, especially in rural areas. Without humanitarian assistance, nearly 3.5 million are expected to face Crisis (IPC Phase 3) or worse outcomes through the end of 2021.

WATER: Provision of emergency safe water to 15600 IDPs through voucher; access of lifesaving water through rehabilitation of 4 shallow wells equipped with solar power complete with water tanks and water kiosks, upgrading 2 boreholes through hybrid system complete, 2 generator and storerooms with construction of 4 elevated water tanks, 4 water kiosks supplied water through piping system;  Construct 2 flood proof shallow wells equipped with solar power pumps complete with 2 elevated water tanks and 2 water kiosks. Chlorinate the rehabilitated water sources on daily basis.
capacity building training to 4 WASH committees and 6 well operators on operation and maintenance an d 100 community members.
SANITATION: To improve the sanitation of the IDP camps and institutions, NWO will construct 4 twin block institutional latrines in 2 school and 100 in the IDP camps. Construct 200 flood proof and gender sensitive latrines with lockable doors and hand washing facilities to IDPs and low income Hhs.
HYGIENE: NWO will train 120 CHWs to carry out comprehensive hygiene promotion campaigns to educate the community on better hygiene promotion practices including hand washing with soap practices through visiting house-to-house, schools, feeding/nutrition centers and health centers; in this project, NWO will provide 1200 HP kits to 1200 households and IDPs who are at risk of AWD/cholera and malnutrition
.
The proposed response took into consideration the impact of the disaster on women, children and people with disabilities in terms of access to WASH services; it proposed specific actions to prevent risk of gender-based violence and hence will contribute to greater gender equality. NWO top management will monitor the quality and quantity of the WASH intervention during the project implementation and its completion.
NWO will conduct DRR and conflict resolution mechanisms workshop to provide valuable insights into the underlying factors of vulnerability to hazards and the features of those hazards to 160 community by:
1.Cultivating a disaster mitigation mindset.
2. Engaging the community in emergency preparedness.
3. Developing mutual aid and assistance agreements.
4. Facilitating rapid response and recovery.",0
"254736","Provision of integrated lifesaving nutrition and WASH services to drought affected population in Iskushuban district of Bari region Vulnerable IDP and Host Communities in Jubaland, Banadir and Galgadud have  Increased Access to WASH Services  The project aims to increase WASH services to the over 6.4 M people in need in Somalia targeting districts that are categorized as stressed or severe in the severity scale, those that are hard to reach and those that have reported AWD/cholera cases. The project targets approximately  6,552 vulnerable IDPs  11,448 host communities with a special focus on vulnerable segments of the community including  7 803 women  9,900 children 1,800 PLWD and 875 elderly people. In line with HRP strategic objective 1, specific objective 1.2, this project will contribute to the WASH cluster objective of delivering life-saving WASH assistance to reduce acute needs among most vulnerable settlements and communities through emergency water tracking, water vouchers, provision of hygiene kits and hygiene promotion activities. Lifesaving Wash assistance will target hard to reach communities in Garbaharey and Dolow districts and IDPs households in Banadir and Dolow. This project is also aligned to HRP strategic objective 2, specific objective 2.1, contributing to WASH cluster objective of restoring access to safe and equitable basic WASH services to vulnerable communities and in schools. This will be achieved through rehabilitation of water infrastructures including shallow wells, water pipe network, elevated tanks and water kiosks. Solar pumping systems will be installed in boreholes and shallow wells to reduce the O&M of community water systems. Community mobilizations and capacity building in management of water projects and O&M of solar system will be done to ensure active community participation in the implementation and management of the water facilities. This project will also contribute to the WASH cluster objective of restoring access to basic sanitation and hygiene in schools in Abudwak and Dollow, through rehabilitation of gender segregated latrines with lockable doors from inside with hand washing facilities. All the WASH infrastructures proposed in this project are designed with consideration of the safety, equity and easy accessibility by vulnerable groups such as women, girls, PLWD and the elderly. The target beneficiaries will actively participate in the selection of the sites for water facilities in their locations that will be strategic to serve households within approximately 500m distance that will be in open and clear places to ensure safety of users. Additionally water kiosks will be designed to ensure easy water collection by girls, women, elderly and those with disabilities. For water trucking water collection points will be selected by the beneficiaries and will be at about 500m from the households and in open places for safety purposes. The water collection will be planned such that the elderly and PLWD will have separate times to collect their water. The latrines constructed in schools will be strategically located to ensure safety of users and dignity of users. Hygiene kits will be collected from reasonable distances from the beneficiary households for safety of the beneficiaries as they carry them home. Use of water and hygiene kits vouchers will further enhance safety and equity of vulnerable groups targeted in this project. Mainstreaming of protection and gender in this project will contribute to HRP strategic objective 3, specific objective 3.1 as well as the WASH cluster objective of maintaining safety, equity and accessibility of the vulnerable groups (including women, boys, girls, elderly and people with disabilities) when accessing WASH services. This project will build on WASH and COVID 19 interventions implemented byPAD (2019, 2020 and 2021) in Galgadud, Jubaland and Banadir regions that includes rehabilitation of water infrastructures such as water tanks, water pipe networks, installation of solar water pumping systems, installation of handwashing facilities, provision of hygiene kits and mass hygiene promotion using the mass media and door to door promotion by community hygiene",0
"285459","Provision of integrated Health, Nutrition, WASH and Protection services to the displaced population in the River Nile state Comprehensive humanitarian nutrition services for IDPs, returnees and vulnerable residents  The humanitarian nutritional needs in Sudan are expected to remain at high levels or worsen further in 2023, making Sudan one of the countries in the World with highest estimated acute malnutrition caseload.  While the overall Global acute malnutrition (GAM) remains at 13.6%, the prevalence of GAM varies significantly across the localities with very high situation (GAM above 15% and above as per WHO classification) reported in 64 localities. The proposed nutrition project aim is to improve equitable access to quality life-saving curative and preventive services through the systematic provision of nutrition services in South Kordofan, North Kordofan, Central Darfur, North Darfur, West Darfur, Sennar, Blue Nile and Red Sea states in which 29 localities will be covered. Vulnerable children under-five and PLWs are the main target of the project. Through SC -Nutrition interventions, a total of 362,874 beneficiaries will benefit from the services provided, among them (87,131 boys, 90,680 girls, 184,383 women, 680 men). Save the children will implement lifesaving, preventative interventions, treatment of severe and moderate acute malnutrition among children under five years and Pregnant and Lactating Women (PLWs), referral of SAM children with medical complications and minor rehabilitation to nutrition sites. To reach the estimated targets and planned response scale up, the nutrition sector will deploy integrated response modalities with health sector, WASH, FSL, protection, education at facility and community levels. SC will deliver nutrition services through existing health facilities, mobile and outreach teams and at community such as mother-to mother support groups activities including IDPs and hard to reach areas, use of cash-based interventions to increase access and utilization of nutrition services through FSL will be used for most cases in need. In term of emergency response, rapid response mechanisms for timely delivery of nutrition interventions in the onset emergencies will applied.
To reach the estimated targets and planned response scale up, the nutrition sector will deploy integrated response modalities with health sector, WASH, FSL, protection, education at facility and community levels. SC will deliver nutrition services through existing health facilities, mobile and outreach teams and at community such as mother-to mother support groups activities including IDPs and hard to reach areas, use of cash-based interventions to increase access and utilization of nutrition services through FSL will be used for most cases in need. In term of emergency response, rapid response mechanisms for timely delivery of nutrition interventions in the onset emergencies will applied.
Specific nutrition response strategies will include scaling up the minimum preventive and protection lifesaving intervention package for prevention of malnutrition, treatment, and geographical coverage of severe and moderate acute malnutrition among the under-fives, strengthening referrals for children suffering from SAM with medical complication through provision of transportation costs to and from the SC, nutrition system capacity strengthening (capacity and infrastructure) will be done to facilitate provision of quality and people centered life-saving nutrition responses, timely procurement and delivery of core nutrition supplies. Additionally, infant young child feeding (IYCF) and social behavior change, and communications (SBCC) will be strengthened to promote good feeding and access to services. SC will strengthen national and sub national partnership with all stockholders to deliver nutrition services. SC will ensure monthly and quarterly monitoring of the evolving nutrition situation through an early warning and early actions and implementation of SMART surveys in prioritized localities with GAM 20% and above as well as supporting other assessment initiatives such S3M and MICS.",0
"253767","Provision of Integrated emergency nutrition, child and social protection services in drought-affected communities in Oromia, Somali and Southern Nations, Nationalities and Peoples regions",0
"253768","Provision of Integrated emergency nutrition, child and social protection services in drought-affected communities in Oromia, Somali and Southern Nations, Nationalities and Peoples regions",0
"253769","Provision of Integrated emergency nutrition, child and social protection services in drought-affected communities in Oromia, Somali and Southern Nations, Nationalities and Peoples regions",0
"253770","Provision of Integrated emergency nutrition, child and social protection services in drought-affected communities in Oromia, Somali and Southern Nations, Nationalities and Peoples regions",0
"228388","Provision of Integrated CCCM/Shelter/NFI Solutions to IDPs, Returnees and Host Communities in MMC, Jere and Rann in Borno State.. PROVISION OF INTEGRATED SHELTER, CCCM AND NFI SUPPORT TO IDPs IN BORNO STATE The project aim at providing integrated CCCM, shelter reinforcement kit, NFI, and shelter repairs to meet the need of the most vulnerable households in need of shelter support in Maiduguri, Jere and Rann. 
The project will engage the POCs with carpentry training on shelter repairs and maintenance which is aimed at providing them with livelihood support through the cash for work strategy to enable them get cash to cover their needs.
This project will target 35,000 beneficiaries for the CCCM support, Emergency Shelter construction, shelter reinforcement/emergency shelter kit and NFI kits to fill gaps in IDP camps situated in Jere.
More so, their poor living conditions does not allow any privacy and consequently even the protection of the most vulnerable (mostly single women and children) is not guaranteed.
Furthermore, The CCCM project will improve the quality of management of the women, men, boys and girls IDPs within the camp settings, monitor and assist those out of camps and some vulnerable persons in host community. The project will support systematic follow up of the IDPs and returnees new arrivals particularly vulnerable women and girls. The project seeks to provide quality services during the registration process and will ensure that reception facilities are equally accessible to women, men, boys and girls newly arrived. Camp managers will ensure proper relocation of new arrivals from the reception centres to the shelters constructed taking into account the needs of the most vulnerable. Through this project, CCCM interventions will also provide monitoring and making referrals  and report on all protection gaps and needs to be addressed by different sectors in order to improve the living conditions of women, men, girls and boys displaced. The CCCM project will promote the participation of the IDPs based on age, gender and diversity in the life cycle of camps particularly care and maintenance of infrastructures, small scale drainage, etc. In case of Rann, the Reception center will be reactivated providing the basic needs of new Arrivals.",0
"228389","Provision of Integrated CCCM/Shelter/NFI Solutions to IDPs, Returnees and Host Communities in MMC, Jere and Rann in Borno State.. PROVISION OF INTEGRATED SHELTER, CCCM AND NFI SUPPORT TO IDPs IN BORNO STATE The project aim at providing integrated CCCM, shelter reinforcement kit, NFI, and shelter repairs to meet the need of the most vulnerable households in need of shelter support in Maiduguri, Jere and Rann. 
The project will engage the POCs with carpentry training on shelter repairs and maintenance which is aimed at providing them with livelihood support through the cash for work strategy to enable them get cash to cover their needs.
This project will target 35,000 beneficiaries for the CCCM support, Emergency Shelter construction, shelter reinforcement/emergency shelter kit and NFI kits to fill gaps in IDP camps situated in Jere.
More so, their poor living conditions does not allow any privacy and consequently even the protection of the most vulnerable (mostly single women and children) is not guaranteed.
Furthermore, The CCCM project will improve the quality of management of the women, men, boys and girls IDPs within the camp settings, monitor and assist those out of camps and some vulnerable persons in host community. The project will support systematic follow up of the IDPs and returnees new arrivals particularly vulnerable women and girls. The project seeks to provide quality services during the registration process and will ensure that reception facilities are equally accessible to women, men, boys and girls newly arrived. Camp managers will ensure proper relocation of new arrivals from the reception centres to the shelters constructed taking into account the needs of the most vulnerable. Through this project, CCCM interventions will also provide monitoring and making referrals  and report on all protection gaps and needs to be addressed by different sectors in order to improve the living conditions of women, men, girls and boys displaced. The CCCM project will promote the participation of the IDPs based on age, gender and diversity in the life cycle of camps particularly care and maintenance of infrastructures, small scale drainage, etc. In case of Rann, the Reception center will be reactivated providing the basic needs of new Arrivals.",0
"217914","Provision of GBV Prevention and Response Services to Women and Girls in Magwi and Lainya Counties (COVID) GBV (Strengthening Protection of Vulnerable and Conflict Affected Population through Holistic GBV Prevention, Response and Risk Mitigation Program Enlargement of Project # 159873: Conduct community mobilisation and awareness rising on COVID 19, , Develop IEC materials with COVID19 awareness messaging and translate in the local languages, and distribute in the community and hang in public places for keeping the community informed of COVID19, Provide cash transfar for the most vulnerable women and girls affected by COVID19 crisis, Provide and strengthen Women leadership through mentoring sessions on COVID19 prevention and awareness raising in the communities. Note  - USD 20000 is manitained under new intervention  , Total estimated beneficiaries = 44200",0
"243049","Provision of EDUCATION, & Protection(GBV) interventions for IDPs, Refugees, and Host communities in An Nuhud and As Sunut localities in West Kordofan. Multi-sectorial  response to IDPs, Returnees, and Vulnerable Host communities in North, West, and South Kordofan, Blue Nile, and Kassala States. The project is aiming to support communities in the Blue Nile, North, West, and South Kordofan, and Kassala states and the project targeted the IDPs, Returnees, and vulnerable host community by Multi-sectorial response Education, Protection(CP & GBV), WASH, FSL and Nutrition interventions with a total budget of  2,731,350 USD.
The education activities will target 9,660 children(473 Men, 493 Women, 4260 Boys, and 4434 girls) from IDPs, Returnees, and Vulnerable Host communities in (South Kordofan (Kadugli & Rashad)/Blue Nile (Al Tadamon &Baw)/West Kordofan (El Nuhood)/North Kordofan (Bara&Al Rahad)/Kassala (Reaifi Kassala) through Provide School kits to primary school children Provide teacher kits to primary school teachers Provide recreational kits to secondary schools Provide hygiene kits to upper primary school children Provide temporary Handwashing Stations established Distribution hard copy of COVID19 to School Protocols PTAs (primary school) participating in development and implementation of School Improvement Plan HHs that received a conditional cash grant to support primary students to attend school Construct 8 classrooms in primary school Rehabilitate 16 classrooms in primary school construct Latrines with gender-segregated / rehabilitate Latrines with gender-segregated Teachers/school management members trained on School-Related Gender-Based Violence Prevention Schools with child protection referral pathway established Teachers trained on COVID19 Teacher Preparedness Package. 
the WASH interventions targeted 57,750 people(11,319M, 11,781W, 16,979, and 17,672G) from IDPS, Returns and affected HC in the Blue Nile (At Tadamon & Baw), Kassala (Reifi Kassla), South Kordofan (Al Buram&Um Durein), and West Kordofan (Ghubaish&An Nuhud)through the drill of 7 new hand pumps, install of 4 new water yards, rehabilitation of 14 hand pumps. AORD will construct/install 500 new households/s in HHs and operation and maintenance of 1000 existing latrines. AORD will be Constructed 25 handwashing facilities in a communal setup and provide 800 personal hygiene materials.
AORD provides Child protection and GBV services through target 3,280 Women in BNS (Tadamon (Book community)/Baw (Wega community) and SK(Leri(Um Giah Community)/Um Duerian(Karam Community)  for GBV and 4,332 children in BNS (At Tadamon - BN Baw), North Kordofan (Bara, Ar Rahad ), West Kordofan (An Nuhud, Ghubaish) and Kassala ( Refi Kassla) for CP, the GBV intervention through construct 4 women Center(semi-permanent), rehabilitate 4 women's centers. AORD will train 4 community protection networks and AORD will conduct 4 community Awareness raising. CP interventions are to Provide rehabilitation and reintegration activities for Children released from the armed groups and armed forces. provide legal assistance Assistance for Children with Disability, procurement, and distribution of tents for emergency CFS Run and maintenance of Child-friendly spaces with Furniture stationaries and equipment.
AORD targets 8,820 children from IPDs and affected HC in (South Kordofan (Kadugli & Rashad)/Blue Nile (Al Tadamon &Baw)/West Kordofan (El Nuhood)/North Kordofan (Bara&Al Rahad)/Kassala (Reaifi Kassala) through Nutrition activities, AORD will provide Outpatient management of severe acute malnutrition without complications for children 6-59 months, vitamin A supplements for 8,820 children, and Infant and Young Child feeding (IYCF) counseling.
FSL services will reach 9000 individuals from IDPs and HC through providing agricultural and livestock support for extremely vulnerable people.
This proposed integrated intervention is designed according to the gaps and needs. AORD will coordinate, consult, and collaborate with all the related stakeholders in their different levels while designing, implementing, monitoring, and reporting the activities.",0
"243050","Provision of EDUCATION, & Protection(GBV) interventions for IDPs, Refugees, and Host communities in An Nuhud and As Sunut localities in West Kordofan. Multi-sectorial  response to IDPs, Returnees, and Vulnerable Host communities in North, West, and South Kordofan, Blue Nile, and Kassala States. The project is aiming to support communities in the Blue Nile, North, West, and South Kordofan, and Kassala states and the project targeted the IDPs, Returnees, and vulnerable host community by Multi-sectorial response Education, Protection(CP & GBV), WASH, FSL and Nutrition interventions with a total budget of  2,731,350 USD.
The education activities will target 9,660 children(473 Men, 493 Women, 4260 Boys, and 4434 girls) from IDPs, Returnees, and Vulnerable Host communities in (South Kordofan (Kadugli & Rashad)/Blue Nile (Al Tadamon &Baw)/West Kordofan (El Nuhood)/North Kordofan (Bara&Al Rahad)/Kassala (Reaifi Kassala) through Provide School kits to primary school children Provide teacher kits to primary school teachers Provide recreational kits to secondary schools Provide hygiene kits to upper primary school children Provide temporary Handwashing Stations established Distribution hard copy of COVID19 to School Protocols PTAs (primary school) participating in development and implementation of School Improvement Plan HHs that received a conditional cash grant to support primary students to attend school Construct 8 classrooms in primary school Rehabilitate 16 classrooms in primary school construct Latrines with gender-segregated / rehabilitate Latrines with gender-segregated Teachers/school management members trained on School-Related Gender-Based Violence Prevention Schools with child protection referral pathway established Teachers trained on COVID19 Teacher Preparedness Package. 
the WASH interventions targeted 57,750 people(11,319M, 11,781W, 16,979, and 17,672G) from IDPS, Returns and affected HC in the Blue Nile (At Tadamon & Baw), Kassala (Reifi Kassla), South Kordofan (Al Buram&Um Durein), and West Kordofan (Ghubaish&An Nuhud)through the drill of 7 new hand pumps, install of 4 new water yards, rehabilitation of 14 hand pumps. AORD will construct/install 500 new households/s in HHs and operation and maintenance of 1000 existing latrines. AORD will be Constructed 25 handwashing facilities in a communal setup and provide 800 personal hygiene materials.
AORD provides Child protection and GBV services through target 3,280 Women in BNS (Tadamon (Book community)/Baw (Wega community) and SK(Leri(Um Giah Community)/Um Duerian(Karam Community)  for GBV and 4,332 children in BNS (At Tadamon - BN Baw), North Kordofan (Bara, Ar Rahad ), West Kordofan (An Nuhud, Ghubaish) and Kassala ( Refi Kassla) for CP, the GBV intervention through construct 4 women Center(semi-permanent), rehabilitate 4 women's centers. AORD will train 4 community protection networks and AORD will conduct 4 community Awareness raising. CP interventions are to Provide rehabilitation and reintegration activities for Children released from the armed groups and armed forces. provide legal assistance Assistance for Children with Disability, procurement, and distribution of tents for emergency CFS Run and maintenance of Child-friendly spaces with Furniture stationaries and equipment.
AORD targets 8,820 children from IPDs and affected HC in (South Kordofan (Kadugli & Rashad)/Blue Nile (Al Tadamon &Baw)/West Kordofan (El Nuhood)/North Kordofan (Bara&Al Rahad)/Kassala (Reaifi Kassala) through Nutrition activities, AORD will provide Outpatient management of severe acute malnutrition without complications for children 6-59 months, vitamin A supplements for 8,820 children, and Infant and Young Child feeding (IYCF) counseling.
FSL services will reach 9000 individuals from IDPs and HC through providing agricultural and livestock support for extremely vulnerable people.
This proposed integrated intervention is designed according to the gaps and needs. AORD will coordinate, consult, and collaborate with all the related stakeholders in their different levels while designing, implementing, monitoring, and reporting the activities.",0
"239691","Provision of Agricultural Inputs to Drought-affected Vulnerable Households to Improve Immediate Access to Food in Garbaharey in Somalia Improving access and availability of food while building resilient systems to improve living conditions of Somali Households affected by crisis.   Through implementation, ACTED intends to save lives and improve the ability of Somali households to meet their basic needs through multi-purpose cash transfers for severely disaster-affected populations and to show progress towards the long-term goal of a Somali safety net. Through this project, the Somalia Cash Consortium, of which ACTED is a member, intends to address the needs of the most vulnerable disaster-affected households by providing multi-purpose unrestricted cash transfer. ACTED’s involvement in this project aims at supporting vulnerable households in Baidoa IDP sites of bay region, El-Afweyn and Erigavo districts of Sanaag region, through unconditional cash transfers through six months of mobile money transfers. The Consortium will target the most vulnerable households with life-saving multi-purpose unconditional cash transfers. The Action will specifically target populations in IPC 3, 4 and 5, especially newly displaced and worst-affected Pastoralist and agro-pastoralist communities. In addition, this Action seeks to provide life-saving assistance to food insecure communities in Bay, Gedo and Lower Juba regions while implementing recovery and resilience activities to
restore livelihoods and respond to the needs of IDPs and rural communities in Baidoa, Kismayo, El-Afwayne, Badhan, Diinsoor and Buurhakaba districts who are impacted by floods and drought, lack sustainable livelihoods, at risk of displacement and with limited access to adequate WASH and shelter services.",0
"307531","Provide food assistance through the cash modality  and to provide emergency school feeding assistance",0
"291186","Protection	Pillar I - Provision of Gender-Based Violence (GBV) Prevention and Response Services, for Vulnerable Populations in Wadi Khaled and Jezzine. Protection Response for Vulnerable Lebanese and Other Resident Populations According to OCHA, approximately 393,000 people across 26 districts are in need of GBV services in 2022, a significant increase from 67,000 people in need in the 2021 ERP. Around a quarter of Lebanese households reported having safety and security concerns for women in their community (OCHA, 2022). The GBVIMS shows that in the last quarter of 2022, the most common types of GBV incidents were physical assault and emotional abuse mostly happening in the context of intimate partner violence, followed by forced marriage. Protection risks for all targeted populations remains high, with women and girls facing significant risks of multiple forms of GBV. The economic insecurity combined with different levels of crisis affecting the country as well as risks related to legal status, add to these vulnerabilities. Shortage in electricity and increased transportation and telecom prices all act as contributing factors to different forms of GBV in all locations. Sexual harassment through online platform and cyber abuse is an emerging GBV trend. Another alarming trend is the increased rates of sexual exploitation by landlords and employers especially affecting female heads of households with financial vulnerability.  Preventing, mitigating, and responding to GBV in emergencies is a lifesaving priority and an essential component of humanitarian action, especially in a country with extreme structural gender inequalities. 

The below proposed activities focus on survivor-centered care with case management teams working to meet the immediate, lifesaving needs of women and girls while laying the groundwork for survivors of GBV, their families and their communities to recover. Under the GBV prevention component, the project will be providing dignity kits to 3000 beneficiaries and awareness raising sessions to 2500 non-unique beneficiaries. There will be an overlap of beneficiaries attending awareness sessions and receiving dignity kits. Also, 120 men will receive men engagement activities (Cycle of Violence), and those are already counted under the awareness sessions target. The COV is composed of three sessions including: Life and daily stressors, Violence and How to deal with stressors. 
Aim of the sessions:
 During the dire economic situation in the country, the team will look at the effects of the family on this period, and its goal is the ability to mitigate its effects on both, society and family. 
 In the three sessions, the team will discuss together with the men about the stress and frustrations of the situation as well its effects on the family members and their reactions towards it in a positive or negative way.
Under the GBV response component, IMC will be providing focused PSS groups for 300 beneficiaries as well as GBV case management (including emergency cash assistance). IMC will also provide non-focused PSS for 500 unique beneficiaries (which overlap with the focused PSS activities as well as the dignity kits beneficiaries). IMC will provide the services in three safe spaces in Akkar, Beirut and South. GBV department is well established in these areas with well-trained case workers and social workers.

Based on IMC’s presence in the different areas proposed under this project, the objectives of the ERP directly address the needs of the communities especially vulnerable women and girls. IMC will organize empowerment activities for women and girls and will engage with men as allies to prevent GBV. IMC will coordinate with local actors, authorities, and other sectors to strengthen GBV prevention and response and will continue working with communities to shift social norms that contribute to GBV and threaten the protection and wellbeing of women and children.",0
"203584","Protection programming in Ninewa, Diyala, Anbar and Salah al Din (USAID/OFDA) Improving the protection environment for highly vulnerable, displaced conflict-affected households in Iraq DRC aims to provide a comprehensive remedial protection program to support vulnerable groups across the displacement spectrum and increase community-led protection mechanisms in Iraq. DRC Protection services support a full-cluster approach that aligns with the following objectives of the protection cluster and HRP:
Objective 1) Provide protection assistance, including community-based support, for highly vulnerable displaced persons living in camp and non-camp settings, thereby enabling them to enjoy their rights
Objective 2) Provide protection assistance, including community-based support, for highly vulnerable persons, to facilitate voluntary, safe, non-discriminatory and sustainable returns
Objective 3) Deliver immediate support to newly displaced persons by facilitating access to safety and providing protection assistance
Objective 4) Provide assistance to vulnerable individuals living in mixed populations areas with support to access government social protection systems, and assist with the provision of other specialised protection services.
 
DRC protection services seek to align with the following Strategic Objectives of the Humanitarian Response Plan:
Strategic Objective 1: Support highly vulnerable displaced families living in camps and sub-standard accommodation by providing services and assistance packages
Strategic Objective 2: Support highly vulnerable displaced families who are willing to return to their homes, but are unable to do so without assistance by providing package at their place of displacement when they return home. 
Strategic Objective 4: Support highly vulnerable people inadequately covered under the social protection floor by providing assistance packages and facilitating access to services.",0
"239674","Protection monitoring services provided in Kahda and Daynile districts of Banadir to identify protection risks, human rights violations and gaps in available services.. Scaling up of protection services to vulnerable Internally Displaced Persons in Banadir region. Most of the 2.6 million IDPs in Somalia live in informal and unplanned settlements where living conditions are poor and forced eviction is a common threat. Safety and security concerns remain a high priority for all affected populations, with displacement contributing to immediate and heightened exposure to violence, exploitation and other forms of abuse. Serious risks and threats to safety and security. The protection needs in Somalia changed and evolved over time. The current crisis affects individuals of all ages and genders, as well as from diverse social backgrounds, in different ways and scale. The most vulnerable groups include people with physical, sensorial, intellectual and mental disabilities, adolescent girls and boys, pregnant and lactating women and girls, female and child-headed households, unaccompanied and separated children, persons from minority clans, older persons without caregivers, persons missing documentation, persons facing eviction, persons living in areas with armed conflict and violence. Women and adolescent girls from 18 – 50 years old (including those living with disabilities) are subjected to Intimate Partner Violence, rape, sexual exploitation, sexual harassment and abuse. Low reporting of GBV cases persist due to stigmatization, victim blaming, shame and interference by clan and religious leaders, slow access to justice and weak or lack of legal framework for the protection of women and girls from GBV. Persons with disabilities face various physical, attitudinal and institutional barriers to access food, health, shelter and protection on an equal basis with others. Persons with disabilities are estimated to be at least 15% of the population and  the majority are among the poorest part of the population. They also face disability-based discrimination, which is exacerbated in situations of crisis, and when it intersects with other factors, such as poverty, gender or age. To mitigate the above mentioned challenge, SSWC will conduct  meetings and consult with people living with disabilities throughout the project phases.  Transportation plans for people living with disabilities will be made for easy access to our centres and our field monitors will ensure that they target households with people living with disabilities in their daily visits within the target areas. Up to 66 per cent of the population in need in Somalia are children who continue to be exposed to threats of recruitment, abuse, neglect, abduction, exploitation and violence. Hence, 1.88 million children including 10% of children with disabilities need immediate child protection services. Boys and girls of all ages in Somalia continue to endure multiple protection risks and violations of their rights including family separation, sexual and physical violence, killing and maiming, psycho social distress, worst forms of child labor, widespread recruitment and use of children, forced and protracted. SSWC wants to address GBV and child protection programming due to high number of Incidents of GBV this is as a result of reported cases, predominantly in IDP sites throughout the country. The objective of the project is to fill up  the existing critical gaps in protection targeting 50,000 beneﬁciaries in Banadir district. The purpose of the intervention is to significantly reduce the incidents of GBV, promote awareness on prevention and response to GBV and provide child protection services to the community living in Banadir. Protection activities include provision of psychosocial support, Medical referrals, legal aid counselling, distribution of emergency social assistance (dignity kits), awareness and sensitization on GBV prevention and response, Capacity building for community structures on GBV prevention and response and comprehensive case management services at the Women Wellness centers and Safe houses.Establishment of Child friendly spaces, facilitation of psycho-social support for children including play therapy, art work and drawing.",0
"185302","Protect fragile livelihoods of farmers affected by the Great March of Return in the access restricted area (ARA) through urgent livelihood support to restore their agricultural production capacity. Protect the livelihoods of acutely vulnerable residents in the Access Restricted Areas and build farmers’ resilience to cope with recurrent shocks and continued Israeli violations of IHL & IHRL The overall objective of the project is to protect the livelihoods of ARA residents, build their resilience to cope with protracted protection threats.  
The project will contribute to the following overarching country strategic objectives:
SO1: The rights of Palestinians living under occupation, including those living under the blockade and other restrictions, are protected, respected and promoted in accordance with IHL and IHRL.
PUI has strong advocacy component in its project; it focus on access to livelihoods and document and report on Israeli violations of IHL & IHRL. It also raises awareness of acutely vulnerable people on their basic rights. 
SO3: The ability of vulnerable Palestinians to cope with the protracted crisis, including environmental threats, is supported, while solutions to violations and other root causes of threats and shocks are pursued.
PUI will focus on infrastructure challenges such as shortages of electricity and water in agriculture using innovative solutions and as much as possible link intervention to development actors through coordination with key development actors and joint advocacy initiatives. 

FSS-Key result 1: The resilience and the productive capacity of vulnerable households are restored/ enhanced and livelihoods protected.
FSS-key result 4: Implementation of FSS activities are coordinated, and information sharing ensured, including streamlining of preparedness and advocacy activities, with involvement of key partners.

PUI will enable farmers and vulnerable women in re-launching their agricultural activities through different activities such as; solar energy for irrigation, agricultural inputs, cash assistance, etc.",0
"237910","PQ21S31 Strengthening the Resilience of Palestine Refugees from Syria in Lebanon through Cash for Food Assistance and Health Services",0
"242421","part of NLA97/SRH/Sudan Humanitarian Response Plan 2021/Strengthening inclusive Social Protection and  Health systems (including MHPSS) in Sudan Provision of Lifesaving SRHR services for most vulnerable and in-need population, Sudan, 2021 The provision of Sexual and Reproductive Health services is essential in humanitarian setting, it is an effective approach for preventing deaths, diseases, and disabilities associated and resulted from unintended pregnancy, obstetric complications, sexual and other forms of gender-based violence, HIV infection, and a range of reproductive disorders. UNFPA jointly with partners, will ensure the provision of comprehensive SRH services in humanitarian settings, with utmost consideration to the COVID19 prevention and response measures. 
The intervention primarily targets women, girls in reproductive age, youth and adolescents, and men and boys.  Sudan HNO 2021 indicates total people in need at 8.1 million, health sector target is 5.7 million. UNFPA will target 1.6 million with more than 80% are women and girls in reproductive age. The geographical coverage follows the HNO identified locations with severity ranking three and above. 

All SRHR intervention will be implemented simultaneously through coordinated actions with all relevant partners. The planned interventions prioritize and aim reducing SRH mortalities and morbidities through: timely provision of Emergency Obstetric care and save delivery services, timely referral to lifesaving services, support the availability of Family Planning services, improving Clinical management of rape for survivors of SGBV, availing HIV and STIs prevention and response, improving Antenatal and postnatal care, Post abortion care, and other SRH services.  These will be achieved through strengthening the capacity of SRH care providers with emphases of midwifery services, timely availability of lifesaving SRHR supplies, timely deployment of temporary clinics and mobile clinics, supporting the referral system, and demand creation through awareness raising and educational activities. Maternal Morbidities such as Obstetric fistula will be given especial attention by UNFPA. 

The implementation of activities will be conducted through NGOs and Government partners with the strong technical support from UNFPA, including maintaining the field presence.",0
"242420","part of NLA97/GBV/Sudan Humanitarian Response Plan 2021/Strengthening inclusive Social Protection and  Health systems (including MHPSS) in Sudan Strengthening GBV prevention mechanisms and provision of comprehensive and lifesaving GBV for population in need in Sudan  The main humanitarian needs in Sudan result from different underlying root causes and drivers including instability and multiple conflicts, recurrent natural disasters including droughts and floods as well as disease outbreaks. women and girls continue to suffer disproportionately from GBV due to violations of basic rights, insecurity, low economic status, denial of livelihood opportunities, lack of community awareness on women's rights and GBV as well as due to negative cultural and societal norms. Rape, physical violence, FGM, early/ forced marriages, denial of resources opportunities, and verbal abuse are some of the common violations perpetrated against women and girls.  The 2021 HNO indicated that there are 2,287,484 People in need of GBV services, out of which the GBV Sub Sector is targeting 890,303.
 As a continuation of the incredible achievements in GBV programming reported in 2020, UNFPA Sudan will  contribute to the three GBV Sub -Sector objectives: 
1- Strengthen the provision of life- saving specialized quality GBV services, for survivors of GBV and vulnerable women and girls. (with a focus on women and girls with disabilities and adolescent girls (Linked to HRP Strategic Objective 1), through the provision of different services to vulnerable women & girls including GBV survivors (Case management, PSS, referrals), assessments, community awareness-raising, and programming, provision of dignity kits, and capacity building of GBV frontline actors.
2-Enhance strategies for community resilience through the empowerment of women and girls and strengthened community-based interventions(Linked to HRP Strategic Objective 2), by supporting women centers, community protection networks, and  training of women & girls on vocational skills, 
3- Promote GBV risk mitigation into all aspects of the humanitarian response (Linked to HRP Strategic Objective 3), by training on GBV for Non-GBV actors.

 Overall target : 400,000 (45% of GBV SS Target).",0
"174538","PAM: cash pour PDI; CICR: colis alimentaires et riz; TGH: Soutien à la résilience des ménages d’éleveurs les plus vulnérables affectés par le conflit",0
"273627","Pakistan Flood Emergency Response Plan 2022	Emergency Shelter and NFI	Province: Baluchistan Provision of Shelter Package to 150 HH and 150 Cash Grants Conditional for shelter Construction
--- Islamic Relief  Australia",0
"273628","Pakistan Flood Emergency Response Plan 2022	Emergency Shelter and NFI	Province: Baluchistan Provision of Shelter Package to 150 HH and 150 Cash Grants Conditional for shelter Construction
--- Islamic Relief  Australia",0
"219204","Multi-Sector Integrated Approach to Improve Access to Basic Services and Resilience of the Vulnerable Population to the Recurrent Shocks in North Delta Locality, Kassala Improving food security and livelihoods of vulnerable households affected by conﬂict and natural disaster in Blue Nile, North Darfur and Kassala states The project interventions are intended to lead to increased food security & strengthen community resilience to climate shocks &conflict through enabling sustainable increases in agricultural and livestock productivity & adopting alternative livelihoods which will decrease competition over natural resource. The ultimate beneﬁciaries of the project are mainly the farmers and pastoralist, IDPs, returnees & poor residents in Blue Nile, North Darfur and Kassala states (around 580790 people). Agricultural tools, drought resistant seeds & seedlings, vegetables and horticulture will be provided to increase household food production. Promotion of climate smart & resilient crops & livestock production systems, protection of livestock based livelihoods in pastoral & agro pastoral community through provision of emergency livestock assistance, livestock watering, restocking with goat & poultry; awareness raising on the important of healthy diet in addition to women training on food processing for malnutrition, these inputs will build the capacity of the targeted communities to achieve their own food security & improve their livelihoods by increasing their production & income to better able them to withstand future shocks, droughts & other natural disasters. Solar powered women farms will enable produce quality diversified food items for household consumption and income & will reduce work load compared to currently practiced irrigation methods. Establish women saving & loan groups & support it with clean fuel (LPG cylinders & stoves) to establish revolving funds thus reducing wood collection work load & negative health impacts of indoor pollution. Process of women farms will be supported by nurseries, business management & agro processing trainings, linkage to markets & solar lights for safe gathering and mobile charging. The project will support assets protection and increase the ability of the target communities to decrease post-harvest losses & increase their resilience to shocks through provision of cash for work & cash for assets. The project will facilitate regeneration of ecosystem through a range of activities that aims to increase access to water, pasture and forestry which in the past directly contributed to conﬂict between farmers and pastoralists. Training will be provided on the management of these resources and environmental conservation techniques. The project will support the formation & reinforcement of farmers’ groups & community based associations strengthen their institutional capacity and consolidate their links to government service providers & other actors; to facilitate delivery of other project activities. For example, the training & technical support will be provided through these groups. The Project will apply participatory approaches for prioritizing & planning community needs to ensure that community planning & service delivery is tailored to local needs. More over the project will arrange to raise community awareness on themes other than production of the value chain products, including gender, protection & environment. As with elsewhere in the three targeted states men & women have different and unequal access to agriculture and livestock production inputs and technology (women represent about 49% of the total population yet are responsible for more than 65% of agriculture and livestock livelihood activities); therefore the project will ensure that everyone in the affected community women, girls, boys and men have a voice in the development & implementation of the project & have access to opportunities that the project gives. Restocking with livelihoods kits, vegetable growing & marketing will enable women and youth to better engage in income generating activities and production process. The project will be run in environment friendly pattern, saving natural resources & increase target population awareness about environment issues through discussion & orientation sessions.",0
"184395","Multi-Purpose Cash and Education to Reduce the Impact of Super Typhoon Mangkhut / Ompong in the Philippines2018: 401.590,78 €    2019: 98.409,22 €",0
"184408","Multi-Purpose Cash and Education to Reduce the Impact of Super Typhoon Mangkhut / Ompong in the Philippines2018: 401.590,78 €    2019: 98.409,22 € (2019 portion)",0
"184410","Multi-Purpose Cash and Education to Reduce the Impact of Super Typhoon Mangkhut / Ompong in the Philippines2018: 401.590,78 €    2019: 98.409,22 € (2018 portion)",0
"179634","Makani Programme-Education,Social Protection,and Engagement of Vulnerable Child Jordan n/a",0
"187008","Livestock-Based livelihood support to cyclone affected communities in Baki and Zeila districts of Awdal region, Somaliland. Emergency lifesaving  food access and livelihoods support to vulnerable drought affected people in Hawd areas of Maroodi Jeex Region 1.	To improve immediate access to food and rehabilitate livelihoods for the vulnerable population who are at risk of hunger, priority activities include unconditional transfers (Cash) 

2.	To restore and preserve critical community accessible productive assets which underpin food security and livelihoods, priority activities will include conditional transfers (cash for work for small scale infrastructure repairs, tillage hours and provision of assorted appropriate seeds) and 

3.	To provide alternative income and livelihood sources to youth in peri urban centers.",0
"242417","Life-sustaining Support towards Quality Education for South Sudanese Refugees in As Salam Locality, White Nile State. Multi-Sector Education, Food Security, and Livelihood Response for Vulnerable Host Communities in Kosti, Alsalam, and Aljabalian localities of White Nile State The Sudan IPC Acute Food Insecurity Analysis (JUNE - DECEMBER 2020) estimated that 6 million people (21% of the population analyzed) are experiencing humanitarian Crisis or worse levels of food insecurity (IPC Phase 3 or above). This is the highest figure ever recorded in the history of IPC in Sudan compared to previous years. Around 2.2 million people are facing an Emergency acute food insecurity situation (IPC Phase 4) and around 7.4 million people are facing Crisis acute food insecurity (IPC Phase 3), while nearly 15.9 million people are estimated to be in Stress (IPC Phase 2). This is also a high figure compared to previous analyses, Overall localities from 18 states. 
White Nile state one of state that affected directly by the flash floods and economic crisis since the separation of South Sudan. This left behind a host of economic challenges in White Nile state especially after beginning of conflict in the new born country led to large numbers of south Sudanese asylum seekers inside state and as all other Sudan states after appear of COVID-19 White Nile state take strict preventive measures and adopted, including a nightly curfew, banning gatherings, and closure of markets, schools, and universities, have impacted the livelihoods of many urban poor who depend on daily work in the informal sector. 
This project aims at building the resilience of vulnerable communities in White Nile state. It targets 6 communities and 8,700 vulnerable people in targeted areas with below breakdown:
Food security and livelihood response: Targeted 6,600 (63% female and 37% male) and  through provide different livelihood alternatives  (Vocational training, livestock support, Agriculture support through agriculture tools and inputs  for vulnerable HHs)
 Education response: targeted 2,000 ( (49% girls  and %51 boys and  from total  targeted children 1% children with disabilities) through improve quality education  and other services by construction and rehabilitation of classroom and provision of  furniture(desk and bench set)  , direct support through cash grant for HHs and incentive for school teachers and response to COVID-19 pandemic  through deliver of awareness sessions ,hard copies and training on COVID-19 school protocols and distribution Non medical mask for children ,teachers and school staff.  
The project will provide sustainable assistance through multisectoral interventions that promote resilience among t affected populations and strengthen human security in targeted locations",0
"179397","Lifesaving support to 80,000 Central African Refugees in Cameroon Lifesaving support to 80,000 Central African Refugees in Cameroon  The objective of the Project is to provide unconditional food assistance in food and Cash all year around to most vulnerable CAR refugees in the East, Adamaoua and North regions",0
"292887","Lebanon: UNICEF's response to the Syria Crisis	Cross-Sectoral (two or more outcome areas)	
HAC-SYRIA REFUGEES
Social protection Lebanon: United Nations Children's Fund (Basic Needs response) United Nations Children's Fund - Basic Needs response (Lebanon)",0
"288703","Kenya Drought Response Plan 2023
Provision of cash, protection and services for refugees and asylum seekers with disabilities in the camps in Dadaab and Kakuma areas
-- Protection Protection response to the affected population Access of forcibly displaced and stateless persons to protection, assistance and solutions is safeguarded by addressing and reducing risks; children of concern have access to strengthened child protection mechanisms, including under the national child protection systems and services; safer environments are in place for women, girls and others most-at-risk and access to GBV prevention and response is strengthened including through access to national services;access to civil registration services and issuance of legally recognized civil status documentation is strengthened; access to the territory of Kenya is guaranteed, national reception procedures are effective and refugees and asylum-seekers are issued with legally recognized identity documents by national refugee management authorities; the efficiency, fairness and adaptability of national refugee status determination procedures is strengthened; incidents of arbitrary arrest and detention on account of irregular entry, stay,or legal status and incidents of refoulement are reduced and access to legal remedies is enhanced.",0
"288704","Kenya Drought Response Plan 2023
Provision of cash, protection and services for refugees and asylum seekers with disabilities in the camps in Dadaab and Kakuma areas
-- Protection Protection response to the affected population Access of forcibly displaced and stateless persons to protection, assistance and solutions is safeguarded by addressing and reducing risks; children of concern have access to strengthened child protection mechanisms, including under the national child protection systems and services; safer environments are in place for women, girls and others most-at-risk and access to GBV prevention and response is strengthened including through access to national services;access to civil registration services and issuance of legally recognized civil status documentation is strengthened; access to the territory of Kenya is guaranteed, national reception procedures are effective and refugees and asylum-seekers are issued with legally recognized identity documents by national refugee management authorities; the efficiency, fairness and adaptability of national refugee status determination procedures is strengthened; incidents of arbitrary arrest and detention on account of irregular entry, stay,or legal status and incidents of refoulement are reduced and access to legal remedies is enhanced.",0
"171599","Integrated emergency WASH and MPC response to most vulnerable families in South Central Somalia (ECHO/-HF/BUD/2018/91005) Integrated WASH and FSL response to most vulnerable families in Banaadir and Middle Shabelle The project will provide an integrated WASH and FSL emergency response to the most vulnerable crisis affected households. These would predominantly be newly displaced families settling in IDP camps along Mogadishu - Afgoye road, but also communities affected by disease outbreaks, inter-community conflict, drought and  floods residing in  Middle Shabelle. The project's aim is also to mainstream camp management objectives, to address protection issues, and to increase accountability to beneficiaries and empower marginalized groups. For WASH, the dominant sector objective is to provide access to safe water, sanitation and hygiene for people in emergency (Objective 2) combined with WASH emergency preparedness (Objective 1) especially in terms of flood risk reduction. Lastly, the sustainable expansion of safe water infrastructure (Objective 3) as an exit strategy for water trucking and AWD response. As access to water, sanitation and food remain priority needs, the project will provide improved access to food (Objective 1) for families that are classified on the food consumption score as IPC 3 or 4. Multipurpose cash will be used as modality. Camp coordination, camp management and governance (CCCM) objectives will be mainstreamed throughout the project, and will focusing on strengthening community self-management to promote durable solutions for displaced people in sites and improve community engagement, participation, living conditions and safe access to services.",0
"250194","Increased Immediate Access to Food and Protection of Livestock for Drought Affected IDP and Non-IDP households in Elwak District Increasing Access to Food and Improving the  Resilience and Food Security of Crisis Affected IDP and Non-IDP Communities in Jubaland, Banadir and Galgudud  The project will benefit 1,360 households (8,160 persons who include 3,006 IDP Households and 5,154 vulnerable non-IDP households- 1,799 men, 1,873 women and 4,488 children).   These beneficiaries will include IDP communities in Banadir, Kismayo, Dollow and Abudwak; agro-pastoralists smallholder farmers in Dollow and pastoralists from Abudwak.  The project also purposes to target 816 persons with disabilities with the planned interventions. The project will facilitate 530households (3,180 people) with conditional and unconditional cash transfers to facilitate immediate access to food for these vulnerable communities living in areas with severe acute food insecurity. These beneficiaries include 2,226 Displaced persons, 954 persons belonging to the host communities and 318 persons living with a disability. This figure also includes 1,749 children. To ensure that the most at-risk persons are targeted 230 households (1,380 people) with pregnant and lactating women, PWD, the ill and the elderly will receive food vouchers. Community-Based Targeting will be employed during the selection of the beneficiaries.  Selection will be targeting IPC 3 and 4 HHs, prioritizing women-headed households or households with pregnant women, persons with disabilities, the elderly and children below 5 years who are malnourished. The beneficiaries will be registered through KOBO collect.PAD will undertake beneficiary registration exercises and a verification process to establish whether the identified beneficiaries meet the above-agreed selection criteria. 
430 households including IDP and non-IDP households, who are food insecure, will be targeted. 200 of these households will receive unconditional cash transfers worth $ 124 each for three months. On the other hand, 230 highly vulnerable households will also be supported with food vouchers worth $ 90 per month for three months.     100 households will benefit from conditional cash transfers of $7 per day for 20 days working in the rehabilitation of community assets in Dollow and Abudwak.  100 households (600 persons) will be targeted during Cash for Work Interventions. Priority will be given to women who are physically capable of participating in agricultural and livestock assets rehabilitation. All cash rates will be based on the rates set by the Cash working group of the targeted regions and will be transferred to their registered and verified mobile phones from mobile money service providers (i.e Hormuud)  The amount mentioned above is not inclusive of transfer charges.  Conditional and unconditional cash transfers will increase the purchasing power for targeted households to access food commodities available in the local markets for at least 3 months as they recover their assets and livelihood. The cash is a dignified approach to supporting these households to make choices of types and quantities of food to purchase. Post Distribution Surveys will be conducted to monitor the use of transferred cash and redeemed vouchers and the benefit this support has brought the families.
The project will also support protecting livelihoods assets with various approaches. 200 smallholder farmer households (1200 persons)  in Dollow will be supported with smart farming training and provision of seasonally appropriate agricultural inputs as well as short term training on pest control and use of crop cover to reduce flooding and loss of crop swill ensure farmers reduce the loss of yield through pest. 500 pastoralist households in Dollow and Abudwak will also receive treatment for livestock diseases and support increasing fodder production.   The project also targets 30  IDP women and youth with income-generating activities to increase household food security and 100 IDP women-headed households will be facilitated with knowledge and skills to establish kitchen gardens which will increase the household dietary intake. This 12-month project will be implemented in the Jubaland state and Banadir and Galmudug regions.",0
"239365","Increased Household Food Security for IDPs and Non- IDP Vulnerable Communities In Garbaharey District Improved Food Security for the Vulnerable Households in Gedo and  Galgudug region  The improved and sustained food security project will be implemented in Gedo and Galmudug regions and will target and benefit 14400 individuals in need (These include 10,080 displaced persons and 2010 persons with disability). The project will facilitate 950 households (5700 people) with conditional and unconditional cash transfers to facilitate immediate access to food for vulnerable communities living in areas with severe acute food insecurity. These beneficiaries include 3990 Displaced persons, 1800 persons belonging to the host communities and 855 persons living with a disability. This figure includes 3192 children.  350 households (2100 people) with pregnant and lactating women, PWD, the ill and the elderly will receive cash vouchers while 300 households including  IDP and pastoralist households who are food insecure, will be targeted with unconditional cash transfers. Priority will be given to women or households with PWD and the elderly. 300 households (1800 persons) will be targeted during Cash for Work Interventions. Priority will be given to women who are physically capable of participating in agricultural and livestock assets rehabilitation. All cash rates will be based on the rates as set by the Cash working group of the targeted districts. Conditional and unconditional cash transfers will increase the purchasing power for targeted households to access food commodities available in the local markets for at least 3 months as they recover their assets and livelihood. The cash is a dignified approach to supporting these households to make choices of types and quantities of food to purchase. Post Distribution Surveys will be conducted to monitor the use of transferred cash and redeemed vouchers and the benefit this support has brought the families.
The project will also support livelihoods of 1450 households (8700 people) from Dollow, Abudwak and Dhusamareb as well as displaced persons located to sustain enhance their household access to food through the protection of their livelihoods. This will include training and provision of seasonally appropriate agricultural inputs to 400 farmers. Short term training on pest control and use of crop cover to reduce flooding and loss of crop swill ensure farmers reduce the loss of yield through pest and plods.  The project also targets 100  IDP women and youth with income-generating activities to improve household food security  200 IDP women will be supported to take up backyard poultry rearing for household consumption and commercial benefits to the households. 200 IDP women will be facilitated with knowledge and skills to establish kitchen gardens which will improve the household dietary intake.",0
"223976","In line with CIL’s Emergency Response Strategy we are engaging with two experienced local partners (Nusaned and Anera), to provide essential repairs and rehabilitation to the homes of the most vulnerable households directly affected by the Beirut Blast, subject to minor and medium damage. Linked to wider settlement and livelihood impacts: the shelter implementation modality involves engaging local youths (who are part of existing vocational training with Anera in carrying out the assessments repairs and rehabilitation under the supervision of engineers, through a cash for work modality directly managed by the partner. The key locations will be areas directly affected by the blast and surrounding smaller neighbourhoods. Shelter Repairs to Households directly affected by the Beirut Blast In line with CARE Lebanon´s Emergency Response Strategy, CARE will engage with experienced local partners to provide essential repairs to the homes of the most vulnerable households directly affected by the Beirut Blast, subject to minor and medium damage (window and doors blown out, or damaged sanitation facilities such as bathrooms, kitchens and toilets). Both categories, minor and medium damage, will be considered in this intervention. 

CARE will prioritise women and girls and carry out all work with gender and protection mainstreamed. The repairs and rehab will be achieved through a combination of cash programming and technical support. Furthermore, CARE´s intervention will encompass restricted cash for shelter in the form of rent for those whose houses are seriously damaged and un-inhabitable, including protection referrals. This component will mitigate evictions and support those most at risk of Housing and Land Property Rights violations, linking to the NRCs legal support unit ICLA. Targeted groups include direct affected population by the Beirut Blast, including vulnerable families already impacted by the economic crisis, migrant workers, female-headed households, elderly and those with specific needs. 

The shelter implementation modality also involves engaging local youths in carrying out the assessments repairs and rehabilitation under the supervision of engineers, through a cash for work modality directly managed by the partner. This intervention will benefit Beirut based vendors from being chosen suppliers for the project subsequently boosting the market. This approach will both address the urgent needs of the targeted beneficiaries, ensure that supplies and services are procured and delivered at local level, and create income generating activities which should boost an already devastated economy weighed down by hyperinflation and months of lockdown due to the coronavirus pandemic. It will thereafter ensure sustainability and long-term impact beyond the duration of the project.",0
"217998","Improving access to critical child protection services for conflict affected children in Aweil East and Bor South. ( CoVID) Up-scaling and strengthening Community Based Structures to provide lifesaving Comprehensive Child Protection services to UASC and other at risk children/families in former Lakes, Jonglei, Eastern Equatoria, Northern Bahr el Ghazal and Upper Nile States Enlargement of Project # 161239: SCI will scale-up and expand Cash-based support for vulnerable case of children ( 150  cases); Radio-based awareness activities will be implemented as part of prevention measures against Covid 19 .Procurement of PPE Kits including Gamboots, Umberallas , santizers and masks for frontline child protection staff .  SCI will recruit additional MHPSS specialized staff who will provide conselling services to beneficaires, SCI staff anf partners.  To cater the communications and internet needs for frontline child protection staff, SCI will provide mobile airtime ,  and internet bundles for the uses of the case management and in staff online trainings.  SCI will reach a total of 3000 new beneficaries with the covid 19 interventions, Total estimated beneficiaries = 5000",0
"228485","Improvement of access to health services for IDPs and host communities in Volnovaha and Stanytsia Luhanska raions Community-based protection and assistance close to the contact line The project goal is to provide community-based and protection-oriented assistance to internally displaced persons (IDPs) and conflict-affected population, including returnees and persons at risk of arbitrary displacement living in the areas along or in close proximity to Line of Contact (LoC) in the Government Controlled Areas (GCA) of Ukraine.
The project goal is to provide community-based and protection-oriented assistance to internally displaced persons (IDPs) and conflict-affected population, including returnees and persons at risk of arbitrary displacement living in the areas along or in close proximity to Line of Contact (LoC) in the Government Controlled Areas (GCA) of Ukraine.
The project will be implemented through seven offices at Svitlodarsk, Toretsk, Chasiv Yar, Avdiivka, Mariinka, Maiorsk and Volnovakha in Donetska oblast and three offices in Luhanska oblast established in Shchastia, Stanytsia Luhanska and Zolote. Interventions will include:
●	advocacy for access to rights at regional level and to remove any discrimination;
●	protection monitoring including individual case management, transportation support, protection counselling, information sharing, referrals, and assistance in identification for implementation of UNHCR cash programme;
●	mobilization and empowerment of local communities through community support initiatives;
●	promotion of peaceful coexistence by small-scale infrastructure support for communities with the procurement of certain services, materials, and other supplies;
●	psychological support and counselling for residents of contact line settlements;
●	support with permanent housing of particularly vulnerable PoCs;
●	emergency response to the population(s) affected by the constant military activities along the contact line;
●	activities in response to COVID-related situation along the contact line;
●	mine victims assistance (rehabilitation, social and psychological support, assistive devices provision);
●	restoration and/or rehabilitation of disrupted health services and infrastructure (due to the conflict and/or lack of maintenance);
●	provision of health facilities with necessary medical equipment and supplies.",0
"228486","Improvement of access to health services for IDPs and host communities in Volnovaha and Stanytsia Luhanska raions Community-based protection and assistance close to the contact line The project goal is to provide community-based and protection-oriented assistance to internally displaced persons (IDPs) and conflict-affected population, including returnees and persons at risk of arbitrary displacement living in the areas along or in close proximity to Line of Contact (LoC) in the Government Controlled Areas (GCA) of Ukraine.
The project goal is to provide community-based and protection-oriented assistance to internally displaced persons (IDPs) and conflict-affected population, including returnees and persons at risk of arbitrary displacement living in the areas along or in close proximity to Line of Contact (LoC) in the Government Controlled Areas (GCA) of Ukraine.
The project will be implemented through seven offices at Svitlodarsk, Toretsk, Chasiv Yar, Avdiivka, Mariinka, Maiorsk and Volnovakha in Donetska oblast and three offices in Luhanska oblast established in Shchastia, Stanytsia Luhanska and Zolote. Interventions will include:
●	advocacy for access to rights at regional level and to remove any discrimination;
●	protection monitoring including individual case management, transportation support, protection counselling, information sharing, referrals, and assistance in identification for implementation of UNHCR cash programme;
●	mobilization and empowerment of local communities through community support initiatives;
●	promotion of peaceful coexistence by small-scale infrastructure support for communities with the procurement of certain services, materials, and other supplies;
●	psychological support and counselling for residents of contact line settlements;
●	support with permanent housing of particularly vulnerable PoCs;
●	emergency response to the population(s) affected by the constant military activities along the contact line;
●	activities in response to COVID-related situation along the contact line;
●	mine victims assistance (rehabilitation, social and psychological support, assistive devices provision);
●	restoration and/or rehabilitation of disrupted health services and infrastructure (due to the conflict and/or lack of maintenance);
●	provision of health facilities with necessary medical equipment and supplies.",0
"239368","Improved food security through improved immediate access to food to Pastoral and Agro-pastoral Vulnerable Households in Badade District of Lower Juba region of South Central Somalia Provide emergency Life Saving response, restoration of livelihood assets to protect, strengthen existing livelihood structures for both Rural, Urban Poor and IDP populations and host communities of selected districts in Lower Juba, and Bay regions of Somalia Food assistance needs in Somalia are already high with an estimated 3.5 million people in rural livelihood zones, urban areas, and IDP settlements in need of food assistance. In riverine areas, farmers have suffered from multiple flood events during the Gu and Hagaa 2020 seasons, which damaged Deyr 2019/20 off-season crops and Gu 2020 main season crops. As a result, the main Gu harvest in July/August is significantly below average in these areas. While the floods disrupted recessional cultivation activities and inundated crops, the rains are supporting late planted Gu main season crops and Gu off-season crops and alleviated fears that the forecast of a below-average Hagaa season would deplete soil moisture and negatively affect off-season crops. In general, farmers have benefitted from improved access to water for irrigation. Worryingly however, the damage to road infrastructure and market access, have adversely affected terms of trade with higher prices of maize, and significantly lowering the prices for goats and daily labour wage rates by up to 30 and 102 per cent below the five-year average. 
WRRS will seek to offer response to the needs that has affected both the host community and the IDPs who have sought to take refuge in these proposed areas. This will be attained through improvement of HH access to food by provision of unconditional and conditional cash transfers to the beneficiaries of the targeted district of Bay and lower Juba. Besides this those who are pastorals will receive restock of animals offered with the vaccination, and poultry support with major focus of the female headed HH which will be accompanied by capacity building on best farming practices; veterinary care and pest control. The need to offer sustainable access to livelihood assets in hard to reach areas of Lower Juba and Bay will remain crucial and need urgent humanitarian response especially after the flood that has caused a lot of damage to the previously restored livelihood.
WRRS will work closely with all the stakeholders and other actors to ensure that there is harmornize service delivery without overlap.",0
"290093","Health	Pillar 1 - Health Preparedness and Immediate Response to Displaced Persons and Affected by the Clashes in South of Lebanon Ensure Access to Health for the Most Vulnerable and Irregular Migrants in Lebanon The overall aim of the proposed project is to ensure Access of Health to the most Vulnerable Migrants in Lebanon especially the individuals with Irregular Status (non-ID/ undocumented). 

This project is proposed for a duration of 12 months starting from 1st January 2023 until end of December 2023.

Amel efforts in primary health care date back to its establishment in 1979, with the recent national efforts played a major role in the national response to the pandemic, cholera outbreak including vaccination, surveillance, response, policy involvement among others.

Amel has been working in the support of Migrants since 2011 with established connections and outreach to almost all migrant communities of 28+ nationalities and 80+ migrant leaders through its specialized team. Outreach is conducted by Amel team specialized in the support of migrants’ cultural sensitivity, including migrants all over Lebanon, and related to embassies, GOs and other stakeholders. Migrants reach out to Amel through 30 field centers all over Lebanon, through migrants’ hotlines, community leaders, diplomatic representations and referral by other organizations. Amel is also specialized in identifying victims of trafficking and ensuring their livelihood.

Locations of the project includes AMEL PHCCs all over Lebanon that are part of the MoPH accredited network, and in the process of application or that Amel is managing within national consortiums located in Beirut, Beirut Suburbs, Bekaa and the South. The largest requests for access to health are located in BML and specifically in Amel centers in Ashrafieh, Bourj Hammoud and Burj El Barajneh. 

This includes primary health care support in Amel PHCCs with referral to advanced lab and Diagnosis, when needed, for effective follow up to health counselling. The support is conducted through a comprehensive approach of humanitarian assistance that starts with registration/screening and support to basic assistance of the case through the migrant sector directives and channels of support. Since 2011, Amel succeeded to support thousands of migrants through social support, Voluntary return to their home countries, Cash for Rent Assistance, legal support, empowerment, capacity building, awareness raising, advocacy, access to health, support of basic assistance, food security, NFIs, support of migrants in detention among other activities.

The project aims at ensuring access of health to the vulnerable migrants in Lebanon especially with irregular status through:

Outcome 1 – Ensure Access of Primary Health Care support to Migrants in Lebanon including provision of essential and chronic diseases Medications, and Advanced Diagnosis 

Obj. 1.1: 1200 patients/visits supported with chronic disease medicines in Amel provided in designated Amel PHCCs upon prescription by the doctor consultation 
Obj. 1.2: 2500 Migrants receive health consultation and medication upon prescription in Amel PHCCs through GP and specialized doctors. This includes cases referred through different referral pathways from other Response or Community agencies (NGOs, CSO, INGOs..), GOs, and diplomatic representations of Migrants, among others.
Obj. 1.3: 50 patients supported with advanced secondary care diagnostic (outside ER/Hospital)

Outcome 2 - Enhanced protection environment in humanitarian health response

Obj. 2.1: 100 frontline health workers trained on culturally sensitive approaches to improve health access for migrants
Obj. 2.2: 1300 women and girls receiving dignity kits, including personal hygiene items

Population includes migrants that are female, male, children and older persons. 

The target population includes migrants of African and South-East Asian nationalities, including Sudan, Iraq, Egypt and Afghanistan.",0
"293488","HAC-UKRAINE
ECARO: Ukraine HAC non-thematic Contribution from the Government of Norway	Cross-Sectoral (two or more outcome areas)
- Czech Republic
- Social protection Czech Republic: UNITEDTIONS CHILDREN'S FUND (Basic Needs response) UNITEDTIONS CHILDREN'S FUND - Basic Needs response (Czech Republic)",0
"311155","HAC-MENARO
---- Iran: Social protection 2022 - SM220708 - 3mEUR	
EDUCATION Iran, Islamic Republic of: United Nations Children's Fund (Education response) United Nations Children's Fund: Education response for Afghanistan Regional Plan in Iran, Islamic Republic of",0
"186916","Global: Cash and market Specialis: WASH, Water resources conservation (including data collection), Multiyear 2018-2019, total amount CHF 457,000 ( Z7H214200064)",0
"179398","Food assistance to 80,000 Internally Displaced People (IDPs) in the Far North Food assistance to 80,000 Internally Displaced People (IDPs) in the Far North  The objective of the Project is to provide unconditional food assistance (in Cash and in-kind) for 6 months to the most vulnerable IDPs in the Far North region",0
"290614","Envelopes 1 and 3 - Increasing the resilience of earthquake-affected and vulnerable populations in Afrin through early recovery and MPC interventions",0
"223722","Enhancement of the protective environment of Syrian and Jordanian Boys and Girls through Legal Support and Cash Distribution",0
"290619","Emergency response to the relief of the population affected by the earthquake in NWS Syria. through life-saving food assistance and multi-purpose cash assistance(MPCA).",0
"280701","Emergency Response to Sudan influx. Since the eruption of conflict in Sudan there has been a steady increase in the influx of people crossing the borders into South Sudan.This project will have a multi-sectoral Protection, CCCM and cash response focusing on providing life-saving assistance to populations crossing the border either in the transit sites or at the point of onward movement. DRC will continue to emphasize the centrality of  protection, ensuring it remains the core of the humanitarian response.",0
"280702","Emergency Response to Sudan influx. Since the eruption of conflict in Sudan there has been a steady increase in the influx of people crossing the borders into South Sudan.This project will have a multi-sectoral Protection, CCCM and cash response focusing on providing life-saving assistance to populations crossing the border either in the transit sites or at the point of onward movement. DRC will continue to emphasize the centrality of  protection, ensuring it remains the core of the humanitarian response.",0
"245261","Emergency response for IDPs and host families afftected by conflict in Aru and Mambasa Territories, Ituri, DRC. Focus of the intervention is on provision of cash for food and provision of WASH services.",0
"254138","Emergency Grant Aid for humanitarian assistance in neighboring countries of Ukraine. Child Protection, Health, WASH and Education (Poland portion)
-- Social Protection",0
"292927","Egypt: Support to Syrian Refugees and host communities	Cross-Sectoral (two or more outcome areas)	
---- BPRM
--- Social protection & Cross-sectoral(HCT, SBC,RCCE and AAP)",0
"253573","ECARO, Switzerland	ECARO:Humanitarian flexible contribution to HAC-Ukraine 2022	Cross-Sectoral (two or more outcome areas)
-- Social Protection",0
"295981","Earthquake Response Syria
Cross-Sectoral (two or more outcome areas)
SOCIAL PROTECTION Expanding Social, Civic and Economic Engagement and Social Cohesion Interventions for Conﬂict-Affected Adolescents and Youth in the Syrian Arab Republic In support of the ERL Sector (Strengthened Communities and Participation), UNICEF, through this project in 2023, will further support its Generation Unlimited initiative and No Lost Generation Agenda by empowering vulnerable adolescents and youth (10-24 years), female and male and those with disabilities, to access social, civic and economic opportunities for skill development and engagement (including participation in social cohesion initiatives) with the objective of contributing to enhancing resilience and social cohesion. UNICEF will build on strategic partnerships, integration and at scale programming focusing on the most vulnerable adolescents to strengthen skills development, employability and meaningful engagement through friendly spaces and mobile teams. The proposed project will support young women and men to have better access to civic, social, and economic opportunities for skill development and engagement and to unleash their potentials and increase their learning, leadership, and employability opportunities. 
UNICEF will promote the active and meaningful participation of young people brought together from different ages, genders, abilities and cultural and educational backgrounds to be agents of positive change in their communities. UNICEF will work in the following three pillars and related interventions: (1) Provide access to services and skills-building for adolescents and youth for enhanced employability. (2) Strengthen social, civic and economic engagement of adolescents and youth and foster volunteerism and social cohesion-building. (3) Support young entrepreneurs to start their own project projects through seed funding. UNICEF will continue strengthening the capacity of local partners including services providers, youth workers and young volunteers to improve the quality of provided services and enhance the evidence generation. UNICEF will support the scalable and sustainable approaches with national partners including integrated centers & platforms.
In this project, UNICEF will give priority to adolescents and youth in the high severity areas such as Dara’a, Rural Damascus, Northern Homs, Southern Hama, East and Northeast of Aleppo, Deir-ez-Zor and Idleb. UNICEF will expand its support to young people in NES, focusing on returnees and displaced people in Raqqa and Hasakah, including those in camps, collective shelters and urban settings. UNICEF will focus on the most deprived areas in rural and urban areas. These will include camps (Hol, Roj, Newroz, Areesha, Mahmoudli) in Al-Hasakeh and Raqqa , the collective shelters in Al-Hasakeh city, and the rural areas in Qamishli, Malikia, Yaroubia, and Raqqa Governorate. Projects engaging young people will be essential needs for their effective integration in their communities. In addition, since 2014, many young people have been staying in camps and collective shelters. They do not enjoy the freedom of movement and face other risks, thus offering them activities that will enhance their skills and allow them to catch up to their peers in terms of skills and non-formal education.  The programme will coordinate with and support other UNICEF programmes to ensure interventions are tailored to the particular needs of young people. The programme will implement activities for young people affected by, or at high risk of, emergencies or the socio-economic situation, to acquire the right skills, become empowered and resilient community members who help their communities to cope with emergencies. Life-skills and citizenship education for these adolescents will equip and empower them to act as both participants and catalysts of change in their community as volunteers and peer influencers.",0
"211644","Distribution of hygiene kits and multi-purpose cash assistance to 3435 affected families in the two most affected districts (Satkhira and Khulna).",0
"211648","Delivery of NFI and / or cash/vouchers emergency assistance to 1900 newly displaced households to increaase access to food and basic items. Faciliter l'accès aux logements, en Eau Hygiène et Assainissement aux personnes déplacés internes (PDIs) et populations hôtes affectés par le conflict au Nord et au Centre du Mali. Durant l’année 2019, le contexte sécuritaire du Centre et Nord Mali ont été marqué par la recrudescence des violences de la population. Ces violences ont occasionné de nombreux déplacés internes vivant dans des conditions précaires. Les differents rapports d’évaluation rapide et conjointe produit par les inter-agence humanitaires ressortent que 03 ménages de sur 04 n’ont pas d’abris. Le problème d'accès en eau potable dans ces sites de déplacés n’a pas été épargné. Cet accès limité à l’eau ainsi que les conditions d’hygiène et d’assainissement précaires favorisent les maladies d’origine hydrique et à potentielle épidémique dans les sites des déplacés où familles d’accueils. Ce qui explique un besoin fort en abri et de EHA.
Pour palier à ces besoins, NRC propose à travers ce projet d’apporter sa contribution afin d’améliorer les conditions des personnes touchées dans un environnement sécurisé avec un accès aux logement et aux infrastructures Wash. 
NRC construira et réhabilitera des points d’eau, forages, puits, et mettra également en place des comités EHA et Abris avec 50% de femmes accompagné d’un mécanisme de suivi. NRC mettra en place les latrines d'urgence accessibles aux handicapés avec des kits de lavage des mains en tenant de l’aspect genre et de protection avec un emplacement visibles et separées entre les femmes et les hommes. Des poupelles pour la gestion des ordures seront mise en place dans les sites. 
Le projet se focalisera sur une reponse avec la formation sur les techniques de construction des maisons/abris suivi d’une distribution de kit abri constitué de matériaux locaux adaptés aux zones. Les différentes couches d’âges de déplacés bénéficieront de cette formation. Pour le cas des déplacés vivant en location dans les zones urbaines, NRC se pensera sur une possibilité d’une assistance de Cash. Ce Cash pouvant contribuer à soulager les charges de loyer des déplacés. Au niveau des sites inappropriés et appropriés, le respect des normes de construction et de sécurité des logements seront prise en compte dans son appui technique nécessaire aux déplacés pendant l’auto construction des maisons. Il veillera au respect de la distance prevue entre abris et infrastructures. Il se convergera sur le renforcement au respect du genre par les communautés à travers des sensibilisations sur l’égalité des sexes. NRC mettra en place plusieurs activités en commençant d’abord par une évaluation de base, des enquêtes CAP permettant d’avoir des informations de référence, les prises de contacts avec les partenaires et les leaders communautaires des déplacés. Cela dans le but de définir les approches à mettre places et les critères de ciblage. NRC ciblera la population extrêmement vulnérables avec un accent sur le genre et les personnes a besoins spécifiques. Ces groupes de personnes représentent un risque de protection plus élévé Lorsqu’elles sont dans une situation de deplacement. NRC s’assurera que son assistance ne nuira pas à la sécurité de ces personnes y compris l’environnement dans lequel ils vivent. 
NRC optera à une méthodologie de sélection des bénéficiaires en tenant compte des orientations des partenaires externes. Les aspects protection et sécuritaire ne seront pas négligés. Ces partenaires, bénéficiaires seront impliqués dans le processus de ciblage. Pour éviter toute exclusion lors du processus de ciblage, une analyse des risques de protection liée à la réponse de NRC sera entreprise. Des mecasnismes des plaintes sera mise en place.
Pour maintenir la collaboration et les efforts entre les acteurs dans le secteur Abri et Wash, NRC participera activement aux réunions de coordination et forums humanitaire au niveau national et régional organiser par OCHA, les 2 Clusters, des instances gouvernementales et niveau des sites des déplacés pour discuter des questions problématiques liées aux déplacés. Il participera à la conception des outils d’évaluation, aux évaluation des besoins, au rapportage, à l’harmonisation des kits.",0
"236875","COVID-19, flooding	Funding to WFP will support essential humanitarian operations including cash and food assistance to crisis-affected communities",0
"211618","Cash for rent, increased access to safe water, health awareness.",0
"289702","Area-Based Response: Provision of life-saving Health, Nutrition, WASH, and Protection services for the displaced people affected by crises and fighting in Gezira state Comprehensive humanitarian nutrition services for IDPs, returnees and vulnerable residents  The humanitarian nutritional needs in Sudan are expected to remain at high levels or worsen further in 2023, making Sudan one of the countries in the World with highest estimated acute malnutrition caseload.  While the overall Global acute malnutrition (GAM) remains at 13.6%, the prevalence of GAM varies significantly across the localities with very high situation (GAM above 15% and above as per WHO classification) reported in 64 localities. The proposed nutrition project aim is to improve equitable access to quality life-saving curative and preventive services through the systematic provision of nutrition services in South Kordofan, North Kordofan, Central Darfur, North Darfur, West Darfur, Sennar, Blue Nile and Red Sea states in which 29 localities will be covered. Vulnerable children under-five and PLWs are the main target of the project. Through SC -Nutrition interventions, a total of 362,874 beneficiaries will benefit from the services provided, among them (87,131 boys, 90,680 girls, 184,383 women, 680 men). Save the children will implement lifesaving, preventative interventions, treatment of severe and moderate acute malnutrition among children under five years and Pregnant and Lactating Women (PLWs), referral of SAM children with medical complications and minor rehabilitation to nutrition sites. To reach the estimated targets and planned response scale up, the nutrition sector will deploy integrated response modalities with health sector, WASH, FSL, protection, education at facility and community levels. SC will deliver nutrition services through existing health facilities, mobile and outreach teams and at community such as mother-to mother support groups activities including IDPs and hard to reach areas, use of cash-based interventions to increase access and utilization of nutrition services through FSL will be used for most cases in need. In term of emergency response, rapid response mechanisms for timely delivery of nutrition interventions in the onset emergencies will applied.
To reach the estimated targets and planned response scale up, the nutrition sector will deploy integrated response modalities with health sector, WASH, FSL, protection, education at facility and community levels. SC will deliver nutrition services through existing health facilities, mobile and outreach teams and at community such as mother-to mother support groups activities including IDPs and hard to reach areas, use of cash-based interventions to increase access and utilization of nutrition services through FSL will be used for most cases in need. In term of emergency response, rapid response mechanisms for timely delivery of nutrition interventions in the onset emergencies will applied.
Specific nutrition response strategies will include scaling up the minimum preventive and protection lifesaving intervention package for prevention of malnutrition, treatment, and geographical coverage of severe and moderate acute malnutrition among the under-fives, strengthening referrals for children suffering from SAM with medical complication through provision of transportation costs to and from the SC, nutrition system capacity strengthening (capacity and infrastructure) will be done to facilitate provision of quality and people centered life-saving nutrition responses, timely procurement and delivery of core nutrition supplies. Additionally, infant young child feeding (IYCF) and social behavior change, and communications (SBCC) will be strengthened to promote good feeding and access to services. SC will strengthen national and sub national partnership with all stockholders to deliver nutrition services. SC will ensure monthly and quarterly monitoring of the evolving nutrition situation through an early warning and early actions and implementation of SMART surveys in prioritized localities with GAM 20% and above as well as supporting other assessment initiatives such S3M and MICS.",0
"211433","Adolescents in Emergencies-stödet uppgår till 1 MSEK för 2020 (beslutades 2018). Detta är ett policystärkande stöd som syftar till att stärka humanitär assistans till undomar (10-19 år). CASH capacity building-stödet uppgår till 1,5 MSEK (beslutades 2019). Det syftar till att stärka det humanitära samfundets kapacitet att svara upp mot ungdomars (10-19 år) behov genom kontantbaserat stöd. Alliance for Child Protection-stödet uppgår slutligen till till 1,5 MSEK (beslutades 2019). Stödet går till Plan inom ramen för organsiationens delordföranderoll i alliansen under 2020, samt för att främja användningen av de s.k. Minimum Standards for Child Protection in Humanitarian Action inom det humanitära samfundet.",0
"181133","A direct intervention to provide immediate life-saving shelter and life-sustaining non-food items to the most vulnerable IDPs in Pibor, Bor South and Uror in Jonglei. A direct intervention to provide sustainable low-cost cash-based shelters and essential non-food items to the most vulnerable IDPs in central equatoria and jonglei regions in South Sudan. To ensure that the most vulnerable conflict-affected individuals are provided with the tools to lead a dignified life through the provison of sustainable low cost, cash-based shelters, in-kind shelter materials, essential non-food items.                                                                                                              Program activities that will ensure community participation and positively improve their resilience and copying mechanisms in the implementation and monitoring processes",0
"172543","A direct intervention to provide immediate life-saving shelter and life-sustaining non-food items to the most vulnerable IDPs in Duk in Jonglei A direct intervention to provide sustainable low-cost cash-based shelters and essential non-food items to the most vulnerable IDPs in central equatoria and jonglei regions in South Sudan. To ensure that the most vulnerable conflict-affected individuals are provided with the tools to lead a dignified life through the provison of sustainable low cost, cash-based shelters, in-kind shelter materials, essential non-food items.                                                                                                              Program activities that will ensure community participation and positively improve their resilience and copying mechanisms in the implementation and monitoring processes",0
"276732","Provide multipurpose cash to households 
affected by the earthquake.
Provide WASH services to reduce the risk of 
waterborne diseases and ensure access to clean 
water.
Ensure the response understands community 
needs, priorities and context and is accountable
to the affected population",0
"263033","Emergency Social Safety Net Assistance for Refugees in Turkey 
(2023 portion)",1
"263032","Emergency Social Safety Net Assistance for Refugees in Turkey 
(2022 portion)",1
"263031","Emergency Social Safety Net Assistance for Refugees in Turkey 
(2021 portion)",1
"263030","Emergency Social Safety Net Assistance for Refugees in Turkey 
(2020 portion)",1
